	id	DockQ	Fnat	iRMS	LRMS	pLDDT-cdr1a	pLDDT-cdr2a	pLDDT-cdr3a	pLDDT-cdr1b	pLDDT-cdr2b	pLDDT-cdr3b	pLDDT-cdr3a+cdr3b	pLDDT	pLDDT-mhc	pLDDT-pep	pLDDT-pmhc	pLDDT-tcr	RMSD-cdr1a	RMSD-cdr2a	RMSD-cdr3a	RMSD-cdr1b	RMSD-cdr2b	RMSD-cdr3b	RMSD-cdr3a+cdr3b	RMSD	RMSD-mhc	RMSD-pep	RMSD-pmhc	RMSD-tcr	true_pdb_path	pred_pdb_path	2021-09-30	rank
0	6zkw	0.027	0.0	16.646	29.984	80.72454545454545	78.852	68.0476923076923	76.505	62.107000000000006	55.879374999999996	61.33413793103449	55.79112469437653	30.966611111111114	19.884444444444444	30.438888888888894	77.57100000000001	0.40323722	0.1564247	1.1884422	0.28278643	1.7519497	1.9091446	2.6518264	20.766167	15.284719	2.348665	15.316973	2.898397	../../benchmark_data/class-i/pdb/6zkw_pmhc_tcr.pdb	../pred_pdb/af3/pmhc_tcr/classI/results_classI_no_msa_no_template/ranked_0/6zkw_pmhc_tcr.pdb	after	ranked_0
1	6zkx	0.053	0.014	11.304	22.308	72.61727272727272	77.247	79.75923076923075	79.39399999999999	61.35300000000001	66.6575	72.53068965517241	58.765498783454994	33.07765363128492	23.93166666666667	32.50303664921466	81.56609090909092	0.42724434	0.16216205	2.5534277	0.18946448	1.3057423	2.9806101	4.1909018	13.166675	17.054451	2.1121786	16.914171	2.4258828	../../benchmark_data/class-i/pdb/6zkx_pmhc_tcr.pdb	../pred_pdb/af3/pmhc_tcr/classI/results_classI_no_msa_no_template/ranked_0/6zkx_pmhc_tcr.pdb	after	ranked_0
2	6zky	0.024	0.0	17.388	32.215	77.53090909090909	74.554	74.57000000000001	77.043	65.252	64.004375	68.7406896551724	58.460245098039216	32.2265	26.1825	31.9693085106383	81.09795454545456	0.54981244	0.29890418	2.2360787	0.25159973	1.508403	3.0746832	3.7495487	17.665138	13.953989	2.768703	14.845937	2.0054033	../../benchmark_data/class-i/pdb/6zky_pmhc_tcr.pdb	../pred_pdb/af3/pmhc_tcr/classI/results_classI_no_msa_no_template/ranked_0/6zky_pmhc_tcr.pdb	after	ranked_0
3	6zkz	0.013	0.0	21.153	45.667	80.44090909090909	77.114	69.24153846153845	80.73100000000001	65.49399999999999	62.99625	65.7958620689655	56.1727205882353	30.575166666666664	22.67375	30.238936170212767	78.33431818181819	0.37733114	0.17453639	1.0460827	0.22004469	0.8723438	3.2436793	3.9129183	23.361263	18.043213	0.9702704	20.539776	4.5700893	../../benchmark_data/class-i/pdb/6zkz_pmhc_tcr.pdb	../pred_pdb/af3/pmhc_tcr/classI/results_classI_no_msa_no_template/ranked_0/6zkz_pmhc_tcr.pdb	after	ranked_0
4	7dzm	0.025	0.023	18.069	39.441	32.525	44.635000000000005	37.21933333333333	30.502	31.316363636363644	30.118333333333336	34.06333333333333	34.52748768472907	38.814277777777775	25.336666666666666	38.17248677248677	31.352811059907832	2.8163555	4.969643	3.7612262	2.4355211	7.8224497	4.755552	19.246464	27.480942	24.18225	4.182569	24.000443	18.823952	../../benchmark_data/class-i/pdb/7dzm_pmhc_tcr.pdb	../pred_pdb/af3/pmhc_tcr/classI/results_classI_no_msa_no_template/ranked_0/7dzm_pmhc_tcr.pdb	after	ranked_0
5	7dzn	0.02	0.024	16.942	49.961	62.171666666666674	62.86	31.281999999999996	47.253	35.68454545454545	27.182500000000005	29.459999999999997	36.007555555555555	32.77173184357542	19.697777777777777	32.14585106382979	39.3531797235023	3.717781	4.724802	3.7215712	2.111685	4.4677114	3.426224	11.962423	23.69507	20.908625	3.564258	22.04247	17.54505	../../benchmark_data/class-i/pdb/7dzn_pmhc_tcr.pdb	../pred_pdb/af3/pmhc_tcr/classI/results_classI_no_msa_no_template/ranked_0/7dzn_pmhc_tcr.pdb	after	ranked_0
6	7l1d	0.007	0.0	24.838	66.911	70.33636363636364	77.07	59.66692307692308	85.435	83.94300000000001	55.22105263157895	57.0271875	58.261442542787286	33.59845303867404	73.63888888888889	35.495105263157896	78.0130593607306	0.7238742	0.35345143	2.7488391	0.25059256	0.24477619	4.1913624	8.410419	24.169502	17.495157	1.6594331	22.15205	15.650911	../../benchmark_data/class-i/pdb/7l1d_pmhc_tcr.pdb	../pred_pdb/af3/pmhc_tcr/classI/results_classI_no_msa_no_template/ranked_0/7l1d_pmhc_tcr.pdb	after	ranked_0
7	7n2n	0.016	0.0	22.02	39.335	71.77181818181818	80.0	47.00705882352941	75.26500000000001	78.73000000000002	56.745999999999995	51.5721875	49.267990314769975	32.966187845303864	16.62	32.19189473684211	63.81713004484305	0.76650065	0.4244903	1.2555852	0.16616228	0.20465471	1.4744691	7.875591	22.010214	18.564873	1.9372019	21.67556	15.425307	../../benchmark_data/class-i/pdb/7n2n_pmhc_tcr.pdb	../pred_pdb/af3/pmhc_tcr/classI/results_classI_no_msa_no_template/ranked_0/7n2n_pmhc_tcr.pdb	after	ranked_0
8	7n2o	0.018	0.034	22.597	65.539	84.0090909090909	86.201	67.80411764705883	80.047	83.713	62.074	65.11812499999999	54.819007263922515	33.9267955801105	34.806666666666665	33.96847368421053	72.58403587443946	0.63149446	0.38715425	1.6049215	0.21808189	0.17701817	1.231409	8.687923	20.55399	14.391414	1.9305404	14.204465	15.408669	../../benchmark_data/class-i/pdb/7n2o_pmhc_tcr.pdb	../pred_pdb/af3/pmhc_tcr/classI/results_classI_no_msa_no_template/ranked_0/7n2o_pmhc_tcr.pdb	after	ranked_0
9	7n2p	0.012	0.016	22.451	66.792	71.71909090909092	78.18699999999998	64.82090909090908	86.78399999999999	85.37100000000001	66.63266666666667	65.86615384615385	56.40058968058968	30.920773480662984	16.470000000000002	30.236263157894733	79.3094470046083	0.40765008	0.39278847	1.136468	0.26701477	0.12331957	1.8381501	6.5028214	21.029602	12.526867	2.1150393	13.453884	15.688187	../../benchmark_data/class-i/pdb/7n2p_pmhc_tcr.pdb	../pred_pdb/af3/pmhc_tcr/classI/results_classI_no_msa_no_template/ranked_0/7n2p_pmhc_tcr.pdb	after	ranked_0
10	7n2q	0.027	0.051	20.413	54.054	71.88545454545455	78.831	62.099090909090904	86.48600000000002	85.44900000000001	65.32266666666668	63.95884615384615	55.96373464373465	30.127182320441992	21.32222222222222	29.710105263157896	78.95078341013824	0.34395438	0.41202077	1.2330028	0.21774293	0.18300569	1.4092414	3.2066262	23.359835	19.350471	2.8053439	20.836826	5.88874	../../benchmark_data/class-i/pdb/7n2q_pmhc_tcr.pdb	../pred_pdb/af3/pmhc_tcr/classI/results_classI_no_msa_no_template/ranked_0/7n2q_pmhc_tcr.pdb	after	ranked_0
11	7n2r	0.06	0.017	13.466	20.176	71.32181818181817	74.44399999999999	62.278181818181814	85.33	82.549	64.21066666666667	63.393076923076926	55.85162162162161	30.841160220994475	18.112222222222222	30.23821052631579	78.27811059907833	0.53553635	0.43775907	0.5691816	0.26670557	0.18543577	1.0623723	2.9071715	12.748127	12.285374	3.5610363	12.940403	3.5960941	../../benchmark_data/class-i/pdb/7n2r_pmhc_tcr.pdb	../pred_pdb/af3/pmhc_tcr/classI/results_classI_no_msa_no_template/ranked_0/7n2r_pmhc_tcr.pdb	after	ranked_0
12	7n2s	0.014	0.0	19.919	43.377	67.47727272727273	71.676	51.06875	80.20500000000001	84.737	67.06	58.80645161290324	53.60206310679612	31.508011049723756	19.72222222222222	30.949736842105267	72.9891891891892	1.2223172	0.5916331	1.3158312	0.41439462	0.2041469	1.7648997	7.8173904	20.64997	17.182936	2.2614694	17.253256	16.6104	../../benchmark_data/class-i/pdb/7n2s_pmhc_tcr.pdb	../pred_pdb/af3/pmhc_tcr/classI/results_classI_no_msa_no_template/ranked_0/7n2s_pmhc_tcr.pdb	after	ranked_0
13	7n4k	0.019	0.0	19.349	36.66	45.64333333333334	24.695	30.400000000000002	38.677	33.309999999999995	29.946363636363632	30.19208333333334	38.2567	45.02587570621469	23.366999999999997	43.86764705882353	33.330657276995304	3.8282325	4.1389384	4.634716	3.1306689	4.0543537	3.5966196	22.323168	23.0122	18.33903	4.152276	18.778759	18.309135	../../benchmark_data/class-i/pdb/7n4k_pmhc_tcr.pdb	../pred_pdb/af3/pmhc_tcr/classI/results_classI_no_msa_no_template/ranked_0/7n4k_pmhc_tcr.pdb	after	ranked_0
14	7n5c	0.033	0.0	18.821	26.609	42.291666666666664	27.427500000000002	30.524615384615384	38.558	36.189	29.328181818181818	29.976249999999997	38.70376237623762	45.762596685082876	27.582	44.810732984293196	33.227558685446006	3.758428	5.391347	6.423091	3.1407285	4.3706074	4.1041403	12.930912	20.986576	18.483683	3.1171105	18.361412	17.232485	../../benchmark_data/class-i/pdb/7n5c_pmhc_tcr.pdb	../pred_pdb/af3/pmhc_tcr/classI/results_classI_no_msa_no_template/ranked_0/7n5c_pmhc_tcr.pdb	after	ranked_0
15	7n5p	0.01	0.0	19.193	55.699	43.675000000000004	29.098750000000003	30.918461538461543	42.638999999999996	41.41799999999999	33.14545454545455	31.93916666666667	47.66486215538847	60.372386363636366	58.121	60.251344086021504	36.67384976525822	3.744325	3.7101529	2.074092	2.9624774	5.7156343	2.918035	13.542725	23.878279	18.307877	3.8364978	18.161367	18.517788	../../benchmark_data/class-i/pdb/7n5p_pmhc_tcr.pdb	../pred_pdb/af3/pmhc_tcr/classI/results_classI_no_msa_no_template/ranked_0/7n5p_pmhc_tcr.pdb	after	ranked_0
16	7na5	0.057	0.02	13.532	21.185	41.093636363636364	38.46777777777778	33.23727272727273	39.949999999999996	41.035	31.521333333333338	32.24730769230769	37.13503703703704	34.644	23.265555555555558	34.10216931216931	39.78879629629629	1.0172522	3.250856	0.6377239	2.2085133	5.054812	3.0730793	4.684472	14.440335	16.835335	2.511005	16.540268	6.1957107	../../benchmark_data/class-i/pdb/7na5_pmhc_tcr.pdb	../pred_pdb/af3/pmhc_tcr/classI/results_classI_no_msa_no_template/ranked_0/7na5_pmhc_tcr.pdb	after	ranked_0
17	7ndq	0.036	0.0	16.551	25.73	67.28750000000001	72.95625	57.72466666666666	66.03999999999999	65.36727272727272	58.523846153846144	58.095714285714294	55.09269607843137	31.73060773480663	20.363333333333333	31.192157894736845	75.92344036697249	1.0568883	1.1599901	2.5095248	1.9051889	1.6703931	1.5516337	3.1579294	16.586946	13.382354	2.9405532	13.7779455	3.2881143	../../benchmark_data/class-i/pdb/7ndq_pmhc_tcr.pdb	../pred_pdb/af3/pmhc_tcr/classI/results_classI_no_msa_no_template/ranked_0/7ndq_pmhc_tcr.pdb	after	ranked_0
18	7ndt	0.014	0.0	17.942	44.977	46.3975	37.445	39.069285714285705	62.077	35.71727272727273	64.31583333333334	50.72153846153847	40.61601485148515	32.10377777777777	16.715	31.448936170212765	48.59476851851852	2.3383045	4.8625073	2.8545506	2.7047954	5.648798	2.4137049	10.640241	19.317905	12.728466	2.1236866	15.573194	14.078917	../../benchmark_data/class-i/pdb/7ndt_pmhc_tcr.pdb	../pred_pdb/af3/pmhc_tcr/classI/results_classI_no_msa_no_template/ranked_0/7ndt_pmhc_tcr.pdb	after	ranked_0
19	7ndu	0.036	0.031	16.383	31.328	65.49	70.64375000000001	44.352000000000004	67.975	78.69545454545454	54.20307692307692	48.925714285714285	52.035528255528256	31.227900552486187	21.47	30.814867724867725	70.43325688073395	1.4022769	1.235441	3.0063765	0.78090894	0.4142177	1.7106342	3.4995215	17.0992	14.834395	2.0115712	15.344858	4.089746	../../benchmark_data/class-i/pdb/7ndu_pmhc_tcr.pdb	../pred_pdb/af3/pmhc_tcr/classI/results_classI_no_msa_no_template/ranked_0/7ndu_pmhc_tcr.pdb	after	ranked_0
20	7nme	0.026	0.0	20.919	30.417	32.870909090909095	35.572	29.2076923076923	34.995000000000005	40.608181818181826	27.431818181818183	28.39375	33.00116049382716	33.55325966850828	19.516666666666666	32.88836842105263	33.10083720930233	3.0618255	4.613604	0.95120525	3.0283024	4.064782	3.5779614	15.560428	21.871769	21.663172	2.883023	21.395348	18.108305	../../benchmark_data/class-i/pdb/7nme_pmhc_tcr.pdb	../pred_pdb/af3/pmhc_tcr/classI/results_classI_no_msa_no_template/ranked_0/7nme_pmhc_tcr.pdb	after	ranked_0
21	7nmf	0.026	0.0	20.829	30.498	32.88999999999999	35.61899999999999	29.246923076923075	34.97	40.54090909090909	27.14636363636364	28.284166666666664	32.98496296296296	33.52176795580111	19.48222222222222	32.856736842105256	33.098279069767436	3.0598106	4.557042	0.8772379	3.0363612	4.07245	3.7853732	15.388666	21.880302	21.687672	2.867079	21.419046	18.132385	../../benchmark_data/class-i/pdb/7nmf_pmhc_tcr.pdb	../pred_pdb/af3/pmhc_tcr/classI/results_classI_no_msa_no_template/ranked_0/7nmf_pmhc_tcr.pdb	after	ranked_0
22	7nmg	0.042	0.028	19.755	26.832	35.96636363636364	32.93399999999999	29.031538461538464	35.108000000000004	40.54090909090909	27.367272727272724	28.26875	32.92977777777778	34.5528729281768	19.966666666666665	33.861947368421056	32.106	3.4015558	2.758775	4.9839525	3.106318	4.204614	3.6311626	11.329151	22.286352	22.55299	2.414443	22.361172	18.708323	../../benchmark_data/class-i/pdb/7nmg_pmhc_tcr.pdb	../pred_pdb/af3/pmhc_tcr/classI/results_classI_no_msa_no_template/ranked_0/7nmg_pmhc_tcr.pdb	after	ranked_0
23	7ow5	0.023	0.0	21.606	32.425	37.214999999999996	36.269999999999996	29.645	42.178000000000004	41.339000000000006	32.0275	30.83625	35.51055421686747	32.40127777777778	16.859	31.583263157894734	38.826933333333336	1.3981735	3.0745306	3.393843	2.8961036	4.7796755	2.0916708	8.428828	21.692646	21.651617	2.668732	21.941282	13.550994	../../benchmark_data/class-i/pdb/7ow5_pmhc_tcr.pdb	../pred_pdb/af3/pmhc_tcr/classI/results_classI_no_msa_no_template/ranked_0/7ow5_pmhc_tcr.pdb	after	ranked_0
24	7ow6	0.024	0.015	19.768	36.903	45.7825	44.15909090909091	42.07	46.272999999999996	44.903	37.635	39.852500000000006	38.43634615384615	33.24027624309392	17.57	32.419842931937175	43.54368888888889	1.72226	2.6442204	0.7151016	1.7372757	1.0454849	1.3464748	11.559504	22.06671	22.791033	4.5198627	23.940786	16.33716	../../benchmark_data/class-i/pdb/7ow6_pmhc_tcr.pdb	../pred_pdb/af3/pmhc_tcr/classI/results_classI_no_msa_no_template/ranked_0/7ow6_pmhc_tcr.pdb	after	ranked_0
25	7pb2	0.044	0.066	15.209	35.095	71.31500000000001	57.08818181818182	63.375	70.14699999999999	64.411	63.785000000000004	63.580000000000005	51.93089156626506	32.165277777777774	20.114	31.531000000000002	69.15746666666666	0.2593252	1.2153443	2.6950521	0.28022885	2.121931	1.3558481	2.4283075	18.070791	18.416693	6.2402043	19.304235	2.905706	../../benchmark_data/class-i/pdb/7pb2_pmhc_tcr.pdb	../pred_pdb/af3/pmhc_tcr/classI/results_classI_no_msa_no_template/ranked_0/7pb2_pmhc_tcr.pdb	after	ranked_0
26	7pbe	0.007	0.0	22.603	64.649	78.89090909090908	82.42124999999999	75.24749999999999	89.886	88.58818181818182	79.44846153846153	77.432	59.073876543209884	33.7782320441989	20.37222222222222	33.1432105263158	81.98934883720929	0.58177	1.4819702	0.974746	0.47399125	0.30534253	0.5596455	1.6240476	21.984919	19.450764	2.318229	19.451876	2.4674058	../../benchmark_data/class-i/pdb/7pbe_pmhc_tcr.pdb	../pred_pdb/af3/pmhc_tcr/classI/results_classI_no_msa_no_template/ranked_0/7pbe_pmhc_tcr.pdb	after	ranked_0
27	7phr	0.066	0.061	12.191	22.746	75.076	82.99099999999999	51.199090909090906	70.872	75.593	51.76076923076923	51.50333333333333	50.2961	29.94127071823204	19.255555555555556	29.435105263157894	69.17033333333333	0.22136115	0.35079667	0.6889915	0.82088584	1.3431451	1.8217416	1.7635753	11.150019	12.037698	2.3496048	13.058327	4.3854785	../../benchmark_data/class-i/pdb/7phr_pmhc_tcr.pdb	../pred_pdb/af3/pmhc_tcr/classI/results_classI_no_msa_no_template/ranked_0/7phr_pmhc_tcr.pdb	after	ranked_0
28	7q99	0.017	0.014	18.942	47.933	70.11272727272727	71.41444444444444	65.75454545454545	78.65454545454544	74.13222222222221	52.388000000000005	58.04307692307691	55.32845208845209	31.000165745856354	19.58	30.402251308900524	77.36967592592592	1.5397629	0.27663723	0.601997	0.4550106	0.22558257	2.3968544	15.812507	24.257877	17.05827	3.3926313	16.883224	17.9548	../../benchmark_data/class-i/pdb/7q99_pmhc_tcr.pdb	../pred_pdb/af3/pmhc_tcr/classI/results_classI_no_msa_no_template/ranked_0/7q99_pmhc_tcr.pdb	after	ranked_0
29	7q9a	0.024	0.013	18.227	36.807	69.20272727272729	71.60000000000001	63.71727272727273	76.23363636363636	74.77777777777777	51.88333333333333	56.89	54.04508599508599	29.73939226519337	17.363999999999997	29.091465968586387	76.11055555555555	1.5496577	0.2401628	1.1284528	0.37651533	0.2760049	1.4790633	6.2209215	19.999279	17.46875	2.605395	17.47504	11.380876	../../benchmark_data/class-i/pdb/7q9a_pmhc_tcr.pdb	../pred_pdb/af3/pmhc_tcr/classI/results_classI_no_msa_no_template/ranked_0/7q9a_pmhc_tcr.pdb	after	ranked_0
30	7q9b	0.076	0.062	13.576	19.97	78.5290909090909	79.64	77.0575	77.79	66.106	66.375	69.93583333333333	61.14987654320988	37.41574585635359	42.555	37.684816753926704	82.0929906542056	0.48438817	0.22753073	1.6696134	0.33805996	1.0026437	2.759415	2.8157182	11.726616	15.613519	3.2423747	15.844095	1.8895963	../../benchmark_data/class-i/pdb/7q9b_pmhc_tcr.pdb	../pred_pdb/af3/pmhc_tcr/classI/results_classI_no_msa_no_template/ranked_0/7q9b_pmhc_tcr.pdb	after	ranked_0
31	7qpj	0.013	0.0	18.805	46.683	42.17454545454546	47.105555555555554	32.36538461538461	42.748	47.547	32.78	32.555416666666666	38.66029776674938	33.848777777777784	21.63	33.26693121693122	43.42359813084112	1.3680667	1.3775074	1.4991609	1.764878	1.4271446	3.5239823	15.154154	24.949667	17.375195	2.6444046	17.447004	16.985294	../../benchmark_data/class-i/pdb/7qpj_pmhc_tcr.pdb	../pred_pdb/af3/pmhc_tcr/classI/results_classI_no_msa_no_template/ranked_0/7qpj_pmhc_tcr.pdb	after	ranked_0
32	7r80	0.038	0.0	16.805	24.591	69.97818181818181	78.18700000000001	74.93230769230769	61.842	59.22299999999999	70.66133333333336	72.6442857142857	56.75721271393643	33.83718232044199	23.28777777777778	33.33747368421053	77.07570776255709	2.3160837	0.5765189	0.5237068	1.3720015	1.4288695	2.5388207	2.3912456	19.169514	23.294697	4.0551467	23.162424	2.9335806	../../benchmark_data/class-i/pdb/7r80_pmhc_tcr.pdb	../pred_pdb/af3/pmhc_tcr/classI/results_classI_no_msa_no_template/ranked_0/7r80_pmhc_tcr.pdb	after	ranked_0
33	7rk7	0.016	0.0	16.397	41.161	44.8475	36.067499999999995	29.455625	52.036	46.655	38.2475	34.34	35.747277108433735	33.518839779005525	19.29222222222222	32.84494736842105	38.19813333333333	1.3098725	3.759814	2.9830947	1.929908	6.1105704	5.884402	8.77247	21.609903	14.523469	3.4668884	15.089717	13.667046	../../benchmark_data/class-i/pdb/7rk7_pmhc_tcr.pdb	../pred_pdb/af3/pmhc_tcr/classI/results_classI_no_msa_no_template/ranked_0/7rk7_pmhc_tcr.pdb	after	ranked_0
34	7rm4	0.013	0.0	18.127	46.004	43.31636363636363	52.446000000000005	35.990833333333335	47.427	55.15909090909091	32.23266666666667	33.90296296296296	42.30200488997555	35.728287292817676	18.285555555555554	34.90205263157895	48.722054794520545	2.7129807	0.77194417	3.590072	3.6662297	4.558292	5.6369967	9.12465	23.97516	16.090496	2.047786	17.189949	15.798584	../../benchmark_data/class-i/pdb/7rm4_pmhc_tcr.pdb	../pred_pdb/af3/pmhc_tcr/classI/results_classI_no_msa_no_template/ranked_0/7rm4_pmhc_tcr.pdb	after	ranked_0
35	7rrg	0.014	0.016	21.056	56.973	70.16583333333334	76.155	42.43933333333334	60.74400000000001	83.4990909090909	47.54	44.90172413793104	45.76488997555012	32.000607734806636	19.79222222222222	31.422315789473682	58.20821917808218	0.90820926	1.1094208	3.5145743	1.6745719	0.4976421	4.949327	6.561909	22.203043	15.43015	2.3076756	15.879973	11.004352	../../benchmark_data/class-i/pdb/7rrg_pmhc_tcr.pdb	../pred_pdb/af3/pmhc_tcr/classI/results_classI_no_msa_no_template/ranked_0/7rrg_pmhc_tcr.pdb	after	ranked_0
36	7rtr	0.029	0.048	19.002	46.777	75.59454545454545	71.62555555555554	67.14545454545454	86.00399999999999	81.67363636363638	69.99090909090908	68.56818181818181	56.13985257985257	30.099944751381216	23.528888888888886	29.788684210526316	79.21230414746543	0.46286502	0.27937493	0.90919495	0.25355864	0.1832942	0.51133543	7.5146017	21.544516	12.659297	3.5258093	15.27471	13.635421	../../benchmark_data/class-i/pdb/7rtr_pmhc_tcr.pdb	../pred_pdb/af3/pmhc_tcr/classI/results_classI_no_msa_no_template/ranked_0/7rtr_pmhc_tcr.pdb	after	ranked_0
37	7su9	0.012	0.0	17.28	50.57	64.56166666666665	68.03875	39.39733333333333	73.138	74.596	51.272	45.334666666666664	48.962647058823535	37.01361111111112	20.62111111111111	36.23301587301588	59.94849315068494	0.8520138	1.1354183	2.9292116	0.20833723	0.18587615	2.9473772	14.79993	23.548225	19.502542	2.2137854	19.467373	15.29772	../../benchmark_data/class-i/pdb/7su9_pmhc_tcr.pdb	../pred_pdb/af3/pmhc_tcr/classI/results_classI_no_msa_no_template/ranked_0/7su9_pmhc_tcr.pdb	after	ranked_0
38	8cx4	0.075	0.085	12.489	22.381	81.92181818181818	80.522	70.13823529411765	84.39399999999998	84.879	71.342	70.7025	58.39832929782082	31.466961325966853	21.564444444444447	30.997894736842106	81.74399103139014	0.8216386	0.35530037	1.016314	0.19609107	0.20786025	1.6815385	1.8630011	12.900065	17.5411	1.8614205	17.507338	1.4153948	../../benchmark_data/class-i/pdb/8cx4_pmhc_tcr.pdb	../pred_pdb/af3/pmhc_tcr/classI/results_classI_no_msa_no_template/ranked_0/8cx4_pmhc_tcr.pdb	after	ranked_0
39	8d5q	0.007	0.0	24.789	66.032	83.93818181818182	87.751	82.87687500000001	90.7	93.00272727272728	88.10133333333333	85.4048387096774	63.994142156862736	35.948693181818186	23.746	35.292634408602154	88.04135135135135	0.45098367	0.8445674	2.5172455	0.22941795	0.25838932	1.5986617	2.3457582	22.88845	17.748087	3.1800525	17.466045	1.3614557	../../benchmark_data/class-i/pdb/8d5q_pmhc_tcr.pdb	../pred_pdb/af3/pmhc_tcr/classI/results_classI_no_msa_no_template/ranked_0/8d5q_pmhc_tcr.pdb	after	ranked_0
40	8dnt	0.013	0.014	17.569	61.719	70.03818181818183	67.64444444444445	60.847500000000004	85.386	77.30636363636364	69.20142857142856	65.34576923076924	56.237149877149875	31.459447513812155	24.401111111111113	31.1251052631579	78.22465437788019	0.50836414	0.3330134	0.7390802	0.46330118	0.7325874	0.6278891	8.244652	21.491196	17.818558	4.364879	17.705866	15.559613	../../benchmark_data/class-i/pdb/8dnt_pmhc_tcr.pdb	../pred_pdb/af3/pmhc_tcr/classI/results_classI_no_msa_no_template/ranked_0/8dnt_pmhc_tcr.pdb	after	ranked_0
41	8en8	0.02	0.0	17.463	35.642	32.919090909090905	39.303000000000004	34.71785714285714	30.79818181818182	34.734166666666674	32.73466666666667	33.69206896551724	34.754174757281554	33.560833333333335	19.166666666666664	32.87539682539683	36.34650224215247	2.2104146	2.7762182	5.423682	4.8788214	2.146341	4.8769193	8.378548	18.011768	18.408802	3.3619416	18.518103	14.353438	../../benchmark_data/class-i/pdb/8en8_pmhc_tcr.pdb	../pred_pdb/af3/pmhc_tcr/classI/results_classI_no_msa_no_template/ranked_0/8en8_pmhc_tcr.pdb	after	ranked_0
42	8enh	0.03	0.025	18.92	33.518	31.205454545454543	39.739	35.175000000000004	30.465454545454545	34.36166666666667	33.36133333333333	34.236896551724136	33.373041362530415	31.287709497206706	17.805555555555554	30.642287234042552	35.675201793721975	3.0068917	3.317859	5.1407547	4.8794727	2.655002	4.2175403	8.308236	19.548664	14.699583	2.5119658	15.12692	14.287483	../../benchmark_data/class-i/pdb/8enh_pmhc_tcr.pdb	../pred_pdb/af3/pmhc_tcr/classI/results_classI_no_msa_no_template/ranked_0/8enh_pmhc_tcr.pdb	after	ranked_0
43	8eo8	0.032	0.0	21.85	26.817	34.51	41.956999999999994	36.275714285714294	31.98909090909091	37.055	34.39533333333333	35.303103448275856	35.7829197080292	35.504972067039105	17.287777777777777	34.632872340425536	36.752466367713	4.387503	2.629818	5.610814	4.173219	3.294684	4.5542464	19.772799	22.791723	18.415382	4.1075172	19.157398	21.417873	../../benchmark_data/class-i/pdb/8eo8_pmhc_tcr.pdb	../pred_pdb/af3/pmhc_tcr/classI/results_classI_no_msa_no_template/ranked_0/8eo8_pmhc_tcr.pdb	after	ranked_0
44	8f5a	0.016	0.0	20.751	40.136	68.91363636363636	76.905	52.373999999999995	61.318	59.985	53.85499999999999	53.03222222222221	51.62217603911981	31.34563535911602	22.78	30.897172774869105	69.78032110091743	0.5546141	2.369496	2.7423065	2.0379333	3.8519669	1.5916024	9.832015	18.168749	15.921644	4.0159864	16.564953	15.928391	../../benchmark_data/class-i/pdb/8f5a_pmhc_tcr.pdb	../pred_pdb/af3/pmhc_tcr/classI/results_classI_no_msa_no_template/ranked_0/8f5a_pmhc_tcr.pdb	after	ranked_0
45	8gom	0.033	0.0	20.785	26.615	33.280833333333334	29.47666666666667	28.310000000000002	34.863	33.11909090909091	28.90066666666667	28.650769230769228	32.87726829268293	34.64049723756906	17.72555555555555	33.839263157894734	32.046454545454544	2.6855912	2.9270225	4.565421	1.2991899	2.9487183	5.1537166	11.345551	23.33296	17.924086	2.118648	18.725391	14.080608	../../benchmark_data/class-i/pdb/8gom_pmhc_tcr.pdb	../pred_pdb/af3/pmhc_tcr/classI/results_classI_no_msa_no_template/ranked_0/8gom_pmhc_tcr.pdb	after	ranked_0
46	8gon	0.014	0.0	23.306	42.734	33.831666666666656	29.24666666666667	29.823636363636364	31.878000000000004	31.457272727272724	28.932	29.309230769230773	33.412341463414634	36.40662983425415	17.005555555555553	35.487631578947365	31.620045454545455	2.954777	2.5770187	5.071976	1.3689504	3.7494092	5.307999	19.442663	25.29767	15.77837	2.058103	18.158611	16.028175	../../benchmark_data/class-i/pdb/8gon_pmhc_tcr.pdb	../pred_pdb/af3/pmhc_tcr/classI/results_classI_no_msa_no_template/ranked_0/8gon_pmhc_tcr.pdb	after	ranked_0
47	8gvb	0.008	0.0	22.895	60.857	74.02272727272727	67.9090909090909	78.50785714285715	91.107	88.73363636363636	85.39866666666667	82.07206896551723	58.98163414634146	30.901333333333334	25.403750000000002	30.667393617021272	82.95945945945945	1.7291906	2.0282629	0.911605	0.51717347	0.6124824	0.6013069	1.2644318	22.592808	16.632532	1.6112161	17.134459	1.4107901	../../benchmark_data/class-i/pdb/8gvb_pmhc_tcr.pdb	../pred_pdb/af3/pmhc_tcr/classI/results_classI_no_msa_no_template/ranked_0/8gvb_pmhc_tcr.pdb	after	ranked_0
48	8gvg	0.008	0.0	24.68	60.739	76.27545454545454	68.5190909090909	76.82714285714285	91.337	87.82727272727273	86.24866666666667	81.7003448275862	59.09355231143552	31.06977900552486	28.6775	30.96851851851852	83.03783783783784	1.4849097	2.1807806	0.947258	0.5772886	0.66534686	0.3742325	0.9096037	22.395939	15.025227	2.8010244	15.470378	1.37353	../../benchmark_data/class-i/pdb/8gvg_pmhc_tcr.pdb	../pred_pdb/af3/pmhc_tcr/classI/results_classI_no_msa_no_template/ranked_0/8gvg_pmhc_tcr.pdb	after	ranked_0
49	8gvi	0.009	0.0	20.893	58.695	75.20545454545454	77.44636363636363	76.02285714285715	87.13899999999998	87.49636363636363	76.77466666666668	76.41172413793103	62.502944038929435	39.16546961325966	23.01625	38.48190476190476	82.9532882882883	1.4835746	3.0060563	0.867916	0.6963094	0.46707216	1.2385904	1.5763031	23.939268	14.972702	2.4900088	15.064222	1.7102511	../../benchmark_data/class-i/pdb/8gvi_pmhc_tcr.pdb	../pred_pdb/af3/pmhc_tcr/classI/results_classI_no_msa_no_template/ranked_0/8gvi_pmhc_tcr.pdb	after	ranked_0
50	8i5c	0.019	0.016	18.287	44.658	45.92636363636364	65.98444444444445	39.814166666666665	41.331	43.760000000000005	33.38076923076923	36.468799999999995	41.7782962962963	36.611657458563535	19.14111111111111	35.78410526315789	47.07548837209302	2.9598176	0.2572999	2.6718497	2.7225313	1.4503767	2.7867851	4.4313536	21.957348	19.840605	1.9551169	19.73722	12.622607	../../benchmark_data/class-i/pdb/8i5c_pmhc_tcr.pdb	../pred_pdb/af3/pmhc_tcr/classI/results_classI_no_msa_no_template/ranked_0/8i5c_pmhc_tcr.pdb	after	ranked_0
51	8i5d	0.062	0.068	15.754	24.161	43.328	48.061	42.9125	56.4	40.51090909090909	44.08533333333333	43.56407407407408	41.40789603960396	36.174751381215465	18.136666666666667	35.32031578947368	46.812757009345795	1.7964596	1.6293514	0.44411436	0.5865661	4.372886	0.64658815	3.1948044	16.793633	19.134195	1.9778292	20.393356	6.595526	../../benchmark_data/class-i/pdb/8i5d_pmhc_tcr.pdb	../pred_pdb/af3/pmhc_tcr/classI/results_classI_no_msa_no_template/ranked_0/8i5d_pmhc_tcr.pdb	after	ranked_0
52	8qfy	0.115	0.148	11.234	18.237	83.18363636363637	78.12666666666665	80.0625	66.921	65.80545454545455	70.22250000000001	75.1425	60.145728395061724	34.899447513812156	20.89	34.23584210526315	83.04283720930232	0.4532396	0.2156382	0.4248424	2.0312462	2.234088	0.90263486	1.655314	9.904871	13.281892	1.1488397	13.601709	1.343143	../../benchmark_data/class-i/pdb/8qfy_pmhc_tcr.pdb	../pred_pdb/af3/pmhc_tcr/classI/results_classI_no_msa_no_template/ranked_0/8qfy_pmhc_tcr.pdb	after	ranked_0
53	8shi	0.021	0.0	18.544	34.573	77.31500000000001	84.181	48.826470588235296	61.956	51.925	52.065000000000005	50.28903225806452	49.21559405940594	30.750222222222224	17.27375	30.176755319148935	65.78643518518518	0.39452797	0.4415346	3.1403096	2.454583	2.3751247	1.5528861	9.463468	23.635128	18.563303	2.530936	18.799944	14.9524355	../../benchmark_data/class-i/pdb/8shi_pmhc_tcr.pdb	../pred_pdb/af3/pmhc_tcr/classI/results_classI_no_msa_no_template/ranked_0/8shi_pmhc_tcr.pdb	after	ranked_0
54	8wte	0.026	0.046	21.944	51.03	84.68090909090908	74.14333333333333	76.13153846153847	78.46799999999999	65.105	72.644375	74.20758620689655	57.2842542787286	29.817734806629836	20.78222222222222	29.389736842105258	81.48497716894977	0.3748919	0.24612945	1.4136683	1.499598	0.629593	2.3510077	10.120725	21.068565	15.569457	2.4644485	17.567673	14.4197855	../../benchmark_data/class-i/pdb/8wte_pmhc_tcr.pdb	../pred_pdb/af3/pmhc_tcr/classI/results_classI_no_msa_no_template/ranked_0/8wte_pmhc_tcr.pdb	after	ranked_0
55	8wul	0.015	0.0	21.013	41.524	87.08545454545452	77.55222222222223	79.02999999999999	74.987	53.322	69.36812499999999	73.69931034482758	57.51579462102689	31.32397790055248	19.672222222222224	30.77205263157895	80.71812785388127	0.41561478	0.21992813	1.3490342	1.4301027	4.3691144	2.7204127	10.443977	21.383516	16.127848	1.8009747	17.79764	15.027245	../../benchmark_data/class-i/pdb/8wul_pmhc_tcr.pdb	../pred_pdb/af3/pmhc_tcr/classI/results_classI_no_msa_no_template/ranked_0/8wul_pmhc_tcr.pdb	after	ranked_0
56	6zkw	0.043	0.017	17.86	24.991	80.33727272727272	77.329	67.16461538461539	77.15	62.205999999999996	56.85125	61.47448275862069	56.070048899755506	31.777166666666663	21.704444444444444	31.297513227513225	77.3519090909091	0.33871484	0.16725329	1.221892	0.22483723	2.0746083	3.2157087	4.0528073	15.127441	12.446545	0.6010955	14.343822	4.5192657	../../benchmark_data/class-i/pdb/6zkw_pmhc_tcr.pdb	../pred_pdb/af3/pmhc_tcr/classI/results_classI_no_msa_no_template/ranked_1/6zkw_pmhc_tcr.pdb	after	ranked_1
57	6zkx	0.035	0.0	16.314	25.89	75.48454545454545	78.947	81.64923076923075	75.773	59.05500000000001	64.323125	72.09	59.29559610705596	34.64798882681564	24.349999999999998	34.00099476439791	81.25590909090909	0.7733185	0.18011856	2.5733502	0.20513089	2.2812302	3.0783145	4.15388	19.588697	14.584494	2.7640264	14.838671	2.4590664	../../benchmark_data/class-i/pdb/6zkx_pmhc_tcr.pdb	../pred_pdb/af3/pmhc_tcr/classI/results_classI_no_msa_no_template/ranked_1/6zkx_pmhc_tcr.pdb	after	ranked_1
58	6zky	0.069	0.094	15.388	25.182	75.32636363636362	78.626	80.40461538461538	79.027	63.163	67.26624999999999	73.15586206896552	58.82669117647059	31.993222222222222	20.902500000000003	31.52127659574468	82.1604090909091	0.33631495	0.35857365	2.6459148	0.32879376	1.788648	2.7880497	4.1525903	13.324243	15.79172	1.3165114	15.703333	2.282908	../../benchmark_data/class-i/pdb/6zky_pmhc_tcr.pdb	../pred_pdb/af3/pmhc_tcr/classI/results_classI_no_msa_no_template/ranked_1/6zky_pmhc_tcr.pdb	after	ranked_1
59	6zkz	0.018	0.0	20.187	37.223	80.0109090909091	75.896	67.07076923076923	80.33200000000001	64.601	62.744375	64.68379310344827	55.9018137254902	30.88527777777778	19.46125	30.399148936170214	77.69500000000001	0.38628826	0.21950167	1.2208138	0.24763547	2.0865974	3.2834435	3.2259614	20.730247	14.419256	3.16658	14.504558	2.0781143	../../benchmark_data/class-i/pdb/6zkz_pmhc_tcr.pdb	../pred_pdb/af3/pmhc_tcr/classI/results_classI_no_msa_no_template/ranked_1/6zkz_pmhc_tcr.pdb	after	ranked_1
60	7dzm	0.022	0.023	16.721	44.783	32.5775	43.82125	36.123333333333335	31.893	30.661818181818184	29.183333333333334	33.03888888888889	35.76830049261084	41.84083333333333	21.63666666666667	40.87873015873016	31.31728110599078	2.782876	4.846624	3.6816547	1.7282618	6.841081	2.456667	18.026142	27.701145	20.73776	3.9185097	20.827394	17.55516	../../benchmark_data/class-i/pdb/7dzm_pmhc_tcr.pdb	../pred_pdb/af3/pmhc_tcr/classI/results_classI_no_msa_no_template/ranked_1/7dzm_pmhc_tcr.pdb	after	ranked_1
61	7dzn	0.037	0.024	21.226	28.242	61.94499999999999	62.767500000000005	37.11	46.416	34.29272727272728	29.544166666666666	33.74740740740741	36.98540740740741	33.68776536312849	20.99777777777778	33.08026595744681	40.36866359447004	3.7456372	4.751434	3.8555431	2.2478483	3.2310777	2.2969446	10.715686	19.150328	14.532432	3.454875	15.101628	17.521608	../../benchmark_data/class-i/pdb/7dzn_pmhc_tcr.pdb	../pred_pdb/af3/pmhc_tcr/classI/results_classI_no_msa_no_template/ranked_1/7dzn_pmhc_tcr.pdb	after	ranked_1
62	7l1d	0.006	0.0	26.065	67.152	67.69818181818182	75.63555555555556	55.84999999999999	85.51700000000001	83.53	56.573157894736845	56.279375	58.99809290953546	35.98696132596685	73.09111111111112	37.74452631578947	77.4372602739726	1.4532535	0.41231787	2.3072278	0.23630677	0.19706151	4.3337226	8.528828	24.328081	15.78135	1.7572609	20.914928	15.538228	../../benchmark_data/class-i/pdb/7l1d_pmhc_tcr.pdb	../pred_pdb/af3/pmhc_tcr/classI/results_classI_no_msa_no_template/ranked_1/7l1d_pmhc_tcr.pdb	after	ranked_1
63	7n2n	0.022	0.035	20.538	53.887	73.12272727272726	82.597	49.44117647058823	73.56	77.81899999999999	53.217333333333336	51.21125	49.14365617433413	32.27237569060774	16.511111111111113	31.525789473684213	64.15439461883408	0.6797684	0.40494227	1.0748488	0.21014357	0.20259541	1.3509103	8.69111	19.771364	17.135185	1.9208362	17.989725	15.157532	../../benchmark_data/class-i/pdb/7n2n_pmhc_tcr.pdb	../pred_pdb/af3/pmhc_tcr/classI/results_classI_no_msa_no_template/ranked_1/7n2n_pmhc_tcr.pdb	after	ranked_1
64	7n2o	0.012	0.0	19.586	48.248	80.36272727272727	81.94399999999999	63.5329411764706	80.607	82.975	63.54733333333331	63.5396875	54.033704600484256	35.371712707182326	34.99444444444444	35.353842105263155	69.94928251121075	0.7287608	0.3975928	1.583988	0.25409174	0.1737799	1.8668139	8.434373	23.035492	15.160335	1.9966382	14.900553	14.465252	../../benchmark_data/class-i/pdb/7n2o_pmhc_tcr.pdb	../pred_pdb/af3/pmhc_tcr/classI/results_classI_no_msa_no_template/ranked_1/7n2o_pmhc_tcr.pdb	after	ranked_1
65	7n2p	0.02	0.032	19.683	55.085	69.29181818181819	76.38000000000001	62.71818181818182	86.474	85.11699999999999	65.33866666666668	64.23	56.3889434889435	31.256961325966852	18.35888888888889	30.645999999999997	78.92884792626727	0.2650422	0.38122052	0.7768752	0.23923337	0.11898532	1.1552662	7.408223	21.507488	15.1243305	2.093727	15.409208	15.150678	../../benchmark_data/class-i/pdb/7n2p_pmhc_tcr.pdb	../pred_pdb/af3/pmhc_tcr/classI/results_classI_no_msa_no_template/ranked_1/7n2p_pmhc_tcr.pdb	after	ranked_1
66	7n2q	0.008	0.0	19.852	64.069	72.86818181818184	79.072	62.73636363636364	84.67500000000001	83.627	63.85733333333334	63.38307692307693	56.27530712530713	31.43839779005525	17.709999999999997	30.788105263157895	78.59129032258066	0.29345322	0.38774788	1.2690082	0.2523321	0.17286476	1.586696	2.4245574	24.70247	16.719385	1.7403777	16.726978	2.9647765	../../benchmark_data/class-i/pdb/7n2q_pmhc_tcr.pdb	../pred_pdb/af3/pmhc_tcr/classI/results_classI_no_msa_no_template/ranked_1/7n2q_pmhc_tcr.pdb	after	ranked_1
67	7n2r	0.02	0.034	17.871	59.734	70.72636363636364	75.16	60.443636363636365	85.86999999999999	83.941	62.04066666666666	61.365	54.950221130221124	29.969447513812156	17.49	29.378315789473685	77.34036866359448	0.3491544	0.38663733	0.92538685	0.27095923	0.13522992	0.97807544	7.3370485	22.672209	13.437779	2.0931673	14.174593	14.916202	../../benchmark_data/class-i/pdb/7n2r_pmhc_tcr.pdb	../pred_pdb/af3/pmhc_tcr/classI/results_classI_no_msa_no_template/ranked_1/7n2r_pmhc_tcr.pdb	after	ranked_1
68	7n2s	0.006	0.0	27.235	66.262	68.30727272727273	75.136	52.215	83.967	86.61599999999999	68.66000000000001	60.17225806451614	53.80128640776699	29.909060773480658	19.596666666666668	29.42057894736842	74.66765765765766	1.1339504	0.41472444	3.594956	0.44298565	0.15556923	1.8024211	3.3568432	23.427895	16.34838	2.0582654	16.602753	4.6899095	../../benchmark_data/class-i/pdb/7n2s_pmhc_tcr.pdb	../pred_pdb/af3/pmhc_tcr/classI/results_classI_no_msa_no_template/ranked_1/7n2s_pmhc_tcr.pdb	after	ranked_1
69	7n4k	0.016	0.0	20.721	40.626	43.11750000000001	23.14	33.45846153846154	36.163999999999994	32.366	31.91909090909091	32.75291666666667	38.11395	44.19112994350282	23.244	43.07096256684492	33.762018779342725	3.6696985	3.1232083	2.5256333	3.1294024	5.132454	1.9374245	13.103588	22.374218	15.544983	4.046296	18.470087	18.141983	../../benchmark_data/class-i/pdb/7n4k_pmhc_tcr.pdb	../pred_pdb/af3/pmhc_tcr/classI/results_classI_no_msa_no_template/ranked_1/7n4k_pmhc_tcr.pdb	after	ranked_1
70	7n5c	0.014	0.018	20.5	61.653	44.38583333333332	26.87375	30.590000000000007	39.8	38.817	30.00454545454545	30.32166666666667	40.3555198019802	47.739281767955795	27.791999999999994	46.694921465968584	34.67089201877934	3.7000668	3.362104	6.112612	2.8921285	6.614629	6.282615	11.093666	20.816439	18.062973	3.1581604	17.964872	15.763421	../../benchmark_data/class-i/pdb/7n5c_pmhc_tcr.pdb	../pred_pdb/af3/pmhc_tcr/classI/results_classI_no_msa_no_template/ranked_1/7n5c_pmhc_tcr.pdb	after	ranked_1
71	7n5p	0.013	0.017	22.364	66.198	41.15	23.021250000000002	31.611538461538455	41.687999999999995	37.797	31.613636363636363	31.6125	46.77922305764412	59.87744318181819	57.564	59.75306451612903	35.4499530516432	3.749604	3.2259681	4.9200416	3.1269355	4.3755774	4.648556	7.1961107	22.43691	17.334278	3.201286	17.214752	16.743216	../../benchmark_data/class-i/pdb/7n5p_pmhc_tcr.pdb	../pred_pdb/af3/pmhc_tcr/classI/results_classI_no_msa_no_template/ranked_1/7n5p_pmhc_tcr.pdb	after	ranked_1
72	7na5	0.01	0.0	16.4	58.497	39.92000000000001	38.12222222222223	31.179090909090906	40.574	41.797000000000004	32.12199999999999	31.723076923076924	36.95449382716049	35.10966666666666	21.737777777777776	34.47291005291005	39.12587962962963	1.1900427	2.265949	0.7469755	2.4350946	4.921278	3.260581	14.113558	23.694767	16.44288	1.9175438	16.388786	17.58988	../../benchmark_data/class-i/pdb/7na5_pmhc_tcr.pdb	../pred_pdb/af3/pmhc_tcr/classI/results_classI_no_msa_no_template/ranked_1/7na5_pmhc_tcr.pdb	after	ranked_1
73	7ndq	0.031	0.017	15.43	31.535	66.94583333333333	73.2325	55.53600000000001	63.13500000000001	63.73727272727272	56.52923076923078	55.997142857142855	55.357720588235296	34.03563535911602	16.775555555555556	33.21805263157895	74.65376146788991	1.1821319	1.3235093	2.3432581	2.5228753	0.47165945	2.2752662	3.9932535	18.015827	15.495548	2.154593	16.082962	3.4567318	../../benchmark_data/class-i/pdb/7ndq_pmhc_tcr.pdb	../pred_pdb/af3/pmhc_tcr/classI/results_classI_no_msa_no_template/ranked_1/7ndq_pmhc_tcr.pdb	after	ranked_1
74	7ndt	0.023	0.0	18.774	33.223	44.72416666666667	35.285	36.505714285714284	62.629	40.71	63.97833333333333	49.18538461538462	40.33990099009901	32.06366666666667	16.716250000000002	31.41058510638298	48.11171296296297	2.1912363	5.2271037	2.4937305	2.7474809	6.7699804	2.4397218	10.409313	20.76296	16.672564	2.0538855	18.72056	14.778256	../../benchmark_data/class-i/pdb/7ndt_pmhc_tcr.pdb	../pred_pdb/af3/pmhc_tcr/classI/results_classI_no_msa_no_template/ranked_1/7ndt_pmhc_tcr.pdb	after	ranked_1
75	7ndu	0.028	0.0	19.666	29.204	64.19666666666667	63.60874999999999	44.98533333333334	70.175	78.28181818181817	55.03230769230768	49.65	51.64800982800983	32.19049723756906	18.17125	31.59708994708995	69.03160550458715	0.942456	0.42144662	2.282184	0.48568663	0.3780494	1.4693573	8.655753	17.45756	15.625932	1.8199617	16.606937	15.533395	../../benchmark_data/class-i/pdb/7ndu_pmhc_tcr.pdb	../pred_pdb/af3/pmhc_tcr/classI/results_classI_no_msa_no_template/ranked_1/7ndu_pmhc_tcr.pdb	after	ranked_1
76	7nme	0.015	0.013	22.465	49.805	38.17363636363637	37.598	34.7	34.407	39.342727272727274	27.44272727272727	31.37375	33.78264197530864	33.73364640883978	17.45888888888889	32.962736842105265	34.507209302325585	3.2063982	4.383774	2.6695101	2.5272255	4.885263	2.0027192	9.083662	23.92339	24.554422	2.295384	24.933615	15.077371	../../benchmark_data/class-i/pdb/7nme_pmhc_tcr.pdb	../pred_pdb/af3/pmhc_tcr/classI/results_classI_no_msa_no_template/ranked_1/7nme_pmhc_tcr.pdb	after	ranked_1
77	7nmf	0.016	0.014	22.217	49.698	38.290000000000006	37.705	34.35	34.065999999999995	38.96363636363636	28.703636363636363	31.762083333333333	33.87022222222222	33.72569060773481	17.50777777777778	32.95747368421053	34.67683720930232	3.199975	4.4050026	2.6828265	2.2345893	4.906661	2.6066175	9.06126	23.89532	24.50185	2.3532097	24.863451	15.152311	../../benchmark_data/class-i/pdb/7nmf_pmhc_tcr.pdb	../pred_pdb/af3/pmhc_tcr/classI/results_classI_no_msa_no_template/ranked_1/7nmf_pmhc_tcr.pdb	after	ranked_1
78	7nmg	0.029	0.0	21.268	28.36	32.67	33.229	31.677692307692304	34.012	41.911818181818184	26.779999999999998	29.432916666666667	33.29649382716049	34.3989502762431	21.34	33.780368421052636	32.86888372093023	1.497894	3.8501198	4.3634396	2.5979218	3.9501605	5.7141356	20.432743	22.792923	24.07066	3.708257	23.699661	19.791813	../../benchmark_data/class-i/pdb/7nmg_pmhc_tcr.pdb	../pred_pdb/af3/pmhc_tcr/classI/results_classI_no_msa_no_template/ranked_1/7nmg_pmhc_tcr.pdb	after	ranked_1
79	7ow5	0.038	0.016	17.193	26.947	36.469166666666666	36.76	28.974375	36.992999999999995	38.861000000000004	27.33375	28.154062500000002	34.0049156626506	31.828444444444443	18.174	31.109789473684213	36.44968888888889	2.0736113	1.40143	2.727136	3.0316184	1.9299545	2.417411	11.924672	22.226995	21.246283	2.939752	21.219208	18.218967	../../benchmark_data/class-i/pdb/7ow5_pmhc_tcr.pdb	../pred_pdb/af3/pmhc_tcr/classI/results_classI_no_msa_no_template/ranked_1/7ow5_pmhc_tcr.pdb	after	ranked_1
80	7ow6	0.028	0.015	21.75	32.374	43.35750000000001	43.42090909090909	39.469375	45.618	45.61200000000001	40.675625	40.072500000000005	39.38177884615384	33.29270718232044	17.195	32.449895287958114	45.26617777777778	2.142421	3.3848677	0.5996016	2.0629559	1.4741114	1.3510023	12.051257	21.341986	22.876595	2.0172868	23.363722	13.856686	../../benchmark_data/class-i/pdb/7ow6_pmhc_tcr.pdb	../pred_pdb/af3/pmhc_tcr/classI/results_classI_no_msa_no_template/ranked_1/7ow6_pmhc_tcr.pdb	after	ranked_1
81	7pb2	0.016	0.0	18.271	40.802	70.01666666666667	55.41636363636364	62.625625	69.954	62.44600000000001	63.91437500000001	63.269999999999996	51.468963855421684	32.968222222222224	19.182	32.24263157894737	67.70453333333333	0.26806045	1.225944	0.50682205	0.41247112	1.5404301	1.4024067	1.2604188	17.800644	11.70593	2.4134	14.433659	2.8566778	../../benchmark_data/class-i/pdb/7pb2_pmhc_tcr.pdb	../pred_pdb/af3/pmhc_tcr/classI/results_classI_no_msa_no_template/ranked_1/7pb2_pmhc_tcr.pdb	after	ranked_1
82	7pbe	0.007	0.0	21.406	63.692	75.4609090909091	77.92375	70.24416666666666	88.39599999999999	86.65363636363635	76.30846153846154	73.3976	58.41091358024691	35.651491712707184	19.130000000000003	34.86889473684211	79.21548837209299	0.58548355	1.4715357	1.0810487	0.4819528	0.3022235	0.6686858	1.7320307	20.868263	13.9515085	2.1660693	13.902605	2.2439172	../../benchmark_data/class-i/pdb/7pbe_pmhc_tcr.pdb	../pred_pdb/af3/pmhc_tcr/classI/results_classI_no_msa_no_template/ranked_1/7pbe_pmhc_tcr.pdb	after	ranked_1
83	7phr	0.022	0.012	20.337	38.085	75.38600000000001	84.295	49.46727272727273	69.95700000000002	76.65	50.714615384615385	50.14291666666667	49.838074999999996	29.374640883977897	20.095555555555553	28.935105263157894	68.75028571428571	0.2373513	0.34498093	1.6536744	0.79383475	1.391252	1.5652142	8.094823	20.243895	13.350567	2.1975482	14.368013	13.084829	../../benchmark_data/class-i/pdb/7phr_pmhc_tcr.pdb	../pred_pdb/af3/pmhc_tcr/classI/results_classI_no_msa_no_template/ranked_1/7phr_pmhc_tcr.pdb	after	ranked_1
84	7q99	0.028	0.027	17.789	37.129	68.9409090909091	68.66222222222223	63.99272727272727	77.34818181818181	75.10666666666667	52.12533333333333	57.14615384615385	54.86837837837838	31.545801104972377	19.693	30.925235602094244	76.04032407407406	1.5641516	0.25261837	0.65551585	0.43799007	0.23366915	1.5099626	6.3735547	19.016542	14.276834	3.1066148	14.1449375	12.2270975	../../benchmark_data/class-i/pdb/7q99_pmhc_tcr.pdb	../pred_pdb/af3/pmhc_tcr/classI/results_classI_no_msa_no_template/ranked_1/7q99_pmhc_tcr.pdb	after	ranked_1
85	7q9a	0.02	0.013	21.579	41.383	68.7218181818182	71.8577777777778	63.931818181818194	77.38636363636363	76.32555555555555	53.296	57.795769230769224	54.24931203931203	29.11646408839779	18.951	28.584240837696335	76.94388888888888	1.4951228	0.28051934	1.1346775	0.3685992	0.27622193	1.4739972	10.776808	23.737497	17.917253	2.800103	18.346737	18.78358	../../benchmark_data/class-i/pdb/7q9a_pmhc_tcr.pdb	../pred_pdb/af3/pmhc_tcr/classI/results_classI_no_msa_no_template/ranked_1/7q9a_pmhc_tcr.pdb	after	ranked_1
86	7q9b	0.072	0.087	13.837	23.399	79.3409090909091	80.78888888888889	75.385	77.684	66.493	64.12125	67.87583333333333	59.82370370370371	34.69209944751381	38.509	34.891937172774874	82.0758878504673	0.4992541	0.26352146	1.5567209	0.287982	1.0471383	2.333444	2.7922974	12.407925	14.61214	2.986324	14.783684	1.9616687	../../benchmark_data/class-i/pdb/7q9b_pmhc_tcr.pdb	../pred_pdb/af3/pmhc_tcr/classI/results_classI_no_msa_no_template/ranked_1/7q9b_pmhc_tcr.pdb	after	ranked_1
87	7qpj	0.024	0.029	17.514	44.7	40.84545454545455	47.97666666666667	33.97461538461538	43.641000000000005	48.040000000000006	35.689090909090915	34.760416666666664	39.48166253101737	35.39183333333334	21.14333333333333	34.71333333333333	43.69294392523364	2.2641132	1.3091636	2.5279126	1.9765357	1.9488147	1.1012292	5.6644487	20.039354	14.957679	2.369109	15.012123	11.101544	../../benchmark_data/class-i/pdb/7qpj_pmhc_tcr.pdb	../pred_pdb/af3/pmhc_tcr/classI/results_classI_no_msa_no_template/ranked_1/7qpj_pmhc_tcr.pdb	after	ranked_1
88	7r80	0.078	0.081	8.56	22.686	67.83727272727273	75.28299999999999	73.90615384615386	59.83900000000001	55.608000000000004	68.06133333333334	70.775	55.93190709046454	33.1460773480663	23.571111111111108	32.69252631578947	76.09392694063926	2.3296597	0.4858553	0.5284969	1.4592223	1.5458634	2.571351	2.6367803	14.300218	18.503933	4.178255	18.440016	3.037505	../../benchmark_data/class-i/pdb/7r80_pmhc_tcr.pdb	../pred_pdb/af3/pmhc_tcr/classI/results_classI_no_msa_no_template/ranked_1/7r80_pmhc_tcr.pdb	after	ranked_1
89	7rk7	0.026	0.015	16.502	35.299	46.76333333333333	37.7775	30.193125000000002	51.84100000000001	46.041000000000004	33.54599999999999	32.05583333333333	36.30759036144579	34.173425414364644	17.24111111111111	33.37136842105264	38.78706666666667	1.2717152	4.889692	2.7463605	1.9305611	6.2037	4.808492	10.776869	26.921703	19.625954	1.6211169	19.361998	15.140201	../../benchmark_data/class-i/pdb/7rk7_pmhc_tcr.pdb	../pred_pdb/af3/pmhc_tcr/classI/results_classI_no_msa_no_template/ranked_1/7rk7_pmhc_tcr.pdb	after	ranked_1
90	7rm4	0.032	0.0	20.287	27.148	40.35636363636364	44.49	32.10916666666666	47.901999999999994	55.23727272727273	32.56466666666667	32.36222222222222	41.176454767726156	35.06022099447514	20.288888888888884	34.36052631578947	47.08981735159817	2.7713177	0.6275147	3.671563	3.9640722	4.57236	5.151848	7.632609	15.910677	12.619138	4.1028585	13.753359	10.781378	../../benchmark_data/class-i/pdb/7rm4_pmhc_tcr.pdb	../pred_pdb/af3/pmhc_tcr/classI/results_classI_no_msa_no_template/ranked_1/7rm4_pmhc_tcr.pdb	after	ranked_1
91	7rrg	0.012	0.0	19.766	47.909	66.55166666666668	74.33	39.669999999999995	62.098	82.51181818181819	40.34714285714285	39.996896551724134	43.62290953545232	30.94060773480663	17.007777777777775	30.280631578947368	55.19840182648402	0.91296023	1.1924554	3.7609258	1.2417709	0.42833075	4.494309	5.7047048	20.305786	15.887812	2.2433984	16.946005	8.2991495	../../benchmark_data/class-i/pdb/7rrg_pmhc_tcr.pdb	../pred_pdb/af3/pmhc_tcr/classI/results_classI_no_msa_no_template/ranked_1/7rrg_pmhc_tcr.pdb	after	ranked_1
92	7rtr	0.02	0.016	17.537	44.192	76.71727272727274	73.16777777777777	66.51	85.80799999999999	82.6009090909091	69.71545454545455	68.11272727272727	56.294054054054044	29.942265193370165	27.447777777777777	29.824105263157893	79.47050691244239	0.37960234	0.29690698	1.0871614	0.22338659	0.14676698	0.38699293	7.123464	18.866209	12.610965	2.8600485	14.700045	12.392827	../../benchmark_data/class-i/pdb/7rtr_pmhc_tcr.pdb	../pred_pdb/af3/pmhc_tcr/classI/results_classI_no_msa_no_template/ranked_1/7rtr_pmhc_tcr.pdb	after	ranked_1
93	7su9	0.03	0.0	19.21	28.037	65.66166666666668	66.72999999999999	39.803999999999995	74.693	74.94200000000001	52.46333333333333	46.133666666666656	50.17421568627451	37.65416666666667	19.62333333333333	36.79555555555556	61.720182648401824	0.8774819	0.43762246	2.3676705	0.18216856	0.19601022	1.8859551	9.362185	21.306597	19.37241	2.243615	19.99652	14.785805	../../benchmark_data/class-i/pdb/7su9_pmhc_tcr.pdb	../pred_pdb/af3/pmhc_tcr/classI/results_classI_no_msa_no_template/ranked_1/7su9_pmhc_tcr.pdb	after	ranked_1
94	8cx4	0.011	0.0	20.57	50.538	83.64454545454545	85.657	70.83705882352942	85.01100000000001	86.334	73.56066666666668	72.11375000000001	57.99985472154963	30.083149171270716	21.427777777777777	29.67315789473684	82.13470852017937	0.9103371	0.3433938	1.1355137	0.17600569	0.17571458	1.3699046	2.2934444	23.214823	13.21234	1.8527836	13.216577	2.842535	../../benchmark_data/class-i/pdb/8cx4_pmhc_tcr.pdb	../pred_pdb/af3/pmhc_tcr/classI/results_classI_no_msa_no_template/ranked_1/8cx4_pmhc_tcr.pdb	after	ranked_1
95	8d5q	0.007	0.0	19.364	66.648	79.1618181818182	85.679	75.515	87.85636363636362	91.86	75.85799999999999	75.68096774193548	62.926225490196074	36.964375000000004	31.826999999999998	36.68817204301075	84.90945945945947	0.5149762	0.8644875	2.1094022	0.2165983	0.32900712	2.4793217	2.781777	22.08121	18.412672	3.0026417	18.39772	1.3868455	../../benchmark_data/class-i/pdb/8d5q_pmhc_tcr.pdb	../pred_pdb/af3/pmhc_tcr/classI/results_classI_no_msa_no_template/ranked_1/8d5q_pmhc_tcr.pdb	after	ranked_1
96	8dnt	0.038	0.0	15.157	24.949	70.63545454545454	68.84222222222223	58.065000000000005	81.786	72.78090909090908	62.83642857142858	60.63423076923077	55.46702702702703	30.66458563535911	24.15777777777778	30.356368421052625	77.45331797235025	0.6016196	0.36496177	0.78975725	0.50660294	0.7401134	0.5259632	4.6294656	16.844776	19.438124	4.444414	19.530735	4.864665	../../benchmark_data/class-i/pdb/8dnt_pmhc_tcr.pdb	../pred_pdb/af3/pmhc_tcr/classI/results_classI_no_msa_no_template/ranked_1/8dnt_pmhc_tcr.pdb	after	ranked_1
97	8en8	0.016	0.0	24.433	39.773	33.50181818181818	42.396	36.28214285714285	31.052727272727278	36.27166666666667	32.867333333333335	34.51586206896552	35.04490291262136	33.28183333333333	19.278888888888886	32.61502645502646	37.10430493273544	3.580224	3.836719	5.2792506	4.7995353	2.0556602	4.584607	13.595169	25.050253	17.0791	2.9409914	17.90746	18.320227	../../benchmark_data/class-i/pdb/8en8_pmhc_tcr.pdb	../pred_pdb/af3/pmhc_tcr/classI/results_classI_no_msa_no_template/ranked_1/8en8_pmhc_tcr.pdb	after	ranked_1
98	8enh	0.031	0.0	21.793	27.095	31.58545454545454	38.602	34.59714285714286	30.952727272727262	35.024166666666666	32.986000000000004	33.76379310344828	34.6512895377129	34.52787709497206	16.85111111111111	33.68164893617021	35.46874439461883	3.294412	2.7330031	5.441488	4.0823627	3.2738118	4.213175	18.94734	22.42783	18.436064	2.291063	19.517508	20.863184	../../benchmark_data/class-i/pdb/8enh_pmhc_tcr.pdb	../pred_pdb/af3/pmhc_tcr/classI/results_classI_no_msa_no_template/ranked_1/8enh_pmhc_tcr.pdb	after	ranked_1
99	8eo8	0.04	0.014	19.21	25.383	32.12454545454546	39.407	34.06428571428572	31.074545454545458	35.87166666666666	33.437333333333335	33.74	33.74659367396594	31.782402234636866	18.25	31.13457446808511	35.94865470852018	3.9846563	3.8738382	5.6304946	4.772974	1.9857613	4.6758165	10.289508	18.88681	14.997791	3.9383292	14.900167	15.085545	../../benchmark_data/class-i/pdb/8eo8_pmhc_tcr.pdb	../pred_pdb/af3/pmhc_tcr/classI/results_classI_no_msa_no_template/ranked_1/8eo8_pmhc_tcr.pdb	after	ranked_1
100	8f5a	0.008	0.0	20.983	61.241	69.51727272727273	77.416	52.41866666666665	62.194	58.587	54.97416666666666	53.554444444444435	51.17799511002445	30.9385635359116	22.934	30.519476439790576	69.27788990825688	0.49404982	2.3456573	2.796184	1.1475872	3.0033758	1.5205513	3.1963518	22.714182	15.9923	3.9624176	17.399937	3.1725974	../../benchmark_data/class-i/pdb/8f5a_pmhc_tcr.pdb	../pred_pdb/af3/pmhc_tcr/classI/results_classI_no_msa_no_template/ranked_1/8f5a_pmhc_tcr.pdb	after	ranked_1
101	8gom	0.015	0.0	20.173	41.616	34.89083333333333	30.866666666666667	31.464545454545455	35.498000000000005	31.223636363636363	27.171333333333337	28.987692307692306	33.597682926829265	35.075856353591156	17.42	34.239526315789476	33.043363636363644	2.1862843	2.355549	3.708208	1.2674376	3.4760175	4.273339	15.096235	23.348331	12.622675	2.2837048	16.843819	14.017145	../../benchmark_data/class-i/pdb/8gom_pmhc_tcr.pdb	../pred_pdb/af3/pmhc_tcr/classI/results_classI_no_msa_no_template/ranked_1/8gom_pmhc_tcr.pdb	after	ranked_1
102	8gon	0.012	0.0	16.676	50.646	34.11166666666667	33.58555555555555	30.12090909090909	32.967	32.10454545454546	26.69466666666667	28.14423076923077	32.75053658536586	34.656519337016576	17.049999999999997	33.822526315789474	31.824727272727277	2.1943672	2.6135657	4.5404	1.3000137	3.3639193	3.8759818	7.993151	23.460201	14.549874	2.41096	15.954154	15.127059	../../benchmark_data/class-i/pdb/8gon_pmhc_tcr.pdb	../pred_pdb/af3/pmhc_tcr/classI/results_classI_no_msa_no_template/ranked_1/8gon_pmhc_tcr.pdb	after	ranked_1
103	8gvb	0.008	0.0	24.36	59.964	73.50636363636364	66.25181818181818	74.23357142857142	89.044	88.28909090909092	80.64133333333332	77.54793103448276	58.09912195121951	31.066388888888888	23.380000000000003	30.739308510638296	81.2686936936937	1.2972502	1.7672136	2.3791132	0.52809525	0.6205224	0.6219045	2.398028	23.822287	14.33891	1.1082356	14.562944	1.760319	../../benchmark_data/class-i/pdb/8gvb_pmhc_tcr.pdb	../pred_pdb/af3/pmhc_tcr/classI/results_classI_no_msa_no_template/ranked_1/8gvb_pmhc_tcr.pdb	after	ranked_1
104	8gvg	0.008	0.0	21.481	60.322	74.06727272727272	71.33909090909093	75.60214285714285	90.881	87.30363636363637	84.79	80.35448275862069	59.60924574209246	32.791823204419885	21.75625	32.324708994709	82.83797297297296	1.2806312	2.8081105	1.2920984	0.5720533	0.65438676	0.40118062	1.4484848	23.494768	14.206841	2.7755508	14.186242	1.522631	../../benchmark_data/class-i/pdb/8gvg_pmhc_tcr.pdb	../pred_pdb/af3/pmhc_tcr/classI/results_classI_no_msa_no_template/ranked_1/8gvg_pmhc_tcr.pdb	after	ranked_1
105	8gvi	0.012	0.0	21.17	47.983	74.59818181818181	77.26545454545455	76.97857142857143	85.72600000000001	88.15181818181817	79.54533333333332	78.30620689655171	62.19170316301703	38.13381215469613	24.7325	37.56656084656085	83.15635135135136	1.7987756	2.9992652	0.959716	0.67142844	0.47073027	2.0136123	2.074882	18.128654	12.9142685	1.3346567	12.696098	1.8826915	../../benchmark_data/class-i/pdb/8gvi_pmhc_tcr.pdb	../pred_pdb/af3/pmhc_tcr/classI/results_classI_no_msa_no_template/ranked_1/8gvi_pmhc_tcr.pdb	after	ranked_1
106	8i5c	0.055	0.079	21.427	28.455	43.90818181818182	63.76444444444444	39.13916666666667	40.565	43.501999999999995	31.506153846153843	35.17	40.63222222222222	35.045524861878455	16.713333333333335	34.177157894736844	46.3366976744186	2.1171987	0.28244716	2.047444	2.2227924	1.7416519	3.4614131	12.465231	23.496464	21.875616	1.9100115	21.966198	19.289633	../../benchmark_data/class-i/pdb/8i5c_pmhc_tcr.pdb	../pred_pdb/af3/pmhc_tcr/classI/results_classI_no_msa_no_template/ranked_1/8i5c_pmhc_tcr.pdb	after	ranked_1
107	8i5d	0.008	0.0	24.086	60.704	43.555	44.934000000000005	41.711666666666666	55.325	40.74545454545454	43.480000000000004	42.69407407407408	40.32680693069307	35.3646408839779	17.42222222222222	34.514736842105265	45.48705607476635	0.95582867	1.5186876	0.4342642	0.66026735	3.404748	0.6379489	3.0636399	24.784523	17.425884	1.7883888	19.65456	5.9507766	../../benchmark_data/class-i/pdb/8i5d_pmhc_tcr.pdb	../pred_pdb/af3/pmhc_tcr/classI/results_classI_no_msa_no_template/ranked_1/8i5d_pmhc_tcr.pdb	after	ranked_1
108	8qfy	0.043	0.049	16.579	30.33	81.93454545454546	76.45444444444445	79.4175	68.098	63.802727272727275	69.36500000000001	74.39125	59.4160987654321	33.42585635359116	22.194444444444446	32.893842105263154	82.85437209302323	0.49925965	0.26091972	0.40992808	1.964387	1.4533864	0.66788375	1.640599	18.64065	13.713594	2.0651329	13.940234	1.4548358	../../benchmark_data/class-i/pdb/8qfy_pmhc_tcr.pdb	../pred_pdb/af3/pmhc_tcr/classI/results_classI_no_msa_no_template/ranked_1/8qfy_pmhc_tcr.pdb	after	ranked_1
109	8shi	0.033	0.0	14.606	27.066	75.837	80.66799999999999	47.77294117647059	61.943000000000005	54.626999999999995	51.450714285714284	49.43387096774194	48.75747524752476	30.292222222222218	17.9025	29.764999999999997	65.28796296296296	0.39402327	0.4090005	3.1888084	2.3362975	2.278495	1.6224576	9.347877	21.629549	17.649773	2.4183483	19.269453	15.043394	../../benchmark_data/class-i/pdb/8shi_pmhc_tcr.pdb	../pred_pdb/af3/pmhc_tcr/classI/results_classI_no_msa_no_template/ranked_1/8shi_pmhc_tcr.pdb	after	ranked_1
110	8wte	0.017	0.015	20.781	47.281	86.2590909090909	77.55666666666667	78.10615384615384	78.52799999999999	65.333	72.52875	75.02896551724139	58.101784841075805	30.404309392265194	19.99111111111111	29.91105263157895	82.55949771689497	0.38338473	0.36339644	1.3568372	1.5396403	0.66331303	2.478853	10.3216	19.835957	19.340065	1.6691421	21.824661	14.517989	../../benchmark_data/class-i/pdb/8wte_pmhc_tcr.pdb	../pred_pdb/af3/pmhc_tcr/classI/results_classI_no_msa_no_template/ranked_1/8wte_pmhc_tcr.pdb	after	ranked_1
111	8wul	0.019	0.0	20.276	36.944	86.94545454545455	78.47888888888889	78.9576923076923	77.961	58.72699999999999	73.36	75.86931034482758	58.592127139364315	31.09662983425414	20.72	30.605105263157895	82.87310502283104	0.41293672	0.19709542	1.361164	1.4875562	1.2666932	2.7157676	10.363422	19.773527	18.860636	1.654803	21.843945	14.630929	../../benchmark_data/class-i/pdb/8wul_pmhc_tcr.pdb	../pred_pdb/af3/pmhc_tcr/classI/results_classI_no_msa_no_template/ranked_1/8wul_pmhc_tcr.pdb	after	ranked_1
112	6zkw	0.021	0.034	20.533	55.241	80.77454545454545	80.91900000000001	67.75153846153847	78.694	62.955999999999996	58.16374999999999	62.46172413793103	56.19555012224939	31.634388888888893	19.18777777777778	31.041693121693122	77.805	0.379495	0.1667785	0.9252653	0.18881075	0.9248165	1.6377547	2.488957	18.362799	13.510639	2.0961225	13.718427	3.7420835	../../benchmark_data/class-i/pdb/6zkw_pmhc_tcr.pdb	../pred_pdb/af3/pmhc_tcr/classI/results_classI_no_msa_no_template/ranked_2/6zkw_pmhc_tcr.pdb	after	ranked_2
113	6zkx	0.064	0.087	14.841	26.327	73.22181818181818	77.561	80.26153846153846	80.077	62.964	66.551875	72.69758620689655	58.92240875912409	33.69709497206704	26.07083333333333	33.21795811518325	81.23854545454547	0.3567592	0.19538291	2.5836675	0.24600461	1.131866	2.628618	4.0044627	14.735214	13.369321	2.771112	15.115738	2.2573283	../../benchmark_data/class-i/pdb/6zkx_pmhc_tcr.pdb	../pred_pdb/af3/pmhc_tcr/classI/results_classI_no_msa_no_template/ranked_2/6zkx_pmhc_tcr.pdb	after	ranked_2
114	6zky	0.014	0.0	20.086	43.802	77.00545454545454	80.886	84.16076923076925	82.796	69.072	70.95750000000001	76.87620689655174	59.29852941176471	30.668499999999998	21.63875	30.28425531914894	84.09254545454546	1.6275651	0.36852264	2.708149	0.22469652	1.0705459	2.8451788	4.302803	19.752031	18.401075	1.8037264	18.522486	2.3046143	../../benchmark_data/class-i/pdb/6zky_pmhc_tcr.pdb	../pred_pdb/af3/pmhc_tcr/classI/results_classI_no_msa_no_template/ranked_2/6zky_pmhc_tcr.pdb	after	ranked_2
115	6zkz	0.025	0.017	21.112	36.058	81.44727272727272	78.82300000000001	69.01692307692306	77.223	66.45	57.9025	62.88482758620691	55.620612745098036	29.451555555555554	22.83125	29.169840425531916	78.22399999999999	0.35329577	0.21169548	1.0351315	0.15627217	0.96668094	3.0829167	4.131152	17.851933	19.033745	3.1265335	19.450827	4.7275023	../../benchmark_data/class-i/pdb/6zkz_pmhc_tcr.pdb	../pred_pdb/af3/pmhc_tcr/classI/results_classI_no_msa_no_template/ranked_2/6zkz_pmhc_tcr.pdb	after	ranked_2
116	7dzm	0.009	0.0	19.568	57.029	33.08416666666667	41.7025	33.68866666666666	31.943	30.41727272727273	28.843333333333334	31.53518518518519	33.70660098522168	38.51661111111111	21.505555555555556	37.70656084656085	30.222764976958526	2.9522474	4.9077315	3.84601	1.2592403	4.725246	2.0351267	12.233791	22.158716	18.131092	3.8924186	17.980064	17.69095	../../benchmark_data/class-i/pdb/7dzm_pmhc_tcr.pdb	../pred_pdb/af3/pmhc_tcr/classI/results_classI_no_msa_no_template/ranked_2/7dzm_pmhc_tcr.pdb	after	ranked_2
117	7dzn	0.024	0.048	21.098	62.258	55.291666666666664	56.35625	29.464666666666666	45.14	36.78181818181818	26.022499999999997	27.934814814814814	35.718172839506174	33.877318435754184	20.415555555555557	33.23287234042554	37.87133640552996	3.6898637	4.891442	4.3361053	1.910796	5.5837116	4.9226465	10.849882	23.742973	16.843916	4.040021	19.102037	15.045147	../../benchmark_data/class-i/pdb/7dzn_pmhc_tcr.pdb	../pred_pdb/af3/pmhc_tcr/classI/results_classI_no_msa_no_template/ranked_2/7dzn_pmhc_tcr.pdb	after	ranked_2
118	7l1d	0.007	0.0	23.436	64.405	69.51090909090908	75.86333333333333	56.79615384615385	84.01	82.64500000000001	53.207368421052635	54.6653125	57.520782396088016	33.39983425414364	72.73222222222223	35.262947368421045	76.83123287671233	0.9773138	0.28139254	2.1851175	0.24279459	0.19660473	3.878888	8.584824	22.497942	15.176676	1.7235972	19.304733	15.885289	../../benchmark_data/class-i/pdb/7l1d_pmhc_tcr.pdb	../pred_pdb/af3/pmhc_tcr/classI/results_classI_no_msa_no_template/ranked_2/7l1d_pmhc_tcr.pdb	after	ranked_2
119	7n2n	0.019	0.0	18.045	37.34	71.11727272727273	79.55499999999999	45.32823529411764	76.563	80.298	58.199999999999996	51.361875	49.0833171912833	32.54044198895028	16.346666666666668	31.77336842105263	63.831704035874445	0.75533324	0.4191693	1.094071	0.17999679	0.17772052	0.90391666	8.248079	16.187117	13.733181	1.653383	13.983687	15.039257	../../benchmark_data/class-i/pdb/7n2n_pmhc_tcr.pdb	../pred_pdb/af3/pmhc_tcr/classI/results_classI_no_msa_no_template/ranked_2/7n2n_pmhc_tcr.pdb	after	ranked_2
120	7n2o	0.031	0.051	15.065	46.733	79.32818181818183	79.951	62.88529411764706	80.459	83.422	62.298	62.61	53.416440677966094	34.26922651933702	34.91666666666666	34.299894736842106	69.7040807174888	0.63686335	0.41411853	1.5862311	0.25566772	0.1812339	1.4755403	8.491846	19.14309	15.905081	2.0510662	15.652463	15.067471	../../benchmark_data/class-i/pdb/7n2o_pmhc_tcr.pdb	../pred_pdb/af3/pmhc_tcr/classI/results_classI_no_msa_no_template/ranked_2/7n2o_pmhc_tcr.pdb	after	ranked_2
121	7n2p	0.019	0.032	16.43	63.365	68.50272727272727	76.891	63.041818181818186	86.24099999999999	85.58000000000001	65.38133333333333	64.39153846153846	56.51105651105651	31.638618784530387	19.864444444444445	31.0808947368421	78.77709677419355	0.39801213	0.39053068	1.2529528	0.22838679	0.13851838	1.556382	6.898243	21.188408	19.226685	2.030325	20.05902	15.542789	../../benchmark_data/class-i/pdb/7n2p_pmhc_tcr.pdb	../pred_pdb/af3/pmhc_tcr/classI/results_classI_no_msa_no_template/ranked_2/7n2p_pmhc_tcr.pdb	after	ranked_2
122	7n2q	0.092	0.119	13.877	20.491	70.84090909090911	73.94300000000001	61.11545454545455	85.501	82.889	63.65333333333333	62.57961538461538	56.41535626535625	31.112928176795585	22.295555555555556	30.69526315789474	78.9352534562212	0.65377766	0.40840086	1.1544396	0.21009931	0.15356596	1.199678	2.6173453	13.01865	11.729961	1.2681309	12.638097	2.8394437	../../benchmark_data/class-i/pdb/7n2q_pmhc_tcr.pdb	../pred_pdb/af3/pmhc_tcr/classI/results_classI_no_msa_no_template/ranked_2/7n2q_pmhc_tcr.pdb	after	ranked_2
123	7n2r	0.04	0.0	15.794	24.012	70.45727272727272	76.21899999999998	62.2490909090909	85.44	83.299	65.54866666666668	64.1526923076923	55.64574938574938	30.31160220994475	18.87111111111111	29.769684210526314	78.30221198156681	0.4231867	0.40621573	0.90457743	0.2394782	0.15539965	1.669428	2.0810812	18.02134	15.82224	1.8758022	15.991393	3.39039	../../benchmark_data/class-i/pdb/7n2r_pmhc_tcr.pdb	../pred_pdb/af3/pmhc_tcr/classI/results_classI_no_msa_no_template/ranked_2/7n2r_pmhc_tcr.pdb	after	ranked_2
124	7n2s	0.008	0.0	20.964	62.973	66.36454545454545	72.10499999999999	50.183749999999996	82.885	85.965	67.206	58.42032258064516	53.38674757281554	30.893425414364643	18.663333333333334	30.314105263157895	73.13360360360362	1.2922598	0.527485	3.0789752	0.4320565	0.1773168	1.5622661	3.4028296	25.072407	14.556496	2.2122014	15.785301	4.422547	../../benchmark_data/class-i/pdb/7n2s_pmhc_tcr.pdb	../pred_pdb/af3/pmhc_tcr/classI/results_classI_no_msa_no_template/ranked_2/7n2s_pmhc_tcr.pdb	after	ranked_2
125	7n4k	0.024	0.036	19.799	48.232	41.16166666666667	22.947499999999998	32.34923076923077	39.116	38.893	28.447272727272722	30.560833333333335	38.178375	43.236384180790964	21.407000000000004	42.06903743315508	34.762629107981226	3.6451948	3.3256502	2.0055509	3.1267326	4.1048007	4.1369686	19.306652	24.153584	16.597048	3.9671621	16.89341	17.260971	../../benchmark_data/class-i/pdb/7n4k_pmhc_tcr.pdb	../pred_pdb/af3/pmhc_tcr/classI/results_classI_no_msa_no_template/ranked_2/7n4k_pmhc_tcr.pdb	after	ranked_2
126	7n5c	0.014	0.018	18.669	60.276	42.361666666666665	25.2875	27.279230769230768	38.45	35.54299999999999	26.764545454545452	27.043333333333333	37.819034653465344	45.41082872928177	25.154	44.35026178010471	31.96239436619718	3.775835	4.249508	5.4747157	3.0909896	5.8414865	3.436364	9.142561	20.975014	17.633158	2.90188	17.576714	14.293014	../../benchmark_data/class-i/pdb/7n5c_pmhc_tcr.pdb	../pred_pdb/af3/pmhc_tcr/classI/results_classI_no_msa_no_template/ranked_2/7n5c_pmhc_tcr.pdb	after	ranked_2
127	7n5p	0.021	0.034	21.008	52.713	44.09166666666667	26.34375	29.891538461538463	39.620999999999995	37.218	33.129090909090905	31.375416666666666	45.44528822055138	58.48732954545455	55.394000000000005	58.321021505376336	34.20169014084507	3.755361	2.9688053	3.1755147	3.1921823	4.3481	2.672061	16.702578	22.049454	17.415833	3.1750793	17.302574	17.765917	../../benchmark_data/class-i/pdb/7n5p_pmhc_tcr.pdb	../pred_pdb/af3/pmhc_tcr/classI/results_classI_no_msa_no_template/ranked_2/7n5p_pmhc_tcr.pdb	after	ranked_2
128	7na5	0.046	0.061	14.722	31.528	38.31818181818181	37.34444444444445	33.44090909090909	40.052	41.09	32.094	32.66384615384615	36.07676543209877	33.63833333333333	21.507777777777775	33.060687830687826	38.71583333333333	1.3402761	2.4807909	3.8123999	1.9698172	4.9199033	3.0096202	5.5227513	16.813522	15.545157	1.9904531	15.442178	5.8694086	../../benchmark_data/class-i/pdb/7na5_pmhc_tcr.pdb	../pred_pdb/af3/pmhc_tcr/classI/results_classI_no_msa_no_template/ranked_2/7na5_pmhc_tcr.pdb	after	ranked_2
129	7ndq	0.022	0.0	16.546	33.918	67.39666666666668	75.14500000000001	54.67133333333332	62.259	58.70090909090909	55.900000000000006	55.24178571428571	54.70607843137255	33.20790055248618	16.86	32.43352631578947	74.1179357798165	1.2763313	1.27304	2.6251276	2.4993837	1.7002118	2.24154	3.8916745	18.956657	14.988273	2.4903	15.086179	3.6057339	../../benchmark_data/class-i/pdb/7ndq_pmhc_tcr.pdb	../pred_pdb/af3/pmhc_tcr/classI/results_classI_no_msa_no_template/ranked_2/7ndq_pmhc_tcr.pdb	after	ranked_2
130	7ndt	0.015	0.016	20.049	57.099	44.61333333333334	37.4975	38.847142857142856	61.150999999999996	39.29727272727273	63.074999999999996	50.02923076923077	40.56247524752476	32.07016666666667	18.216250000000002	31.480638297872343	48.467037037037045	2.5941272	5.3222184	2.7167513	2.7393959	7.301104	2.445162	10.832541	20.954363	15.055143	2.0136936	15.454764	16.59915	../../benchmark_data/class-i/pdb/7ndt_pmhc_tcr.pdb	../pred_pdb/af3/pmhc_tcr/classI/results_classI_no_msa_no_template/ranked_2/7ndt_pmhc_tcr.pdb	after	ranked_2
131	7ndu	0.02	0.031	18.136	57.707	64.19083333333333	70.48875000000001	43.28999999999999	71.18700000000001	79.00727272727272	55.817692307692305	49.106428571428566	51.38773955773955	31.039392265193367	16.015	30.40343915343915	69.5805504587156	1.1173631	1.2820524	3.0498712	0.5034424	0.3934767	1.3913497	9.024614	19.31442	16.759134	2.3823102	16.88579	15.932298	../../benchmark_data/class-i/pdb/7ndu_pmhc_tcr.pdb	../pred_pdb/af3/pmhc_tcr/classI/results_classI_no_msa_no_template/ranked_2/7ndu_pmhc_tcr.pdb	after	ranked_2
132	7nme	0.039	0.013	18.07	26.075	33.24090909090909	36.247	31.321538461538463	36.87	37.449999999999996	27.066363636363636	29.371250000000003	33.1740987654321	34.32077348066298	20.091111111111115	33.646736842105256	32.75641860465116	2.3326926	3.7803926	4.602531	2.6993072	3.8094683	4.1777186	13.422312	18.901731	15.899879	3.6119263	15.598929	16.565342	../../benchmark_data/class-i/pdb/7nme_pmhc_tcr.pdb	../pred_pdb/af3/pmhc_tcr/classI/results_classI_no_msa_no_template/ranked_2/7nme_pmhc_tcr.pdb	after	ranked_2
133	7nmf	0.025	0.0	22.988	30.49	39.727272727272734	34.782	32.37615384615384	37.842999999999996	40.78545454545454	26.966363636363635	29.896666666666665	32.39306172839506	31.628563535911603	18.643333333333334	31.013473684210524	33.61223255813954	3.1889114	2.6545525	3.1041832	2.2373111	4.0918436	3.5384035	33.74969	25.81337	17.065212	3.0306761	17.440098	25.806145	../../benchmark_data/class-i/pdb/7nmf_pmhc_tcr.pdb	../pred_pdb/af3/pmhc_tcr/classI/results_classI_no_msa_no_template/ranked_2/7nmf_pmhc_tcr.pdb	after	ranked_2
134	7nmg	0.013	0.0	22.57	45.482	36.46090909090909	35.888	33.432307692307695	32.152	36.68727272727273	28.606363636363632	31.220416666666665	33.087283950617284	33.93513812154696	17.50111111111111	33.156684210526315	33.025953488372096	3.221903	4.1248193	2.5102112	2.362415	4.8839283	2.7807183	8.2408495	23.930809	24.174324	2.1654398	24.843863	16.02172	../../benchmark_data/class-i/pdb/7nmg_pmhc_tcr.pdb	../pred_pdb/af3/pmhc_tcr/classI/results_classI_no_msa_no_template/ranked_2/7nmg_pmhc_tcr.pdb	after	ranked_2
135	7ow5	0.027	0.0	18.473	30.08	37.415	37.151818181818186	30.541874999999997	39.458000000000006	40.722	31.036875000000002	30.789375	35.02860240963856	32.30372222222222	17.794999999999998	31.54010526315789	37.974444444444444	1.8169433	1.8683496	2.4469726	2.6831741	2.078056	3.1497703	9.848724	23.530914	23.618692	2.5778072	23.482718	19.065971	../../benchmark_data/class-i/pdb/7ow5_pmhc_tcr.pdb	../pred_pdb/af3/pmhc_tcr/classI/results_classI_no_msa_no_template/ranked_2/7ow5_pmhc_tcr.pdb	after	ranked_2
136	7ow6	0.029	0.015	18.474	32.46	43.19166666666667	44.65454545454545	37.84625	45.585	45.489999999999995	40.239375	39.042812500000004	38.393389423076925	31.413701657458564	19.344	30.78178010471204	44.8548	2.305683	1.2973324	1.0999072	2.2179449	1.512266	1.1175649	8.348894	22.406916	19.36107	5.054374	19.40835	16.107172	../../benchmark_data/class-i/pdb/7ow6_pmhc_tcr.pdb	../pred_pdb/af3/pmhc_tcr/classI/results_classI_no_msa_no_template/ranked_2/7ow6_pmhc_tcr.pdb	after	ranked_2
137	7pb2	0.027	0.0	17.424	30.135	66.40416666666667	53.36363636363637	60.32875	69.619	61.359	62.3225	61.325625	49.639253012048194	30.793944444444442	20.205000000000005	30.236631578947364	66.0236888888889	0.30330995	2.2803462	2.9122708	0.54354876	1.793594	1.1308466	2.5319202	15.445935	17.325214	1.96535	18.210348	3.028144	../../benchmark_data/class-i/pdb/7pb2_pmhc_tcr.pdb	../pred_pdb/af3/pmhc_tcr/classI/results_classI_no_msa_no_template/ranked_2/7pb2_pmhc_tcr.pdb	after	ranked_2
138	7pbe	0.008	0.0	21.998	62.393	75.72818181818182	77.79750000000001	68.39583333333334	87.89900000000002	86.05545454545455	73.97000000000001	71.2944	57.98056790123457	35.18762430939227	20.315555555555555	34.48315789473685	78.74572093023257	0.52291447	1.5566953	1.5827973	0.47440642	0.24012494	0.6859256	1.9507265	23.04349	16.995167	2.618116	17.152262	1.3430939	../../benchmark_data/class-i/pdb/7pbe_pmhc_tcr.pdb	../pred_pdb/af3/pmhc_tcr/classI/results_classI_no_msa_no_template/ranked_2/7pbe_pmhc_tcr.pdb	after	ranked_2
139	7phr	0.016	0.0	17.445	41.252	75.806	84.333	49.37272727272727	70.41600000000001	76.17799999999998	52.146153846153844	50.875	50.302625	30.044419889502763	20.82888888888889	29.607894736842105	69.02642857142858	0.19861037	0.3114717	0.6093523	0.81682545	1.5659359	1.9524432	2.142553	21.218723	16.638172	2.2341936	16.732357	3.7522106	../../benchmark_data/class-i/pdb/7phr_pmhc_tcr.pdb	../pred_pdb/af3/pmhc_tcr/classI/results_classI_no_msa_no_template/ranked_2/7phr_pmhc_tcr.pdb	after	ranked_2
140	7q99	0.021	0.0	18.206	35.243	67.50818181818181	68.69333333333333	61.09636363636364	77.20727272727272	72.60777777777778	52.144	55.931538461538466	54.2223832923833	29.60674033149171	19.755000000000003	29.090942408376964	76.44509259259259	1.4913971	0.3212004	0.64438015	0.40056577	0.22819963	2.029537	10.698959	25.697475	11.992354	3.4641325	12.943743	16.13694	../../benchmark_data/class-i/pdb/7q99_pmhc_tcr.pdb	../pred_pdb/af3/pmhc_tcr/classI/results_classI_no_msa_no_template/ranked_2/7q99_pmhc_tcr.pdb	after	ranked_2
141	7q9a	0.029	0.027	15.827	36.973	67.9690909090909	69.93666666666667	63.128181818181815	76.08181818181818	71.79777777777778	52.65133333333334	57.08384615384615	53.40122850122851	28.99193370165746	20.821	28.56413612565445	75.3636574074074	1.5267726	0.2661401	1.159349	0.38319543	0.27238536	2.66235	7.157581	17.809582	13.716174	2.1496415	14.055128	12.6868515	../../benchmark_data/class-i/pdb/7q9a_pmhc_tcr.pdb	../pred_pdb/af3/pmhc_tcr/classI/results_classI_no_msa_no_template/ranked_2/7q9a_pmhc_tcr.pdb	after	ranked_2
142	7q9b	0.045	0.013	16.83	23.711	77.42818181818183	78.6511111111111	75.36375000000001	78.275	64.99199999999999	62.175625	66.57166666666667	60.262	36.1139226519337	42.708999999999996	36.45921465968586	81.50654205607478	0.5468026	0.28421357	0.521387	0.23430033	0.97537875	2.4719632	3.229571	14.371044	13.709525	3.1537032	14.089318	2.0280344	../../benchmark_data/class-i/pdb/7q9b_pmhc_tcr.pdb	../pred_pdb/af3/pmhc_tcr/classI/results_classI_no_msa_no_template/ranked_2/7q9b_pmhc_tcr.pdb	after	ranked_2
143	7qpj	0.018	0.014	18.379	46.269	42.73636363636364	38.89444444444444	33.824615384615385	42.205	44.81	34.52545454545454	34.145833333333336	37.76846153846154	35.29316666666667	21.303333333333335	34.62698412698413	40.54294392523365	1.5039994	4.550218	1.8518735	1.8061943	2.233673	2.661873	11.250669	22.186384	16.401894	3.4987109	16.468435	18.445412	../../benchmark_data/class-i/pdb/7qpj_pmhc_tcr.pdb	../pred_pdb/af3/pmhc_tcr/classI/results_classI_no_msa_no_template/ranked_2/7qpj_pmhc_tcr.pdb	after	ranked_2
144	7r80	0.052	0.032	14.528	23.871	69.40272727272728	78.9	75.01615384615384	62.039	56.312	70.64266666666666	72.6732142857143	56.19806845965769	32.61977900552486	25.346666666666668	32.275263157894734	76.95301369863013	2.2107596	0.6281819	0.5456518	1.7723674	1.5839032	2.3592124	2.3829374	15.577534	18.3179	4.309951	18.128595	3.0003905	../../benchmark_data/class-i/pdb/7r80_pmhc_tcr.pdb	../pred_pdb/af3/pmhc_tcr/classI/results_classI_no_msa_no_template/ranked_2/7r80_pmhc_tcr.pdb	after	ranked_2
145	7rk7	0.019	0.0	18.564	37.337	45.37500000000001	36.036249999999995	29.941875000000003	46.265	42.092	35.7815	33.18611111111111	35.33081927710844	34.32243093922652	17.28222222222222	33.515263157894736	36.863955555555556	1.0434743	3.9315467	3.2547657	1.647612	6.9658313	5.6698585	7.94469	21.346106	18.726093	2.2059956	19.718729	17.41102	../../benchmark_data/class-i/pdb/7rk7_pmhc_tcr.pdb	../pred_pdb/af3/pmhc_tcr/classI/results_classI_no_msa_no_template/ranked_2/7rk7_pmhc_tcr.pdb	after	ranked_2
146	7rm4	0.009	0.0	20.737	57.803	42.71363636363637	51.266	33.17333333333333	45.299	52.53454545454545	32.205333333333336	32.635555555555555	39.90943765281174	32.340994475138125	19.272222222222222	31.721947368421052	47.0127397260274	3.2340696	0.6965762	4.1931686	3.5937524	4.32308	3.4271464	10.203886	21.854292	15.16079	4.2799277	15.51222	14.098003	../../benchmark_data/class-i/pdb/7rm4_pmhc_tcr.pdb	../pred_pdb/af3/pmhc_tcr/classI/results_classI_no_msa_no_template/ranked_2/7rm4_pmhc_tcr.pdb	after	ranked_2
147	7rrg	0.009	0.0	19.038	58.214	68.64166666666667	76.61875	39.614000000000004	62.59000000000001	81.6718181818182	43.02857142857143	41.262413793103434	43.818190709046455	30.579834254143645	16.52888888888889	29.914263157894734	55.88095890410959	1.0632553	1.1919981	4.124947	1.3581944	0.4403958	3.5433304	8.876153	19.790373	14.234637	1.9481502	14.893068	12.690014	../../benchmark_data/class-i/pdb/7rrg_pmhc_tcr.pdb	../pred_pdb/af3/pmhc_tcr/classI/results_classI_no_msa_no_template/ranked_2/7rrg_pmhc_tcr.pdb	after	ranked_2
148	7rtr	0.014	0.016	19.172	57.745	75.14454545454545	70.31555555555555	65.68	85.53399999999999	83.00727272727272	70.3790909090909	68.02954545454544	56.2322113022113	30.32348066298342	21.484444444444442	29.90478947368421	79.28387096774193	0.5101659	0.3370026	0.8251075	0.34723568	0.198938	0.3815922	7.380225	19.79843	14.612744	2.138422	15.053288	14.012015	../../benchmark_data/class-i/pdb/7rtr_pmhc_tcr.pdb	../pred_pdb/af3/pmhc_tcr/classI/results_classI_no_msa_no_template/ranked_2/7rtr_pmhc_tcr.pdb	after	ranked_2
149	7su9	0.036	0.0	21.678	25.158	66.70083333333334	71.76375	39.59400000000001	74.44699999999999	74.911	49.50800000000001	44.550999999999995	50.47134803921569	38.49516666666667	19.268888888888892	37.57962962962963	61.59707762557077	0.94485813	1.1605747	1.8770976	0.16897438	0.16340755	1.4726584	9.080302	20.366985	18.083618	2.4579117	20.232426	15.5591	../../benchmark_data/class-i/pdb/7su9_pmhc_tcr.pdb	../pred_pdb/af3/pmhc_tcr/classI/results_classI_no_msa_no_template/ranked_2/7su9_pmhc_tcr.pdb	after	ranked_2
150	8cx4	0.078	0.136	17.041	27.011	82.72818181818182	83.083	68.42647058823529	83.937	82.998	70.99933333333334	69.6325	58.37641646489104	31.811546961325963	19.993333333333332	31.251736842105263	81.48713004484307	0.8480288	0.3665552	0.84185714	0.14887743	0.21550813	1.3953197	2.6620378	18.14157	21.399883	2.1237032	22.046381	3.4148607	../../benchmark_data/class-i/pdb/8cx4_pmhc_tcr.pdb	../pred_pdb/af3/pmhc_tcr/classI/results_classI_no_msa_no_template/ranked_2/8cx4_pmhc_tcr.pdb	after	ranked_2
151	8d5q	0.007	0.0	19.768	66.052	83.91272727272728	88.671	83.98375	90.79181818181817	92.74545454545455	88.30666666666667	86.07548387096773	65.08735294117648	38.784375000000004	27.268999999999995	38.1652688172043	87.6436936936937	0.6314213	0.8992591	2.5608828	0.20289434	0.25207055	1.420629	2.3005936	21.19732	17.8583	3.1182287	18.226744	1.4217695	../../benchmark_data/class-i/pdb/8d5q_pmhc_tcr.pdb	../pred_pdb/af3/pmhc_tcr/classI/results_classI_no_msa_no_template/ranked_2/8d5q_pmhc_tcr.pdb	after	ranked_2
152	8dnt	0.049	0.014	15.514	22.522	70.58727272727273	66.62888888888888	60.161666666666655	82.929	72.29272727272729	65.19214285714285	62.87038461538462	55.898402948402946	30.737734806629827	24.137777777777778	30.425105263157892	78.20221198156682	0.5925594	0.39778495	0.900101	0.49365947	0.72878474	0.57101333	2.8088994	13.71815	13.633185	4.544985	14.318381	4.8616037	../../benchmark_data/class-i/pdb/8dnt_pmhc_tcr.pdb	../pred_pdb/af3/pmhc_tcr/classI/results_classI_no_msa_no_template/ranked_2/8dnt_pmhc_tcr.pdb	after	ranked_2
153	8en8	0.014	0.014	18.807	56.061	32.554545454545455	39.443000000000005	33.79	30.185454545454544	35.32333333333333	31.11466666666667	32.40620689655172	33.925000000000004	31.785166666666665	18.927777777777774	31.172910052910055	36.25748878923767	2.8433511	3.7029102	5.3565073	4.2312455	2.072258	3.4917736	11.717425	23.685558	16.766724	3.258199	16.995825	18.67355	../../benchmark_data/class-i/pdb/8en8_pmhc_tcr.pdb	../pred_pdb/af3/pmhc_tcr/classI/results_classI_no_msa_no_template/ranked_2/8en8_pmhc_tcr.pdb	after	ranked_2
154	8enh	0.017	0.012	24.101	45.207	32.346363636363634	39.092000000000006	34.42428571428571	31.161818181818184	35.165	33.02133333333333	33.698620689655165	34.3321897810219	33.46458100558659	16.49111111111111	32.65202127659575	35.74865470852018	1.9299468	2.7004793	5.495222	4.23669	3.3169358	3.8049505	13.797428	23.378208	16.587446	2.275387	16.815256	18.298912	../../benchmark_data/class-i/pdb/8enh_pmhc_tcr.pdb	../pred_pdb/af3/pmhc_tcr/classI/results_classI_no_msa_no_template/ranked_2/8enh_pmhc_tcr.pdb	after	ranked_2
155	8eo8	0.012	0.014	24.251	59.816	32.24181818181818	39.629	35.21785714285714	31.84	36.892500000000005	34.216	34.69965517241379	35.5243795620438	35.36653631284916	17.65	34.51840425531915	36.372466367713	2.6869154	3.874037	5.63955	4.9498777	2.0026822	4.4708586	13.238191	23.01115	16.35646	2.2625806	16.2632	17.88871	../../benchmark_data/class-i/pdb/8eo8_pmhc_tcr.pdb	../pred_pdb/af3/pmhc_tcr/classI/results_classI_no_msa_no_template/ranked_2/8eo8_pmhc_tcr.pdb	after	ranked_2
156	8f5a	0.017	0.029	19.808	65.204	67.98363636363636	77.643	51.715999999999994	61.823	60.706	54.16833333333333	52.805925925925926	52.2481173594132	32.380607734806624	24.764999999999997	31.981884816753933	70.00431192660551	0.41819155	2.3778508	2.2415667	1.2512231	4.039101	1.4568261	9.158719	21.197872	15.12126	4.225542	15.359901	15.773331	../../benchmark_data/class-i/pdb/8f5a_pmhc_tcr.pdb	../pred_pdb/af3/pmhc_tcr/classI/results_classI_no_msa_no_template/ranked_2/8f5a_pmhc_tcr.pdb	after	ranked_2
157	8gom	0.015	0.013	19.952	50.465	32.75416666666667	30.91111111111111	29.208181818181814	34.675	32.155454545454546	28.24	28.649615384615384	32.74270731707317	34.38033149171271	16.99	33.55657894736842	32.039818181818184	2.4076478	2.614441	4.612126	1.6859776	3.4555275	4.4167466	10.563492	23.88215	14.897569	2.268068	16.643951	15.1038265	../../benchmark_data/class-i/pdb/8gom_pmhc_tcr.pdb	../pred_pdb/af3/pmhc_tcr/classI/results_classI_no_msa_no_template/ranked_2/8gom_pmhc_tcr.pdb	after	ranked_2
158	8gon	0.03	0.0	19.206	28.141	32.30583333333333	30.188888888888886	29.011818181818175	32.019999999999996	31.66636363636363	26.630000000000003	27.637692307692305	31.30260975609756	33.2692817679558	16.857777777777777	32.491894736842106	30.275499999999997	2.4798203	2.4530363	6.468515	2.181885	5.0695066	6.9919505	9.104359	22.678062	13.39828	2.3887928	16.652945	18.888132	../../benchmark_data/class-i/pdb/8gon_pmhc_tcr.pdb	../pred_pdb/af3/pmhc_tcr/classI/results_classI_no_msa_no_template/ranked_2/8gon_pmhc_tcr.pdb	after	ranked_2
159	8gvb	0.007	0.0	25.172	64.272	73.79636363636364	72.01363636363637	75.395	90.363	87.97454545454546	84.74399999999999	80.23068965517241	59.942243902439024	32.79344444444444	23.515	32.3986170212766	83.26747747747747	1.5349699	2.5711594	1.0900494	0.5123994	0.6332925	0.4643972	1.2092891	22.936619	17.87652	2.102374	17.89529	1.5330923	../../benchmark_data/class-i/pdb/8gvb_pmhc_tcr.pdb	../pred_pdb/af3/pmhc_tcr/classI/results_classI_no_msa_no_template/ranked_2/8gvb_pmhc_tcr.pdb	after	ranked_2
160	8gvg	0.009	0.0	23.492	56.969	76.9509090909091	69.72636363636364	78.765	90.747	87.62272727272727	85.51799999999999	82.25793103448274	58.9574695863747	30.83337016574586	21.99125	30.45910052910053	83.2195945945946	1.9558469	2.4891758	1.2441123	0.53781104	0.65539193	0.4762339	1.6401956	23.833826	13.854922	1.3927565	13.936427	1.6307018	../../benchmark_data/class-i/pdb/8gvg_pmhc_tcr.pdb	../pred_pdb/af3/pmhc_tcr/classI/results_classI_no_msa_no_template/ranked_2/8gvg_pmhc_tcr.pdb	after	ranked_2
161	8gvi	0.059	0.029	13.356	21.495	72.75363636363637	74.17272727272729	77.47	86.96400000000001	88.66636363636361	76.202	76.81413793103448	63.576982968369826	40.640552486187836	25.43625	39.99698412698413	83.65184684684684	1.6235847	2.9888668	0.84061533	0.6302054	0.42638424	2.17679	2.0775585	16.516659	11.942483	2.1176703	12.0385685	2.0592573	../../benchmark_data/class-i/pdb/8gvi_pmhc_tcr.pdb	../pred_pdb/af3/pmhc_tcr/classI/results_classI_no_msa_no_template/ranked_2/8gvi_pmhc_tcr.pdb	after	ranked_2
162	8i5c	0.041	0.063	21.186	35.806	46.97181818181818	66.07111111111111	41.37916666666666	41.333	43.071	33.04076923076923	37.0432	41.89343209876543	36.4178453038674	15.79888888888889	35.44115789473684	47.595441860465115	2.9984307	0.22728363	1.8852993	2.6248543	1.486057	2.413752	5.9876513	19.886845	18.65239	1.695418	19.709826	13.079273	../../benchmark_data/class-i/pdb/8i5c_pmhc_tcr.pdb	../pred_pdb/af3/pmhc_tcr/classI/results_classI_no_msa_no_template/ranked_2/8i5c_pmhc_tcr.pdb	after	ranked_2
163	8i5d	0.052	0.068	18.597	28.413	39.387	40.334	34.538333333333334	54.754	37.00909090909091	39.980000000000004	37.561481481481486	38.76388613861386	35.36022099447514	18.808888888888887	34.57621052631579	42.48191588785047	1.7790995	1.9082752	0.6830453	0.7291825	4.2780304	0.6449551	8.033313	21.913046	16.79781	1.5131259	16.852077	16.990463	../../benchmark_data/class-i/pdb/8i5d_pmhc_tcr.pdb	../pred_pdb/af3/pmhc_tcr/classI/results_classI_no_msa_no_template/ranked_2/8i5d_pmhc_tcr.pdb	after	ranked_2
164	8qfy	0.08	0.098	13.177	22.094	81.25636363636364	78.0488888888889	78.66583333333334	66.615	65.74181818181818	69.74833333333333	74.20708333333333	60.85207407407407	36.4553591160221	23.786666666666665	35.85526315789474	82.94227906976742	0.62571573	0.30194095	0.5173536	1.9340936	2.3056693	0.97137684	1.7578905	13.160644	14.290147	0.85505307	14.48231	1.4346489	../../benchmark_data/class-i/pdb/8qfy_pmhc_tcr.pdb	../pred_pdb/af3/pmhc_tcr/classI/results_classI_no_msa_no_template/ranked_2/8qfy_pmhc_tcr.pdb	after	ranked_2
165	8shi	0.019	0.0	22.648	35.894	75.286	83.62800000000001	45.72235294117647	63.477	53.56999999999999	52.09571428571428	48.60064516129033	49.3529702970297	31.301944444444448	15.8925	30.646223404255316	65.63476851851853	0.41063416	0.42195523	4.4662623	2.5490313	1.9393622	1.8383977	8.574011	18.026388	15.637971	2.1557279	17.553623	15.247724	../../benchmark_data/class-i/pdb/8shi_pmhc_tcr.pdb	../pred_pdb/af3/pmhc_tcr/classI/results_classI_no_msa_no_template/ranked_2/8shi_pmhc_tcr.pdb	after	ranked_2
166	8wte	0.033	0.031	17.26	32.999	86.01363636363637	76.5511111111111	77.47461538461539	76.65400000000001	63.852	70.55749999999999	73.65827586206898	57.70400977995111	31.016740331491718	17.72	30.386894736842105	81.4037899543379	0.41087013	0.3688469	1.4103426	1.5403163	0.6194059	2.6799996	10.2799	19.430065	19.595583	1.8473318	20.030886	14.556581	../../benchmark_data/class-i/pdb/8wte_pmhc_tcr.pdb	../pred_pdb/af3/pmhc_tcr/classI/results_classI_no_msa_no_template/ranked_2/8wte_pmhc_tcr.pdb	after	ranked_2
167	8wul	0.019	0.0	19.892	36.981	85.74272727272728	77.74888888888887	76.93846153846154	74.386	54.533	68.89687500000001	72.50172413793102	57.72696821515893	32.096961325966845	17.827777777777776	31.42105263157895	80.54945205479453	0.40596715	0.27873543	1.2642869	1.4154804	4.318099	2.64561	10.47529	18.879799	19.232607	1.9568074	19.23118	15.094413	../../benchmark_data/class-i/pdb/8wul_pmhc_tcr.pdb	../pred_pdb/af3/pmhc_tcr/classI/results_classI_no_msa_no_template/ranked_2/8wul_pmhc_tcr.pdb	after	ranked_2
168	6zkw	0.015	0.017	19.967	58.085	80.77636363636364	79.31800000000001	67.48384615384617	78.159	62.045	57.12625	61.76931034482759	55.81034229828851	31.383944444444438	19.702222222222222	30.82767195767196	77.27272727272727	0.336564	0.17653188	1.2113404	0.16768776	1.274659	2.9525602	8.099324	18.268744	12.831121	2.2977135	13.873948	14.884246	../../benchmark_data/class-i/pdb/6zkw_pmhc_tcr.pdb	../pred_pdb/af3/pmhc_tcr/classI/results_classI_no_msa_no_template/ranked_3/6zkw_pmhc_tcr.pdb	after	ranked_3
169	6zkx	0.033	0.0	16.962	26.722	76.97818181818182	79.64099999999999	81.67999999999999	77.228	60.54599999999999	65.91874999999999	72.98413793103448	59.13693430656934	33.86072625698324	25.192500000000006	33.31612565445026	81.5540909090909	0.29463652	0.14419182	2.5613158	0.28514865	1.92614	3.039437	4.209592	16.270748	12.433278	2.3531935	12.98633	2.3776789	../../benchmark_data/class-i/pdb/6zkx_pmhc_tcr.pdb	../pred_pdb/af3/pmhc_tcr/classI/results_classI_no_msa_no_template/ranked_3/6zkx_pmhc_tcr.pdb	after	ranked_3
170	6zky	0.056	0.019	14.834	21.075	74.39818181818181	76.256	79.98615384615384	80.218	65.83500000000001	67.35624999999999	73.01793103448277	59.11977941176471	32.801111111111105	20.72625	32.28728723404255	82.04936363636364	0.59471774	0.24359265	2.6030676	0.15147986	0.9358731	2.7319818	3.602796	16.962097	13.326145	1.4339036	13.454143	2.0448	../../benchmark_data/class-i/pdb/6zky_pmhc_tcr.pdb	../pred_pdb/af3/pmhc_tcr/classI/results_classI_no_msa_no_template/ranked_3/6zky_pmhc_tcr.pdb	after	ranked_3
171	6zkz	0.053	0.0	14.472	20.281	79.54363636363637	75.488	68.03615384615384	77.976	61.474000000000004	59.258125	63.19310344827586	55.597524509803925	30.96227777777778	20.24375	30.506170212765955	77.03922727272726	0.39358968	0.19596893	1.0605438	0.20822552	1.6494342	3.2902658	3.4479444	12.156918	15.842375	1.692328	16.120974	4.3773994	../../benchmark_data/class-i/pdb/6zkz_pmhc_tcr.pdb	../pred_pdb/af3/pmhc_tcr/classI/results_classI_no_msa_no_template/ranked_3/6zkz_pmhc_tcr.pdb	after	ranked_3
172	7dzm	0.007	0.0	26.641	62.835	34.03333333333334	46.4725	34.224000000000004	30.540000000000003	32.28181818181818	29.14583333333334	31.967037037037038	34.718349753694575	38.52527777777778	24.36	37.85074074074073	31.99013824884793	2.8155012	4.766116	3.9819007	2.6753395	3.1390116	2.2882807	15.289114	23.88791	20.728106	3.528634	20.318369	16.789019	../../benchmark_data/class-i/pdb/7dzm_pmhc_tcr.pdb	../pred_pdb/af3/pmhc_tcr/classI/results_classI_no_msa_no_template/ranked_3/7dzm_pmhc_tcr.pdb	after	ranked_3
173	7dzn	0.013	0.0	22.356	44.693	60.88416666666668	62.555	33.618	51.289	39.20545454545454	31.912500000000005	32.86	37.95434567901234	34.34670391061452	21.384444444444444	33.72617021276596	41.617465437788006	3.7454293	4.726359	4.001235	2.1607702	4.581231	5.2555876	14.426206	23.455185	20.633646	3.9632268	20.604017	18.82292	../../benchmark_data/class-i/pdb/7dzn_pmhc_tcr.pdb	../pred_pdb/af3/pmhc_tcr/classI/results_classI_no_msa_no_template/ranked_3/7dzn_pmhc_tcr.pdb	after	ranked_3
174	7l1d	0.012	0.0	21.843	46.202	65.65454545454546	73.22111111111111	51.79923076923077	87.867	89.006	66.27947368421053	60.396875	58.07892420537897	33.99453038674033	70.89555555555555	35.74247368421052	77.4575799086758	1.4755124	0.393174	2.6903698	0.26695096	0.22084409	6.536797	17.851675	27.367012	14.063269	1.6157899	15.494011	20.081842	../../benchmark_data/class-i/pdb/7l1d_pmhc_tcr.pdb	../pred_pdb/af3/pmhc_tcr/classI/results_classI_no_msa_no_template/ranked_3/7l1d_pmhc_tcr.pdb	after	ranked_3
175	7n2n	0.015	0.018	22.25	54.057	71.49636363636364	80.91	45.01647058823529	74.38300000000001	78.606	55.436666666666675	49.9009375	48.207070217917675	31.23486187845304	18.954444444444444	30.65315789473684	63.16331838565022	0.8096893	0.4210051	1.3246372	0.17920342	0.18363747	1.0543554	8.221487	21.853104	18.04534	2.278766	18.10614	15.18857	../../benchmark_data/class-i/pdb/7n2n_pmhc_tcr.pdb	../pred_pdb/af3/pmhc_tcr/classI/results_classI_no_msa_no_template/ranked_3/7n2n_pmhc_tcr.pdb	after	ranked_3
176	7n2o	0.016	0.017	18.782	55.112	79.84454545454545	81.55300000000001	63.19588235294117	80.77000000000001	83.03	62.918	63.065625	53.51358353510896	34.53138121546961	33.78111111111111	34.49584210526316	69.7170403587444	0.6773323	0.3726456	1.5618837	0.23007706	0.17837012	1.1068957	8.756848	23.102541	14.478242	1.5240855	14.254961	14.798321	../../benchmark_data/class-i/pdb/7n2o_pmhc_tcr.pdb	../pred_pdb/af3/pmhc_tcr/classI/results_classI_no_msa_no_template/ranked_3/7n2o_pmhc_tcr.pdb	after	ranked_3
177	7n2p	0.025	0.048	17.648	61.445	68.52636363636363	75.11099999999999	63.11909090909091	86.66100000000002	85.793	65.82733333333334	64.68153846153847	56.088230958230966	30.444254143646408	20.305555555555557	29.964	78.96198156682027	0.31730255	0.42489782	1.3126866	0.27401948	0.12287481	1.5898392	6.9561453	19.369389	19.171047	1.7860018	20.239426	15.775194	../../benchmark_data/class-i/pdb/7n2p_pmhc_tcr.pdb	../pred_pdb/af3/pmhc_tcr/classI/results_classI_no_msa_no_template/ranked_3/7n2p_pmhc_tcr.pdb	after	ranked_3
178	7n2q	0.047	0.119	19.615	64.539	72.18363636363637	77.331	61.25272727272727	86.112	83.05699999999999	61.85533333333334	61.60038461538462	55.88314496314496	30.221270718232045	22.637777777777778	29.86205263157895	78.66658986175116	0.43527353	0.43793452	1.195374	0.22286786	0.16073102	0.9660576	7.1832657	22.247519	14.863176	1.5467231	16.57624	15.775082	../../benchmark_data/class-i/pdb/7n2q_pmhc_tcr.pdb	../pred_pdb/af3/pmhc_tcr/classI/results_classI_no_msa_no_template/ranked_3/7n2q_pmhc_tcr.pdb	after	ranked_3
179	7n2r	0.018	0.017	18.343	47.463	70.62636363636362	74.282	60.357272727272736	85.717	84.381	63.111999999999995	61.946538461538466	55.3985257985258	31.206408839779005	17.474444444444444	30.555947368421048	77.15009216589861	0.39384797	0.41099155	0.580245	0.25262418	0.16650584	1.4465097	7.4723644	20.974031	16.218042	1.9509889	16.89518	14.399797	../../benchmark_data/class-i/pdb/7n2r_pmhc_tcr.pdb	../pred_pdb/af3/pmhc_tcr/classI/results_classI_no_msa_no_template/ranked_3/7n2r_pmhc_tcr.pdb	after	ranked_3
180	7n2s	0.011	0.0	22.583	49.256	67.42272727272727	72.39899999999999	50.955625	82.128	85.50699999999999	68.62999999999998	59.50774193548388	53.79674757281553	31.655138121546962	16.513333333333335	30.9378947368421	73.36063063063062	1.288156	0.53173655	1.6486028	0.45114738	0.18057941	1.7187164	7.99759	23.931793	14.316362	2.0083907	14.545622	15.010063	../../benchmark_data/class-i/pdb/7n2s_pmhc_tcr.pdb	../pred_pdb/af3/pmhc_tcr/classI/results_classI_no_msa_no_template/ranked_3/7n2s_pmhc_tcr.pdb	after	ranked_3
181	7n4k	0.019	0.018	17.674	46.075	43.65166666666667	25.192500000000003	31.546153846153842	39.513000000000005	37.788	28.78636363636364	30.28125	38.132125	42.938813559322035	23.341999999999995	41.89085561497326	34.832206572769955	3.74764	2.908028	2.1095176	2.9744394	6.1218243	2.6067452	15.466509	18.573044	16.688091	4.0963335	16.888922	18.385538	../../benchmark_data/class-i/pdb/7n4k_pmhc_tcr.pdb	../pred_pdb/af3/pmhc_tcr/classI/results_classI_no_msa_no_template/ranked_3/7n4k_pmhc_tcr.pdb	after	ranked_3
182	7n5c	0.01	0.0	15.673	58.261	41.01083333333334	26.59	28.057692307692303	38.528	34.969	28.705454545454543	28.354583333333334	36.95913366336634	42.67955801104973	24.418999999999997	41.72350785340314	32.686854460093905	3.7902484	3.9134064	4.900149	3.1735399	4.562544	4.5758643	8.046555	20.66537	17.923098	2.7896955	17.79028	15.470653	../../benchmark_data/class-i/pdb/7n5c_pmhc_tcr.pdb	../pred_pdb/af3/pmhc_tcr/classI/results_classI_no_msa_no_template/ranked_3/7n5c_pmhc_tcr.pdb	after	ranked_3
183	7n5p	0.01	0.0	19.276	55.582	40.714999999999996	26.39125	29.77076923076923	40.059000000000005	37.336	32.21	30.88875	44.945338345864656	57.99710227272727	52.608000000000004	57.707365591397846	33.80103286384977	3.7299426	4.098582	2.229585	3.1932704	4.9184804	4.5430145	20.99692	24.922935	17.838612	3.3614047	17.795647	20.763832	../../benchmark_data/class-i/pdb/7n5p_pmhc_tcr.pdb	../pred_pdb/af3/pmhc_tcr/classI/results_classI_no_msa_no_template/ranked_3/7n5p_pmhc_tcr.pdb	after	ranked_3
184	7na5	0.019	0.02	17.752	47.679	36.67	33.72333333333333	32.69363636363636	39.284000000000006	39.83299999999999	33.67933333333334	33.262307692307694	36.71407407407407	35.76122222222222	17.904444444444447	34.91089947089947	38.29185185185185	1.911799	2.272219	4.1168423	2.4925728	5.493898	4.584839	14.492323	21.760782	19.97296	2.5544875	20.394339	18.744379	../../benchmark_data/class-i/pdb/7na5_pmhc_tcr.pdb	../pred_pdb/af3/pmhc_tcr/classI/results_classI_no_msa_no_template/ranked_3/7na5_pmhc_tcr.pdb	after	ranked_3
185	7ndq	0.051	0.017	14.834	22.285	66.66250000000001	75.23499999999999	53.135999999999996	63.084	60.91090909090909	57.02230769230769	54.940357142857145	54.965147058823526	33.63707182320442	18.34444444444444	32.912684210526315	74.18518348623853	0.9588811	1.3316976	2.5515978	1.9538747	0.7280981	2.291511	4.2611847	17.98265	13.658249	3.4355779	14.209378	3.54858	../../benchmark_data/class-i/pdb/7ndq_pmhc_tcr.pdb	../pred_pdb/af3/pmhc_tcr/classI/results_classI_no_msa_no_template/ranked_3/7ndq_pmhc_tcr.pdb	after	ranked_3
186	7ndt	0.01	0.0	21.349	51.559	46.88333333333333	37.265	39.88785714285715	61.86900000000001	37.57727272727272	64.49416666666667	51.244615384615386	40.695841584158416	31.842555555555556	16.19125	31.176542553191492	48.98115740740741	2.618893	5.094585	2.7780707	2.602466	5.5264816	2.4740434	12.956384	22.329416	17.47573	2.1761765	18.119844	16.770185	../../benchmark_data/class-i/pdb/7ndt_pmhc_tcr.pdb	../pred_pdb/af3/pmhc_tcr/classI/results_classI_no_msa_no_template/ranked_3/7ndt_pmhc_tcr.pdb	after	ranked_3
187	7ndu	0.04	0.0	17.47	23.837	66.27833333333332	72.49125	44.51533333333334	69.77599999999998	78.15636363636362	54.353076923076905	49.08285714285713	51.804422604422605	31.80889502762431	16.096249999999998	31.14380952380952	69.71660550458716	1.0746965	1.3174748	2.8743324	0.6249247	0.39001435	1.626082	9.150161	19.98085	16.2903	2.2767134	18.796679	15.890303	../../benchmark_data/class-i/pdb/7ndu_pmhc_tcr.pdb	../pred_pdb/af3/pmhc_tcr/classI/results_classI_no_msa_no_template/ranked_3/7ndu_pmhc_tcr.pdb	after	ranked_3
188	7nme	0.026	0.0	22.956	30.356	39.82090909090909	34.841	32.473076923076924	38.25	41.11	26.80363636363636	29.874583333333334	32.56740740740741	31.753646408839778	18.551111111111112	31.12826315789474	33.839209302325585	3.1788676	2.6467824	3.1997263	2.2699714	4.0163784	3.9175105	34.014427	25.780888	17.03861	3.0876913	17.40993	25.723318	../../benchmark_data/class-i/pdb/7nme_pmhc_tcr.pdb	../pred_pdb/af3/pmhc_tcr/classI/results_classI_no_msa_no_template/ranked_3/7nme_pmhc_tcr.pdb	after	ranked_3
189	7nmf	0.048	0.042	18.252	26.098	33.25272727272727	35.938	31.47384615384615	36.613	37.595454545454544	27.652727272727272	29.7225	32.53044444444444	32.98779005524862	18.698888888888888	32.310947368421054	32.72441860465116	2.2933831	3.79311	4.4976525	2.6818564	3.8018682	4.7967687	13.616221	19.4356	16.43339	2.6333747	16.450205	16.405928	../../benchmark_data/class-i/pdb/7nmf_pmhc_tcr.pdb	../pred_pdb/af3/pmhc_tcr/classI/results_classI_no_msa_no_template/ranked_3/7nmf_pmhc_tcr.pdb	after	ranked_3
190	7nmg	0.024	0.0	24.09	31.132	34.26	30.344	32.08307692307692	34.885000000000005	39.45545454545454	27.485454545454548	29.975833333333338	31.647259259259258	32.20900552486188	19.857777777777773	31.623947368421053	31.667860465116284	2.4148092	4.818812	4.165804	2.021884	4.087238	4.740098	30.330772	25.498154	16.826914	2.6165795	17.337091	25.573925	../../benchmark_data/class-i/pdb/7nmg_pmhc_tcr.pdb	../pred_pdb/af3/pmhc_tcr/classI/results_classI_no_msa_no_template/ranked_3/7nmg_pmhc_tcr.pdb	after	ranked_3
191	7ow5	0.022	0.016	23.845	38.256	36.276666666666664	37.50272727272727	30.128125	37.483000000000004	36.994	29.216250000000002	29.6721875	34.41749397590362	32.650111111111116	16.485	31.799315789473685	36.6284	3.024559	2.485432	2.4346523	2.7197924	3.3293006	2.8471806	14.414928	21.524418	18.492897	2.7599893	18.886456	16.109138	../../benchmark_data/class-i/pdb/7ow5_pmhc_tcr.pdb	../pred_pdb/af3/pmhc_tcr/classI/results_classI_no_msa_no_template/ranked_3/7ow5_pmhc_tcr.pdb	after	ranked_3
192	7ow6	0.014	0.0	22.013	42.655	46.72833333333333	44.153636363636366	41.58	43.085	42.899	37.15375	39.366875	38.60425480769231	31.631767955801106	18.999999999999996	30.97041884816754	45.08453333333333	2.6081443	1.084645	0.8958882	1.7714623	1.2884972	0.84378517	26.309471	28.531988	17.28762	2.9450338	17.198284	28.211193	../../benchmark_data/class-i/pdb/7ow6_pmhc_tcr.pdb	../pred_pdb/af3/pmhc_tcr/classI/results_classI_no_msa_no_template/ranked_3/7ow6_pmhc_tcr.pdb	after	ranked_3
193	7pb2	0.047	0.0	12.129	22.279	66.99416666666667	51.2109090909091	59.655	66.781	61.23100000000001	60.129374999999996	59.8921875	49.93024096385542	32.77194444444445	18.93	32.04342105263158	65.03466666666667	0.303028	2.358466	0.43485698	0.46873102	2.0768604	1.3445235	1.0788132	13.849189	11.663955	5.895148	11.851254	3.3747704	../../benchmark_data/class-i/pdb/7pb2_pmhc_tcr.pdb	../pred_pdb/af3/pmhc_tcr/classI/results_classI_no_msa_no_template/ranked_3/7pb2_pmhc_tcr.pdb	after	ranked_3
194	7pbe	0.008	0.0	21.714	62.792	76.18181818181819	79.1125	70.2625	88.735	86.65272727272728	76.68307692307692	73.60119999999999	58.31676543209878	35.31972375690608	15.955555555555556	34.40247368421053	79.45032558139535	0.54381967	1.477744	1.3369302	0.48776373	0.28299227	0.71631545	1.8617964	20.663216	14.611438	2.4470453	15.158768	2.0529952	../../benchmark_data/class-i/pdb/7pbe_pmhc_tcr.pdb	../pred_pdb/af3/pmhc_tcr/classI/results_classI_no_msa_no_template/ranked_3/7pbe_pmhc_tcr.pdb	after	ranked_3
195	7phr	0.013	0.012	21.355	55.591	75.23999999999998	84.56800000000001	49.48272727272727	70.816	77.509	52.34076923076925	51.030833333333334	48.654325	29.272928176795578	17.13222222222222	28.697842105263152	66.71019047619048	0.19132237	0.32603264	1.4381572	0.7808682	1.330268	2.0762196	2.1088948	22.365322	18.275839	2.0776415	18.760368	4.12522	../../benchmark_data/class-i/pdb/7phr_pmhc_tcr.pdb	../pred_pdb/af3/pmhc_tcr/classI/results_classI_no_msa_no_template/ranked_3/7phr_pmhc_tcr.pdb	after	ranked_3
196	7q99	0.033	0.055	19.429	42.694	68.15272727272726	68.07111111111111	63.433636363636374	77.61909090909091	74.01444444444445	53.220666666666666	57.54153846153845	54.339213759213756	29.803093922651932	19.255000000000003	29.25083769633508	76.5238425925926	1.588214	0.37680486	0.5257496	0.44643578	0.23367612	2.5637763	10.300144	21.909626	14.297986	4.9526434	15.126136	14.588378	../../benchmark_data/class-i/pdb/7q99_pmhc_tcr.pdb	../pred_pdb/af3/pmhc_tcr/classI/results_classI_no_msa_no_template/ranked_3/7q99_pmhc_tcr.pdb	after	ranked_3
197	7q9a	0.022	0.013	19.291	37.988	67.36909090909091	67.65222222222222	63.32272727272727	76.2309090909091	71.94222222222223	51.215333333333334	56.33769230769231	53.86353808353808	29.861491712707185	19.847	29.337172774869106	75.5512037037037	1.5456618	0.2595958	1.1648769	0.39401537	0.22472806	1.697187	11.777733	21.502365	17.30131	2.89093	17.355478	18.739466	../../benchmark_data/class-i/pdb/7q9a_pmhc_tcr.pdb	../pred_pdb/af3/pmhc_tcr/classI/results_classI_no_msa_no_template/ranked_3/7q9a_pmhc_tcr.pdb	after	ranked_3
198	7q9b	0.044	0.0	17.908	22.491	77.4209090909091	79.58999999999999	76.98375	77.662	64.231	65.818125	69.54	59.833283950617286	35.973370165745855	42.247	36.30183246073298	80.83565420560747	0.50762993	0.28437057	0.44365814	0.3480276	1.0656598	0.84950304	0.87082934	15.171705	15.454652	3.0882504	15.702315	1.492724	../../benchmark_data/class-i/pdb/7q9b_pmhc_tcr.pdb	../pred_pdb/af3/pmhc_tcr/classI/results_classI_no_msa_no_template/ranked_3/7q9b_pmhc_tcr.pdb	after	ranked_3
199	7qpj	0.037	0.058	17.45	38.963	41.052727272727275	43.06666666666667	33.642307692307696	41.57099999999999	45.541999999999994	32.33181818181818	33.041666666666664	37.578436724565755	34.211055555555554	20.30333333333333	33.54878306878307	41.13733644859812	1.5132991	1.7874943	2.588541	2.4738789	2.4996126	2.4819536	7.3338866	21.13177	19.24814	3.0284615	19.954224	9.250919	../../benchmark_data/class-i/pdb/7qpj_pmhc_tcr.pdb	../pred_pdb/af3/pmhc_tcr/classI/results_classI_no_msa_no_template/ranked_3/7qpj_pmhc_tcr.pdb	after	ranked_3
200	7r80	0.067	0.065	11.461	22.979	69.79181818181817	78.598	73.8623076923077	60.20799999999999	58.242999999999995	68.64333333333333	71.06642857142857	56.086356968215156	33.026629834254145	24.653333333333332	32.63	76.43662100456622	2.257856	0.61387753	0.42583063	1.1151092	1.4770929	2.0883262	2.0294218	15.106678	16.21499	4.3302846	16.242476	2.901789	../../benchmark_data/class-i/pdb/7r80_pmhc_tcr.pdb	../pred_pdb/af3/pmhc_tcr/classI/results_classI_no_msa_no_template/ranked_3/7r80_pmhc_tcr.pdb	after	ranked_3
201	7rk7	0.025	0.015	19.892	35.565	44.72583333333333	36.0325	30.619375	53.641999999999996	46.3	38.4615	34.97611111111111	36.05009638554216	33.640662983425415	18.584444444444447	32.927473684210526	38.68697777777778	1.2599767	3.933809	4.102532	2.013468	5.2421317	5.7412176	18.072895	23.67508	18.599316	1.98195	18.790531	18.16404	../../benchmark_data/class-i/pdb/7rk7_pmhc_tcr.pdb	../pred_pdb/af3/pmhc_tcr/classI/results_classI_no_msa_no_template/ranked_3/7rk7_pmhc_tcr.pdb	after	ranked_3
202	7rm4	0.018	0.021	19.396	50.382	40.125454545454545	47.135	35.181666666666665	45.10099999999999	53.56363636363637	31.91266666666667	33.36555555555555	40.02180929095354	33.36618784530386	18.304444444444446	32.65273684210526	46.415068493150685	2.3108122	1.3982159	2.8431938	3.4620485	2.149477	3.6507359	13.074407	24.9031	13.541397	1.9257151	14.297645	18.052063	../../benchmark_data/class-i/pdb/7rm4_pmhc_tcr.pdb	../pred_pdb/af3/pmhc_tcr/classI/results_classI_no_msa_no_template/ranked_3/7rm4_pmhc_tcr.pdb	after	ranked_3
203	7rrg	0.034	0.063	17.935	46.47	67.69916666666667	74.02875	35.628	61.09400000000001	82.06	41.565000000000005	38.49413793103448	44.828630806845965	31.959944751381215	17.573333333333334	31.278473684210525	56.58447488584475	1.0120817	1.1324378	3.277532	1.1988076	0.4251333	3.6408238	7.998236	25.223646	13.787729	2.5445228	14.596882	11.059574	../../benchmark_data/class-i/pdb/7rrg_pmhc_tcr.pdb	../pred_pdb/af3/pmhc_tcr/classI/results_classI_no_msa_no_template/ranked_3/7rrg_pmhc_tcr.pdb	after	ranked_3
204	7rtr	0.03	0.032	21.791	36.019	75.75545454545455	73.68888888888888	67.21727272727274	84.24	79.75545454545453	69.88545454545455	68.55136363636365	55.968378378378375	29.48795580110497	18.175555555555555	28.952105263157893	79.6231797235023	0.4579832	0.28585243	0.85310566	0.237067	0.21230708	0.39208293	7.325726	15.927171	14.868947	2.2521198	14.929641	14.902952	../../benchmark_data/class-i/pdb/7rtr_pmhc_tcr.pdb	../pred_pdb/af3/pmhc_tcr/classI/results_classI_no_msa_no_template/ranked_3/7rtr_pmhc_tcr.pdb	after	ranked_3
205	7su9	0.019	0.0	17.727	37.309	64.30583333333334	67.1275	38.776666666666664	73.59400000000001	76.801	54.01200000000001	46.394333333333336	49.73394607843137	36.275444444444446	19.907777777777778	35.49603174603175	62.02146118721461	0.9767793	1.0726886	2.0822186	0.2149985	0.19198129	2.527521	15.660365	23.511856	23.160437	2.596136	23.716011	17.72191	../../benchmark_data/class-i/pdb/7su9_pmhc_tcr.pdb	../pred_pdb/af3/pmhc_tcr/classI/results_classI_no_msa_no_template/ranked_3/7su9_pmhc_tcr.pdb	after	ranked_3
206	8cx4	0.063	0.034	11.53	21.109	82.13181818181818	80.869	70.10235294117648	84.76700000000001	84.832	71.38866666666668	70.7053125	58.35305084745764	31.73486187845304	20.206666666666663	31.18878947368421	81.49748878923768	0.933782	0.35855678	1.1976339	0.17891863	0.15019296	1.4904253	1.7812421	18.262747	14.396325	2.1214745	14.125096	1.1318078	../../benchmark_data/class-i/pdb/8cx4_pmhc_tcr.pdb	../pred_pdb/af3/pmhc_tcr/classI/results_classI_no_msa_no_template/ranked_3/8cx4_pmhc_tcr.pdb	after	ranked_3
207	8d5q	0.008	0.0	21.233	61.923	83.2781818181818	88.44300000000001	82.04124999999999	86.01727272727273	92.44181818181818	87.74466666666666	84.8009677419355	63.080833333333324	35.58721590909091	26.403999999999996	35.093494623655914	86.52968468468468	0.71751505	0.8289226	2.476912	1.212749	0.3240883	1.5551872	2.2481806	21.661871	15.039294	2.5598848	15.397865	1.5459734	../../benchmark_data/class-i/pdb/8d5q_pmhc_tcr.pdb	../pred_pdb/af3/pmhc_tcr/classI/results_classI_no_msa_no_template/ranked_3/8d5q_pmhc_tcr.pdb	after	ranked_3
208	8dnt	0.052	0.041	15.909	24.604	70.89636363636365	70.09555555555556	60.203333333333326	83.624	72.98181818181818	65.85357142857143	63.245769230769234	55.760884520884524	30.135966850828733	24.08555555555556	29.849368421052638	78.44838709677421	0.63350403	0.5023448	0.68492657	0.4964364	0.63613164	0.64831823	3.7041824	14.647027	18.502846	4.468533	18.637157	5.411973	../../benchmark_data/class-i/pdb/8dnt_pmhc_tcr.pdb	../pred_pdb/af3/pmhc_tcr/classI/results_classI_no_msa_no_template/ranked_3/8dnt_pmhc_tcr.pdb	after	ranked_3
209	8en8	0.016	0.014	19.551	48.447	33.36363636363637	39.699	35.15785714285714	30.64363636363636	35.751666666666665	32.59533333333333	33.83241379310345	34.647815533980584	33.08766666666667	19.054444444444446	32.419417989417994	36.53645739910314	3.2415671	3.6174378	5.08762	4.8435893	2.0680473	4.348547	11.3485775	22.710915	17.213907	2.4917421	18.514761	17.012783	../../benchmark_data/class-i/pdb/8en8_pmhc_tcr.pdb	../pred_pdb/af3/pmhc_tcr/classI/results_classI_no_msa_no_template/ranked_3/8en8_pmhc_tcr.pdb	after	ranked_3
210	8enh	0.012	0.012	21.322	62.286	32.801818181818184	37.429	33.87928571428571	30.461818181818185	34.09083333333333	32.87533333333334	33.36	33.86192214111922	33.05994413407821	17.36777777777778	32.30872340425531	35.171345291479824	2.3199668	3.3270752	5.180854	4.0253787	3.3225572	4.461519	13.809577	21.475702	17.815548	2.9458601	18.041985	20.469118	../../benchmark_data/class-i/pdb/8enh_pmhc_tcr.pdb	../pred_pdb/af3/pmhc_tcr/classI/results_classI_no_msa_no_template/ranked_3/8enh_pmhc_tcr.pdb	after	ranked_3
211	8eo8	0.008	0.0	22.106	58.361	33.937272727272735	39.553999999999995	34.95142857142857	31.886363636363637	37.984166666666674	34.71066666666666	34.82689655172414	34.90299270072993	33.07759776536312	16.974444444444444	32.30670212765958	37.0917937219731	2.4342453	3.7245884	5.1356397	4.085788	2.0667284	4.3066726	12.077462	21.305492	17.786198	2.8193312	18.14578	18.477613	../../benchmark_data/class-i/pdb/8eo8_pmhc_tcr.pdb	../pred_pdb/af3/pmhc_tcr/classI/results_classI_no_msa_no_template/ranked_3/8eo8_pmhc_tcr.pdb	after	ranked_3
212	8f5a	0.007	0.0	21.321	63.939	70.15454545454546	77.78299999999999	53.272	62.30500000000001	61.34400000000001	54.55166666666667	53.840740740740735	51.19540342298288	29.916519337016577	22.899	29.549109947643984	70.16073394495413	0.50909024	2.3651562	2.7874486	1.1361717	3.8447897	1.3267992	3.1387312	22.284908	18.731426	3.7420888	19.066313	3.3246012	../../benchmark_data/class-i/pdb/8f5a_pmhc_tcr.pdb	../pred_pdb/af3/pmhc_tcr/classI/results_classI_no_msa_no_template/ranked_3/8f5a_pmhc_tcr.pdb	after	ranked_3
213	8gom	0.047	0.013	19.128	22.645	34.52583333333333	27.665555555555557	31.00454545454546	35.963	32.93090909090909	28.532666666666668	29.578461538461536	32.58492682926829	33.02756906077348	16.894444444444446	32.26336842105263	32.86263636363637	2.4267511	3.326843	3.4953897	1.194638	3.2215345	3.0464575	11.149571	20.566317	16.874994	2.094763	17.338394	16.436289	../../benchmark_data/class-i/pdb/8gom_pmhc_tcr.pdb	../pred_pdb/af3/pmhc_tcr/classI/results_classI_no_msa_no_template/ranked_3/8gom_pmhc_tcr.pdb	after	ranked_3
214	8gon	0.034	0.029	21.407	31.534	33.48083333333333	29.723333333333333	29.63090909090909	32.82600000000001	31.561818181818182	29.00733333333333	29.271153846153847	33.01443902439024	34.88276243093923	17.736666666666668	34.07057894736842	32.102318181818184	2.7631552	3.422984	6.374806	2.3790824	3.9675782	7.248745	13.001967	22.877703	14.706668	2.350593	17.37713	17.852596	../../benchmark_data/class-i/pdb/8gon_pmhc_tcr.pdb	../pred_pdb/af3/pmhc_tcr/classI/results_classI_no_msa_no_template/ranked_3/8gon_pmhc_tcr.pdb	after	ranked_3
215	8gvb	0.008	0.0	22.794	61.057	73.22363636363637	67.18818181818182	75.42142857142858	90.412	87.76818181818182	84.79466666666666	80.26965517241379	59.38368292682927	32.684444444444445	24.26625	32.326223404255316	82.29720720720721	1.5894278	2.2726035	0.8931053	0.5850426	0.63315225	0.4287331	0.9694422	23.952879	15.962774	0.90489906	16.167799	1.2909986	../../benchmark_data/class-i/pdb/8gvb_pmhc_tcr.pdb	../pred_pdb/af3/pmhc_tcr/classI/results_classI_no_msa_no_template/ranked_3/8gvb_pmhc_tcr.pdb	after	ranked_3
216	8gvg	0.008	0.0	23.937	61.71	75.57636363636364	68.24909090909091	76.2757142857143	91.232	87.69636363636363	85.58666666666666	81.09172413793102	59.88515815085159	32.71480662983426	23.70875	32.33359788359788	83.34121621621621	1.4299976	1.9189595	1.2340155	0.57984334	0.6577089	0.40227675	1.3462677	23.077898	15.092145	2.171415	15.377993	1.3815347	../../benchmark_data/class-i/pdb/8gvg_pmhc_tcr.pdb	../pred_pdb/af3/pmhc_tcr/classI/results_classI_no_msa_no_template/ranked_3/8gvg_pmhc_tcr.pdb	after	ranked_3
217	8gvi	0.026	0.029	16.45	40.736	73.07999999999998	73.7690909090909	77.72642857142856	84.559	87.37636363636364	75.25333333333333	76.44724137931034	62.62978102189782	39.54027624309392	24.98125	38.92402116402116	82.8117117117117	1.3385718	2.993564	0.84376496	0.69662297	0.4149676	1.9251671	1.8425264	14.603061	14.547738	1.4768217	14.557293	1.8343394	../../benchmark_data/class-i/pdb/8gvi_pmhc_tcr.pdb	../pred_pdb/af3/pmhc_tcr/classI/results_classI_no_msa_no_template/ranked_3/8gvi_pmhc_tcr.pdb	after	ranked_3
218	8i5c	0.02	0.032	20.687	54.206	46.622727272727275	67.03333333333333	39.75333333333332	39.742	41.902	31.56692307692307	35.4964	41.85612345679012	37.31640883977901	18.42	36.42131578947369	46.65897674418605	2.9415495	0.2424732	2.511544	2.216534	1.6695386	2.3939147	12.355631	23.513517	19.437933	1.9697556	19.450253	14.28237	../../benchmark_data/class-i/pdb/8i5c_pmhc_tcr.pdb	../pred_pdb/af3/pmhc_tcr/classI/results_classI_no_msa_no_template/ranked_3/8i5c_pmhc_tcr.pdb	after	ranked_3
219	8i5d	0.025	0.0	20.776	31.221	40.74400000000001	42.61900000000001	34.641666666666666	52.54699999999999	37.79818181818182	39.209999999999994	37.17962962962962	38.32616336633663	34.07204419889503	17.182222222222222	33.272	42.813504672897196	1.5840101	1.7911358	1.2755921	0.6574051	3.880065	0.76148325	8.272979	22.048141	20.519499	2.1197102	20.52738	15.60351	../../benchmark_data/class-i/pdb/8i5d_pmhc_tcr.pdb	../pred_pdb/af3/pmhc_tcr/classI/results_classI_no_msa_no_template/ranked_3/8i5d_pmhc_tcr.pdb	after	ranked_3
220	8qfy	0.081	0.098	13.366	21.755	82.06727272727272	77.21555555555557	78.21833333333335	64.71399999999998	56.93181818181818	66.71666666666667	72.46749999999999	58.33385185185186	33.817348066298344	18.68777777777778	33.100684210526325	80.63293023255815	0.4493588	0.23118863	0.41972333	2.004997	1.4866679	0.98427165	1.7011234	11.393599	14.027723	1.0026838	14.772676	1.4714857	../../benchmark_data/class-i/pdb/8qfy_pmhc_tcr.pdb	../pred_pdb/af3/pmhc_tcr/classI/results_classI_no_msa_no_template/ranked_3/8qfy_pmhc_tcr.pdb	after	ranked_3
221	8shi	0.028	0.0	21.455	29.032	77.519	84.4	47.885294117647064	56.885000000000005	52.727999999999994	45.98928571428571	47.02903225806452	48.67363861386138	30.48583333333334	16.57625	29.89393617021277	65.01893518518517	0.41261065	0.43025663	3.0354857	2.0492027	2.3245304	3.2823935	9.070705	21.997911	17.665886	2.4218802	17.910519	14.783684	../../benchmark_data/class-i/pdb/8shi_pmhc_tcr.pdb	../pred_pdb/af3/pmhc_tcr/classI/results_classI_no_msa_no_template/ranked_3/8shi_pmhc_tcr.pdb	after	ranked_3
222	8wte	0.026	0.046	20.225	50.987	85.34545454545454	77.78444444444443	75.97846153846154	78.003	65.478	71.355	73.42758620689655	57.77638141809291	30.65690607734807	17.239999999999995	30.021368421052635	81.85607305936072	0.3752472	0.3658843	1.3503368	1.4882567	0.546011	2.214836	10.162638	19.603354	18.85621	2.1316988	19.200819	14.557846	../../benchmark_data/class-i/pdb/8wte_pmhc_tcr.pdb	../pred_pdb/af3/pmhc_tcr/classI/results_classI_no_msa_no_template/ranked_3/8wte_pmhc_tcr.pdb	after	ranked_3
223	8wul	0.014	0.0	21.039	43.739	85.0390909090909	77.24333333333334	76.46846153846154	76.155	58.926	70.345	73.08999999999999	57.08535452322738	30.001104972375696	19.98888888888889	29.52684210526316	80.99456621004566	0.39594978	0.22203936	1.1725076	1.497235	4.4834886	2.1581821	10.002873	20.399923	15.664133	2.6345377	15.773293	14.895015	../../benchmark_data/class-i/pdb/8wul_pmhc_tcr.pdb	../pred_pdb/af3/pmhc_tcr/classI/results_classI_no_msa_no_template/ranked_3/8wul_pmhc_tcr.pdb	after	ranked_3
224	6zkw	0.02	0.017	21.836	41.932	80.49727272727273	77.92200000000001	68.15153846153846	75.154	58.963	53.03937499999999	59.813793103448276	54.60488997555012	30.6945	19.466666666666665	30.159841269841266	75.60540909090909	0.38152832	0.2039239	1.2425908	0.19765721	2.0055268	3.1893005	15.304213	21.698359	14.69501	1.6316221	14.703185	16.653225	../../benchmark_data/class-i/pdb/6zkw_pmhc_tcr.pdb	../pred_pdb/af3/pmhc_tcr/classI/results_classI_no_msa_no_template/ranked_4/6zkw_pmhc_tcr.pdb	after	ranked_4
225	6zkx	0.065	0.0	11.882	18.184	71.66818181818182	77.78399999999999	78.82384615384616	76.926	59.628	64.718125	71.04137931034482	57.96878345498783	33.854078212290496	21.74416666666667	33.093246073298424	79.56527272727271	0.8431141	0.18689214	2.489303	0.19309156	1.0291593	3.0541952	4.0253463	10.337784	11.6883545	3.1433446	12.613334	2.2452865	../../benchmark_data/class-i/pdb/6zkx_pmhc_tcr.pdb	../pred_pdb/af3/pmhc_tcr/classI/results_classI_no_msa_no_template/ranked_4/6zkx_pmhc_tcr.pdb	after	ranked_4
226	6zky	0.026	0.0	17.568	30.547	74.45545454545454	77.10499999999999	80.64384615384617	77.534	61.291999999999994	64.704375	71.84965517241379	58.30806372549019	32.20861111111111	22.25	31.78484042553192	80.97336363636363	0.56144184	0.30182958	2.5333154	0.14473753	1.9786237	2.3002489	3.691558	20.078281	13.112008	2.0427485	13.242029	2.1391182	../../benchmark_data/class-i/pdb/6zky_pmhc_tcr.pdb	../pred_pdb/af3/pmhc_tcr/classI/results_classI_no_msa_no_template/ranked_4/6zky_pmhc_tcr.pdb	after	ranked_4
227	6zkz	0.023	0.017	18.529	38.603	80.53818181818184	78.451	69.28461538461539	79.42299999999999	63.977999999999994	62.51375	65.54896551724137	55.65058823529412	29.913888888888888	22.29625	29.589734042553197	77.92077272727272	0.3468839	0.15573007	1.0717192	0.17456526	0.9168481	3.2112155	3.836541	18.067917	17.268536	1.1928755	17.870789	4.032012	../../benchmark_data/class-i/pdb/6zkz_pmhc_tcr.pdb	../pred_pdb/af3/pmhc_tcr/classI/results_classI_no_msa_no_template/ranked_4/6zkz_pmhc_tcr.pdb	after	ranked_4
228	7dzm	0.032	0.023	21.018	31.212	32.47083333333334	43.995	38.66133333333333	28.155999999999995	28.30363636363636	30.320000000000004	34.95407407407407	32.28150246305419	34.39177777777778	22.302222222222223	33.816084656084655	30.944930875576034	3.7916465	4.878336	4.287133	1.578097	5.4321346	5.2235394	15.476538	23.51038	17.835361	4.0986943	17.776375	21.15264	../../benchmark_data/class-i/pdb/7dzm_pmhc_tcr.pdb	../pred_pdb/af3/pmhc_tcr/classI/results_classI_no_msa_no_template/ranked_4/7dzm_pmhc_tcr.pdb	after	ranked_4
229	7dzn	0.008	0.0	19.995	63.179	63.887499999999996	64.69375	31.527333333333335	50.803999999999995	36.87636363636363	30.07166666666667	30.88037037037037	38.6801975308642	36.79664804469274	19.976666666666667	35.991436170212765	41.00963133640553	3.784126	4.7634964	3.7431946	2.110677	4.4860625	5.4199567	9.070573	22.280804	18.12558	3.8936398	18.341192	16.805534	../../benchmark_data/class-i/pdb/7dzn_pmhc_tcr.pdb	../pred_pdb/af3/pmhc_tcr/classI/results_classI_no_msa_no_template/ranked_4/7dzn_pmhc_tcr.pdb	after	ranked_4
230	7l1d	0.034	0.027	24.324	30.396	65.2590909090909	71.8488888888889	51.301538461538456	88.614	89.522	68.41842105263159	61.4646875	57.74804400977995	33.01812154696133	70.50444444444445	34.793789473684214	77.66269406392695	0.62843657	0.47680986	2.1154222	0.24106033	0.1916656	6.622428	23.304276	26.976274	11.9381	1.7512548	13.906	21.406921	../../benchmark_data/class-i/pdb/7l1d_pmhc_tcr.pdb	../pred_pdb/af3/pmhc_tcr/classI/results_classI_no_msa_no_template/ranked_4/7l1d_pmhc_tcr.pdb	after	ranked_4
231	7n2n	0.029	0.035	16.363	39.917	71.29	78.372	49.73882352941176	76.463	80.035	58.36466666666666	53.7821875	49.88704600484261	33.36779005524862	16.698888888888888	32.57821052631579	64.63448430493274	0.83242494	0.39285022	1.2843579	0.18160574	0.19593364	1.7142414	8.366233	20.61926	15.775689	2.3746727	16.49848	15.130009	../../benchmark_data/class-i/pdb/7n2n_pmhc_tcr.pdb	../pred_pdb/af3/pmhc_tcr/classI/results_classI_no_msa_no_template/ranked_4/7n2n_pmhc_tcr.pdb	after	ranked_4
232	7n2o	0.01	0.0	19.985	54.628	80.2809090909091	82.474	62.637647058823525	79.235	81.938	62.09533333333333	62.3834375	53.22542372881357	34.46696132596686	35.364444444444445	34.50947368421053	69.17174887892376	0.6834656	0.38386676	1.6289245	0.26018563	0.17479354	1.6918532	8.448369	22.793463	15.243081	2.3861992	15.042754	14.866296	../../benchmark_data/class-i/pdb/7n2o_pmhc_tcr.pdb	../pred_pdb/af3/pmhc_tcr/classI/results_classI_no_msa_no_template/ranked_4/7n2o_pmhc_tcr.pdb	after	ranked_4
233	7n2p	0.009	0.0	17.913	60.39	68.46545454545456	77.011	58.48818181818182	85.917	85.572	63.33266666666667	61.28307692307691	55.42503685503685	30.384585635359116	16.781111111111112	29.740210526315792	77.91405529953916	0.30073053	0.40366372	1.2957592	0.26751664	0.1397269	1.6146945	6.536024	24.57987	13.415675	1.5467724	14.047818	9.173532	../../benchmark_data/class-i/pdb/7n2p_pmhc_tcr.pdb	../pred_pdb/af3/pmhc_tcr/classI/results_classI_no_msa_no_template/ranked_4/7n2p_pmhc_tcr.pdb	after	ranked_4
234	7n2q	0.029	0.051	16.977	49.556	72.26	76.953	59.91181818181819	85.343	83.751	63.21466666666667	61.81730769230769	55.552604422604425	30.263756906077347	18.481111111111108	29.70563157894737	78.18359447004609	0.44167602	0.43867418	1.3267063	0.20334724	0.17609105	1.5953615	7.656193	22.03851	21.706476	2.249822	22.974958	12.938638	../../benchmark_data/class-i/pdb/7n2q_pmhc_tcr.pdb	../pred_pdb/af3/pmhc_tcr/classI/results_classI_no_msa_no_template/ranked_4/7n2q_pmhc_tcr.pdb	after	ranked_4
235	7n2r	0.024	0.0	22.565	31.532	72.81272727272727	77.66600000000001	59.695454545454545	85.943	85.85600000000001	65.82333333333334	63.23076923076924	54.72560196560197	30.020607734806628	18.114444444444445	29.45663157894737	76.8505069124424	0.27817273	0.41332695	0.4812027	0.25057176	0.16338028	1.990018	18.964739	23.590528	18.757914	1.84099	19.544342	19.440483	../../benchmark_data/class-i/pdb/7n2r_pmhc_tcr.pdb	../pred_pdb/af3/pmhc_tcr/classI/results_classI_no_msa_no_template/ranked_4/7n2r_pmhc_tcr.pdb	after	ranked_4
236	7n2s	0.028	0.015	19.521	32.851	66.03181818181817	71.685	50.28937500000001	79.287	82.838	65.68	57.73645161290323	54.08572815533981	31.862596685082867	17.11777777777778	31.16415789473684	73.7032882882883	1.1718102	0.48626173	3.5932124	0.4525546	0.19505522	1.7402804	3.3763456	16.365713	19.543615	3.7016535	19.761734	4.9560113	../../benchmark_data/class-i/pdb/7n2s_pmhc_tcr.pdb	../pred_pdb/af3/pmhc_tcr/classI/results_classI_no_msa_no_template/ranked_4/7n2s_pmhc_tcr.pdb	after	ranked_4
237	7n4k	0.008	0.0	20.452	61.116	43.13166666666667	24.893749999999997	32.559230769230766	38.912	32.747	31.385454545454547	32.02125	38.919725	45.425141242937855	22.308999999999997	44.18898395721925	34.293661971830986	3.7530077	3.773763	2.2175534	2.9673	5.202416	5.389242	11.2788515	23.457165	17.315842	4.0205164	17.49139	13.4437475	../../benchmark_data/class-i/pdb/7n4k_pmhc_tcr.pdb	../pred_pdb/af3/pmhc_tcr/classI/results_classI_no_msa_no_template/ranked_4/7n4k_pmhc_tcr.pdb	after	ranked_4
238	7n5c	0.035	0.0	17.485	25.666	40.130833333333335	23.2925	30.142307692307693	38.388	35.35	28.628181818181815	29.448333333333334	37.0329702970297	43.03292817679557	24.977000000000004	42.087591623036644	32.50042253521127	3.7559888	4.21639	2.4078648	2.892078	4.334899	3.682106	10.449206	19.311695	18.289883	3.065967	18.153948	14.981613	../../benchmark_data/class-i/pdb/7n5c_pmhc_tcr.pdb	../pred_pdb/af3/pmhc_tcr/classI/results_classI_no_msa_no_template/ranked_4/7n5c_pmhc_tcr.pdb	after	ranked_4
239	7n5p	0.026	0.0	19.525	30.349	45.81666666666666	36.223749999999995	31.93307692307692	35.909	34.172000000000004	31.677272727272733	31.81583333333333	44.098546365914785	56.06164772727272	51.964	55.84134408602151	33.844272300469484	3.7828178	5.3220015	2.1360595	3.1928296	6.2733417	3.1682935	14.2452345	25.4867	17.333775	3.342404	17.301682	19.667995	../../benchmark_data/class-i/pdb/7n5p_pmhc_tcr.pdb	../pred_pdb/af3/pmhc_tcr/classI/results_classI_no_msa_no_template/ranked_4/7n5p_pmhc_tcr.pdb	after	ranked_4
240	7na5	0.03	0.02	16.399	33.227	39.81	38.10333333333333	35.915454545454544	39.104	40.663000000000004	34.07266666666666	34.8523076923077	36.392148148148145	33.650777777777776	19.26888888888889	32.96592592592592	39.390092592592595	1.0817932	2.9231515	4.327934	2.3640628	4.813864	4.3232374	6.0533967	20.538084	18.251537	2.4102395	18.471807	6.0590897	../../benchmark_data/class-i/pdb/7na5_pmhc_tcr.pdb	../pred_pdb/af3/pmhc_tcr/classI/results_classI_no_msa_no_template/ranked_4/7na5_pmhc_tcr.pdb	after	ranked_4
241	7ndq	0.048	0.0	14.299	21.628	66.98166666666667	75.3275	52.11266666666668	62.41700000000001	53.61363636363635	55.059230769230766	53.480714285714285	54.61338235294118	33.56552486187846	18.65555555555555	32.85926315789474	73.57339449541284	1.1007799	1.2754492	2.7240214	2.455505	2.1204278	2.4509814	3.6699872	13.278882	12.068667	2.5973434	12.045223	3.5488248	../../benchmark_data/class-i/pdb/7ndq_pmhc_tcr.pdb	../pred_pdb/af3/pmhc_tcr/classI/results_classI_no_msa_no_template/ranked_4/7ndq_pmhc_tcr.pdb	after	ranked_4
242	7ndt	0.024	0.033	20.721	45.601	43.15416666666667	33.75874999999999	36.107142857142854	59.14	37.459090909090904	61.94833333333333	48.03384615384615	39.77225247524752	32.509055555555555	17.51375	31.87095744680851	46.64930555555556	2.2354603	4.441551	2.5653963	2.7656097	7.2854686	2.4831133	17.292397	24.880636	15.028423	2.0891793	15.069898	19.669476	../../benchmark_data/class-i/pdb/7ndt_pmhc_tcr.pdb	../pred_pdb/af3/pmhc_tcr/classI/results_classI_no_msa_no_template/ranked_4/7ndt_pmhc_tcr.pdb	after	ranked_4
243	7ndu	0.013	0.0	19.531	44.936	65.69749999999999	74.41625	41.98066666666667	63.995000000000005	77.24363636363637	50.02153846153846	45.713928571428575	50.80014742014742	31.426574585635354	19.645000000000003	30.927883597883593	68.02885321100918	1.295488	0.95762193	3.6083398	0.70862836	0.371552	1.8568943	4.190773	23.07475	12.661732	2.4680007	12.814787	4.0083623	../../benchmark_data/class-i/pdb/7ndu_pmhc_tcr.pdb	../pred_pdb/af3/pmhc_tcr/classI/results_classI_no_msa_no_template/ranked_4/7ndu_pmhc_tcr.pdb	after	ranked_4
244	7nme	0.022	0.0	21.046	33.437	34.358181818181826	32.8	34.04615384615384	36.20100000000001	41.55090909090909	28.20454545454545	31.368750000000002	32.45128395061729	32.98563535911602	17.315555555555555	32.24336842105263	32.635023255813955	1.6891319	4.148733	2.8803594	3.0957806	4.03492	2.6532328	27.03037	24.460121	15.631264	2.0880673	16.237364	21.948366	../../benchmark_data/class-i/pdb/7nme_pmhc_tcr.pdb	../pred_pdb/af3/pmhc_tcr/classI/results_classI_no_msa_no_template/ranked_4/7nme_pmhc_tcr.pdb	after	ranked_4
245	7nmf	0.019	0.0	19.949	36.494	34.29454545454545	32.775	33.98538461538462	36.257999999999996	42.95545454545454	27.80545454545455	31.15291666666667	32.51762962962963	32.898453038674035	17.97333333333334	32.19147368421053	32.80586046511628	1.6944427	4.129012	2.8959334	3.238715	3.984546	2.6367962	24.864698	24.358545	15.3243	2.355096	15.87938	20.911516	../../benchmark_data/class-i/pdb/7nmf_pmhc_tcr.pdb	../pred_pdb/af3/pmhc_tcr/classI/results_classI_no_msa_no_template/ranked_4/7nmf_pmhc_tcr.pdb	after	ranked_4
246	7nmg	0.016	0.0	19.086	40.478	34.344545454545454	32.533	30.044615384615383	33.976	40.39909090909091	30.45363636363637	30.232083333333332	32.0318024691358	32.566629834254144	18.075555555555557	31.88021052631579	32.16576744186046	1.9928957	3.4763525	5.367972	1.9999274	3.984647	2.7975814	20.357782	23.49706	15.500352	2.4792793	16.23008	18.810553	../../benchmark_data/class-i/pdb/7nmg_pmhc_tcr.pdb	../pred_pdb/af3/pmhc_tcr/classI/results_classI_no_msa_no_template/ranked_4/7nmg_pmhc_tcr.pdb	after	ranked_4
247	7ow5	0.017	0.016	20.012	48.468	34.85833333333333	35.449090909090906	31.2525	40.483000000000004	40.171	29.685625	30.469062500000003	34.51848192771084	32.273666666666664	19.163	31.583631578947365	36.99679999999999	2.1909182	2.2648501	4.1685205	3.0468028	4.2915835	2.448758	20.663616	25.309086	22.610922	2.162449	22.697676	20.437042	../../benchmark_data/class-i/pdb/7ow5_pmhc_tcr.pdb	../pred_pdb/af3/pmhc_tcr/classI/results_classI_no_msa_no_template/ranked_4/7ow5_pmhc_tcr.pdb	after	ranked_4
248	7ow6	0.03	0.0	17.98	28.475	43.913333333333334	42.88999999999999	39.139375	43.477000000000004	41.504	36.691875	37.915625	37.733221153846145	31.66917127071823	20.214000000000002	31.069424083769636	43.390044444444435	2.0140843	2.0107067	0.9668342	0.9486184	2.0352287	0.75453144	9.818133	19.939806	14.677883	2.8283823	15.0005	10.250188	../../benchmark_data/class-i/pdb/7ow6_pmhc_tcr.pdb	../pred_pdb/af3/pmhc_tcr/classI/results_classI_no_msa_no_template/ranked_4/7ow6_pmhc_tcr.pdb	after	ranked_4
249	7pb2	0.02	0.0	20.594	34.828	70.25666666666666	55.74363636363636	62.215624999999996	66.03	62.19100000000001	62.19312500000001	62.204375	50.03951807228915	33.09027777777778	23.581	32.589789473684206	64.77484444444444	0.28195912	1.2562938	1.1901989	0.5902406	2.1891668	1.5574523	1.5269756	19.715408	14.564054	3.1934135	19.356009	3.730909	../../benchmark_data/class-i/pdb/7pb2_pmhc_tcr.pdb	../pred_pdb/af3/pmhc_tcr/classI/results_classI_no_msa_no_template/ranked_4/7pb2_pmhc_tcr.pdb	after	ranked_4
250	7pbe	0.007	0.0	21.875	65.391	74.64	77.84625	67.31	87.385	85.87090909090908	73.20153846153846	70.3736	58.959407407407404	37.62298342541436	18.577777777777776	36.72084210526315	78.61209302325581	0.67762405	1.4760654	1.3877999	0.47400936	0.26826108	0.51670754	1.7823409	23.270578	16.012026	2.1833496	16.311197	1.16908	../../benchmark_data/class-i/pdb/7pbe_pmhc_tcr.pdb	../pred_pdb/af3/pmhc_tcr/classI/results_classI_no_msa_no_template/ranked_4/7pbe_pmhc_tcr.pdb	after	ranked_4
251	7phr	0.027	0.0	16.996	30.501	74.297	82.45000000000002	48.25545454545454	72.0	74.89599999999999	52.41846153846154	50.510416666666664	49.63727500000001	29.630386740331495	18.822222222222223	29.118421052631575	68.20195238095238	0.23088355	0.2994401	1.6572016	0.80814934	1.3851402	2.2823093	4.76371	16.96669	13.994949	2.3666034	15.366009	5.542432	../../benchmark_data/class-i/pdb/7phr_pmhc_tcr.pdb	../pred_pdb/af3/pmhc_tcr/classI/results_classI_no_msa_no_template/ranked_4/7phr_pmhc_tcr.pdb	after	ranked_4
252	7q99	0.032	0.041	16.306	38.72	67.15636363636364	68.92333333333333	61.99181818181818	79.01636363636362	77.53444444444445	55.15266666666668	58.04615384615384	54.380319410319416	30.20900552486188	20.012999999999998	29.675183246073303	76.22606481481482	1.5200012	0.32592714	0.5021145	0.41883135	0.23046076	2.6484132	6.796974	15.910151	13.433365	2.902689	14.16776	7.5036087	../../benchmark_data/class-i/pdb/7q99_pmhc_tcr.pdb	../pred_pdb/af3/pmhc_tcr/classI/results_classI_no_msa_no_template/ranked_4/7q99_pmhc_tcr.pdb	after	ranked_4
253	7q9a	0.026	0.04	19.584	45.97	66.72727272727273	68.94111111111111	62.799090909090914	77.41090909090909	76.4388888888889	54.87866666666667	58.22961538461539	53.27412776412776	27.88093922651934	21.303	27.536544502617797	76.03282407407407	1.5474048	0.26294377	1.1145653	0.47861168	0.2700243	2.8209915	7.0882874	19.084517	17.072357	2.7562637	19.278984	11.111591	../../benchmark_data/class-i/pdb/7q9a_pmhc_tcr.pdb	../pred_pdb/af3/pmhc_tcr/classI/results_classI_no_msa_no_template/ranked_4/7q9a_pmhc_tcr.pdb	after	ranked_4
254	7q9b	0.036	0.0	19.258	25.043	76.17181818181818	77.6	76.44874999999999	78.58099999999999	62.82899999999999	65.355625	69.05333333333333	59.34567901234568	35.145745856353585	38.93300000000001	35.34403141361256	80.76771028037383	0.5146665	0.2527184	0.43096372	0.30775616	1.5854032	0.3843409	0.7796505	17.269348	18.005026	3.1046197	18.193645	1.6085759	../../benchmark_data/class-i/pdb/7q9b_pmhc_tcr.pdb	../pred_pdb/af3/pmhc_tcr/classI/results_classI_no_msa_no_template/ranked_4/7q9b_pmhc_tcr.pdb	after	ranked_4
255	7qpj	0.021	0.014	19.898	39.587	40.91	47.25666666666666	32.54769230769231	43.206	49.992000000000004	33.597272727272724	33.02875	39.19332506203474	35.30583333333333	21.67888888888889	34.65693121693121	43.199766355140184	2.0934033	1.3173565	2.315446	2.274859	2.210924	2.90951	11.16072	22.865501	19.300379	3.0111477	19.265497	15.351162	../../benchmark_data/class-i/pdb/7qpj_pmhc_tcr.pdb	../pred_pdb/af3/pmhc_tcr/classI/results_classI_no_msa_no_template/ranked_4/7qpj_pmhc_tcr.pdb	after	ranked_4
256	7r80	0.031	0.0	12.905	28.832	70.43909090909091	79.327	75.08846153846153	62.584	58.38399999999999	70.99199999999999	72.89392857142857	56.227579462102696	33.35580110497237	22.40111111111111	32.836894736842105	76.52086757990867	2.304952	0.6081429	0.5781773	1.269367	1.247987	2.2103941	2.2531805	14.308313	15.663554	4.0986896	15.979677	2.9052222	../../benchmark_data/class-i/pdb/7r80_pmhc_tcr.pdb	../pred_pdb/af3/pmhc_tcr/classI/results_classI_no_msa_no_template/ranked_4/7r80_pmhc_tcr.pdb	after	ranked_4
257	7rk7	0.016	0.015	19.639	52.2	44.375	37.18000000000001	29.416874999999997	52.928	47.080000000000005	38.2125	34.30333333333334	35.92518072289157	33.81408839779006	20.15	33.166842105263164	38.254444444444445	1.2783672	4.632557	3.4303489	1.9880267	5.8180647	5.64519	14.072862	24.129007	18.058432	4.1868505	17.862337	16.629715	../../benchmark_data/class-i/pdb/7rk7_pmhc_tcr.pdb	../pred_pdb/af3/pmhc_tcr/classI/results_classI_no_msa_no_template/ranked_4/7rk7_pmhc_tcr.pdb	after	ranked_4
258	7rm4	0.049	0.0	15.21	21.397	41.25545454545455	46.21900000000001	34.347500000000004	45.931000000000004	54.183636363636374	33.564	33.912222222222226	40.57171149144255	33.657403314917126	18.197777777777777	32.925105263157896	47.20575342465754	2.3468552	1.1688893	3.2957914	3.8030977	4.456043	3.3541415	7.185936	17.51558	17.05015	3.1558654	17.538158	9.334359	../../benchmark_data/class-i/pdb/7rm4_pmhc_tcr.pdb	../pred_pdb/af3/pmhc_tcr/classI/results_classI_no_msa_no_template/ranked_4/7rm4_pmhc_tcr.pdb	after	ranked_4
259	7rrg	0.036	0.0	18.399	25.133	67.8875	77.815	39.574	57.992999999999995	80.50909090909092	43.31142857142857	41.37827586206897	44.07097799511002	29.543977900552488	17.70888888888889	28.98336842105263	57.16068493150686	0.98614264	1.1625899	4.566703	0.45895362	0.43637544	3.8543313	23.429028	21.458452	17.049017	2.2691104	16.993347	21.626345	../../benchmark_data/class-i/pdb/7rrg_pmhc_tcr.pdb	../pred_pdb/af3/pmhc_tcr/classI/results_classI_no_msa_no_template/ranked_4/7rrg_pmhc_tcr.pdb	after	ranked_4
260	7rtr	0.008	0.0	22.859	60.396	75.3718181818182	71.98	66.47272727272727	86.207	81.99727272727274	70.64818181818181	68.56045454545455	56.311916461916454	30.51651933701657	24.432222222222222	30.228315789473683	79.15009216589861	0.52230304	0.30136013	0.83921754	0.21443763	0.18061818	0.74550396	7.3487854	20.76329	12.974159	1.5246248	13.68743	15.001673	../../benchmark_data/class-i/pdb/7rtr_pmhc_tcr.pdb	../pred_pdb/af3/pmhc_tcr/classI/results_classI_no_msa_no_template/ranked_4/7rtr_pmhc_tcr.pdb	after	ranked_4
261	7su9	0.022	0.017	17.901	40.729	65.39750000000001	71.83375	36.723333333333336	72.876	75.60500000000002	51.02066666666667	43.871999999999986	50.541078431372554	38.376111111111115	22.415555555555553	37.61608465608466	61.69552511415525	1.077245	1.1851407	1.5527864	0.1465387	0.2427835	1.891852	10.146201	21.073997	22.213045	4.568711	22.211763	16.542763	../../benchmark_data/class-i/pdb/7su9_pmhc_tcr.pdb	../pred_pdb/af3/pmhc_tcr/classI/results_classI_no_msa_no_template/ranked_4/7su9_pmhc_tcr.pdb	after	ranked_4
262	8cx4	0.048	0.119	20.126	60.387	84.41454545454545	84.77399999999999	68.96529411764706	85.94	85.27099999999999	71.41533333333334	70.11375	58.05973365617433	30.040662983425417	22.54111111111111	29.685421052631575	82.23515695067266	0.8429082	0.32269022	0.6411605	0.1460831	0.16623943	1.5795579	3.1515107	22.4577	19.420996	2.5825734	21.000423	3.211017	../../benchmark_data/class-i/pdb/8cx4_pmhc_tcr.pdb	../pred_pdb/af3/pmhc_tcr/classI/results_classI_no_msa_no_template/ranked_4/8cx4_pmhc_tcr.pdb	after	ranked_4
263	8d5q	0.043	0.019	18.882	25.033	82.34636363636363	87.15299999999999	81.63125	88.90636363636362	92.03545454545453	86.31666666666666	83.89838709677419	63.44289215686275	33.79715909090909	42.794999999999995	34.280913978494624	87.8759009009009	0.5129337	0.7148441	1.6519698	0.26772457	0.26211667	1.5176456	1.7145281	16.917809	16.923923	3.6421354	19.806883	1.2391924	../../benchmark_data/class-i/pdb/8d5q_pmhc_tcr.pdb	../pred_pdb/af3/pmhc_tcr/classI/results_classI_no_msa_no_template/ranked_4/8d5q_pmhc_tcr.pdb	after	ranked_4
264	8dnt	0.012	0.0	19.916	46.988	71.53363636363636	71.39666666666666	57.61833333333334	84.688	74.80363636363637	65.83	62.040000000000006	55.66550368550369	29.96082872928177	25.906666666666666	29.76878947368421	78.34004608294931	0.641359	0.5170542	0.77554125	0.47526824	0.7644867	0.6103493	4.914776	18.987259	14.613727	4.428465	15.378656	10.003428	../../benchmark_data/class-i/pdb/8dnt_pmhc_tcr.pdb	../pred_pdb/af3/pmhc_tcr/classI/results_classI_no_msa_no_template/ranked_4/8dnt_pmhc_tcr.pdb	after	ranked_4
265	8en8	0.024	0.041	17.571	54.627	32.28272727272727	39.744	34.24785714285714	30.773636363636367	35.49083333333333	32.66	33.42655172413793	34.538956310679616	32.609111111111105	20.425555555555558	32.028941798941794	36.66627802690583	3.3786266	3.8662775	5.436273	4.87882	2.0348215	4.8225107	11.263538	23.389671	16.840446	3.8649764	16.662954	18.642496	../../benchmark_data/class-i/pdb/8en8_pmhc_tcr.pdb	../pred_pdb/af3/pmhc_tcr/classI/results_classI_no_msa_no_template/ranked_4/8en8_pmhc_tcr.pdb	after	ranked_4
266	8enh	0.02	0.0	21.853	34.919	30.160909090909094	39.527	34.68785714285714	31.731818181818184	36.8025	32.972	33.80034482758621	34.03571776155718	32.43212290502794	18.580000000000002	31.768989361702126	35.94668161434977	3.6882627	3.7213445	5.2356944	4.494692	2.0382879	4.3226795	23.749357	26.786053	16.153324	4.333995	16.162693	23.301357	../../benchmark_data/class-i/pdb/8enh_pmhc_tcr.pdb	../pred_pdb/af3/pmhc_tcr/classI/results_classI_no_msa_no_template/ranked_4/8enh_pmhc_tcr.pdb	after	ranked_4
267	8eo8	0.025	0.014	22.883	34.459	29.24	39.812	35.07785714285714	32.084545454545456	38.43833333333333	33.41400000000001	34.217241379310344	34.38776155717761	32.9554748603352	18.844444444444445	32.279946808510644	36.1647533632287	3.128896	3.7482007	5.5025353	4.8236523	2.024524	4.3445406	23.647354	25.86473	16.201752	4.6380825	16.099037	23.277372	../../benchmark_data/class-i/pdb/8eo8_pmhc_tcr.pdb	../pred_pdb/af3/pmhc_tcr/classI/results_classI_no_msa_no_template/ranked_4/8eo8_pmhc_tcr.pdb	after	ranked_4
268	8f5a	0.016	0.0	20.397	40.806	69.86909090909091	78.264	52.589333333333315	61.807	63.06	56.0575	54.13074074074074	51.862567237163816	30.893701657458564	22.686999999999998	30.464031413612567	70.61082568807339	0.413943	2.3849933	2.914507	1.2176611	3.9405735	1.6610299	10.2292595	21.132038	20.681387	4.160499	21.035477	16.145435	../../benchmark_data/class-i/pdb/8f5a_pmhc_tcr.pdb	../pred_pdb/af3/pmhc_tcr/classI/results_classI_no_msa_no_template/ranked_4/8f5a_pmhc_tcr.pdb	after	ranked_4
269	8gom	0.019	0.013	22.46	41.242	36.373333333333335	31.264444444444443	29.64636363636364	36.299	32.84909090909091	27.838000000000005	28.60307692307692	32.44921951219512	32.327900552486184	17.39	31.620315789473686	33.16509090909091	2.0283163	2.1675324	3.1658251	1.2973398	3.3254116	3.170621	14.722492	25.339714	15.796113	1.67125	16.84675	15.723063	../../benchmark_data/class-i/pdb/8gom_pmhc_tcr.pdb	../pred_pdb/af3/pmhc_tcr/classI/results_classI_no_msa_no_template/ranked_4/8gom_pmhc_tcr.pdb	after	ranked_4
270	8gon	0.019	0.0	22.129	36.654	33.770833333333336	29.756666666666668	32.690909090909095	32.40899999999999	30.237272727272728	27.324666666666662	29.595000000000002	32.920243902439026	34.3224861878453	17.90222222222222	33.54468421052631	32.38095454545454	2.144268	2.4250834	3.794006	1.8480514	4.3133583	4.4730105	19.440477	24.920757	12.963839	2.0722494	14.6892185	17.16651	../../benchmark_data/class-i/pdb/8gon_pmhc_tcr.pdb	../pred_pdb/af3/pmhc_tcr/classI/results_classI_no_msa_no_template/ranked_4/8gon_pmhc_tcr.pdb	after	ranked_4
271	8gvb	0.007	0.0	24.476	62.055	75.49181818181818	74.39	77.50428571428571	90.18599999999999	87.70727272727274	85.49199999999999	81.63586206896552	59.32792682926829	31.960722222222223	22.76375	31.569361702127658	82.8351801801802	1.8859046	2.9744172	1.3629191	0.5914745	0.6605216	0.44707072	1.5410578	22.672998	14.304114	2.4669526	14.603844	1.6264042	../../benchmark_data/class-i/pdb/8gvb_pmhc_tcr.pdb	../pred_pdb/af3/pmhc_tcr/classI/results_classI_no_msa_no_template/ranked_4/8gvb_pmhc_tcr.pdb	after	ranked_4
272	8gvg	0.008	0.0	21.782	58.596	73.49363636363636	70.14090909090909	75.32428571428571	90.549	87.10636363636364	84.79333333333334	80.22206896551722	59.15973236009733	32.62254143646409	24.89	32.2952380952381	82.03085585585585	1.4125512	2.8576608	1.793567	0.5647377	0.6663823	0.4142066	2.0036693	22.865131	16.92956	1.8040992	16.92012	1.6770484	../../benchmark_data/class-i/pdb/8gvg_pmhc_tcr.pdb	../pred_pdb/af3/pmhc_tcr/classI/results_classI_no_msa_no_template/ranked_4/8gvg_pmhc_tcr.pdb	after	ranked_4
273	8gvi	0.07	0.044	12.485	20.075	71.31818181818181	74.03363636363636	74.845	86.68599999999999	85.7881818181818	77.76866666666666	76.35724137931035	62.86951338199512	40.268950276243096	23.292499999999997	39.550370370370366	82.72229729729729	1.9554756	2.987374	0.9236696	0.3952337	0.45370296	1.459612	1.5487088	13.278368	14.815946	1.4054196	14.572582	1.7433252	../../benchmark_data/class-i/pdb/8gvi_pmhc_tcr.pdb	../pred_pdb/af3/pmhc_tcr/classI/results_classI_no_msa_no_template/ranked_4/8gvi_pmhc_tcr.pdb	after	ranked_4
274	8i5c	0.015	0.016	18.498	56.72	47.51818181818181	66.95555555555556	40.58583333333333	43.207	44.148	35.68230769230768	38.036	41.26545679012346	33.778066298342544	17.916666666666664	33.026736842105265	48.54618604651163	3.1264734	0.2295664	2.0791137	2.5777051	2.4406416	2.8006592	11.4063	21.438839	15.982898	1.9614799	16.306952	16.776262	../../benchmark_data/class-i/pdb/8i5c_pmhc_tcr.pdb	../pred_pdb/af3/pmhc_tcr/classI/results_classI_no_msa_no_template/ranked_4/8i5c_pmhc_tcr.pdb	after	ranked_4
275	8i5d	0.018	0.017	20.021	46.156	42.529	44.517999999999994	36.49583333333333	55.961	38.86272727272727	40.086	38.49037037037037	40.486732673267326	36.367127071823205	16.81	35.44073684210527	44.96682242990655	1.7806605	1.9099147	1.423467	0.6604245	4.9146113	0.6818917	9.640695	23.792631	17.366789	1.8940424	19.02325	14.811404	../../benchmark_data/class-i/pdb/8i5d_pmhc_tcr.pdb	../pred_pdb/af3/pmhc_tcr/classI/results_classI_no_msa_no_template/ranked_4/8i5d_pmhc_tcr.pdb	after	ranked_4
276	8qfy	0.031	0.016	18.668	30.828	82.20272727272727	76.20444444444445	78.21	66.297	68.06090909090909	66.59916666666666	72.40458333333333	59.192543209876554	33.290662983425406	20.514444444444447	32.68547368421053	82.61739534883723	0.4476736	0.3003709	0.43965992	1.9517207	2.245703	0.72338074	1.4803845	19.110762	10.403768	2.2400973	10.940586	1.482494	../../benchmark_data/class-i/pdb/8qfy_pmhc_tcr.pdb	../pred_pdb/af3/pmhc_tcr/classI/results_classI_no_msa_no_template/ranked_4/8qfy_pmhc_tcr.pdb	after	ranked_4
277	8shi	0.008	0.0	21.101	63.108	76.951	85.128	46.70470588235295	61.19499999999999	51.748000000000005	48.37571428571429	47.45935483870968	49.19975247524753	32.53011111111111	18.19125	31.91994680851064	64.23958333333333	0.386829	0.42422244	2.8142202	2.486296	0.9308034	1.7286848	3.3279998	24.812016	13.728435	2.2301345	14.16444	2.8854039	../../benchmark_data/class-i/pdb/8shi_pmhc_tcr.pdb	../pred_pdb/af3/pmhc_tcr/classI/results_classI_no_msa_no_template/ranked_4/8shi_pmhc_tcr.pdb	after	ranked_4
278	8wte	0.014	0.0	22.113	43.916	85.48545454545454	77.27777777777779	76.88538461538462	79.219	66.392	73.075	74.78310344827587	58.160024449877746	30.6582320441989	19.91777777777778	30.149473684210534	82.46141552511415	0.34932962	0.34961084	1.3334502	1.5240388	0.64863193	2.267005	10.208204	20.313787	16.56096	1.6506221	16.690487	14.527206	../../benchmark_data/class-i/pdb/8wte_pmhc_tcr.pdb	../pred_pdb/af3/pmhc_tcr/classI/results_classI_no_msa_no_template/ranked_4/8wte_pmhc_tcr.pdb	after	ranked_4
279	8wul	0.028	0.0	18.96	29.437	83.95363636363635	77.95555555555556	70.54846153846154	70.85300000000001	51.644000000000005	61.415	65.50931034482758	55.59222493887531	31.411381215469614	17.095555555555553	30.733263157894736	77.15936073059362	0.40084222	0.21186662	1.3435593	1.3872353	4.294412	1.1910137	8.595463	20.134115	19.390535	1.9060684	19.650223	14.3159275	../../benchmark_data/class-i/pdb/8wul_pmhc_tcr.pdb	../pred_pdb/af3/pmhc_tcr/classI/results_classI_no_msa_no_template/ranked_4/8wul_pmhc_tcr.pdb	after	ranked_4
