	id	DockQ	Fnat	iRMS	LRMS	pLDDT-cdr1a	pLDDT-cdr2a	pLDDT-cdr3a	pLDDT-cdr1b	pLDDT-cdr2b	pLDDT-cdr3b	pLDDT-cdr3a+cdr3b	pLDDT	pLDDT-mhc	pLDDT-pep	pLDDT-pmhc	pLDDT-tcr	RMSD-cdr1a	RMSD-cdr2a	RMSD-cdr3a	RMSD-cdr1b	RMSD-cdr2b	RMSD-cdr3b	RMSD-cdr3a+cdr3b	RMSD	RMSD-mhc	RMSD-pep	RMSD-pmhc	RMSD-tcr	true_pdb_path	pred_pdb_path	2021-09-30	rank
0	6zkw	0.502	0.672	2.994	6.456	95.38000000000001	95.67600000000002	95.61999999999999	97.72099999999999	96.03099999999998	95.725625	95.67827586206897	96.21410757946211	95.96027777777778	94.75666666666667	95.90296296296296	96.48140909090907	0.5612496	0.14373545	0.25793916	0.12546444	0.14485088	0.47029468	0.64003766	3.2426567	0.7729503	0.2351627	0.7625086	1.1046238	../../benchmark_data/class-i/pdb/6zkw_pmhc_tcr.pdb	../pred_pdb/af3/pmhc_tcr/classI/results_classI_no_template/ranked_0/6zkw_pmhc_tcr.pdb	after	ranked_0
1	6zkx	0.533	0.464	2.025	4.485	86.95181818181817	87.671	84.6123076923077	90.385	81.776	80.480625	82.33275862068965	89.73581508515815	87.64379888268157	79.55499999999999	87.13560209424085	91.99327272727271	0.5023308	0.17566809	0.61927783	0.15723805	0.1255553	0.8444793	1.0717512	1.9023439	2.1450255	1.529749	2.1899147	0.90370864	../../benchmark_data/class-i/pdb/6zkx_pmhc_tcr.pdb	../pred_pdb/af3/pmhc_tcr/classI/results_classI_no_template/ranked_0/6zkx_pmhc_tcr.pdb	after	ranked_0
2	6zky	0.712	0.717	1.352	3.33	89.11272727272727	90.304	88.91846153846153	93.381	86.6	85.35499999999999	86.95241379310346	93.21916666666667	93.29238888888891	83.9	92.89271276595744	93.49813636363635	0.5706455	0.24009891	0.5227324	0.17264588	0.18472338	0.6126908	0.9102963	1.3584255	0.6606699	2.2675197	0.94315195	0.9131777	../../benchmark_data/class-i/pdb/6zky_pmhc_tcr.pdb	../pred_pdb/af3/pmhc_tcr/classI/results_classI_no_template/ranked_0/6zky_pmhc_tcr.pdb	after	ranked_0
3	6zkz	0.252	0.288	4.175	11.493	90.01363636363637	91.90199999999999	84.4076923076923	93.86800000000001	90.67699999999999	89.375625	87.14862068965516	94.25254901960784	94.90488888888889	92.53999999999999	94.80425531914892	93.7810909090909	0.37049192	0.14313813	2.2526393	0.21132013	0.15372247	2.453784	2.9125962	3.917157	0.8278088	2.3446617	1.0366794	1.8453993	../../benchmark_data/class-i/pdb/6zkz_pmhc_tcr.pdb	../pred_pdb/af3/pmhc_tcr/classI/results_classI_no_template/ranked_0/6zkz_pmhc_tcr.pdb	after	ranked_0
4	7dzm	0.89	0.884	0.616	2.346	95.105	96.29374999999999	96.692	97.716	97.67272727272729	96.97249999999998	96.81666666666668	96.86068965517242	96.95716666666667	97.83888888888889	96.99915343915345	96.74009216589862	0.19064792	0.13060197	0.3377435	0.17270392	0.14051984	0.22832271	0.4123429	0.98861957	0.7239931	0.16275373	0.7097554	0.43628496	../../benchmark_data/class-i/pdb/7dzm_pmhc_tcr.pdb	../pred_pdb/af3/pmhc_tcr/classI/results_classI_no_template/ranked_0/7dzm_pmhc_tcr.pdb	after	ranked_0
5	7dzn	0.159	0.119	5.437	13.419	93.39083333333333	95.31625	88.78600000000002	95.27799999999999	94.05272727272727	91.85666666666668	90.15074074074074	95.42377777777777	96.04530726256984	89.31777777777776	95.72324468085107	95.16433179723501	0.17282908	0.16540688	0.9963619	0.1991224	0.16844887	0.58839774	1.1446294	5.4674163	0.53250134	1.1192194	0.58136994	1.0114824	../../benchmark_data/class-i/pdb/7dzn_pmhc_tcr.pdb	../pred_pdb/af3/pmhc_tcr/classI/results_classI_no_template/ranked_0/7dzn_pmhc_tcr.pdb	after	ranked_0
6	7l1d	0.46	0.405	3.519	3.972	88.11	93.76555555555555	81.63846153846156	93.23	92.72099999999999	77.67947368421054	79.2878125	93.92547677261614	96.60944751381216	88.88000000000001	96.2433157894737	91.91456621004566	0.5610037	0.29587588	1.0952978	0.23471555	0.23154067	3.9329817	5.2933517	2.7822337	0.51605296	0.5631912	0.5242027	2.9521284	../../benchmark_data/class-i/pdb/7l1d_pmhc_tcr.pdb	../pred_pdb/af3/pmhc_tcr/classI/results_classI_no_template/ranked_0/7l1d_pmhc_tcr.pdb	after	ranked_0
7	7n2n	0.21	0.158	3.74	12.012	87.65818181818182	88.58500000000001	80.98529411764706	93.48600000000002	89.601	85.62599999999999	83.160625	93.86697336561743	95.67198895027623	92.71555555555555	95.53194736842106	92.44838565022422	0.41998157	0.38783708	1.6255364	0.1507872	0.1875674	1.6729293	3.03811	4.2116594	0.36306313	0.57393336	0.38716507	1.6657258	../../benchmark_data/class-i/pdb/7n2n_pmhc_tcr.pdb	../pred_pdb/af3/pmhc_tcr/classI/results_classI_no_template/ranked_0/7n2n_pmhc_tcr.pdb	after	ranked_0
8	7n2o	0.708	0.712	1.35	3.422	93.8490909090909	95.055	88.41647058823528	95.653	93.929	93.28133333333332	90.69687499999999	95.6053995157385	96.84314917127072	96.42222222222223	96.82321052631578	94.56780269058297	0.31157675	0.21400002	1.242252	0.19601277	0.16815004	0.70830506	1.3981824	1.3539952	0.34214565	0.18593915	0.34792346	1.0029417	../../benchmark_data/class-i/pdb/7n2o_pmhc_tcr.pdb	../pred_pdb/af3/pmhc_tcr/classI/results_classI_no_template/ranked_0/7n2o_pmhc_tcr.pdb	after	ranked_0
9	7n2p	0.585	0.492	1.46	4.905	84.80181818181819	83.877	80.55090909090909	87.83399999999999	83.68499999999999	75.288	77.51461538461538	91.51488943488943	93.4771270718232	84.78888888888888	93.06557894736844	90.15714285714284	0.44634336	0.40468112	1.2669375	0.2716311	0.19079919	1.6769687	1.9978267	1.542269	0.45273307	0.6655747	0.47123837	1.0803856	../../benchmark_data/class-i/pdb/7n2p_pmhc_tcr.pdb	../pred_pdb/af3/pmhc_tcr/classI/results_classI_no_template/ranked_0/7n2p_pmhc_tcr.pdb	after	ranked_0
10	7n2q	0.364	0.424	2.809	9.474	81.90818181818182	80.516	79.38636363636363	87.334	81.96900000000001	72.69	75.52307692307693	90.71761670761668	92.6571270718232	85.79888888888888	92.33226315789474	89.30387096774194	0.41293958	0.3667595	1.4349278	0.1977205	0.22934526	1.8221958	1.9697404	3.164787	0.29800588	0.7078031	0.33591512	1.1317495	../../benchmark_data/class-i/pdb/7n2q_pmhc_tcr.pdb	../pred_pdb/af3/pmhc_tcr/classI/results_classI_no_template/ranked_0/7n2q_pmhc_tcr.pdb	after	ranked_0
11	7n2r	0.042	0.0	15.756	23.413	87.59818181818183	87.388	82.14454545454545	91.024	85.336	76.578	78.93307692307692	91.75793611793613	93.52298342541434	91.95222222222222	93.4485789473684	90.27764976958525	0.45982245	0.34349084	0.93270934	0.1852492	0.1591281	1.3829975	1.6963772	16.655565	0.45769662	0.60921484	0.4697464	0.90464675	../../benchmark_data/class-i/pdb/7n2r_pmhc_tcr.pdb	../pred_pdb/af3/pmhc_tcr/classI/results_classI_no_template/ranked_0/7n2r_pmhc_tcr.pdb	after	ranked_0
12	7n2s	0.256	0.379	4.615	13.205	84.75363636363636	85.768	79.11937499999999	87.095	84.89699999999999	79.80733333333335	79.45225806451612	91.88293689320389	93.59806629834254	86.26888888888887	93.2508947368421	90.71216216216216	1.305468	0.4289828	1.4062439	0.48690006	0.34447855	0.6165201	2.2260895	4.9181476	0.44471017	0.41153756	0.4502933	1.4526868	../../benchmark_data/class-i/pdb/7n2s_pmhc_tcr.pdb	../pred_pdb/af3/pmhc_tcr/classI/results_classI_no_template/ranked_0/7n2s_pmhc_tcr.pdb	after	ranked_0
13	7n4k	0.764	0.764	1.18	2.655	90.67	91.685	86.60461538461537	96.439	95.042	94.00454545454545	89.99624999999999	95.3486	95.85378531073448	96.19699999999999	95.87213903743314	94.88896713615024	0.19149335	0.77035016	0.8116966	0.44468623	0.12655781	0.7311376	0.84305674	1.3580631	1.4733264	0.19472615	1.4369994	0.7740118	../../benchmark_data/class-i/pdb/7n4k_pmhc_tcr.pdb	../pred_pdb/af3/pmhc_tcr/classI/results_classI_no_template/ranked_0/7n4k_pmhc_tcr.pdb	after	ranked_0
14	7n5c	0.718	0.772	1.264	4.291	89.75249999999998	90.58000000000001	83.03538461538461	93.613	88.269	92.28818181818181	87.27625	94.22178217821784	94.69491712707182	94.066	94.6619895287958	93.82704225352111	0.26625884	0.125976	0.6298827	0.41853383	0.094571106	0.39346814	0.7585261	1.9021221	1.6676439	0.26147407	1.6252294	1.3471099	../../benchmark_data/class-i/pdb/7n5c_pmhc_tcr.pdb	../pred_pdb/af3/pmhc_tcr/classI/results_classI_no_template/ranked_0/7n5c_pmhc_tcr.pdb	after	ranked_0
15	7n5p	0.833	0.814	0.889	2.055	89.41333333333334	89.78999999999999	80.58461538461539	95.78299999999999	93.55999999999999	91.52363636363636	85.59833333333331	94.73827067669173	95.62386363636364	95.09299999999999	95.59532258064517	93.98985915492956	0.23362944	0.30868766	1.1357594	0.4736572	0.121452466	0.43430254	1.0739206	1.24045	1.1042731	0.25755545	1.0791231	1.0587156	../../benchmark_data/class-i/pdb/7n5p_pmhc_tcr.pdb	../pred_pdb/af3/pmhc_tcr/classI/results_classI_no_template/ranked_0/7n5p_pmhc_tcr.pdb	after	ranked_0
16	7na5	0.236	0.408	5.863	15.157	94.48636363636363	93.89666666666666	94.39909090909092	96.15	91.312	95.1	94.80346153846153	94.87758024691358	94.05322222222219	95.76	94.13449735449737	95.52777777777777	0.6776103	0.31040353	0.88645035	0.24736947	0.304799	0.6256107	1.2419713	6.8808336	1.7112776	0.6300588	1.6782391	0.79066473	../../benchmark_data/class-i/pdb/7na5_pmhc_tcr.pdb	../pred_pdb/af3/pmhc_tcr/classI/results_classI_no_template/ranked_0/7na5_pmhc_tcr.pdb	after	ranked_0
17	7ndq	0.525	0.45	2.332	3.833	86.75833333333334	87.2175	77.91666666666667	94.744	92.86363636363636	88.51769230769231	82.83857142857143	93.96526960784314	95.12563535911602	94.21666666666667	95.08257894736842	92.99146788990825	0.6675227	0.88799083	2.6498291	0.28680006	0.3732245	2.204214	2.621833	2.1735926	1.1017196	2.1546624	1.2074118	1.4725989	../../benchmark_data/class-i/pdb/7ndq_pmhc_tcr.pdb	../pred_pdb/af3/pmhc_tcr/classI/results_classI_no_template/ranked_0/7ndq_pmhc_tcr.pdb	after	ranked_0
18	7ndt	0.689	0.541	1.305	1.78	83.97500000000001	87.75125	82.635	92.44300000000001	88.53272727272729	88.94999999999999	85.54961538461538	92.7266089108911	92.55816666666665	82.41375	92.12648936170213	93.24893518518518	0.24863054	0.1691373	1.6069323	0.14852445	0.18061708	0.604707	1.375638	1.1221377	0.8092291	2.2421772	0.9965658	0.89583546	../../benchmark_data/class-i/pdb/7ndt_pmhc_tcr.pdb	../pred_pdb/af3/pmhc_tcr/classI/results_classI_no_template/ranked_0/7ndt_pmhc_tcr.pdb	after	ranked_0
19	7ndu	0.688	0.677	1.692	2.017	89.36833333333334	91.83500000000001	85.76066666666667	97.475	95.61727272727272	94.58846153846154	89.85928571428572	95.57818181818182	96.1749723756906	94.24125	96.09312169312169	95.13174311926606	1.0135136	0.34060478	2.3251846	0.31372368	0.30564308	1.7020404	2.2690108	1.4468156	1.18773	1.3499367	1.245907	1.2165196	../../benchmark_data/class-i/pdb/7ndu_pmhc_tcr.pdb	../pred_pdb/af3/pmhc_tcr/classI/results_classI_no_template/ranked_0/7ndu_pmhc_tcr.pdb	after	ranked_0
20	7nme	0.89	0.827	0.596	1.178	91.71545454545455	94.559	96.23384615384614	97.398	97.1509090909091	97.93545454545455	97.01375	96.56175308641974	97.25359116022098	96.98555555555555	97.24089473684211	95.96158139534884	0.40772748	0.3703631	0.25184023	0.25232267	0.12671545	0.19040784	0.25584942	0.7436711	0.46515954	0.17284925	0.45660186	0.8409436	../../benchmark_data/class-i/pdb/7nme_pmhc_tcr.pdb	../pred_pdb/af3/pmhc_tcr/classI/results_classI_no_template/ranked_0/7nme_pmhc_tcr.pdb	after	ranked_0
21	7nmf	0.902	0.831	0.512	1.253	91.43181818181819	94.22	96.34615384615384	97.39000000000001	97.33454545454543	97.85181818181819	97.03625	96.59908641975309	97.32121546961325	97.06666666666666	97.30915789473683	95.97158139534885	0.42333126	0.19929639	0.30624482	0.14640997	0.18011324	0.14746238	0.2861934	0.675897	0.41637528	0.2736798	0.4128869	0.7094554	../../benchmark_data/class-i/pdb/7nmf_pmhc_tcr.pdb	../pred_pdb/af3/pmhc_tcr/classI/results_classI_no_template/ranked_0/7nmf_pmhc_tcr.pdb	after	ranked_0
22	7nmg	0.878	0.806	0.632	1.237	89.82272727272726	93.40899999999999	95.58923076923078	97.262	96.97727272727273	97.76090909090908	96.58458333333334	96.18479012345678	97.07044198895028	96.72333333333333	97.05399999999999	95.41665116279069	0.4074805	0.2718005	0.3839126	0.25758046	0.13853759	0.20528992	0.39796486	0.73034686	0.43291748	0.46956685	0.43907678	0.78598773	../../benchmark_data/class-i/pdb/7nmg_pmhc_tcr.pdb	../pred_pdb/af3/pmhc_tcr/classI/results_classI_no_template/ranked_0/7nmg_pmhc_tcr.pdb	after	ranked_0
23	7ow5	0.93	0.906	0.493	1.156	95.55583333333333	88.30636363636364	95.549375	97.277	95.84299999999999	96.32875	95.9390625	96.2855421686747	97.27155555555554	89.82499999999999	96.87963157894735	95.78386666666668	0.37531596	0.70409364	0.19714342	0.23592561	0.17257676	0.29791474	0.2983879	0.5801272	0.3460182	0.39258537	0.35074875	0.5166726	../../benchmark_data/class-i/pdb/7ow5_pmhc_tcr.pdb	../pred_pdb/af3/pmhc_tcr/classI/results_classI_no_template/ranked_0/7ow5_pmhc_tcr.pdb	after	ranked_0
24	7ow6	0.892	0.831	0.446	2.395	96.44666666666666	88.10454545454546	96.421875	97.164	96.426	97.321875	96.87187499999999	96.46444711538462	97.45806629834254	97.495	97.46000000000001	95.61933333333333	0.20538369	0.4769224	0.15414919	0.23802632	0.30405864	0.37183174	0.3207935	0.79954267	0.3599859	0.2513518	0.35876995	0.55289507	../../benchmark_data/class-i/pdb/7ow6_pmhc_tcr.pdb	../pred_pdb/af3/pmhc_tcr/classI/results_classI_no_template/ranked_0/7ow6_pmhc_tcr.pdb	after	ranked_0
25	7pb2	0.037	0.0	15.944	25.102	83.04166666666667	78.15727272727273	70.69187500000001	90.915	83.614	77.70875	74.2003125	91.42004819277108	93.2041111111111	86.672	92.86031578947372	90.20382222222223	0.3504256	1.1521839	0.6379162	0.206132	0.22682273	1.108821	1.3355641	17.688116	0.44809765	1.5211444	0.5859432	0.85858023	../../benchmark_data/class-i/pdb/7pb2_pmhc_tcr.pdb	../pred_pdb/af3/pmhc_tcr/classI/results_classI_no_template/ranked_0/7pb2_pmhc_tcr.pdb	after	ranked_0
26	7pbe	0.83	0.831	1.049	1.004	96.4509090909091	95.22375	97.37666666666667	97.08699999999999	96.85727272727271	97.62153846153845	97.50399999999999	96.66683950617283	97.38734806629834	97.97333333333333	97.41510526315788	96.00558139534886	0.43782312	1.4938068	0.5416499	0.5594533	0.20511712	0.57795846	0.6935462	0.910923	0.64153963	0.20634687	0.629874	0.8826255	../../benchmark_data/class-i/pdb/7pbe_pmhc_tcr.pdb	../pred_pdb/af3/pmhc_tcr/classI/results_classI_no_template/ranked_0/7pbe_pmhc_tcr.pdb	after	ranked_0
27	7phr	0.907	0.854	0.506	1.473	97.402	98.384	98.1218181818182	98.402	98.479	98.68923076923078	98.42916666666667	97.38252499999999	98.14756906077345	98.64	98.17089473684211	96.6692380952381	0.2604612	0.2920282	0.36405274	0.17551374	0.23944412	0.17071523	0.32196933	0.93525845	0.39926365	0.21029872	0.3937862	0.8295193	../../benchmark_data/class-i/pdb/7phr_pmhc_tcr.pdb	../pred_pdb/af3/pmhc_tcr/classI/results_classI_no_template/ranked_0/7phr_pmhc_tcr.pdb	after	ranked_0
28	7q99	0.645	0.603	1.415	4.226	96.14727272727272	96.04333333333335	92.69454545454545	91.91454545454546	91.63000000000001	89.518	90.86192307692308	95.40356265356266	96.81552486187846	95.398	96.74130890052353	94.22064814814814	0.2965626	0.30681804	0.4382163	0.3523787	0.28580078	0.37446597	0.56441087	1.6971513	0.3736851	0.28469962	0.3718227	0.7243073	../../benchmark_data/class-i/pdb/7q99_pmhc_tcr.pdb	../pred_pdb/af3/pmhc_tcr/classI/results_classI_no_template/ranked_0/7q99_pmhc_tcr.pdb	after	ranked_0
29	7q9a	0.846	0.787	0.745	1.991	93.52181818181816	92.09555555555556	91.86	91.99727272727273	90.44888888888889	90.586	91.125	94.59923832923835	96.10773480662984	94.74000000000001	96.03612565445027	93.32865740740739	0.20071656	0.23231791	0.94620186	0.2229522	0.33348548	0.18625341	0.7481482	0.94625133	0.35145006	0.15226965	0.34667048	0.83213824	../../benchmark_data/class-i/pdb/7q9a_pmhc_tcr.pdb	../pred_pdb/af3/pmhc_tcr/classI/results_classI_no_template/ranked_0/7q9a_pmhc_tcr.pdb	after	ranked_0
30	7q9b	0.312	0.388	4.069	9.797	89.07090909090908	95.13333333333333	77.52374999999999	94.256	91.35100000000001	89.233125	85.33	94.48256790123457	96.63458563535912	94.92	96.5448167539267	92.64196261682241	0.42684892	0.29107165	1.603799	0.2941143	0.30005345	1.8831453	2.4615376	4.728493	0.6305605	0.3536188	0.62692696	1.563893	../../benchmark_data/class-i/pdb/7q9b_pmhc_tcr.pdb	../pred_pdb/af3/pmhc_tcr/classI/results_classI_no_template/ranked_0/7q9b_pmhc_tcr.pdb	after	ranked_0
31	7qpj	0.852	0.681	0.517	1.218	97.51090909090908	98.18	97.64538461538463	97.52200000000002	96.373	98.07727272727271	97.84333333333335	97.41057071960299	97.52566666666667	98.04111111111109	97.55021164021164	97.2872429906542	0.2818552	0.36166665	0.13312903	0.17961997	0.1292092	0.52225924	0.6180287	0.5870746	0.3668574	0.21567947	0.36429673	0.46684474	../../benchmark_data/class-i/pdb/7qpj_pmhc_tcr.pdb	../pred_pdb/af3/pmhc_tcr/classI/results_classI_no_template/ranked_0/7qpj_pmhc_tcr.pdb	after	ranked_0
32	7r80	0.146	0.065	6.682	12.275	82.63272727272728	85.905	86.47461538461539	88.17999999999999	83.75099999999999	83.42199999999998	84.83928571428571	91.53995110024451	92.03093922651932	80.40888888888888	91.4804210526316	91.59159817351598	1.8689985	0.40501508	0.4338533	0.3408696	0.21945186	0.6634316	0.75830406	20.668354	0.49337646	0.63477534	0.5101417	0.9607262	../../benchmark_data/class-i/pdb/7r80_pmhc_tcr.pdb	../pred_pdb/af3/pmhc_tcr/classI/results_classI_no_template/ranked_0/7r80_pmhc_tcr.pdb	after	ranked_0
33	7rk7	0.037	0.0	17.373	25.009	83.61750000000002	84.49125000000001	64.438125	85.042	82.636	68.28999999999999	66.57805555555555	90.41289156626506	93.38972375690608	94.62222222222222	93.44810526315787	87.84982222222222	0.42775416	0.22964364	3.1184819	0.4398514	0.17628157	4.628186	4.4548435	18.731495	0.5825076	0.8061674	0.60128725	2.276038	../../benchmark_data/class-i/pdb/7rk7_pmhc_tcr.pdb	../pred_pdb/af3/pmhc_tcr/classI/results_classI_no_template/ranked_0/7rk7_pmhc_tcr.pdb	after	ranked_0
34	7rm4	0.044	0.0	12.823	23.304	85.32545454545456	91.33000000000001	83.43333333333332	92.404	90.53545454545453	82.29866666666665	82.80296296296298	94.00330073349633	94.99375690607737	94.60000000000001	94.97510526315791	93.16018264840181	0.58681786	0.47872388	1.5452048	0.16704838	0.198107	1.5801523	2.0303516	14.634773	0.37309006	0.43393624	0.3836174	1.3244101	../../benchmark_data/class-i/pdb/7rm4_pmhc_tcr.pdb	../pred_pdb/af3/pmhc_tcr/classI/results_classI_no_template/ranked_0/7rm4_pmhc_tcr.pdb	after	ranked_0
35	7rrg	0.12	0.095	7.848	15.575	82.96166666666667	84.1	66.74466666666666	87.679	84.11272727272727	80.18500000000002	73.23310344827586	91.700782396088	93.37447513812154	86.48555555555556	93.04815789473685	90.53182648401827	0.26396793	0.16481619	2.2120323	0.20083621	0.41309094	0.63127476	1.7673658	20.233282	0.6328847	0.8863311	0.6505114	1.0630919	../../benchmark_data/class-i/pdb/7rrg_pmhc_tcr.pdb	../pred_pdb/af3/pmhc_tcr/classI/results_classI_no_template/ranked_0/7rrg_pmhc_tcr.pdb	after	ranked_0
36	7rtr	0.359	0.286	3.429	6.511	88.25818181818182	88.61999999999999	88.89	91.37800000000001	88.66818181818181	90.51545454545455	89.70272727272726	93.99385749385749	94.38546961325964	88.41777777777777	94.10278947368421	93.89847926267282	0.4630835	0.23615968	0.92514145	0.2813037	0.21725963	0.2739816	1.00239	3.049959	0.40355167	0.28653982	0.40086746	0.97275	../../benchmark_data/class-i/pdb/7rtr_pmhc_tcr.pdb	../pred_pdb/af3/pmhc_tcr/classI/results_classI_no_template/ranked_0/7rtr_pmhc_tcr.pdb	after	ranked_0
37	7su9	0.465	0.431	2.599	5.384	84.72083333333333	88.11375	75.00266666666667	90.92300000000002	90.01	78.46600000000002	76.73433333333332	92.54671568627451	94.19666666666667	86.17888888888889	93.81486772486774	91.45228310502283	0.41031963	0.58912665	2.2058136	0.3340968	0.26298758	2.2451622	2.4149754	2.8963287	0.40487975	0.60922396	0.423154	1.1588632	../../benchmark_data/class-i/pdb/7su9_pmhc_tcr.pdb	../pred_pdb/af3/pmhc_tcr/classI/results_classI_no_template/ranked_0/7su9_pmhc_tcr.pdb	after	ranked_0
38	8cx4	0.77	0.797	1.169	2.957	91.24181818181819	90.496	85.73470588235294	94.741	91.45	89.55866666666667	87.5271875	94.73530266343823	96.09867403314918	93.47444444444444	95.97436842105263	93.67959641255607	0.2950728	0.2849311	0.6774107	0.22198164	0.1484255	0.5977137	0.8737218	1.5559711	0.5385703	0.21800995	0.5284286	0.80757385	../../benchmark_data/class-i/pdb/8cx4_pmhc_tcr.pdb	../pred_pdb/af3/pmhc_tcr/classI/results_classI_no_template/ranked_0/8cx4_pmhc_tcr.pdb	after	ranked_0
39	8d5q	0.897	0.868	0.638	1.332	94.38454545454546	96.166	94.093125	96.29363636363637	95.91636363636366	95.708	94.87451612903226	96.29651960784315	95.75499999999998	95.301	95.73059139784947	96.77067567567566	0.46632048	0.21269679	0.3346836	0.21028766	0.2228591	0.4188818	0.40413198	0.8449571	0.66555667	0.33435497	0.65744513	0.57483107	../../benchmark_data/class-i/pdb/8d5q_pmhc_tcr.pdb	../pred_pdb/af3/pmhc_tcr/classI/results_classI_no_template/ranked_0/8d5q_pmhc_tcr.pdb	after	ranked_0
40	8dnt	0.717	0.699	1.226	3.512	93.89909090909092	94.88000000000001	90.21666666666665	95.94500000000001	88.63454545454546	93.96499999999999	92.235	95.59255528255528	96.5621546961326	95.04444444444444	96.49026315789474	94.80654377880184	0.55589575	0.34422025	0.7360277	0.4894898	0.6866205	0.65696454	1.1675655	1.8102047	0.74383533	0.66907203	0.74908686	1.3021282	../../benchmark_data/class-i/pdb/8dnt_pmhc_tcr.pdb	../pred_pdb/af3/pmhc_tcr/classI/results_classI_no_template/ranked_0/8dnt_pmhc_tcr.pdb	after	ranked_0
41	8en8	0.434	0.425	2.679	6.404	91.83818181818182	94.157	84.98285714285714	84.98636363636363	89.47083333333335	83.28066666666669	84.10241379310345	94.07449029126214	95.92461111111112	92.17333333333335	95.74597883597885	92.65784753363229	0.2821329	0.15602319	1.958836	0.41629204	0.44136626	2.2957878	2.8586097	2.2274835	0.30817798	0.31483555	0.3154143	1.5498703	../../benchmark_data/class-i/pdb/8en8_pmhc_tcr.pdb	../pred_pdb/af3/pmhc_tcr/classI/results_classI_no_template/ranked_0/8en8_pmhc_tcr.pdb	after	ranked_0
42	8enh	0.834	0.827	0.949	1.704	91.80545454545455	96.8	87.42071428571428	95.98272727272727	94.48166666666667	96.29799999999999	92.01241379310343	96.33430656934306	97.3045810055866	97.38555555555556	97.3084574468085	95.51304932735428	0.3132906	0.15818694	1.6618214	0.27511755	0.4084149	0.37864923	1.4142051	0.93179464	0.5515084	0.20925754	0.54153275	0.8769928	../../benchmark_data/class-i/pdb/8enh_pmhc_tcr.pdb	../pred_pdb/af3/pmhc_tcr/classI/results_classI_no_template/ranked_0/8enh_pmhc_tcr.pdb	after	ranked_0
43	8eo8	0.416	0.351	2.698	6.084	92.21363636363637	95.027	84.60571428571427	85.19272727272728	89.58166666666666	79.924	82.18413793103448	93.96902676399027	95.8808938547486	90.6988888888889	95.63281914893618	92.5663677130045	0.3360247	0.10006823	2.0585861	0.3063399	0.17447984	1.6830559	2.8129096	2.1681137	0.44787875	0.31805506	0.44472894	1.6358341	../../benchmark_data/class-i/pdb/8eo8_pmhc_tcr.pdb	../pred_pdb/af3/pmhc_tcr/classI/results_classI_no_template/ranked_0/8eo8_pmhc_tcr.pdb	after	ranked_0
44	8f5a	0.527	0.557	2.335	5.152	89.0	89.70899999999999	83.32333333333334	91.34299999999999	86.385	84.98916666666666	84.0637037037037	93.87161369193156	95.33265193370165	81.39399999999999	94.60287958115184	93.23091743119268	0.30836117	2.187419	2.3483057	0.23967741	0.32853287	1.2565173	3.1500518	2.394499	0.3595805	2.7700849	0.79336303	1.7404661	../../benchmark_data/class-i/pdb/8f5a_pmhc_tcr.pdb	../pred_pdb/af3/pmhc_tcr/classI/results_classI_no_template/ranked_0/8f5a_pmhc_tcr.pdb	after	ranked_0
45	8gom	0.574	0.588	2.11	4.27	88.51833333333333	86.29777777777778	84.33272727272728	86.935	82.28999999999999	76.81533333333333	79.99576923076923	92.64439024390244	94.16834254143647	88.17444444444443	93.88442105263158	91.57345454545452	0.21428326	0.26531643	0.9896799	0.18177816	0.2692322	1.0787027	1.5819843	2.0879416	0.34365466	0.540885	0.3667185	0.7961122	../../benchmark_data/class-i/pdb/8gom_pmhc_tcr.pdb	../pred_pdb/af3/pmhc_tcr/classI/results_classI_no_template/ranked_0/8gom_pmhc_tcr.pdb	after	ranked_0
46	8gon	0.05	0.014	6.739	27.44	82.21916666666668	78.16222222222223	82.28636363636363	85.93	82.0090909090909	74.63666666666667	77.87307692307692	91.10692682926829	92.41044198895028	90.26111111111112	92.30863157894737	90.06909090909092	0.5165647	0.4240932	1.0008985	0.25797537	0.1966349	1.5396965	1.6246413	8.830263	0.40965962	0.4198595	0.41788742	0.7619341	../../benchmark_data/class-i/pdb/8gon_pmhc_tcr.pdb	../pred_pdb/af3/pmhc_tcr/classI/results_classI_no_template/ranked_0/8gon_pmhc_tcr.pdb	after	ranked_0
47	8gvb	0.806	0.803	1.06	1.988	87.36454545454545	94.21	91.56928571428571	97.675	97.1081818181818	96.49133333333332	94.11517241379312	95.99834146341463	96.89722222222223	97.05125	96.90377659574467	95.23157657657659	0.8389727	0.8244107	0.8196802	0.5300947	0.65897536	0.48917177	0.82662016	1.0027905	0.5274334	0.38808504	0.5316532	0.79015166	../../benchmark_data/class-i/pdb/8gvb_pmhc_tcr.pdb	../pred_pdb/af3/pmhc_tcr/classI/results_classI_no_template/ranked_0/8gvb_pmhc_tcr.pdb	after	ranked_0
48	8gvg	0.816	0.836	1.004	2.5	86.77363636363636	95.27454545454545	92.79928571428572	97.625	97.51727272727273	97.20666666666665	95.07896551724141	96.30282238442823	97.06977900552486	96.84375	97.06021164021165	95.65801801801803	1.1253899	0.917274	0.78877956	0.45603865	0.6843892	0.47019142	0.7795154	1.0366013	0.6108929	0.3963063	0.6131869	0.92879814	../../benchmark_data/class-i/pdb/8gvg_pmhc_tcr.pdb	../pred_pdb/af3/pmhc_tcr/classI/results_classI_no_template/ranked_0/8gvg_pmhc_tcr.pdb	after	ranked_0
49	8gvi	0.882	0.926	0.845	1.724	95.15363636363637	97.13000000000001	97.67714285714284	97.70100000000001	97.29636363636364	98.348	98.02413793103449	97.08226277372263	97.5375138121547	98.24625	97.56751322751323	96.66914414414416	1.4468659	0.8996101	0.3875018	0.39175424	0.37390095	0.48187456	0.53989035	0.8785318	0.5255497	0.25664946	0.52122736	0.9023519	../../benchmark_data/class-i/pdb/8gvi_pmhc_tcr.pdb	../pred_pdb/af3/pmhc_tcr/classI/results_classI_no_template/ranked_0/8gvi_pmhc_tcr.pdb	after	ranked_0
50	8i5c	0.775	0.73	1.104	2.024	94.4809090909091	94.81333333333333	93.84333333333332	94.813	92.831	92.86846153846156	93.3364	96.21886419753086	96.32	87.69777777777777	95.91157894736843	96.49041860465115	0.234258	0.2597485	0.27670062	0.2999404	0.37687588	1.3799474	1.3999438	0.91185075	0.32700053	1.7388277	0.5083658	0.6724404	../../benchmark_data/class-i/pdb/8i5c_pmhc_tcr.pdb	../pred_pdb/af3/pmhc_tcr/classI/results_classI_no_template/ranked_0/8i5c_pmhc_tcr.pdb	after	ranked_0
51	8i5d	0.704	0.644	1.292	2.921	87.84700000000001	91.19300000000001	83.24666666666666	94.448	88.91909090909093	86.08800000000001	84.82518518518518	94.1179207920792	95.30127071823203	84.50555555555555	94.78989473684211	93.52130841121497	0.24649945	0.26945144	1.0201713	0.255437	0.21764304	1.1077188	1.2482902	1.4630206	0.40585074	1.7237177	0.5792468	1.1258775	../../benchmark_data/class-i/pdb/8i5d_pmhc_tcr.pdb	../pred_pdb/af3/pmhc_tcr/classI/results_classI_no_template/ranked_0/8i5d_pmhc_tcr.pdb	after	ranked_0
52	8qfy	0.879	0.82	0.62	1.694	97.41363636363639	97.09555555555555	97.04916666666668	98.12800000000001	96.99272727272727	98.40749999999998	97.72833333333334	97.03204938271605	97.06624309392264	97.98	97.10952631578947	96.96358139534887	0.26690596	0.25074384	0.20463538	0.33339566	0.20561047	0.17569834	0.3371247	0.820904	0.85137504	0.32532975	0.83750874	0.49289253	../../benchmark_data/class-i/pdb/8qfy_pmhc_tcr.pdb	../pred_pdb/af3/pmhc_tcr/classI/results_classI_no_template/ranked_0/8qfy_pmhc_tcr.pdb	after	ranked_0
53	8shi	0.305	0.417	3.605	11.596	85.232	90.97299999999998	70.99000000000001	94.16900000000001	86.817	91.08571428571427	80.06548387096774	93.34084158415841	94.611	90.46375	94.43452127659573	92.38893518518518	0.3399947	0.415817	3.257799	0.21768278	0.24113858	0.324103	2.834403	3.9858549	0.6122626	1.5408462	0.7095329	1.6386846	../../benchmark_data/class-i/pdb/8shi_pmhc_tcr.pdb	../pred_pdb/af3/pmhc_tcr/classI/results_classI_no_template/ranked_0/8shi_pmhc_tcr.pdb	after	ranked_0
54	8wte	0.643	0.523	1.496	2.752	91.46272727272728	90.6811111111111	91.94307692307692	94.104	90.989	90.304375	91.0389655172414	94.7618826405868	95.20558011049725	85.58222222222223	94.74973684210526	94.77242009132422	0.19433439	0.29986677	0.5719977	0.2687769	0.15001889	1.3661749	1.2718328	1.4544119	0.31630155	1.4971213	0.50599736	1.0179423	../../benchmark_data/class-i/pdb/8wte_pmhc_tcr.pdb	../pred_pdb/af3/pmhc_tcr/classI/results_classI_no_template/ranked_0/8wte_pmhc_tcr.pdb	after	ranked_0
55	8wul	0.669	0.65	1.499	3.474	92.13272727272728	93.0511111111111	91.38000000000001	94.77799999999999	91.53	88.47437500000001	89.77689655172415	95.26002444987776	96.39629834254146	89.94888888888889	96.0908947368421	94.53917808219178	0.39973208	0.24655773	0.56136817	0.18028052	0.17215142	1.0848026	1.0650179	1.5447487	0.37837994	0.23228672	0.3765797	0.9890996	../../benchmark_data/class-i/pdb/8wul_pmhc_tcr.pdb	../pred_pdb/af3/pmhc_tcr/classI/results_classI_no_template/ranked_0/8wul_pmhc_tcr.pdb	after	ranked_0
56	6zkw	0.454	0.638	3.337	7.582	95.04363636363637	95.481	94.9923076923077	97.48599999999999	95.429	95.3325	95.18	95.97669926650367	95.6805	94.48111111111112	95.62338624338624	96.28022727272727	0.5668976	0.17740378	0.23544277	0.12559678	0.13458109	0.43704122	0.6419424	3.8148923	0.50006765	0.21008699	0.49598747	0.98840994	../../benchmark_data/class-i/pdb/6zkw_pmhc_tcr.pdb	../pred_pdb/af3/pmhc_tcr/classI/results_classI_no_template/ranked_1/6zkw_pmhc_tcr.pdb	after	ranked_1
57	6zkx	0.033	0.0	12.64	28.137	86.50454545454546	87.72500000000001	83.9546153846154	90.766	82.10499999999999	80.88	82.25827586206896	90.21141119221413	88.68921787709496	81.50333333333333	88.23774869109947	91.92490909090908	0.5482337	0.14316659	0.57635915	0.16478278	0.12108425	0.32549217	0.8978727	12.289429	1.578054	1.1877981	1.6190104	0.8559468	../../benchmark_data/class-i/pdb/6zkx_pmhc_tcr.pdb	../pred_pdb/af3/pmhc_tcr/classI/results_classI_no_template/ranked_1/6zkx_pmhc_tcr.pdb	after	ranked_1
58	6zky	0.727	0.698	1.269	2.85	88.31181818181818	89.998	87.44692307692308	92.88199999999999	86.307	84.048125	85.57172413793101	92.8480637254902	92.94938888888889	82.98	92.5251595744681	93.124	0.574702	0.32781154	0.59850687	0.16242161	0.16775818	0.6197744	0.9755104	1.1591489	0.68902814	2.2564785	0.9458957	0.8489597	../../benchmark_data/class-i/pdb/6zky_pmhc_tcr.pdb	../pred_pdb/af3/pmhc_tcr/classI/results_classI_no_template/ranked_1/6zky_pmhc_tcr.pdb	after	ranked_1
59	6zkz	0.219	0.203	4.127	11.929	89.5290909090909	91.22000000000001	81.48	93.371	88.877	87.60062500000001	84.85689655172415	93.6042156862745	94.62827777777775	92.3325	94.53058510638297	92.8125909090909	0.3943848	0.2038668	1.8088757	0.12115759	0.16648258	2.42091	2.8611302	4.1150665	0.8875587	2.3344383	1.077061	2.109593	../../benchmark_data/class-i/pdb/6zkz_pmhc_tcr.pdb	../pred_pdb/af3/pmhc_tcr/classI/results_classI_no_template/ranked_1/6zkz_pmhc_tcr.pdb	after	ranked_1
60	7dzm	0.881	0.837	0.612	1.966	95.16000000000001	95.8375	96.58600000000001	97.87299999999999	97.62454545454544	97.08416666666666	96.80740740740742	96.87285714285714	96.99855555555554	97.80888888888889	97.03714285714284	96.72976958525346	0.2599044	0.120693326	0.3699431	0.19546483	0.12670495	0.21787702	0.39679316	0.9477024	0.72868824	0.17518324	0.71623176	0.39446405	../../benchmark_data/class-i/pdb/7dzm_pmhc_tcr.pdb	../pred_pdb/af3/pmhc_tcr/classI/results_classI_no_template/ranked_1/7dzm_pmhc_tcr.pdb	after	ranked_1
61	7dzn	0.17	0.119	5.266	12.511	93.07416666666667	94.79624999999999	88.18599999999999	95.317	94.09727272727272	91.6425	89.7222222222222	95.39227160493826	96.0040223463687	89.18111111111111	95.67739361702127	95.14525345622118	0.18115781	0.17556898	1.1235873	0.20497642	0.15870021	0.62386066	1.2032608	5.2413173	0.5523763	1.1761881	0.6090469	1.0096123	../../benchmark_data/class-i/pdb/7dzn_pmhc_tcr.pdb	../pred_pdb/af3/pmhc_tcr/classI/results_classI_no_template/ranked_1/7dzn_pmhc_tcr.pdb	after	ranked_1
62	7l1d	0.471	0.405	3.213	3.859	86.54454545454546	93.00888888888888	79.04461538461538	92.41499999999999	93.212	75.0542105263158	76.67531249999999	93.51161369193154	96.50812154696133	86.75888888888888	96.0463157894737	91.31255707762556	0.51992214	0.31581932	0.97870535	0.24722613	0.21053515	3.9917228	4.9869423	2.6404796	0.50111246	0.94012976	0.53491765	2.7251406	../../benchmark_data/class-i/pdb/7l1d_pmhc_tcr.pdb	../pred_pdb/af3/pmhc_tcr/classI/results_classI_no_template/ranked_1/7l1d_pmhc_tcr.pdb	after	ranked_1
63	7n2n	0.239	0.211	3.57	11.411	88.66636363636363	89.05	80.6405882352941	90.22400000000002	87.53999999999999	80.72333333333333	80.679375	93.29886198547216	95.16497237569061	90.26111111111112	94.93268421052632	91.90681614349776	0.24375054	0.38554716	1.6588422	0.22410385	0.1838234	1.7379494	2.8967469	4.2917056	0.43559396	0.71371484	0.46178496	1.6799258	../../benchmark_data/class-i/pdb/7n2n_pmhc_tcr.pdb	../pred_pdb/af3/pmhc_tcr/classI/results_classI_no_template/ranked_1/7n2n_pmhc_tcr.pdb	after	ranked_1
64	7n2o	0.731	0.763	1.342	3.22	93.07999999999998	94.706	87.90176470588236	95.39399999999999	93.56	92.71866666666666	90.15968749999999	95.46222760290557	96.69265193370165	96.05444444444443	96.66242105263159	94.43964125560538	0.36249027	0.20120166	1.2219288	0.18182725	0.16165563	0.6990968	1.4348997	1.3062234	0.25172853	0.15680295	0.25936258	0.9607648	../../benchmark_data/class-i/pdb/7n2o_pmhc_tcr.pdb	../pred_pdb/af3/pmhc_tcr/classI/results_classI_no_template/ranked_1/7n2o_pmhc_tcr.pdb	after	ranked_1
65	7n2p	0.361	0.397	2.87	8.974	83.58818181818182	83.18699999999998	79.84818181818181	88.28299999999999	84.17	76.17933333333332	77.73153846153846	91.47174447174447	93.36977900552486	84.8488888888889	92.96615789473684	90.16327188940092	0.581316	0.35617477	0.9638141	0.275789	0.13361469	1.9005582	1.8706262	3.1364088	0.41257563	0.7795756	0.4478239	1.1236736	../../benchmark_data/class-i/pdb/7n2p_pmhc_tcr.pdb	../pred_pdb/af3/pmhc_tcr/classI/results_classI_no_template/ranked_1/7n2p_pmhc_tcr.pdb	after	ranked_1
66	7n2q	0.29	0.322	3.328	10.892	81.48	80.169	79.53	87.123	81.897	72.87266666666667	75.68923076923078	90.68432432432432	92.64138121546964	86.27111111111111	92.33963157894736	89.23497695852535	0.41711396	0.42306563	1.4070177	0.23525596	0.28650215	1.0201352	1.5780263	3.7415102	0.3307797	0.758203	0.3702141	0.9248474	../../benchmark_data/class-i/pdb/7n2q_pmhc_tcr.pdb	../pred_pdb/af3/pmhc_tcr/classI/results_classI_no_template/ranked_1/7n2q_pmhc_tcr.pdb	after	ranked_1
67	7n2r	0.042	0.0	15.774	23.197	87.24636363636363	87.392	81.87454545454545	90.76500000000001	84.704	76.41000000000001	78.72192307692308	91.56948402948403	93.43016574585636	91.57444444444444	93.34226315789473	90.01728110599079	0.5244563	0.37593973	0.84645593	0.21248421	0.23889498	1.4991093	1.6450583	16.636194	0.38043642	0.7425552	0.40916383	0.79110426	../../benchmark_data/class-i/pdb/7n2r_pmhc_tcr.pdb	../pred_pdb/af3/pmhc_tcr/classI/results_classI_no_template/ranked_1/7n2r_pmhc_tcr.pdb	after	ranked_1
68	7n2s	0.372	0.333	2.808	7.542	84.6809090909091	85.467	78.920625	87.26700000000001	83.922	79.81533333333333	79.35354838709678	91.83686893203884	93.5340331491713	85.81555555555556	93.16842105263157	90.69725225225226	1.319958	0.40440473	1.281519	0.48276836	0.24852785	0.5980733	2.0631902	2.8274615	0.43693957	0.42004415	0.44436347	1.5536286	../../benchmark_data/class-i/pdb/7n2s_pmhc_tcr.pdb	../pred_pdb/af3/pmhc_tcr/classI/results_classI_no_template/ranked_1/7n2s_pmhc_tcr.pdb	after	ranked_1
69	7n4k	0.686	0.745	1.405	4.506	89.88583333333332	90.52125000000001	84.67153846153846	96.34700000000001	94.761	92.57636363636362	88.29458333333332	95.0906	95.75779661016949	95.458	95.74176470588235	94.51892018779344	0.27364543	0.7694224	0.7526355	0.44045898	0.10035247	0.73666817	0.84725636	1.9280099	1.5244428	0.25181183	1.4878708	1.0288607	../../benchmark_data/class-i/pdb/7n4k_pmhc_tcr.pdb	../pred_pdb/af3/pmhc_tcr/classI/results_classI_no_template/ranked_1/7n4k_pmhc_tcr.pdb	after	ranked_1
70	7n5c	0.596	0.579	1.57	5.125	88.09416666666665	89.99125	75.19538461538463	92.81700000000001	86.896	91.03545454545456	82.45541666666666	93.29336633663367	94.08116022099449	92.54499999999999	94.0007329842932	92.65906103286386	0.2676857	0.16857897	1.4440379	0.42820945	0.092604905	0.43382627	1.3120807	2.0945396	1.4972223	0.30464727	1.4600035	1.1678945	../../benchmark_data/class-i/pdb/7n5c_pmhc_tcr.pdb	../pred_pdb/af3/pmhc_tcr/classI/results_classI_no_template/ranked_1/7n5c_pmhc_tcr.pdb	after	ranked_1
71	7n5p	0.776	0.763	1.004	3.211	88.4925	88.83875	81.66461538461539	95.731	93.947	90.89818181818181	85.89666666666666	94.71162907268172	95.70471590909091	94.636	95.64725806451612	93.89460093896714	0.1793976	0.29267722	0.63944256	0.43051076	0.119313344	0.6771865	0.7263337	1.4831612	1.1040101	0.30154026	1.0832679	1.0371584	../../benchmark_data/class-i/pdb/7n5p_pmhc_tcr.pdb	../pred_pdb/af3/pmhc_tcr/classI/results_classI_no_template/ranked_1/7n5p_pmhc_tcr.pdb	after	ranked_1
72	7na5	0.265	0.408	5.111	12.76	94.03454545454547	93.44999999999999	94.26636363636362	96.115	90.294	95.01533333333332	94.69846153846154	94.63888888888889	93.83505555555554	94.73666666666665	93.87798941798943	95.30467592592592	0.6745378	0.29378918	0.9087669	0.2587608	0.35639676	0.6731126	1.1090013	5.7569237	1.5527195	0.5480033	1.5225809	0.71198285	../../benchmark_data/class-i/pdb/7na5_pmhc_tcr.pdb	../pred_pdb/af3/pmhc_tcr/classI/results_classI_no_template/ranked_1/7na5_pmhc_tcr.pdb	after	ranked_1
73	7ndq	0.538	0.467	2.306	3.563	85.295	86.905	78.56	94.79	92.63909090909091	88.13692307692307	83.00642857142859	93.88303921568627	95.18082872928174	94.27222222222223	95.13778947368421	92.7894495412844	0.54758424	0.84232557	2.4475372	0.31678477	0.38503793	1.7766944	2.392654	2.0657368	1.0019104	2.1668224	1.1273395	1.3287009	../../benchmark_data/class-i/pdb/7ndq_pmhc_tcr.pdb	../pred_pdb/af3/pmhc_tcr/classI/results_classI_no_template/ranked_1/7ndq_pmhc_tcr.pdb	after	ranked_1
74	7ndt	0.653	0.525	1.432	2.679	83.79333333333334	86.785	82.60928571428572	92.17099999999999	87.9590909090909	88.50666666666667	85.33115384615385	92.46465346534654	92.1375	81.81125	91.69808510638299	93.13185185185185	0.25700694	0.18587817	1.5596228	0.1613877	0.2383298	0.5518815	1.329525	1.612306	1.5125138	2.2683284	1.60399	0.77096325	../../benchmark_data/class-i/pdb/7ndt_pmhc_tcr.pdb	../pred_pdb/af3/pmhc_tcr/classI/results_classI_no_template/ranked_1/7ndt_pmhc_tcr.pdb	after	ranked_1
75	7ndu	0.707	0.723	1.698	1.73	90.86	93.07124999999999	85.71733333333331	97.37	95.66818181818184	94.30846153846154	89.70607142857143	95.72216216216216	96.15795580110498	94.0975	96.07074074074073	95.41995412844035	1.119676	0.3092104	2.1912792	0.27397257	0.30839217	1.6861364	2.2445443	1.3576565	1.1085802	1.3455076	1.1696028	1.2710783	../../benchmark_data/class-i/pdb/7ndu_pmhc_tcr.pdb	../pred_pdb/af3/pmhc_tcr/classI/results_classI_no_template/ranked_1/7ndu_pmhc_tcr.pdb	after	ranked_1
76	7nme	0.888	0.787	0.517	1.133	91.45545454545454	94.235	96.32307692307691	97.39000000000001	97.30545454545454	97.85818181818182	97.02666666666666	96.60311111111113	97.31729281767954	97.01444444444445	97.30294736842104	95.98465116279071	0.40357384	0.26674715	0.26263708	0.24738066	0.15119515	0.17738885	0.25275916	0.731001	0.49999806	0.17629923	0.49083555	0.77059764	../../benchmark_data/class-i/pdb/7nme_pmhc_tcr.pdb	../pred_pdb/af3/pmhc_tcr/classI/results_classI_no_template/ranked_1/7nme_pmhc_tcr.pdb	after	ranked_1
77	7nmf	0.907	0.873	0.576	1.344	91.71909090909091	94.535	96.24	97.397	97.15545454545455	97.93	97.01458333333335	96.55992592592594	97.26116022099448	97.00888888888889	97.2492105263158	95.9507906976744	0.4239371	0.3244331	0.30286908	0.15376697	0.15595022	0.15831016	0.30494362	0.71221274	0.40077952	0.2869697	0.39735854	0.79163677	../../benchmark_data/class-i/pdb/7nmf_pmhc_tcr.pdb	../pred_pdb/af3/pmhc_tcr/classI/results_classI_no_template/ranked_1/7nmf_pmhc_tcr.pdb	after	ranked_1
78	7nmg	0.833	0.764	0.755	2.19	89.17818181818181	93.18500000000002	95.52307692307691	97.171	96.99090909090908	97.60454545454546	96.47708333333333	96.12550617283951	97.08944751381215	96.60333333333332	97.0664210526316	95.294	0.3569527	0.16976115	0.39431125	0.30078888	0.13527662	0.22262372	0.41236854	0.9841644	0.4533449	0.49002236	0.45955905	0.84967864	../../benchmark_data/class-i/pdb/7nmg_pmhc_tcr.pdb	../pred_pdb/af3/pmhc_tcr/classI/results_classI_no_template/ranked_1/7nmg_pmhc_tcr.pdb	after	ranked_1
79	7ow5	0.904	0.875	0.547	1.834	95.41249999999998	87.74090909090908	96.134375	97.502	96.32900000000001	96.508125	96.32125	96.31375903614459	97.26172222222223	89.92499999999998	96.87557894736842	95.83933333333333	0.3259867	0.6856528	0.2574205	0.24414474	0.17429323	0.31247798	0.32055262	0.72296077	0.38500538	0.4077735	0.387823	0.47437117	../../benchmark_data/class-i/pdb/7ow5_pmhc_tcr.pdb	../pred_pdb/af3/pmhc_tcr/classI/results_classI_no_template/ranked_1/7ow5_pmhc_tcr.pdb	after	ranked_1
80	7ow6	0.899	0.877	0.488	2.552	96.38916666666665	88.69818181818182	96.39124999999999	96.988	96.208	97.08125000000001	96.73625	96.44930288461539	97.40375690607736	97.316	97.39916230366491	95.64297777777777	0.16763613	0.78732306	0.155913	0.28673765	0.30886728	0.37811512	0.32757866	0.8786654	0.35254294	0.2678588	0.35511732	0.57565856	../../benchmark_data/class-i/pdb/7ow6_pmhc_tcr.pdb	../pred_pdb/af3/pmhc_tcr/classI/results_classI_no_template/ranked_1/7ow6_pmhc_tcr.pdb	after	ranked_1
81	7pb2	0.146	0.082	5.87	13.185	81.81416666666667	79.60272727272728	67.645625	89.06199999999998	80.35	75.261875	71.45375000000001	90.60684337349399	92.41066666666667	82.204	91.87347368421052	89.53724444444445	0.30664662	1.3032473	1.0898848	0.2306801	0.252252	1.112894	1.4343213	5.7141194	0.6518105	0.72789747	0.6652974	0.80400974	../../benchmark_data/class-i/pdb/7pb2_pmhc_tcr.pdb	../pred_pdb/af3/pmhc_tcr/classI/results_classI_no_template/ranked_1/7pb2_pmhc_tcr.pdb	after	ranked_1
82	7pbe	0.824	0.844	1.113	1.083	96.51636363636364	95.33125	97.2925	96.509	96.0909090909091	97.43846153846154	97.36840000000001	96.61624691358026	97.48292817679558	97.82333333333334	97.49905263157895	95.83609302325583	0.4816784	1.4817419	0.56058335	0.6893649	0.24049436	0.58077204	0.72806793	1.0247442	0.6763958	0.21899445	0.6637214	1.0295783	../../benchmark_data/class-i/pdb/7pbe_pmhc_tcr.pdb	../pred_pdb/af3/pmhc_tcr/classI/results_classI_no_template/ranked_1/7pbe_pmhc_tcr.pdb	after	ranked_1
83	7phr	0.909	0.841	0.462	1.443	97.404	98.34800000000001	98.08454545454543	98.452	98.52499999999999	98.67384615384617	98.40375	97.42344999999999	98.11988950276243	98.61	98.1431052631579	96.77233333333332	0.2638956	0.28958467	0.38820785	0.1755387	0.24309	0.16984776	0.3161777	0.88619286	0.39012596	0.2064109	0.38434848	0.7971693	../../benchmark_data/class-i/pdb/7phr_pmhc_tcr.pdb	../pred_pdb/af3/pmhc_tcr/classI/results_classI_no_template/ranked_1/7phr_pmhc_tcr.pdb	after	ranked_1
84	7q99	0.628	0.603	1.491	4.521	96.08636363636364	95.99777777777778	91.9190909090909	91.60545454545455	91.22555555555556	88.86866666666667	90.15923076923076	95.19889434889434	96.77569060773482	95.135	96.6897905759162	93.88055555555555	0.37980935	0.30654484	0.40972418	0.3710035	0.29902008	0.38685447	0.6118588	1.8773673	0.3343539	0.2531449	0.33430114	0.84303236	../../benchmark_data/class-i/pdb/7q99_pmhc_tcr.pdb	../pred_pdb/af3/pmhc_tcr/classI/results_classI_no_template/ranked_1/7q99_pmhc_tcr.pdb	after	ranked_1
85	7q9a	0.862	0.827	0.753	1.71	94.16727272727275	92.18777777777777	91.83090909090907	92.03363636363636	90.05555555555554	91.05666666666667	91.38423076923078	94.57407862407861	96.06066298342539	94.887	95.99921465968586	93.3138888888889	0.18324289	0.27469668	0.9644386	0.23364612	0.3230064	0.24659671	0.8078299	0.90350074	0.3127733	0.14554875	0.30924967	0.72553194	../../benchmark_data/class-i/pdb/7q9a_pmhc_tcr.pdb	../pred_pdb/af3/pmhc_tcr/classI/results_classI_no_template/ranked_1/7q9a_pmhc_tcr.pdb	after	ranked_1
86	7q9b	0.281	0.287	3.841	9.93	88.0509090909091	94.98555555555555	76.96875	93.03800000000001	90.08900000000001	86.46375	83.29875	94.00881481481481	96.33900552486188	94.03799999999998	96.2185340314136	92.03658878504673	0.4886947	0.28910348	1.6178856	0.27325717	0.32475457	1.6770006	2.7530508	4.583928	0.6252738	0.34384727	0.62240523	1.6625196	../../benchmark_data/class-i/pdb/7q9b_pmhc_tcr.pdb	../pred_pdb/af3/pmhc_tcr/classI/results_classI_no_template/ranked_1/7q9b_pmhc_tcr.pdb	after	ranked_1
87	7qpj	0.857	0.681	0.5	0.856	97.43545454545455	98.05444444444444	97.56307692307692	97.584	95.961	98.08454545454546	97.80208333333333	97.3634987593052	97.48061111111112	97.96111111111111	97.50349206349208	97.23985981308412	0.26598272	0.3585108	0.13239068	0.14770454	0.11108157	0.52583224	0.6148009	0.56667835	0.40555525	0.24466062	0.40346837	0.51269805	../../benchmark_data/class-i/pdb/7qpj_pmhc_tcr.pdb	../pred_pdb/af3/pmhc_tcr/classI/results_classI_no_template/ranked_1/7qpj_pmhc_tcr.pdb	after	ranked_1
88	7r80	0.158	0.081	6.58	11.769	82.78727272727272	85.79999999999998	86.3723076923077	88.09900000000002	83.588	83.21533333333333	84.68107142857143	91.37251833740831	91.82309392265194	80.55888888888889	91.28952631578949	91.4445205479452	1.8828183	0.4169722	0.5913116	0.294231	0.22654453	0.66768926	0.866546	20.488857	0.49865943	0.6866002	0.51744086	1.0331578	../../benchmark_data/class-i/pdb/7r80_pmhc_tcr.pdb	../pred_pdb/af3/pmhc_tcr/classI/results_classI_no_template/ranked_1/7r80_pmhc_tcr.pdb	after	ranked_1
89	7rk7	0.038	0.0	17.296	24.727	82.0325	83.30875	61.847500000000004	85.95400000000001	83.83	69.001	65.82166666666667	90.31756626506022	93.56850828729283	94.78444444444445	93.6261052631579	87.52368888888888	0.40649247	0.20969598	2.4991775	0.44654125	0.2049572	4.9702888	4.318728	18.613045	0.5366017	0.80927986	0.56130475	2.1297865	../../benchmark_data/class-i/pdb/7rk7_pmhc_tcr.pdb	../pred_pdb/af3/pmhc_tcr/classI/results_classI_no_template/ranked_1/7rk7_pmhc_tcr.pdb	after	ranked_1
90	7rm4	0.044	0.0	12.795	23.143	86.46909090909091	92.292	86.43166666666667	93.679	90.28454545454545	86.32199999999999	86.37074074074073	94.41171149144255	95.26198895027623	94.90333333333334	95.24500000000002	93.68876712328768	0.7794541	0.54975647	1.1532538	0.1790832	0.15547615	2.2057881	2.2147515	14.512307	0.4433608	0.3782074	0.44757146	1.2721688	../../benchmark_data/class-i/pdb/7rm4_pmhc_tcr.pdb	../pred_pdb/af3/pmhc_tcr/classI/results_classI_no_template/ranked_1/7rm4_pmhc_tcr.pdb	after	ranked_1
91	7rrg	0.219	0.222	5.21	11.353	82.87666666666667	84.52250000000001	69.18133333333334	87.014	80.85818181818182	79.10857142857142	73.97379310344827	91.4679217603912	93.06668508287295	84.22444444444444	92.64784210526315	90.44424657534248	0.2040843	0.21160175	2.8948772	0.20392847	0.44481063	1.1277586	2.701519	5.1171665	0.5694501	0.8641034	0.5901902	1.2009765	../../benchmark_data/class-i/pdb/7rrg_pmhc_tcr.pdb	../pred_pdb/af3/pmhc_tcr/classI/results_classI_no_template/ranked_1/7rrg_pmhc_tcr.pdb	after	ranked_1
92	7rtr	0.34	0.27	3.437	7.097	88.28818181818181	88.77111111111111	88.79636363636364	91.477	88.9890909090909	90.69181818181818	89.74409090909093	94.00960687960686	94.3759668508287	88.66444444444444	94.10542105263157	93.92571428571428	0.45279706	0.25346097	0.9046549	0.2813074	0.22242483	0.33341208	0.95233953	2.9769156	0.41356322	0.23957305	0.40977845	1.003158	../../benchmark_data/class-i/pdb/7rtr_pmhc_tcr.pdb	../pred_pdb/af3/pmhc_tcr/classI/results_classI_no_template/ranked_1/7rtr_pmhc_tcr.pdb	after	ranked_1
93	7su9	0.451	0.414	2.747	5.439	85.2675	88.59	76.84533333333334	90.917	89.794	78.58133333333333	77.71333333333334	92.60284313725492	94.11444444444443	86.41222222222223	93.74767195767197	91.61484018264841	0.46852747	0.6988194	2.7808235	0.37713298	0.27222297	2.234801	2.716929	2.9487834	0.47749212	0.5174754	0.4842275	1.3572782	../../benchmark_data/class-i/pdb/7su9_pmhc_tcr.pdb	../pred_pdb/af3/pmhc_tcr/classI/results_classI_no_template/ranked_1/7su9_pmhc_tcr.pdb	after	ranked_1
94	8cx4	0.78	0.712	0.932	2.7	89.39	88.93199999999999	85.0694117647059	93.63699999999999	90.15899999999999	87.64533333333333	86.27687499999999	94.20915254237289	95.75900552486186	92.34222222222223	95.59715789473682	93.02654708520178	0.38057625	0.3389549	0.50512785	0.21409588	0.15541919	0.57334733	0.6850511	1.1817769	0.46215737	0.30444056	0.4586411	0.6005738	../../benchmark_data/class-i/pdb/8cx4_pmhc_tcr.pdb	../pred_pdb/af3/pmhc_tcr/classI/results_classI_no_template/ranked_1/8cx4_pmhc_tcr.pdb	after	ranked_1
95	8d5q	0.867	0.792	0.652	1.574	93.34818181818181	95.825	92.37	95.79181818181819	95.67272727272729	95.22866666666668	93.75322580645161	96.04382352941178	95.61511363636363	94.656	95.56354838709677	96.44621621621623	0.44695288	0.24295285	0.28212285	0.18057624	0.22675641	0.3589406	0.40171182	0.87310994	0.67124623	0.33680764	0.6622139	0.5568472	../../benchmark_data/class-i/pdb/8d5q_pmhc_tcr.pdb	../pred_pdb/af3/pmhc_tcr/classI/results_classI_no_template/ranked_1/8d5q_pmhc_tcr.pdb	after	ranked_1
96	8dnt	0.689	0.781	1.429	4.74	93.48181818181818	93.49777777777778	91.44333333333333	95.797	90.04272727272728	93.89642857142857	92.76423076923076	95.45390663390664	96.64193370165746	95.70555555555555	96.59757894736842	94.45253456221198	0.5908647	0.29372588	0.66009086	0.46776557	0.6943564	0.63778025	1.031261	2.1521657	0.7167645	0.67448	0.7295682	1.2101948	../../benchmark_data/class-i/pdb/8dnt_pmhc_tcr.pdb	../pred_pdb/af3/pmhc_tcr/classI/results_classI_no_template/ranked_1/8dnt_pmhc_tcr.pdb	after	ranked_1
97	8en8	0.467	0.425	2.47	5.489	91.92181818181818	94.997	84.48000000000002	86.00272727272727	89.65499999999999	83.64733333333334	84.0493103448276	94.06742718446601	95.81594444444445	91.98888888888888	95.63370370370373	92.73995515695069	0.27535027	0.14740393	2.0350988	0.41988382	0.44386438	2.226169	2.9320838	1.8839916	0.3130822	0.33911857	0.3223765	1.5546091	../../benchmark_data/class-i/pdb/8en8_pmhc_tcr.pdb	../pred_pdb/af3/pmhc_tcr/classI/results_classI_no_template/ranked_1/8en8_pmhc_tcr.pdb	after	ranked_1
98	8enh	0.829	0.765	0.889	1.137	93.09909090909092	96.66	85.9157142857143	95.63181818181819	93.73916666666666	96.09333333333332	91.17999999999999	96.09128953771291	97.21670391061453	97.3388888888889	97.22255319148934	95.13757847533633	0.40673098	0.12855189	1.5114278	0.32265797	0.4095257	0.29777497	1.3459	0.82051176	0.46426043	0.22613771	0.4582487	0.86897767	../../benchmark_data/class-i/pdb/8enh_pmhc_tcr.pdb	../pred_pdb/af3/pmhc_tcr/classI/results_classI_no_template/ranked_1/8enh_pmhc_tcr.pdb	after	ranked_1
99	8eo8	0.679	0.676	1.508	3.374	90.67909090909092	94.44800000000001	80.82785714285716	87.50636363636364	88.66833333333335	82.56066666666666	81.72413793103448	93.90990267639903	95.45977653631284	89.07	95.15388297872343	92.8611659192825	0.48568878	0.12226269	2.0057323	0.27980477	0.19871308	0.8710398	2.1940184	1.2588269	0.52176887	0.2688692	0.5143955	1.1390908	../../benchmark_data/class-i/pdb/8eo8_pmhc_tcr.pdb	../pred_pdb/af3/pmhc_tcr/classI/results_classI_no_template/ranked_1/8eo8_pmhc_tcr.pdb	after	ranked_1
100	8f5a	0.549	0.571	2.219	4.759	88.79363636363635	90.388	84.23133333333334	91.38300000000001	86.958	85.12333333333333	84.62777777777775	93.53601466992664	94.79287292817679	71.843	93.59130890052357	93.48756880733946	0.34732714	2.160092	1.978043	0.26972067	0.31498185	1.3233552	2.5287216	2.554649	0.33850235	0.60409486	0.36847	1.4366955	../../benchmark_data/class-i/pdb/8f5a_pmhc_tcr.pdb	../pred_pdb/af3/pmhc_tcr/classI/results_classI_no_template/ranked_1/8f5a_pmhc_tcr.pdb	after	ranked_1
101	8gom	0.538	0.512	2.198	4.458	88.22249999999998	85.64777777777778	85.77272727272728	86.37500000000001	82.55545454545455	75.484	79.83692307692309	92.48726829268293	94.12209944751385	88.58111111111111	93.85963157894737	91.30204545454546	0.22406995	0.34688643	0.90071005	0.1771297	0.24591517	1.8212078	1.7435963	2.1232991	0.38926774	0.8133551	0.4391667	0.8807498	../../benchmark_data/class-i/pdb/8gom_pmhc_tcr.pdb	../pred_pdb/af3/pmhc_tcr/classI/results_classI_no_template/ranked_1/8gom_pmhc_tcr.pdb	after	ranked_1
102	8gon	0.093	0.029	10.753	15.479	81.71583333333334	79.1711111111111	81.92636363636365	85.346	81.42636363636363	74.42	77.59576923076924	91.00092682926831	92.20690607734805	89.74555555555554	92.09031578947366	90.06009090909092	0.5914389	0.22899559	1.0914285	0.24374557	0.20736243	1.8037694	1.8521453	21.16518	0.35672867	0.44450474	0.37383732	0.85045534	../../benchmark_data/class-i/pdb/8gon_pmhc_tcr.pdb	../pred_pdb/af3/pmhc_tcr/classI/results_classI_no_template/ranked_1/8gon_pmhc_tcr.pdb	after	ranked_1
103	8gvb	0.82	0.864	1.052	2.399	86.22818181818182	94.13454545454546	91.49714285714288	97.58900000000001	96.95	96.58199999999998	94.12724137931035	95.7859756097561	96.70733333333334	96.9525	96.7177659574468	94.99689189189188	1.6123313	0.8405628	0.7749385	0.49629992	0.65288216	0.44631204	0.7598147	1.048624	0.6715101	0.3411177	0.6675967	0.8732032	../../benchmark_data/class-i/pdb/8gvb_pmhc_tcr.pdb	../pred_pdb/af3/pmhc_tcr/classI/results_classI_no_template/ranked_1/8gvb_pmhc_tcr.pdb	after	ranked_1
104	8gvg	0.839	0.866	0.959	2.118	87.41454545454545	94.9909090909091	91.64714285714285	97.6	97.19454545454546	96.952	94.39103448275863	96.21661800486618	97.04447513812154	96.78375	97.03343915343915	95.52121621621622	0.93959785	0.91713417	0.6683848	0.48547494	0.67927146	0.477274	0.6849661	0.94251657	0.64353615	0.41045406	0.644406	0.8256071	../../benchmark_data/class-i/pdb/8gvg_pmhc_tcr.pdb	../pred_pdb/af3/pmhc_tcr/classI/results_classI_no_template/ranked_1/8gvg_pmhc_tcr.pdb	after	ranked_1
105	8gvi	0.895	0.926	0.806	1.081	95.3690909090909	97.08545454545455	97.65928571428569	97.836	97.49181818181818	98.28866666666666	97.98482758620689	97.03141119221412	97.49607734806631	98.17625	97.52486772486773	96.6113063063063	1.465778	0.8952883	0.3735055	0.41281623	0.37368432	0.46328083	0.51898396	0.792238	0.5606632	0.31944847	0.5561158	0.8541107	../../benchmark_data/class-i/pdb/8gvi_pmhc_tcr.pdb	../pred_pdb/af3/pmhc_tcr/classI/results_classI_no_template/ranked_1/8gvi_pmhc_tcr.pdb	after	ranked_1
106	8i5c	0.789	0.746	1.071	1.776	94.16727272727272	94.27222222222221	93.71749999999999	94.49800000000002	92.54599999999999	92.52846153846153	93.09919999999998	96.0848888888889	96.21060773480664	87.86999999999999	95.81552631578946	96.32293023255814	0.23508202	0.2712958	0.2758384	0.2761009	0.3635555	1.3774507	1.364043	0.8132245	0.3405257	1.7360033	0.52409405	0.6337464	../../benchmark_data/class-i/pdb/8i5c_pmhc_tcr.pdb	../pred_pdb/af3/pmhc_tcr/classI/results_classI_no_template/ranked_1/8i5c_pmhc_tcr.pdb	after	ranked_1
107	8i5d	0.595	0.508	1.666	3.864	85.60999999999999	89.11699999999999	82.08166666666666	94.694	89.42909090909092	86.49533333333333	84.53370370370372	93.93334158415841	95.05944751381215	84.92444444444445	94.57936842105264	93.35976635514018	0.2650429	0.23045257	1.1994919	0.16883308	0.23749241	0.7211493	1.0601655	1.8397444	0.44337028	1.7725917	0.60837466	1.1386445	../../benchmark_data/class-i/pdb/8i5d_pmhc_tcr.pdb	../pred_pdb/af3/pmhc_tcr/classI/results_classI_no_template/ranked_1/8i5d_pmhc_tcr.pdb	after	ranked_1
108	8qfy	0.893	0.836	0.578	1.449	97.39545454545456	96.98666666666665	97.03416666666668	98.09799999999998	97.01909090909089	98.3625	97.69833333333334	96.96886419753086	96.92585635359117	97.8488888888889	96.96957894736843	96.96823255813953	0.26243803	0.25783443	0.21599352	0.33591664	0.1744494	0.18576005	0.32962692	0.6994453	0.6918228	0.33099422	0.6841319	0.46337882	../../benchmark_data/class-i/pdb/8qfy_pmhc_tcr.pdb	../pred_pdb/af3/pmhc_tcr/classI/results_classI_no_template/ranked_1/8qfy_pmhc_tcr.pdb	after	ranked_1
109	8shi	0.249	0.292	3.901	12.215	83.122	88.45000000000002	69.76647058823531	93.136	85.112	88.95571428571428	78.43258064516128	92.48329207920793	93.65377777777778	88.79249999999999	93.446914893617	91.64458333333333	0.34996432	0.4251831	3.3410623	0.20744154	0.22608	0.37207755	2.7781193	4.1835012	0.6892077	1.4149528	0.7659796	1.6606424	../../benchmark_data/class-i/pdb/8shi_pmhc_tcr.pdb	../pred_pdb/af3/pmhc_tcr/classI/results_classI_no_template/ranked_1/8shi_pmhc_tcr.pdb	after	ranked_1
110	8wte	0.647	0.6	1.609	3.185	91.57272727272726	91.40777777777778	91.69769230769231	93.98499999999999	90.628	89.885625	90.69793103448275	94.68374083129584	95.12861878453037	84.97	94.64742105263159	94.71525114155251	0.19743475	0.2597007	0.51152366	0.26597384	0.1730464	1.3763415	1.2478912	1.4272643	0.38661674	1.3882728	0.52934843	1.0012221	../../benchmark_data/class-i/pdb/8wte_pmhc_tcr.pdb	../pred_pdb/af3/pmhc_tcr/classI/results_classI_no_template/ranked_1/8wte_pmhc_tcr.pdb	after	ranked_1
111	8wul	0.718	0.7	1.307	3.072	91.58363636363634	92.22444444444443	91.87538461538462	94.773	91.74900000000001	89.07874999999999	90.33241379310344	95.26880195599023	96.33011049723757	90.30555555555556	96.04473684210527	94.59561643835617	0.38950112	0.30288038	0.6729257	0.18848094	0.1901245	1.0775309	1.0506828	1.3793113	0.36446443	0.2142953	0.3623951	0.846065	../../benchmark_data/class-i/pdb/8wul_pmhc_tcr.pdb	../pred_pdb/af3/pmhc_tcr/classI/results_classI_no_template/ranked_1/8wul_pmhc_tcr.pdb	after	ranked_1
112	6zkw	0.514	0.724	3.083	6.559	95.46999999999998	95.96799999999999	95.19384615384615	97.56099999999999	95.774	95.97562500000001	95.6251724137931	96.04728606356967	95.68416666666667	94.69666666666666	95.63714285714285	96.39963636363636	0.56778574	0.1472571	0.21480682	0.1591717	0.14176156	0.50095433	0.6796673	3.3670144	0.6411539	0.18747878	0.632217	1.1769764	../../benchmark_data/class-i/pdb/6zkw_pmhc_tcr.pdb	../pred_pdb/af3/pmhc_tcr/classI/results_classI_no_template/ranked_2/6zkw_pmhc_tcr.pdb	after	ranked_2
113	6zkx	0.188	0.174	4.312	13.588	86.29363636363637	86.15	84.03923076923077	90.045	80.95100000000001	80.753125	82.22620689655172	89.7401703163017	88.0277094972067	79.71249999999999	87.50528795811516	91.68045454545455	0.5146513	0.17449361	0.63455105	0.15160888	0.12551075	0.66925657	1.0062596	5.50446	2.172413	1.4135777	2.2190533	1.017223	../../benchmark_data/class-i/pdb/6zkx_pmhc_tcr.pdb	../pred_pdb/af3/pmhc_tcr/classI/results_classI_no_template/ranked_2/6zkx_pmhc_tcr.pdb	after	ranked_2
114	6zky	0.75	0.698	1.22	1.973	88.06454545454545	89.51399999999998	87.7376923076923	92.76700000000001	85.128	83.611875	85.46137931034481	92.57188725490197	92.55594444444445	82.465	92.12654255319147	92.95245454545454	0.5483498	0.3043587	0.52810663	0.15939291	0.16912325	0.66016924	0.93143076	1.0681723	0.7917965	2.2588618	1.0226387	0.8368557	../../benchmark_data/class-i/pdb/6zky_pmhc_tcr.pdb	../pred_pdb/af3/pmhc_tcr/classI/results_classI_no_template/ranked_2/6zky_pmhc_tcr.pdb	after	ranked_2
115	6zkz	0.271	0.254	3.726	10.027	89.29636363636364	91.218	80.95384615384614	92.92	88.279	86.71187499999999	84.13068965517242	93.41884803921569	94.47372222222222	91.42625000000001	94.34404255319149	92.62822727272727	0.37647152	0.159061	1.7981727	0.15692295	0.15909158	2.5327106	2.8895323	3.4219725	0.8850804	2.3113408	1.0776772	2.022176	../../benchmark_data/class-i/pdb/6zkz_pmhc_tcr.pdb	../pred_pdb/af3/pmhc_tcr/classI/results_classI_no_template/ranked_2/6zkz_pmhc_tcr.pdb	after	ranked_2
116	7dzm	0.888	0.884	0.655	2.163	95.25416666666666	96.3075	96.628	97.847	97.63181818181819	97.06666666666666	96.82296296296298	96.85581280788178	96.9598888888889	97.83777777777777	97.00169312169312	96.72875576036866	0.22214352	0.15699276	0.37595496	0.19055052	0.13005163	0.2237586	0.4126482	0.995681	0.7531846	0.1970011	0.7403936	0.39030933	../../benchmark_data/class-i/pdb/7dzm_pmhc_tcr.pdb	../pred_pdb/af3/pmhc_tcr/classI/results_classI_no_template/ranked_2/7dzm_pmhc_tcr.pdb	after	ranked_2
117	7dzn	0.153	0.119	5.53	13.918	90.78500000000001	93.06375	83.03199999999998	93.47999999999999	91.3718181818182	89.61416666666666	85.9574074074074	94.4075802469136	95.2745810055866	87.29555555555555	94.89260638297871	93.98737327188941	0.20577937	0.14405772	1.1112847	0.18520989	0.16963783	0.517008	1.1948464	5.5816326	0.5069049	0.38167077	0.5069113	1.0734972	../../benchmark_data/class-i/pdb/7dzn_pmhc_tcr.pdb	../pred_pdb/af3/pmhc_tcr/classI/results_classI_no_template/ranked_2/7dzn_pmhc_tcr.pdb	after	ranked_2
118	7l1d	0.464	0.459	3.436	4.626	87.4209090909091	93.36333333333332	79.97769230769231	92.043	91.79599999999999	75.97368421052632	77.6003125	93.51968215158925	96.42204419889502	87.79222222222224	96.01326315789474	91.356301369863	0.5154331	0.30916682	1.2003328	0.23531102	0.22975558	3.8955102	5.0106664	2.983789	0.47641298	0.3649891	0.48031488	2.9058943	../../benchmark_data/class-i/pdb/7l1d_pmhc_tcr.pdb	../pred_pdb/af3/pmhc_tcr/classI/results_classI_no_template/ranked_2/7l1d_pmhc_tcr.pdb	after	ranked_2
119	7n2n	0.236	0.211	3.497	11.759	85.34090909090911	86.94300000000001	80.41	90.122	88.83399999999999	80.128	80.2778125	92.65317191283293	94.59817679558009	89.46555555555555	94.35505263157894	91.20313901345291	0.53183955	0.37140274	1.5555434	0.22292544	0.20355003	1.626744	2.5354023	3.9693701	0.35768232	0.7488234	0.3951545	1.3905797	../../benchmark_data/class-i/pdb/7n2n_pmhc_tcr.pdb	../pred_pdb/af3/pmhc_tcr/classI/results_classI_no_template/ranked_2/7n2n_pmhc_tcr.pdb	after	ranked_2
120	7n2o	0.692	0.729	1.441	3.901	93.47272727272725	93.38399999999999	88.21176470588235	95.372	93.59599999999999	90.66399999999999	89.36125	95.37753026634383	96.65994475138122	95.68555555555557	96.61378947368422	94.32421524663677	0.2213648	0.19263993	1.0835701	0.18344584	0.15014665	0.7042681	1.3877716	1.4822073	0.30486003	0.17929731	0.31305772	0.9646742	../../benchmark_data/class-i/pdb/7n2o_pmhc_tcr.pdb	../pred_pdb/af3/pmhc_tcr/classI/results_classI_no_template/ranked_2/7n2o_pmhc_tcr.pdb	after	ranked_2
121	7n2p	0.431	0.397	2.463	6.567	84.07454545454546	83.56	80.41727272727272	88.256	84.256	75.19133333333335	77.40230769230769	91.41670761670763	93.28419889502764	84.39777777777778	92.86326315789476	90.15013824884794	0.45357284	0.40770233	1.6315726	0.19315557	0.13931756	1.14214	1.9644359	2.3117502	0.43440583	0.60652936	0.4484759	1.0611508	../../benchmark_data/class-i/pdb/7n2p_pmhc_tcr.pdb	../pred_pdb/af3/pmhc_tcr/classI/results_classI_no_template/ranked_2/7n2p_pmhc_tcr.pdb	after	ranked_2
122	7n2q	0.439	0.458	2.545	6.931	81.7690909090909	81.154	79.13818181818182	87.973	81.533	72.334	75.21269230769232	90.79383292383294	92.75292817679558	85.93	92.42973684210526	89.36147465437787	0.3699653	0.43743822	1.6027339	0.17397027	0.21423408	0.9594553	1.8609244	3.02675	0.37580743	0.64626753	0.39557374	0.9622317	../../benchmark_data/class-i/pdb/7n2q_pmhc_tcr.pdb	../pred_pdb/af3/pmhc_tcr/classI/results_classI_no_template/ranked_2/7n2q_pmhc_tcr.pdb	after	ranked_2
123	7n2r	0.044	0.0	15.807	22.826	87.8409090909091	87.809	81.25818181818182	89.501	83.18699999999998	74.45599999999999	77.33384615384615	91.28159705159707	93.21618784530388	91.33222222222223	93.12694736842104	89.6658525345622	0.46533415	0.3281499	0.6978074	0.23986019	0.18291083	1.9131902	2.0837288	16.689022	0.4337142	0.6595865	0.45082065	0.9347121	../../benchmark_data/class-i/pdb/7n2r_pmhc_tcr.pdb	../pred_pdb/af3/pmhc_tcr/classI/results_classI_no_template/ranked_2/7n2r_pmhc_tcr.pdb	after	ranked_2
124	7n2s	0.203	0.288	5.182	15.015	84.82636363636364	85.41900000000001	78.51499999999999	86.869	84.204	79.194	78.84354838709677	91.64769417475728	93.27922651933702	85.45444444444445	92.90857894736843	90.56855855855856	1.3024753	0.3848457	1.2196237	0.49771357	0.20459165	0.6274003	2.203238	5.584838	0.40324637	0.42875034	0.41261354	1.5196747	../../benchmark_data/class-i/pdb/7n2s_pmhc_tcr.pdb	../pred_pdb/af3/pmhc_tcr/classI/results_classI_no_template/ranked_2/7n2s_pmhc_tcr.pdb	after	ranked_2
125	7n4k	0.732	0.782	1.261	3.868	89.84249999999999	90.60375	84.64153846153846	96.469	95.1	93.21909090909092	88.57291666666667	95.153175	95.86994350282485	95.72	95.86192513368984	94.53093896713615	0.21990004	0.80051816	0.67008364	0.48317453	0.12623583	0.6993846	0.76234	1.7700322	1.5546432	0.21679837	1.5170442	0.97073215	../../benchmark_data/class-i/pdb/7n4k_pmhc_tcr.pdb	../pred_pdb/af3/pmhc_tcr/classI/results_classI_no_template/ranked_2/7n4k_pmhc_tcr.pdb	after	ranked_2
126	7n5c	0.698	0.825	1.244	5.877	89.635	89.97625	83.40461538461538	93.16099999999999	87.02799999999999	90.95	86.86291666666666	93.81346534653466	94.08320441988951	93.381	94.04643979057589	93.60455399061034	0.23503835	0.10764178	0.6037329	0.39127344	0.10145262	0.34843782	0.72308505	2.2068596	1.5808713	0.24075434	1.54064	1.4269418	../../benchmark_data/class-i/pdb/7n5c_pmhc_tcr.pdb	../pred_pdb/af3/pmhc_tcr/classI/results_classI_no_template/ranked_2/7n5c_pmhc_tcr.pdb	after	ranked_2
127	7n5p	0.716	0.746	1.245	4.135	88.41666666666667	88.69	78.58	95.71799999999999	93.35499999999999	90.93727272727273	84.24374999999999	94.51827067669173	95.56295454545456	94.428	95.50193548387097	93.65929577464789	0.23459479	0.304739	1.1880312	0.4911031	0.11269056	0.6452302	1.0601983	1.7802663	1.1652881	0.28768158	1.1414211	1.1129663	../../benchmark_data/class-i/pdb/7n5p_pmhc_tcr.pdb	../pred_pdb/af3/pmhc_tcr/classI/results_classI_no_template/ranked_2/7n5p_pmhc_tcr.pdb	after	ranked_2
128	7na5	0.24	0.388	5.57	14.163	93.84272727272727	93.58333333333333	94.07181818181817	95.814	90.49499999999999	94.76066666666667	94.46923076923076	94.52227160493828	93.62116666666665	94.59444444444443	93.66751322751323	95.27018518518518	0.6485387	0.29944086	0.92829186	0.26055816	0.37330678	0.64685416	1.1000881	6.442647	1.7478253	0.54456717	1.7119845	0.6544652	../../benchmark_data/class-i/pdb/7na5_pmhc_tcr.pdb	../pred_pdb/af3/pmhc_tcr/classI/results_classI_no_template/ranked_2/7na5_pmhc_tcr.pdb	after	ranked_2
129	7ndq	0.53	0.45	2.208	3.944	85.65416666666668	86.47749999999999	77.81866666666664	94.305	92.14545454545454	87.1723076923077	82.16142857142856	93.75215686274511	95.1	94.00111111111111	95.04794736842105	92.6227981651376	0.77974683	0.85066324	2.58512	0.30050334	0.3536701	1.9421055	2.449397	2.0975041	1.0603335	2.1431513	1.1690676	1.4076463	../../benchmark_data/class-i/pdb/7ndq_pmhc_tcr.pdb	../pred_pdb/af3/pmhc_tcr/classI/results_classI_no_template/ranked_2/7ndq_pmhc_tcr.pdb	after	ranked_2
130	7ndt	0.683	0.623	1.444	2.695	83.12333333333332	86.6175	81.26357142857145	91.886	87.22636363636364	88.07083333333334	84.40538461538462	92.4883415841584	92.47138888888888	81.75874999999999	92.01553191489363	92.89986111111111	0.23897427	0.2178164	0.83982974	0.17792967	0.24945919	0.58547425	0.9490586	1.4279599	0.73217356	2.189497	0.92521036	0.7331383	../../benchmark_data/class-i/pdb/7ndt_pmhc_tcr.pdb	../pred_pdb/af3/pmhc_tcr/classI/results_classI_no_template/ranked_2/7ndt_pmhc_tcr.pdb	after	ranked_2
131	7ndu	0.696	0.708	1.742	1.865	89.33	91.945	83.86666666666665	97.37799999999999	95.54363636363637	93.3992307692308	88.2925	95.46189189189187	96.20469613259668	94.14	96.11730158730158	94.89366972477065	0.8783386	0.27065718	2.2882464	0.26707938	0.33854464	1.8601779	2.3403044	1.4321377	1.1532642	1.3406767	1.2111498	1.3990432	../../benchmark_data/class-i/pdb/7ndu_pmhc_tcr.pdb	../pred_pdb/af3/pmhc_tcr/classI/results_classI_no_template/ranked_2/7ndu_pmhc_tcr.pdb	after	ranked_2
132	7nme	0.867	0.773	0.599	1.589	91.66545454545455	94.335	96.27846153846153	97.402	97.31272727272727	97.87909090909092	97.01208333333334	96.59288888888888	97.2350276243094	97.05333333333334	97.22642105263157	96.03302325581394	0.35873756	0.263554	0.274721	0.25850156	0.14352852	0.2167498	0.28172708	0.82500297	0.4785979	0.19477561	0.47041953	0.838348	../../benchmark_data/class-i/pdb/7nme_pmhc_tcr.pdb	../pred_pdb/af3/pmhc_tcr/classI/results_classI_no_template/ranked_2/7nme_pmhc_tcr.pdb	after	ranked_2
133	7nmf	0.867	0.831	0.68	2.115	91.33363636363637	94.305	96.21692307692307	97.364	97.27727272727272	97.83545454545452	96.95875	96.56034567901236	97.31524861878452	97.00444444444445	97.30052631578947	95.90623255813955	0.3894149	0.2335289	0.32604906	0.15636644	0.15642545	0.16466223	0.31181723	0.904793	0.4372078	0.27265793	0.43221644	0.837033	../../benchmark_data/class-i/pdb/7nmf_pmhc_tcr.pdb	../pred_pdb/af3/pmhc_tcr/classI/results_classI_no_template/ranked_2/7nmf_pmhc_tcr.pdb	after	ranked_2
134	7nmg	0.859	0.722	0.573	1.133	89.61363636363637	93.00699999999999	95.42846153846155	97.07300000000001	96.91272727272727	97.5190909090909	96.38666666666667	96.09488888888889	97.0167403314917	96.45333333333333	96.99005263157895	95.30381395348837	0.36980706	0.15744886	0.3867274	0.25808758	0.1313031	0.21781082	0.3964316	0.7037649	0.45771456	0.32186288	0.4560832	0.7018598	../../benchmark_data/class-i/pdb/7nmg_pmhc_tcr.pdb	../pred_pdb/af3/pmhc_tcr/classI/results_classI_no_template/ranked_2/7nmg_pmhc_tcr.pdb	after	ranked_2
135	7ow5	0.906	0.859	0.561	1.158	95.20666666666666	87.45	95.36625000000001	97.482	96.05	96.564375	95.96531250000001	96.17773493975903	97.14783333333334	89.638	96.7525789473684	95.69231111111111	0.31005728	0.7403548	0.21452573	0.26361477	0.16874306	0.28743237	0.31385598	0.61952573	0.43972114	0.570405	0.4519066	0.5157389	../../benchmark_data/class-i/pdb/7ow5_pmhc_tcr.pdb	../pred_pdb/af3/pmhc_tcr/classI/results_classI_no_template/ranked_2/7ow5_pmhc_tcr.pdb	after	ranked_2
136	7ow6	0.913	0.877	0.433	2.175	96.20333333333333	88.35909090909091	96.46437499999999	97.026	96.38499999999999	97.149375	96.80687500000002	96.45538461538462	97.41408839779005	97.339	97.41015706806282	95.64488888888889	0.14276166	0.7352949	0.15692714	0.23548487	0.30589792	0.3905107	0.3280092	0.7481291	0.33991185	0.24820244	0.3398573	0.53059375	../../benchmark_data/class-i/pdb/7ow6_pmhc_tcr.pdb	../pred_pdb/af3/pmhc_tcr/classI/results_classI_no_template/ranked_2/7ow6_pmhc_tcr.pdb	after	ranked_2
137	7pb2	0.037	0.0	16.016	25.196	81.45416666666667	77.64727272727274	69.6225	90.19	82.77900000000001	76.364375	72.9934375	90.87002409638554	92.66038888888889	85.942	92.30678947368422	89.65675555555556	0.32367632	1.2752602	2.1925256	0.20602208	0.2197303	0.95297986	1.8770581	17.938667	0.46027	1.5030807	0.59513634	1.0262103	../../benchmark_data/class-i/pdb/7pb2_pmhc_tcr.pdb	../pred_pdb/af3/pmhc_tcr/classI/results_classI_no_template/ranked_2/7pb2_pmhc_tcr.pdb	after	ranked_2
138	7pbe	0.835	0.87	1.097	1.117	96.45545454545454	95.03999999999999	97.30250000000001	96.97200000000001	96.53727272727274	97.54384615384616	97.428	96.58298765432097	97.3025414364641	97.87555555555555	97.32968421052631	95.92311627906975	0.4392046	1.512281	0.4315765	0.521544	0.24560148	0.5924627	0.6719782	0.9589903	0.66520745	0.16579315	0.6517981	0.8990916	../../benchmark_data/class-i/pdb/7pbe_pmhc_tcr.pdb	../pred_pdb/af3/pmhc_tcr/classI/results_classI_no_template/ranked_2/7pbe_pmhc_tcr.pdb	after	ranked_2
139	7phr	0.907	0.829	0.453	1.316	97.386	98.406	98.03727272727274	98.44399999999999	98.466	98.67615384615384	98.38333333333333	97.4034	98.1375138121547	98.62555555555554	98.16063157894735	96.71828571428571	0.29357773	0.2941215	0.3783784	0.19004859	0.22261326	0.1746532	0.31698838	0.86318725	0.4508868	0.23344615	0.44376975	0.766554	../../benchmark_data/class-i/pdb/7phr_pmhc_tcr.pdb	../pred_pdb/af3/pmhc_tcr/classI/results_classI_no_template/ranked_2/7phr_pmhc_tcr.pdb	after	ranked_2
140	7q99	0.732	0.74	1.144	3.947	95.01818181818182	95.44333333333333	91.49454545454546	91.16636363636364	90.37444444444444	89.14333333333335	90.13807692307692	95.03447174447174	96.6279005524862	94.814	96.53293193717278	93.70944444444443	0.32397747	0.30821553	0.42108062	0.3224363	0.2700551	0.55045104	0.5917262	1.5778991	0.37020782	0.25580558	0.36980245	0.84250003	../../benchmark_data/class-i/pdb/7q99_pmhc_tcr.pdb	../pred_pdb/af3/pmhc_tcr/classI/results_classI_no_template/ranked_2/7q99_pmhc_tcr.pdb	after	ranked_2
141	7q9a	0.895	0.853	0.621	1.314	92.75636363636364	90.97111111111111	91.31363636363635	92.00636363636364	90.50999999999999	90.59533333333334	90.89923076923074	94.41262899262898	95.86215469613259	94.52100000000002	95.79193717277488	93.19296296296297	0.19090314	0.23739365	0.9333585	0.21047382	0.28791115	0.21757983	0.76172054	0.6866183	0.34411222	0.1320971	0.33931297	0.62763965	../../benchmark_data/class-i/pdb/7q9a_pmhc_tcr.pdb	../pred_pdb/af3/pmhc_tcr/classI/results_classI_no_template/ranked_2/7q9a_pmhc_tcr.pdb	after	ranked_2
142	7q9b	0.319	0.35	3.741	9.028	88.63636363636363	94.88222222222223	76.71875	93.03900000000002	89.86100000000002	86.019375	82.91916666666667	94.02493827160491	96.36718232044198	94.037	96.24518324607331	92.04331775700933	0.44390163	0.3051834	1.39589	0.32177365	0.31222194	2.1053746	2.7962945	4.296081	0.62026346	0.3941295	0.6200463	1.5194024	../../benchmark_data/class-i/pdb/7q9b_pmhc_tcr.pdb	../pred_pdb/af3/pmhc_tcr/classI/results_classI_no_template/ranked_2/7q9b_pmhc_tcr.pdb	after	ranked_2
143	7qpj	0.859	0.754	0.646	1.192	97.13181818181816	97.63444444444444	96.45923076923077	96.673	93.699	97.84818181818183	97.09583333333332	97.05310173697269	97.31666666666666	97.54444444444442	97.32751322751324	96.8107476635514	0.29478228	0.32141155	0.13484702	0.22781233	0.14147942	0.5277936	0.63095963	0.78266597	0.41491303	0.2650355	0.41209212	0.71617097	../../benchmark_data/class-i/pdb/7qpj_pmhc_tcr.pdb	../pred_pdb/af3/pmhc_tcr/classI/results_classI_no_template/ranked_2/7qpj_pmhc_tcr.pdb	after	ranked_2
144	7r80	0.163	0.097	6.654	11.771	81.77090909090909	85.404	85.62846153846155	88.124	83.49699999999999	82.95533333333334	84.19642857142857	91.29733496332518	91.85414364640883	80.46777777777778	91.31478947368421	91.2821917808219	1.8854381	0.39733934	0.48152813	0.2884872	0.22218668	0.6538867	0.7489305	20.339144	0.5676366	0.7170099	0.5794329	0.9860174	../../benchmark_data/class-i/pdb/7r80_pmhc_tcr.pdb	../pred_pdb/af3/pmhc_tcr/classI/results_classI_no_template/ranked_2/7r80_pmhc_tcr.pdb	after	ranked_2
145	7rk7	0.034	0.0	17.611	26.079	81.62333333333335	83.63749999999999	62.43	85.077	84.761	70.08599999999998	66.68333333333334	90.13980722891567	93.38121546961327	94.46333333333334	93.43247368421054	87.35933333333332	0.412751	0.26776028	2.5124938	0.20730102	0.1606825	5.042877	5.018326	18.736723	0.5111378	0.82923037	0.5390903	2.5557005	../../benchmark_data/class-i/pdb/7rk7_pmhc_tcr.pdb	../pred_pdb/af3/pmhc_tcr/classI/results_classI_no_template/ranked_2/7rk7_pmhc_tcr.pdb	after	ranked_2
146	7rm4	0.045	0.0	12.793	22.827	82.41	89.96000000000001	80.82333333333334	91.94800000000001	87.95454545454545	81.03999999999998	80.9437037037037	93.09342298288509	94.15955801104971	93.93222222222222	94.14878947368422	92.17780821917808	0.8757961	0.5321141	0.90327305	0.17903371	0.1720712	1.6036398	1.8184261	14.46423	0.38622954	0.39760584	0.39546186	1.2398187	../../benchmark_data/class-i/pdb/7rm4_pmhc_tcr.pdb	../pred_pdb/af3/pmhc_tcr/classI/results_classI_no_template/ranked_2/7rm4_pmhc_tcr.pdb	after	ranked_2
147	7rrg	0.167	0.206	6.764	14.762	82.16666666666667	82.6675	68.30133333333332	86.88499999999999	80.39272727272727	79.31785714285715	73.61965517241379	91.04083129584352	92.67966850828729	84.16333333333334	92.27626315789473	89.96899543378996	0.16104145	0.22776103	3.1511095	0.20032787	0.42011496	1.6795336	2.9073493	7.123235	0.58243406	0.8825773	0.6050038	1.2510431	../../benchmark_data/class-i/pdb/7rrg_pmhc_tcr.pdb	../pred_pdb/af3/pmhc_tcr/classI/results_classI_no_template/ranked_2/7rrg_pmhc_tcr.pdb	after	ranked_2
148	7rtr	0.451	0.397	2.574	5.518	87.72272727272728	87.93666666666667	87.8009090909091	90.82400000000001	88.22545454545455	89.90636363636365	88.85363636363637	93.71149877149878	94.20640883977902	88.08111111111111	93.91626315789472	93.53221198156682	0.5611309	0.28918016	0.7314975	0.2944007	0.27691698	0.22518899	0.8339574	2.285599	0.39141983	0.26727328	0.38802662	1.0627568	../../benchmark_data/class-i/pdb/7rtr_pmhc_tcr.pdb	../pred_pdb/af3/pmhc_tcr/classI/results_classI_no_template/ranked_2/7rtr_pmhc_tcr.pdb	after	ranked_2
149	7su9	0.435	0.448	2.82	6.412	84.98333333333333	88.23375	78.20866666666666	90.986	89.50800000000001	79.34066666666666	78.77466666666668	92.55561274509805	93.70055555555555	86.55111111111111	93.3601058201058	91.86132420091323	0.35630378	0.62867427	2.7069192	0.38846973	0.2774387	2.212636	2.6177108	3.1847525	0.47923556	0.5240351	0.48524803	1.402059	../../benchmark_data/class-i/pdb/7su9_pmhc_tcr.pdb	../pred_pdb/af3/pmhc_tcr/classI/results_classI_no_template/ranked_2/7su9_pmhc_tcr.pdb	after	ranked_2
150	8cx4	0.664	0.678	1.431	4.376	89.24090909090911	88.41499999999999	85.79823529411766	93.232	89.534	86.15	85.963125	93.93794188861986	95.50044198895027	91.30555555555556	95.30173684210527	92.77596412556055	0.40882045	0.37052065	0.6780496	0.2222407	0.18439962	0.59804195	0.8745109	1.7370528	0.44113556	0.20901652	0.43430853	0.62647593	../../benchmark_data/class-i/pdb/8cx4_pmhc_tcr.pdb	../pred_pdb/af3/pmhc_tcr/classI/results_classI_no_template/ranked_2/8cx4_pmhc_tcr.pdb	after	ranked_2
151	8d5q	0.902	0.849	0.552	1.285	93.86454545454545	95.97	94.44875	96.16727272727272	95.75181818181818	95.86333333333333	95.1332258064516	96.25267156862745	95.78397727272727	95.27600000000001	95.75666666666666	96.66824324324324	0.4173486	0.21655309	0.31650442	0.1964257	0.21057723	0.4673441	0.44530436	0.7628611	0.71223	0.2785131	0.6985431	0.5569979	../../benchmark_data/class-i/pdb/8d5q_pmhc_tcr.pdb	../pred_pdb/af3/pmhc_tcr/classI/results_classI_no_template/ranked_2/8d5q_pmhc_tcr.pdb	after	ranked_2
152	8dnt	0.723	0.74	1.255	3.707	94.54181818181819	94.81555555555556	90.45166666666667	95.57	88.94727272727273	93.12785714285715	91.89269230769231	95.39375921375924	96.64243093922651	95.03888888888889	96.56647368421054	94.36695852534564	0.57889915	0.3644237	0.83136815	0.4899325	0.68558246	0.661789	1.2538239	1.8242942	0.7199384	0.54648536	0.72315055	1.2621403	../../benchmark_data/class-i/pdb/8dnt_pmhc_tcr.pdb	../pred_pdb/af3/pmhc_tcr/classI/results_classI_no_template/ranked_2/8dnt_pmhc_tcr.pdb	after	ranked_2
153	8en8	0.415	0.384	2.746	6.483	91.85454545454546	95.006	83.82714285714285	85.3409090909091	88.95166666666667	80.95866666666669	82.34344827586206	93.88769417475727	95.83516666666668	91.66333333333333	95.63650793650794	92.40551569506727	0.2880582	0.17117052	2.0047755	0.48404413	0.38035113	1.8721594	2.8928652	2.2146494	0.3491713	0.25222602	0.35069248	1.5277728	../../benchmark_data/class-i/pdb/8en8_pmhc_tcr.pdb	../pred_pdb/af3/pmhc_tcr/classI/results_classI_no_template/ranked_2/8en8_pmhc_tcr.pdb	after	ranked_2
154	8enh	0.844	0.84	0.939	1.383	92.87454545454544	96.73599999999999	86.62642857142855	96.09454545454545	93.85666666666667	96.24199999999999	91.60000000000002	96.30099756690997	97.33117318435754	97.45777777777779	97.3372340425532	95.42739910313901	0.44437242	0.14084439	1.5221597	0.25951687	0.40142366	0.37166044	1.3457735	0.89183795	0.53781503	0.22679491	0.5283427	0.9376124	../../benchmark_data/class-i/pdb/8enh_pmhc_tcr.pdb	../pred_pdb/af3/pmhc_tcr/classI/results_classI_no_template/ranked_2/8enh_pmhc_tcr.pdb	after	ranked_2
155	8eo8	0.786	0.757	1.18	1.127	90.33	94.364	78.63785714285716	86.05545454545454	88.49416666666667	78.87733333333335	78.76172413793104	93.58788321167881	95.4958659217877	88.74222222222222	95.17255319148936	92.25192825112107	0.48729748	0.13297512	1.683664	0.294752	0.20941664	0.9127715	1.9019313	0.9648578	0.5188347	0.3697065	0.5139428	1.0205561	../../benchmark_data/class-i/pdb/8eo8_pmhc_tcr.pdb	../pred_pdb/af3/pmhc_tcr/classI/results_classI_no_template/ranked_2/8eo8_pmhc_tcr.pdb	after	ranked_2
156	8f5a	0.573	0.514	1.856	4.133	88.28090909090909	89.66600000000001	83.90666666666667	91.16599999999998	86.434	84.52916666666667	84.18333333333332	93.40398533007334	94.73370165745858	73.143	93.60329842931937	93.22935779816514	0.2742589	2.2024162	1.8448694	0.26815683	0.31955203	1.3348789	2.3629832	1.9752787	0.33824816	1.4184884	0.46748438	1.4143951	../../benchmark_data/class-i/pdb/8f5a_pmhc_tcr.pdb	../pred_pdb/af3/pmhc_tcr/classI/results_classI_no_template/ranked_2/8f5a_pmhc_tcr.pdb	after	ranked_2
157	8gom	0.041	0.0	17.52	23.444	78.225	77.50333333333333	78.93	86.358	81.64	76.11666666666669	77.30692307692308	90.4478780487805	92.01657458563534	86.17888888888889	91.74005263157895	89.33190909090908	0.23998442	0.36810166	0.8273745	0.23697278	0.28712577	1.6273009	1.7756491	18.24943	0.48041147	0.4884546	0.49029216	1.0508804	../../benchmark_data/class-i/pdb/8gom_pmhc_tcr.pdb	../pred_pdb/af3/pmhc_tcr/classI/results_classI_no_template/ranked_2/8gom_pmhc_tcr.pdb	after	ranked_2
158	8gon	0.028	0.014	19.449	32.217	79.85666666666667	77.27111111111111	80.32636363636364	84.88900000000001	80.62272727272727	70.56533333333333	74.695	90.2010243902439	91.28066298342542	88.9311111111111	91.16936842105264	89.36472727272727	0.50554067	0.19920127	0.89637816	0.20620786	0.23153208	2.0720997	1.8054326	18.650948	0.34840995	0.43022943	0.36352727	0.75849366	../../benchmark_data/class-i/pdb/8gon_pmhc_tcr.pdb	../pred_pdb/af3/pmhc_tcr/classI/results_classI_no_template/ranked_2/8gon_pmhc_tcr.pdb	after	ranked_2
159	8gvb	0.807	0.833	1.073	2.425	86.10909090909091	93.87636363636365	91.22	97.511	96.91909090909093	96.38199999999999	93.88999999999997	95.85075609756097	96.71355555555557	96.59875	96.70867021276598	95.12423423423424	1.46985	0.8244595	0.766742	0.50234795	0.6542925	0.45577335	0.7864864	1.043935	0.5582066	0.4390272	0.56614304	0.87422913	../../benchmark_data/class-i/pdb/8gvb_pmhc_tcr.pdb	../pred_pdb/af3/pmhc_tcr/classI/results_classI_no_template/ranked_2/8gvb_pmhc_tcr.pdb	after	ranked_2
160	8gvg	0.809	0.821	1.027	2.426	86.36636363636363	94.92272727272729	92.37	97.783	97.36	97.04933333333335	94.7903448275862	96.11435523114355	97.04591160220996	96.8275	97.03666666666666	95.32914414414414	1.0466219	0.9191994	0.7571178	0.55487734	0.68538713	0.47182727	0.7374524	1.063929	0.62492114	0.40699023	0.6258138	1.0007998	../../benchmark_data/class-i/pdb/8gvg_pmhc_tcr.pdb	../pred_pdb/af3/pmhc_tcr/classI/results_classI_no_template/ranked_2/8gvg_pmhc_tcr.pdb	after	ranked_2
161	8gvi	0.89	0.897	0.775	1.134	95.27363636363636	97.00363636363636	97.73857142857142	97.791	97.44	98.318	98.03827586206897	97.07058394160585	97.49911602209947	98.22375000000001	97.52978835978837	96.67963963963963	1.4712118	0.897949	0.36992347	0.39679652	0.37434316	0.4810569	0.5221136	0.7929333	0.5135798	0.28425086	0.51171255	0.8689282	../../benchmark_data/class-i/pdb/8gvi_pmhc_tcr.pdb	../pred_pdb/af3/pmhc_tcr/classI/results_classI_no_template/ranked_2/8gvi_pmhc_tcr.pdb	after	ranked_2
162	8i5c	0.774	0.714	1.133	1.462	93.43454545454543	93.02555555555556	93.07083333333334	94.678	92.65	92.10846153846153	92.57039999999999	95.88022222222222	96.0228729281768	86.94111111111111	95.59268421052631	96.13432558139533	0.25228864	0.2434659	0.26675594	0.29337117	0.33130375	1.3908648	1.400626	0.9411133	0.35601878	1.7123573	0.5247555	0.709917	../../benchmark_data/class-i/pdb/8i5c_pmhc_tcr.pdb	../pred_pdb/af3/pmhc_tcr/classI/results_classI_no_template/ranked_2/8i5c_pmhc_tcr.pdb	after	ranked_2
163	8i5d	0.45	0.407	2.386	6.111	84.944	88.674	82.87750000000001	95.11999999999999	90.06	87.84866666666667	85.63925925925925	93.99175742574258	95.00690607734806	84.57333333333332	94.51268421052632	93.52925233644861	0.2166262	0.24909833	1.2062744	0.26395154	0.21333554	1.2580678	1.3483512	2.707921	0.41063854	1.9251813	0.6162175	1.2162769	../../benchmark_data/class-i/pdb/8i5d_pmhc_tcr.pdb	../pred_pdb/af3/pmhc_tcr/classI/results_classI_no_template/ranked_2/8i5d_pmhc_tcr.pdb	after	ranked_2
164	8qfy	0.896	0.82	0.541	1.12	96.82636363636362	96.86555555555556	95.7	98.03800000000001	96.77727272727272	98.27583333333332	96.98791666666666	96.77755555555552	96.84558011049724	97.61222222222221	96.8818947368421	96.68534883720929	0.28211516	0.23932083	0.24569333	0.3177246	0.15524806	0.16758129	0.271905	0.6877902	0.692229	0.3260783	0.6839781	0.45258301	../../benchmark_data/class-i/pdb/8qfy_pmhc_tcr.pdb	../pred_pdb/af3/pmhc_tcr/classI/results_classI_no_template/ranked_2/8qfy_pmhc_tcr.pdb	after	ranked_2
165	8shi	0.257	0.375	4.127	13.686	83.717	88.269	71.26529411764707	92.925	85.07300000000001	88.2207142857143	78.92258064516126	92.62725247524753	93.80083333333334	88.8475	93.59005319148936	91.78925925925927	0.3821772	0.45062944	2.1787267	0.19896041	0.23041855	0.47402722	1.8634508	4.6078806	0.49259388	1.4430965	0.60501146	1.2566928	../../benchmark_data/class-i/pdb/8shi_pmhc_tcr.pdb	../pred_pdb/af3/pmhc_tcr/classI/results_classI_no_template/ranked_2/8shi_pmhc_tcr.pdb	after	ranked_2
166	8wte	0.63	0.615	1.626	4.067	91.36818181818182	92.10555555555555	91.05692307692308	93.75399999999999	89.75999999999999	89.294375	90.0844827586207	94.55244498777505	95.11226519337016	84.85444444444445	94.62636842105262	94.48831050228311	0.20806377	0.32631347	0.58035046	0.25638795	0.14330912	1.334379	1.2406013	1.6942067	0.3485435	1.4348946	0.51212776	0.8707414	../../benchmark_data/class-i/pdb/8wte_pmhc_tcr.pdb	../pred_pdb/af3/pmhc_tcr/classI/results_classI_no_template/ranked_2/8wte_pmhc_tcr.pdb	after	ranked_2
167	8wul	0.744	0.683	1.196	2.176	91.42636363636365	91.31333333333333	91.81923076923076	94.71700000000001	91.811	88.70625	90.10172413793103	95.13657701711492	96.08558011049723	89.07111111111111	95.75331578947367	94.60150684931507	0.403572	0.30885416	0.55159664	0.23678358	0.22328746	1.1130625	1.0706309	1.0743392	0.3550402	0.3180646	0.36021218	0.9420614	../../benchmark_data/class-i/pdb/8wul_pmhc_tcr.pdb	../pred_pdb/af3/pmhc_tcr/classI/results_classI_no_template/ranked_2/8wul_pmhc_tcr.pdb	after	ranked_2
168	6zkw	0.508	0.707	3.054	6.634	95.10909090909091	95.789	95.35538461538462	97.51700000000001	95.38899999999998	95.93625	95.6758620689655	96.07794621026896	95.69094444444444	94.45333333333332	95.63201058201057	96.46104545454546	0.56141865	0.1733148	0.22411343	0.1422514	0.13434634	0.5022771	0.63232636	3.3661487	0.48793256	0.1980303	0.48275816	1.0768511	../../benchmark_data/class-i/pdb/6zkw_pmhc_tcr.pdb	../pred_pdb/af3/pmhc_tcr/classI/results_classI_no_template/ranked_3/6zkw_pmhc_tcr.pdb	after	ranked_3
169	6zkx	0.599	0.478	1.748	2.937	86.54636363636364	87.74600000000001	84.57000000000001	90.881	81.89500000000001	81.4475	82.84724137931033	89.651800486618	87.54430167597765	80.64916666666667	87.11109947643979	91.8575909090909	0.559502	0.19152044	0.5701489	0.18331794	0.11800486	0.7545815	1.0477952	1.7333919	2.1200776	0.61304396	2.0709226	1.0574172	../../benchmark_data/class-i/pdb/6zkx_pmhc_tcr.pdb	../pred_pdb/af3/pmhc_tcr/classI/results_classI_no_template/ranked_3/6zkx_pmhc_tcr.pdb	after	ranked_3
170	6zky	0.746	0.736	1.339	2.027	88.02545454545454	89.295	87.41076923076925	92.39	84.45400000000001	83.28812500000001	85.13620689655171	92.4527205882353	92.36516666666668	81.785	91.91494680851065	92.91227272727274	0.5274538	0.28706357	0.5793749	0.1531367	0.19312802	0.6503718	1.0104452	1.1103734	0.6882951	2.3081622	0.95199937	0.78745055	../../benchmark_data/class-i/pdb/6zky_pmhc_tcr.pdb	../pred_pdb/af3/pmhc_tcr/classI/results_classI_no_template/ranked_3/6zky_pmhc_tcr.pdb	after	ranked_3
171	6zkz	0.253	0.254	3.857	10.993	88.21181818181817	90.321	80.19384615384614	92.352	87.78899999999999	84.998125	82.84448275862069	93.1064950980392	94.27355555555556	90.65375	94.11952127659575	92.2408181818182	0.46476778	0.20012446	2.1111622	0.14900732	0.15035653	2.5903583	3.086637	3.5871286	0.8022181	2.2961648	1.0122554	2.21761	../../benchmark_data/class-i/pdb/6zkz_pmhc_tcr.pdb	../pred_pdb/af3/pmhc_tcr/classI/results_classI_no_template/ranked_3/6zkz_pmhc_tcr.pdb	after	ranked_3
172	7dzm	0.876	0.814	0.592	1.951	94.87833333333333	95.91749999999999	96.27066666666668	97.702	97.50727272727272	96.75166666666667	96.48444444444442	96.72623152709359	96.8645	97.72444444444444	96.90544973544972	96.57013824884793	0.27159128	0.1647189	0.3840809	0.21264525	0.12563676	0.2193539	0.42383033	0.92910045	0.6984357	0.18774244	0.68609065	0.41651577	../../benchmark_data/class-i/pdb/7dzm_pmhc_tcr.pdb	../pred_pdb/af3/pmhc_tcr/classI/results_classI_no_template/ranked_3/7dzm_pmhc_tcr.pdb	after	ranked_3
173	7dzn	0.185	0.167	5.268	12.598	90.83416666666666	92.37875	84.37333333333335	93.65599999999998	91.58909090909093	89.58833333333332	86.69111111111111	94.45375308641977	95.24782122905029	87.42444444444445	94.87329787234043	94.09027649769587	0.19806388	0.19470452	1.024792	0.20120044	0.16531757	0.517752	1.0780587	5.1730328	0.512403	0.48431167	0.51612467	1.1139601	../../benchmark_data/class-i/pdb/7dzn_pmhc_tcr.pdb	../pred_pdb/af3/pmhc_tcr/classI/results_classI_no_template/ranked_3/7dzn_pmhc_tcr.pdb	after	ranked_3
174	7l1d	0.471	0.432	3.42	3.985	88.09727272727274	93.23333333333332	82.77230769230769	91.58099999999999	90.38999999999999	75.45894736842105	78.43	93.56867970660146	96.26790055248618	87.88000000000001	95.87057894736844	91.57159817351598	0.5056768	0.27181667	1.0855095	0.21326622	0.24026847	4.127705	5.240397	2.721895	0.52036834	0.455686	0.52616704	3.0029628	../../benchmark_data/class-i/pdb/7l1d_pmhc_tcr.pdb	../pred_pdb/af3/pmhc_tcr/classI/results_classI_no_template/ranked_3/7l1d_pmhc_tcr.pdb	after	ranked_3
175	7n2n	0.254	0.246	3.568	11.192	86.24545454545454	86.66799999999999	81.08117647058823	89.82300000000001	89.59300000000002	80.42733333333332	80.7746875	92.88864406779662	94.50375690607733	87.87666666666667	94.18984210526315	91.78000000000002	0.38563755	0.3500637	1.4396924	0.22989313	0.18746765	1.6272823	2.7116678	4.3334966	0.45350558	0.7194301	0.4811502	1.6681386	../../benchmark_data/class-i/pdb/7n2n_pmhc_tcr.pdb	../pred_pdb/af3/pmhc_tcr/classI/results_classI_no_template/ranked_3/7n2n_pmhc_tcr.pdb	after	ranked_3
176	7n2o	0.708	0.763	1.503	3.381	91.26818181818182	92.49600000000001	87.5164705882353	94.664	93.21799999999999	89.57199999999999	88.47999999999999	94.9904358353511	96.40220994475139	95.33777777777777	96.35178947368419	93.83053811659192	0.46888945	0.22527602	1.2454456	0.18387298	0.12677434	0.66854596	1.5667194	1.4532846	0.31419715	0.23839264	0.31920284	1.0039353	../../benchmark_data/class-i/pdb/7n2o_pmhc_tcr.pdb	../pred_pdb/af3/pmhc_tcr/classI/results_classI_no_template/ranked_3/7n2o_pmhc_tcr.pdb	after	ranked_3
177	7n2p	0.59	0.54	1.475	5.28	82.79454545454546	82.595	78.68818181818182	87.94600000000001	82.85999999999999	74.28533333333333	76.14807692307691	91.15267813267813	93.21375690607736	83.97111111111111	92.77594736842106	89.73138248847926	0.5455733	0.38768873	1.1786704	0.23939449	0.16254154	0.86329347	1.2991295	1.9611621	0.37330946	0.5076932	0.39262185	0.83422524	../../benchmark_data/class-i/pdb/7n2p_pmhc_tcr.pdb	../pred_pdb/af3/pmhc_tcr/classI/results_classI_no_template/ranked_3/7n2p_pmhc_tcr.pdb	after	ranked_3
178	7n2q	0.497	0.475	1.787	6.897	81.43636363636364	80.837	78.75727272727273	87.626	81.171	72.41799999999999	75.1	90.7209090909091	92.73762430939227	83.13555555555556	92.28278947368423	89.35336405529954	0.39664382	0.422666	1.3830965	0.20932865	0.2215687	0.9081411	1.5468473	2.3937187	0.33526903	0.3266254	0.34535202	0.8885422	../../benchmark_data/class-i/pdb/7n2q_pmhc_tcr.pdb	../pred_pdb/af3/pmhc_tcr/classI/results_classI_no_template/ranked_3/7n2q_pmhc_tcr.pdb	after	ranked_3
179	7n2r	0.044	0.0	15.747	22.752	86.42454545454545	86.641	81.38454545454546	89.373	82.777	73.84333333333333	77.03384615384616	91.03012285012284	93.03099447513813	91.31333333333333	92.94963157894738	89.34944700460831	0.49340427	0.32803705	0.81193995	0.2368692	0.1742184	1.987236	2.1380997	16.615292	0.41306075	0.4362521	0.4186862	1.1065854	../../benchmark_data/class-i/pdb/7n2r_pmhc_tcr.pdb	../pred_pdb/af3/pmhc_tcr/classI/results_classI_no_template/ranked_3/7n2r_pmhc_tcr.pdb	after	ranked_3
180	7n2s	0.239	0.318	4.377	13.138	84.94363636363636	85.44	78.705	86.59100000000001	84.43199999999999	79.07933333333334	78.88612903225807	91.68706310679612	93.37563535911602	85.75777777777779	93.01478947368422	90.55072072072072	1.2797999	0.380671	1.2560809	0.49082205	0.25033262	0.6422874	2.1460514	4.6745768	0.42171943	0.45471552	0.4332599	1.4081936	../../benchmark_data/class-i/pdb/7n2s_pmhc_tcr.pdb	../pred_pdb/af3/pmhc_tcr/classI/results_classI_no_template/ranked_3/7n2s_pmhc_tcr.pdb	after	ranked_3
181	7n4k	0.718	0.655	1.21	2.93	88.32666666666667	89.6075	77.62230769230769	96.189	94.599	92.39636363636363	84.39375	94.79950000000001	95.9209604519774	94.848	95.86358288770053	93.86530516431924	0.32517976	0.82778907	1.323941	0.429405	0.1193396	0.64214224	1.2184356	1.4240844	1.4642955	0.242558	1.4290271	0.94036585	../../benchmark_data/class-i/pdb/7n4k_pmhc_tcr.pdb	../pred_pdb/af3/pmhc_tcr/classI/results_classI_no_template/ranked_3/7n4k_pmhc_tcr.pdb	after	ranked_3
182	7n5c	0.736	0.754	1.043	4.53	88.81833333333333	88.98125	82.05692307692308	92.648	86.541	90.16545454545454	85.77333333333333	93.5790099009901	93.99337016574586	92.998	93.94125654450261	93.25417840375587	0.2599227	0.08539666	0.47747126	0.41999048	0.08964584	0.3979355	0.6768273	1.8585289	1.6416565	0.27974516	1.6000148	1.1930417	../../benchmark_data/class-i/pdb/7n5c_pmhc_tcr.pdb	../pred_pdb/af3/pmhc_tcr/classI/results_classI_no_template/ranked_3/7n5c_pmhc_tcr.pdb	after	ranked_3
183	7n5p	0.832	0.831	0.902	2.321	89.06750000000001	89.55125	77.79307692307692	95.46799999999999	93.234	90.26727272727273	83.51041666666667	94.42528822055138	95.57	94.151	95.49370967741936	93.49230046948355	0.21537273	0.28162226	1.2028083	0.46283436	0.12258896	0.5552422	1.0878643	1.2353649	1.1754376	0.24966241	1.1501777	0.9223934	../../benchmark_data/class-i/pdb/7n5p_pmhc_tcr.pdb	../pred_pdb/af3/pmhc_tcr/classI/results_classI_no_template/ranked_3/7n5p_pmhc_tcr.pdb	after	ranked_3
184	7na5	0.234	0.388	5.494	14.952	93.33181818181819	92.74555555555555	93.36090909090909	94.96000000000001	88.11800000000001	93.94266666666665	93.69653846153845	94.15182716049382	93.3951111111111	94.32777777777778	93.43952380952379	94.77509259259259	0.6970098	0.29774773	0.8941833	0.25082058	0.3705887	0.6542054	1.1050721	6.4381223	1.8903822	0.55569345	1.8512353	0.688147	../../benchmark_data/class-i/pdb/7na5_pmhc_tcr.pdb	../pred_pdb/af3/pmhc_tcr/classI/results_classI_no_template/ranked_3/7na5_pmhc_tcr.pdb	after	ranked_3
185	7ndq	0.562	0.467	2.139	3.005	86.34833333333334	86.59875	78.65466666666667	93.995	91.74090909090908	85.97307692307693	82.0525	93.65299019607842	94.77458563535914	93.44444444444446	94.71157894736844	92.73036697247707	0.55093837	0.8520976	2.4033735	0.28108504	0.37835157	1.9534601	2.3623593	1.9030281	1.0297841	2.1403258	1.1424432	1.3418573	../../benchmark_data/class-i/pdb/7ndq_pmhc_tcr.pdb	../pred_pdb/af3/pmhc_tcr/classI/results_classI_no_template/ranked_3/7ndq_pmhc_tcr.pdb	after	ranked_3
186	7ndt	0.626	0.525	1.664	2.738	83.45583333333333	86.32625	82.86142857142859	91.93100000000001	87.92454545454545	88.71	85.56076923076921	92.41673267326733	92.18844444444443	81.525	91.73468085106383	93.01037037037037	0.2720554	0.2032449	1.6953588	0.14920275	0.20779648	0.6818449	1.4421382	1.5791371	0.7488789	2.2484732	0.95546025	0.8767521	../../benchmark_data/class-i/pdb/7ndt_pmhc_tcr.pdb	../pred_pdb/af3/pmhc_tcr/classI/results_classI_no_template/ranked_3/7ndt_pmhc_tcr.pdb	after	ranked_3
187	7ndu	0.709	0.723	1.697	1.618	90.36916666666667	92.30250000000001	84.506	97.279	95.52636363636361	94.14692307692309	88.98214285714288	95.55562653562653	96.16375690607734	94.01125	96.07264550264551	95.10738532110092	0.65099126	0.30713883	2.315093	0.23628952	0.33066037	1.7212032	2.269968	1.368035	1.0127168	1.3278877	1.0915482	1.3017926	../../benchmark_data/class-i/pdb/7ndu_pmhc_tcr.pdb	../pred_pdb/af3/pmhc_tcr/classI/results_classI_no_template/ranked_3/7ndu_pmhc_tcr.pdb	after	ranked_3
188	7nme	0.86	0.8	0.673	1.98	91.38727272727273	94.314	96.21846153846153	97.378	97.2809090909091	97.84363636363636	96.96333333333332	96.56735802469136	97.31160220994474	96.98777777777778	97.29626315789474	95.92320930232557	0.36989394	0.27200472	0.28495198	0.26935866	0.14841071	0.20939693	0.27363655	0.9226058	0.49244934	0.17837366	0.48329026	0.8633298	../../benchmark_data/class-i/pdb/7nme_pmhc_tcr.pdb	../pred_pdb/af3/pmhc_tcr/classI/results_classI_no_template/ranked_3/7nme_pmhc_tcr.pdb	after	ranked_3
189	7nmf	0.88	0.817	0.599	1.739	91.59363636363636	94.303	96.27538461538461	97.405	97.3218181818182	97.87636363636362	97.00916666666666	96.58609876543208	97.24160220994477	97.04444444444444	97.23226315789474	96.01506976744187	0.37617534	0.21477503	0.311415	0.15857212	0.15722099	0.17091586	0.30986872	0.79242307	0.407411	0.26655814	0.40433082	0.78630084	../../benchmark_data/class-i/pdb/7nmf_pmhc_tcr.pdb	../pred_pdb/af3/pmhc_tcr/classI/results_classI_no_template/ranked_3/7nmf_pmhc_tcr.pdb	after	ranked_3
190	7nmg	0.848	0.764	0.692	1.805	89.54909090909092	93.175	95.48769230769231	97.14600000000002	96.98818181818181	97.63909090909091	96.47375	96.15286419753087	97.02082872928175	96.67555555555555	97.00447368421052	95.40027906976745	0.36637798	0.17923439	0.40110248	0.2615768	0.13904129	0.23438047	0.42211354	0.8591143	0.4559055	0.47499648	0.46126634	0.7843328	../../benchmark_data/class-i/pdb/7nmg_pmhc_tcr.pdb	../pred_pdb/af3/pmhc_tcr/classI/results_classI_no_template/ranked_3/7nmg_pmhc_tcr.pdb	after	ranked_3
191	7ow5	0.911	0.859	0.461	1.771	95.10333333333334	85.89272727272727	96.168125	97.483	96.43499999999999	96.49375	96.3309375	96.12831325301205	97.0626111111111	90.027	96.69231578947368	95.65204444444444	0.29682505	0.4401733	0.21314932	0.2326785	0.1591918	0.30705193	0.319534	0.72542673	0.37500343	0.24606514	0.37108308	0.52843094	../../benchmark_data/class-i/pdb/7ow5_pmhc_tcr.pdb	../pred_pdb/af3/pmhc_tcr/classI/results_classI_no_template/ranked_3/7ow5_pmhc_tcr.pdb	after	ranked_3
192	7ow6	0.897	0.877	0.5	2.628	96.31250000000001	88.0309090909091	96.33875	96.984	96.289	97.123125	96.73093750000001	96.3371153846154	97.28618784530386	97.276	97.28565445026177	95.53191111111111	0.15854642	0.6827094	0.14819238	0.24740934	0.30333298	0.3877226	0.35539818	0.9222487	0.3424007	0.2625055	0.34383342	0.5766974	../../benchmark_data/class-i/pdb/7ow6_pmhc_tcr.pdb	../pred_pdb/af3/pmhc_tcr/classI/results_classI_no_template/ranked_3/7ow6_pmhc_tcr.pdb	after	ranked_3
193	7pb2	0.052	0.033	16.267	23.697	78.50833333333334	74.72909090909091	56.6425	85.96199999999999	80.455	64.714375	60.6784375	87.85224096385541	92.18644444444445	86.167	91.86963157894739	84.45977777777779	0.27520433	1.2498629	3.2888196	0.20354074	0.21172893	1.9438046	6.0764832	17.848345	0.45592695	1.4029651	0.5749391	11.926668	../../benchmark_data/class-i/pdb/7pb2_pmhc_tcr.pdb	../pred_pdb/af3/pmhc_tcr/classI/results_classI_no_template/ranked_3/7pb2_pmhc_tcr.pdb	after	ranked_3
194	7pbe	0.823	0.831	1.092	1.07	96.47727272727273	95.13374999999999	97.295	96.851	96.49272727272728	97.61	97.4588	96.67372839506173	97.36828729281766	97.79555555555557	97.38852631578948	96.04204651162792	0.4201149	1.4367201	0.51645195	0.54892063	0.25238582	0.5065672	0.659661	0.94129664	0.6459318	0.2040513	0.6345881	0.91013336	../../benchmark_data/class-i/pdb/7pbe_pmhc_tcr.pdb	../pred_pdb/af3/pmhc_tcr/classI/results_classI_no_template/ranked_3/7pbe_pmhc_tcr.pdb	after	ranked_3
195	7phr	0.916	0.829	0.402	0.995	97.43800000000002	98.37899999999999	98.13454545454546	98.46199999999999	98.576	98.68846153846155	98.43458333333335	97.417	98.18276243093923	98.6211111111111	98.20352631578946	96.70538095238098	0.26904228	0.28187597	0.41042343	0.16242842	0.2384374	0.17575216	0.33058473	0.75843316	0.41030878	0.21550308	0.4043818	0.770329	../../benchmark_data/class-i/pdb/7phr_pmhc_tcr.pdb	../pred_pdb/af3/pmhc_tcr/classI/results_classI_no_template/ranked_3/7phr_pmhc_tcr.pdb	after	ranked_3
196	7q99	0.817	0.767	0.806	2.702	92.94181818181818	93.03222222222222	91.10272727272728	91.37818181818182	89.31444444444443	89.41199999999999	90.1273076923077	94.67562653562652	96.23099447513813	94.62699999999998	96.14701570680629	93.37453703703703	0.21003255	0.26976952	0.3767574	0.35049856	0.28077912	0.45483842	0.4952458	1.0434208	0.33684698	0.23411189	0.33853486	0.7738914	../../benchmark_data/class-i/pdb/7q99_pmhc_tcr.pdb	../pred_pdb/af3/pmhc_tcr/classI/results_classI_no_template/ranked_3/7q99_pmhc_tcr.pdb	after	ranked_3
197	7q9a	0.904	0.853	0.577	0.975	92.23636363636363	90.37666666666667	90.48818181818181	91.65545454545456	89.85444444444445	89.6233333333333	89.98923076923076	94.25791154791155	95.74955801104971	94.21700000000001	95.66931937172775	93.00986111111109	0.20686188	0.3129644	0.9447291	0.2649105	0.31725872	0.16249603	0.734559	0.6862332	0.37585855	0.13360384	0.37157696	0.72190267	../../benchmark_data/class-i/pdb/7q9a_pmhc_tcr.pdb	../pred_pdb/af3/pmhc_tcr/classI/results_classI_no_template/ranked_3/7q9a_pmhc_tcr.pdb	after	ranked_3
198	7q9b	0.29	0.3	3.855	9.605	87.98181818181818	94.56444444444445	74.48375	92.97800000000001	89.708	85.66	81.93458333333332	93.76385185185185	96.34983425414364	93.86299999999999	96.21963350785339	91.57200934579441	0.46630353	0.26664528	1.5889964	0.27970433	0.31315213	1.6435204	2.783214	4.580558	0.6642623	0.35409373	0.6591809	1.736728	../../benchmark_data/class-i/pdb/7q9b_pmhc_tcr.pdb	../pred_pdb/af3/pmhc_tcr/classI/results_classI_no_template/ranked_3/7q9b_pmhc_tcr.pdb	after	ranked_3
199	7qpj	0.869	0.768	0.615	1.086	97.07909090909092	97.43666666666667	97.11307692307693	96.89700000000002	94.605	97.89909090909092	97.47333333333331	97.18744416873452	97.37888888888887	97.61555555555556	97.39015873015876	97.00841121495327	0.22545375	0.3362106	0.113722175	0.1672796	0.108078666	0.50865805	0.5898294	0.7894604	0.4297307	0.24233559	0.42577592	0.6288315	../../benchmark_data/class-i/pdb/7qpj_pmhc_tcr.pdb	../pred_pdb/af3/pmhc_tcr/classI/results_classI_no_template/ranked_3/7qpj_pmhc_tcr.pdb	after	ranked_3
200	7r80	0.549	0.452	1.654	4.981	81.81636363636363	85.41300000000001	85.71538461538464	88.54	83.15600000000002	81.378	83.39178571428572	91.32924205378974	91.89734806629833	78.31666666666666	91.25405263157893	91.39447488584474	1.8751347	0.38225576	0.50282896	0.34176338	0.22558026	0.6629535	0.843328	2.280866	0.52384686	1.7040932	0.64624536	0.93571955	../../benchmark_data/class-i/pdb/7r80_pmhc_tcr.pdb	../pred_pdb/af3/pmhc_tcr/classI/results_classI_no_template/ranked_3/7r80_pmhc_tcr.pdb	after	ranked_3
201	7rk7	0.038	0.0	17.307	24.756	81.43666666666667	82.80625	61.80875	85.751	84.035	66.39750000000001	64.35805555555557	89.61493975903616	93.0696132596685	94.47999999999999	93.13642105263158	86.64124444444444	0.45934498	0.18243213	3.0558262	0.4378148	0.21141495	5.2032924	4.5844016	18.580246	0.46404508	0.87337303	0.50178397	2.9522378	../../benchmark_data/class-i/pdb/7rk7_pmhc_tcr.pdb	../pred_pdb/af3/pmhc_tcr/classI/results_classI_no_template/ranked_3/7rk7_pmhc_tcr.pdb	after	ranked_3
202	7rm4	0.045	0.0	13.04	22.903	81.76727272727271	89.047	80.42416666666666	90.62799999999999	85.81090909090908	80.09933333333333	80.2437037037037	92.64721271393643	93.6214917127072	93.65666666666668	93.62315789473685	91.80050228310503	0.37808263	0.54540235	0.9960446	0.1948483	0.16798148	2.1960511	2.1844053	15.057974	0.44979593	0.42783865	0.45564207	1.3784939	../../benchmark_data/class-i/pdb/7rm4_pmhc_tcr.pdb	../pred_pdb/af3/pmhc_tcr/classI/results_classI_no_template/ranked_3/7rm4_pmhc_tcr.pdb	after	ranked_3
203	7rrg	0.071	0.016	9.293	18.712	81.56416666666667	83.62875	66.852	86.92999999999999	81.74363636363637	79.93000000000002	73.16551724137932	91.0261369193154	92.43165745856354	84.72555555555556	92.06663157894738	90.12342465753424	0.22097139	0.19709402	2.7487528	0.2364606	0.3845526	1.5345677	2.676099	19.092354	0.57475626	0.8446827	0.5953537	1.249099	../../benchmark_data/class-i/pdb/7rrg_pmhc_tcr.pdb	../pred_pdb/af3/pmhc_tcr/classI/results_classI_no_template/ranked_3/7rrg_pmhc_tcr.pdb	after	ranked_3
204	7rtr	0.385	0.333	3.193	6.369	87.4990909090909	87.92888888888889	87.80090909090907	90.763	87.47363636363637	89.77545454545455	88.7881818181818	93.60628992628995	94.02756906077349	87.85555555555555	93.7352105263158	93.49341013824885	0.48281193	0.27388403	0.8163723	0.3025714	0.23745409	0.2894519	0.9126423	2.914307	0.40432805	0.22238426	0.40067956	1.0099263	../../benchmark_data/class-i/pdb/7rtr_pmhc_tcr.pdb	../pred_pdb/af3/pmhc_tcr/classI/results_classI_no_template/ranked_3/7rtr_pmhc_tcr.pdb	after	ranked_3
205	7su9	0.459	0.5	2.776	6.211	84.0425	87.63499999999999	72.916	90.46400000000001	88.8	78.54133333333333	75.72866666666667	92.09225490196079	93.7772222222222	85.57555555555555	93.38666666666667	90.97515981735161	0.46796	0.6115217	1.5916711	0.36235672	0.27653888	2.2138448	2.140027	3.2471316	0.44192767	0.57824874	0.45609564	1.2113869	../../benchmark_data/class-i/pdb/7su9_pmhc_tcr.pdb	../pred_pdb/af3/pmhc_tcr/classI/results_classI_no_template/ranked_3/7su9_pmhc_tcr.pdb	after	ranked_3
206	8cx4	0.652	0.61	1.484	3.714	88.92636363636365	88.462	83.53058823529412	93.21100000000001	89.81199999999998	85.82466666666667	84.60593750000001	93.67254237288137	95.11828729281768	89.81	94.86684210526316	92.65497757847535	0.39124972	0.37148318	0.88086826	0.2235691	0.11936391	0.5945506	1.3740083	1.6582927	0.46358657	0.1661707	0.457305	0.91837114	../../benchmark_data/class-i/pdb/8cx4_pmhc_tcr.pdb	../pred_pdb/af3/pmhc_tcr/classI/results_classI_no_template/ranked_3/8cx4_pmhc_tcr.pdb	after	ranked_3
207	8d5q	0.859	0.774	0.657	1.607	93.79818181818182	95.775	94.163125	95.97909090909091	95.65363636363637	95.584	94.85064516129032	96.19460784313723	95.71960227272729	95.06	95.68413978494624	96.62229729729727	0.46584678	0.25191405	0.31715026	0.20424467	0.2057784	0.43682814	0.41328996	0.86551666	0.6100447	0.37912565	0.606529	0.58546144	../../benchmark_data/class-i/pdb/8d5q_pmhc_tcr.pdb	../pred_pdb/af3/pmhc_tcr/classI/results_classI_no_template/ranked_3/8d5q_pmhc_tcr.pdb	after	ranked_3
208	8dnt	0.695	0.74	1.359	4.292	94.33818181818182	94.10333333333334	90.93083333333333	95.43199999999999	88.85909090909091	93.45785714285714	92.29153846153847	95.51476658476659	96.49419889502762	94.80222222222221	96.41405263157894	94.72737327188942	0.5895607	0.3470363	0.7896788	0.48597252	0.6892356	0.67112815	1.2479842	2.0641675	0.7229992	0.5362321	0.7245195	1.3507056	../../benchmark_data/class-i/pdb/8dnt_pmhc_tcr.pdb	../pred_pdb/af3/pmhc_tcr/classI/results_classI_no_template/ranked_3/8dnt_pmhc_tcr.pdb	after	ranked_3
209	8en8	0.415	0.425	2.792	6.978	91.64272727272727	94.91799999999999	83.9742857142857	84.54636363636364	88.48416666666668	80.91933333333333	82.39413793103445	93.93582524271844	95.75127777777776	91.69777777777777	95.55825396825396	92.56076233183855	0.30400184	0.1657515	2.0188196	0.3590343	0.41751722	1.7025197	2.9243593	2.2760189	0.3054435	0.29005197	0.31188834	1.8058347	../../benchmark_data/class-i/pdb/8en8_pmhc_tcr.pdb	../pred_pdb/af3/pmhc_tcr/classI/results_classI_no_template/ranked_3/8en8_pmhc_tcr.pdb	after	ranked_3
210	8enh	0.812	0.728	0.93	1.053	93.19454545454545	96.75	86.06000000000002	95.19	93.61833333333334	95.65533333333336	91.02310344827585	96.1706812652068	97.26486033519551	97.27444444444444	97.26531914893616	95.2478475336323	0.43311444	0.11451381	1.6138954	0.4696407	0.3775161	0.23425935	1.4414672	0.84809464	0.50099015	0.22110082	0.4931711	0.98369926	../../benchmark_data/class-i/pdb/8enh_pmhc_tcr.pdb	../pred_pdb/af3/pmhc_tcr/classI/results_classI_no_template/ranked_3/8enh_pmhc_tcr.pdb	after	ranked_3
211	8eo8	0.735	0.716	1.444	1.479	90.70909090909092	94.03299999999999	79.18285714285715	86.55636363636364	88.7475	80.15466666666666	79.68551724137932	93.47289537712895	95.38050279329609	88.86444444444444	95.06856382978724	92.12766816143498	0.4399432	0.10704706	2.1172345	0.3784238	0.231184	0.74014425	2.3036675	1.1411873	0.46662867	0.3133251	0.46328485	1.1359332	../../benchmark_data/class-i/pdb/8eo8_pmhc_tcr.pdb	../pred_pdb/af3/pmhc_tcr/classI/results_classI_no_template/ranked_3/8eo8_pmhc_tcr.pdb	after	ranked_3
212	8f5a	0.493	0.429	2.392	4.667	88.39818181818181	90.72999999999999	84.30866666666667	90.67800000000001	86.75500000000001	83.69916666666667	84.03777777777779	93.81525672371639	95.38801104972376	82.14699999999999	94.69476439790574	93.04467889908257	0.30549067	2.184723	2.1532404	0.28438798	0.315172	1.3198801	2.6029968	2.3251941	0.35380393	2.7094016	0.7737085	1.3409923	../../benchmark_data/class-i/pdb/8f5a_pmhc_tcr.pdb	../pred_pdb/af3/pmhc_tcr/classI/results_classI_no_template/ranked_3/8f5a_pmhc_tcr.pdb	after	ranked_3
213	8gom	0.041	0.0	17.474	23.407	78.22083333333335	77.24777777777777	81.07545454545453	86.796	82.11727272727273	76.54266666666668	78.46038461538461	90.69646341463415	91.97276243093923	85.58222222222224	91.67005263157894	89.85563636363635	0.23851165	0.27410808	0.813278	0.2338783	0.29763713	1.645776	1.6581713	18.179272	0.394135	0.6369296	0.42703837	0.9234991	../../benchmark_data/class-i/pdb/8gom_pmhc_tcr.pdb	../pred_pdb/af3/pmhc_tcr/classI/results_classI_no_template/ranked_3/8gom_pmhc_tcr.pdb	after	ranked_3
214	8gon	0.034	0.0	15.192	26.545	80.07833333333333	77.77000000000001	78.51272727272728	84.037	79.86181818181818	71.154	74.2673076923077	90.15358536585366	91.26342541436465	89.21555555555557	91.16642105263159	89.27886363636362	0.47000444	0.24632154	1.1100497	0.22596025	0.22747539	1.5290527	1.6696311	19.151178	0.4130141	0.44358936	0.42306438	0.8001958	../../benchmark_data/class-i/pdb/8gon_pmhc_tcr.pdb	../pred_pdb/af3/pmhc_tcr/classI/results_classI_no_template/ranked_3/8gon_pmhc_tcr.pdb	after	ranked_3
215	8gvb	0.788	0.833	1.197	2.521	86.25	93.63909090909091	90.34142857142858	97.25800000000001	96.7681818181818	95.93733333333336	93.23586206896552	95.64848780487806	96.68494444444445	96.42750000000001	96.67398936170213	94.78004504504504	1.6807885	0.8451012	0.77334166	0.3806168	0.6645513	0.43244377	0.80566573	1.2038666	0.5260053	0.44075954	0.53372234	0.90485245	../../benchmark_data/class-i/pdb/8gvb_pmhc_tcr.pdb	../pred_pdb/af3/pmhc_tcr/classI/results_classI_no_template/ranked_3/8gvb_pmhc_tcr.pdb	after	ranked_3
216	8gvg	0.791	0.866	1.179	2.988	85.46181818181819	93.78090909090908	91.64857142857143	97.75399999999999	97.27999999999999	96.34133333333334	94.07586206896552	95.96729927007298	96.97215469613259	96.63749999999999	96.95798941798941	95.12387387387388	0.9494355	0.8979077	0.775761	0.5566488	0.66437644	0.46624267	0.7828427	1.1672735	0.6255305	0.38865617	0.6253832	0.97540975	../../benchmark_data/class-i/pdb/8gvg_pmhc_tcr.pdb	../pred_pdb/af3/pmhc_tcr/classI/results_classI_no_template/ranked_3/8gvg_pmhc_tcr.pdb	after	ranked_3
217	8gvi	0.882	0.897	0.826	1.121	95.1718181818182	96.95090909090908	97.51285714285714	97.977	97.36181818181818	98.25600000000001	97.89724137931036	96.98160583941606	97.51856353591161	98.18375	97.54671957671957	96.5004954954955	1.4715077	0.9020769	0.38472864	0.63722706	0.37069967	0.47798887	0.51262236	0.8579787	0.52560246	0.28637278	0.5225916	0.9514951	../../benchmark_data/class-i/pdb/8gvi_pmhc_tcr.pdb	../pred_pdb/af3/pmhc_tcr/classI/results_classI_no_template/ranked_3/8gvi_pmhc_tcr.pdb	after	ranked_3
218	8i5c	0.814	0.778	1.015	1.283	93.54818181818182	93.67333333333333	92.59000000000002	94.44399999999999	92.4	91.63076923076923	92.09120000000001	95.87886419753087	95.99000000000001	87.15777777777777	95.57163157894735	96.15037209302326	0.2532348	0.28146175	0.25368577	0.3092598	0.37439394	1.4044471	1.3304508	0.7742497	0.31266552	1.7434193	0.5087814	0.6251328	../../benchmark_data/class-i/pdb/8i5c_pmhc_tcr.pdb	../pred_pdb/af3/pmhc_tcr/classI/results_classI_no_template/ranked_3/8i5c_pmhc_tcr.pdb	after	ranked_3
219	8i5d	0.758	0.661	1.086	1.831	88.568	92.01	82.92416666666666	94.46300000000001	88.68545454545455	86.40933333333332	84.86037037037038	94.16477722772277	95.4503314917127	84.75777777777779	94.94384210526317	93.47308411214952	0.19427237	0.26202843	0.9381878	0.2676327	0.2180201	1.1059906	1.2200024	1.1635656	0.33844632	1.6988859	0.5221819	1.1041812	../../benchmark_data/class-i/pdb/8i5d_pmhc_tcr.pdb	../pred_pdb/af3/pmhc_tcr/classI/results_classI_no_template/ranked_3/8i5d_pmhc_tcr.pdb	after	ranked_3
220	8qfy	0.899	0.852	0.58	1.353	97.0809090909091	96.82333333333334	96.48	98.03	96.72272727272728	98.2575	97.36874999999999	96.78409876543209	96.80254143646408	97.64444444444445	96.84242105263156	96.73255813953487	0.2979304	0.24777144	0.18817861	0.32266495	0.20024242	0.18866755	0.2863184	0.7036952	0.6750058	0.2987353	0.6672422	0.48915958	../../benchmark_data/class-i/pdb/8qfy_pmhc_tcr.pdb	../pred_pdb/af3/pmhc_tcr/classI/results_classI_no_template/ranked_3/8qfy_pmhc_tcr.pdb	after	ranked_3
221	8shi	0.293	0.375	3.482	11.613	81.83	87.23600000000002	68.14999999999999	92.77799999999999	84.52400000000002	88.1557142857143	77.18483870967742	92.24517326732673	93.63272222222221	88.66999999999999	93.42154255319149	91.22129629629632	0.36878216	0.43426472	2.7147176	0.23446776	0.24356432	0.3040894	2.170973	3.9640927	0.5246393	1.476159	0.6305302	1.2694918	../../benchmark_data/class-i/pdb/8shi_pmhc_tcr.pdb	../pred_pdb/af3/pmhc_tcr/classI/results_classI_no_template/ranked_3/8shi_pmhc_tcr.pdb	after	ranked_3
222	8wte	0.591	0.538	1.816	3.865	91.08727272727273	90.82555555555557	91.54538461538462	94.275	91.543	89.875	90.62379310344826	94.66080684596578	95.18955801104973	85.64888888888888	94.73763157894736	94.59415525114154	0.20297144	0.28506923	0.5837534	0.2599992	0.17455967	1.3617889	1.2644001	1.952615	0.34561884	1.4130722	0.5045523	0.9468406	../../benchmark_data/class-i/pdb/8wte_pmhc_tcr.pdb	../pred_pdb/af3/pmhc_tcr/classI/results_classI_no_template/ranked_3/8wte_pmhc_tcr.pdb	after	ranked_3
223	8wul	0.66	0.633	1.571	3.267	89.9618181818182	90.75999999999999	89.97	94.50999999999999	91.426	87.5325	88.62517241379312	94.71188264058681	95.92011049723756	86.70999999999998	95.48384210526316	94.04214611872146	0.40967008	0.2603771	0.6353761	0.23125188	0.17797638	1.1029049	1.1153843	1.6278943	0.3797792	1.070842	0.4659775	0.90347695	../../benchmark_data/class-i/pdb/8wul_pmhc_tcr.pdb	../pred_pdb/af3/pmhc_tcr/classI/results_classI_no_template/ranked_3/8wul_pmhc_tcr.pdb	after	ranked_3
224	6zkw	0.476	0.655	3.181	7.072	93.77090909090909	94.635	94.53461538461539	96.94000000000001	94.403	94.07374999999999	94.2803448275862	95.6080684596577	95.18500000000002	93.59777777777778	95.10941798941799	96.03645454545455	0.5792348	0.16380355	0.21779993	0.13934305	0.13887812	0.49741715	0.63335687	3.552392	0.5007541	0.19362713	0.49431315	1.0328996	../../benchmark_data/class-i/pdb/6zkw_pmhc_tcr.pdb	../pred_pdb/af3/pmhc_tcr/classI/results_classI_no_template/ranked_4/6zkw_pmhc_tcr.pdb	after	ranked_4
225	6zkx	0.048	0.058	13.491	30.111	85.36363636363636	86.96599999999998	83.95230769230768	90.132	79.239	80.18375	81.87310344827586	89.81440389294404	88.20659217877096	78.97083333333335	87.62633507853404	91.71404545454544	0.5196421	0.18253583	0.51013184	0.15959835	0.10810257	0.7208601	0.98708105	17.033321	1.5691148	1.1938095	1.6151572	0.878162	../../benchmark_data/class-i/pdb/6zkx_pmhc_tcr.pdb	../pred_pdb/af3/pmhc_tcr/classI/results_classI_no_template/ranked_4/6zkx_pmhc_tcr.pdb	after	ranked_4
226	6zky	0.454	0.547	3.009	6.716	86.65454545454546	88.679	86.33615384615383	92.455	82.664	83.71875	84.89206896551724	92.01080882352942	91.7446111111111	81.15375	91.29393617021276	92.62340909090909	0.51442504	0.3362633	0.5624769	0.19804405	0.17524944	0.57785106	0.95624936	3.2983763	1.5918887	2.270671	1.6990439	0.93181854	../../benchmark_data/class-i/pdb/6zky_pmhc_tcr.pdb	../pred_pdb/af3/pmhc_tcr/classI/results_classI_no_template/ranked_4/6zky_pmhc_tcr.pdb	after	ranked_4
227	6zkz	0.252	0.271	4.172	11.075	86.99363636363636	89.702	80.02923076923078	92.308	88.215	84.480625	82.48517241379311	92.98990196078431	93.85433333333333	90.12875	93.69579787234044	92.38668181818181	0.38021415	0.18225023	2.192044	0.17163432	0.17897065	2.5467653	2.9989624	4.03423	1.7017251	2.319058	1.7852002	1.7212361	../../benchmark_data/class-i/pdb/6zkz_pmhc_tcr.pdb	../pred_pdb/af3/pmhc_tcr/classI/results_classI_no_template/ranked_4/6zkz_pmhc_tcr.pdb	after	ranked_4
228	7dzm	0.887	0.86	0.625	2.005	95.01916666666665	95.72	96.47599999999998	97.672	97.50727272727273	96.83250000000002	96.63444444444443	96.73433497536945	96.81005555555554	97.71000000000001	96.85291005291003	96.63105990783411	0.28315413	0.13810544	0.41351372	0.19919427	0.12483248	0.23253655	0.44099864	0.9113921	0.6800913	0.17801519	0.6688855	0.45622578	../../benchmark_data/class-i/pdb/7dzm_pmhc_tcr.pdb	../pred_pdb/af3/pmhc_tcr/classI/results_classI_no_template/ranked_4/7dzm_pmhc_tcr.pdb	after	ranked_4
229	7dzn	0.168	0.143	5.334	13.343	89.9825	91.905	83.30666666666666	92.72999999999999	90.95090909090908	88.85333333333334	85.77185185185184	94.05441975308642	94.96357541899444	86.54555555555555	94.56058510638297	93.61589861751153	0.18858248	0.13354613	1.0655864	0.19723214	0.17033052	0.58882743	1.1772827	5.414232	0.5183867	0.38053328	0.5168563	1.0904365	../../benchmark_data/class-i/pdb/7dzn_pmhc_tcr.pdb	../pred_pdb/af3/pmhc_tcr/classI/results_classI_no_template/ranked_4/7dzn_pmhc_tcr.pdb	after	ranked_4
230	7l1d	0.544	0.527	2.891	2.954	85.75727272727273	92.2811111111111	80.15076923076923	91.538	92.15700000000001	72.4821052631579	75.59750000000001	93.15574572127139	96.09922651933701	86.57333333333334	95.648	90.99351598173516	0.4909866	0.3123379	0.54161143	0.269529	0.21147099	4.152089	4.7168655	2.2535431	0.5060867	0.4595226	0.5153737	2.5369935	../../benchmark_data/class-i/pdb/7l1d_pmhc_tcr.pdb	../pred_pdb/af3/pmhc_tcr/classI/results_classI_no_template/ranked_4/7l1d_pmhc_tcr.pdb	after	ranked_4
231	7n2n	0.227	0.158	3.577	11.02	83.40454545454546	85.35900000000001	78.74588235294117	87.672	87.815	77.32066666666667	78.0778125	91.62895883777239	94.16232044198894	87.15666666666667	93.83047368421053	89.75322869955157	0.52427703	0.3603122	1.7787313	0.21870083	0.16597836	1.4813676	2.609776	3.878854	0.50296146	0.7264972	0.52599514	1.498099	../../benchmark_data/class-i/pdb/7n2n_pmhc_tcr.pdb	../pred_pdb/af3/pmhc_tcr/classI/results_classI_no_template/ranked_4/7n2n_pmhc_tcr.pdb	after	ranked_4
232	7n2o	0.661	0.695	1.566	4.139	92.23181818181818	91.236	87.14588235294117	95.08600000000001	93.192	89.86	88.418125	94.93058111380144	96.32314917127071	94.62666666666668	96.2427894736842	93.81255605381165	0.27178338	0.24433164	1.1849016	0.22404307	0.134998	0.723812	1.52645	1.5821383	0.3359872	0.16712978	0.33926105	0.9454434	../../benchmark_data/class-i/pdb/7n2o_pmhc_tcr.pdb	../pred_pdb/af3/pmhc_tcr/classI/results_classI_no_template/ranked_4/7n2o_pmhc_tcr.pdb	after	ranked_4
233	7n2p	0.371	0.397	2.773	8.669	83.19636363636363	82.384	78.79727272727271	87.239	83.43800000000002	74.49600000000002	76.31576923076923	90.82992628992629	92.78276243093923	83.54333333333334	92.34510526315789	89.50327188940092	0.5085791	0.39519033	1.3606851	0.29457793	0.15251952	1.1115571	1.6016258	2.7903728	0.4269698	0.7827827	0.45502388	0.9366742	../../benchmark_data/class-i/pdb/7n2p_pmhc_tcr.pdb	../pred_pdb/af3/pmhc_tcr/classI/results_classI_no_template/ranked_4/7n2p_pmhc_tcr.pdb	after	ranked_4
234	7n2q	0.672	0.61	1.33	3.644	81.43636363636362	80.74900000000001	79.16909090909091	87.295	81.46199999999999	71.65266666666666	74.8326923076923	90.66673218673219	92.83116022099446	85.96222222222224	92.5057894736842	89.05649769585253	0.3608395	0.40505245	1.3172308	0.21204068	0.190922	1.1262842	1.8282355	1.3781388	0.34251773	0.7555915	0.38397267	1.0665874	../../benchmark_data/class-i/pdb/7n2q_pmhc_tcr.pdb	../pred_pdb/af3/pmhc_tcr/classI/results_classI_no_template/ranked_4/7n2q_pmhc_tcr.pdb	after	ranked_4
235	7n2r	0.044	0.0	15.679	22.651	87.24363636363637	87.082	79.99454545454546	87.833	81.441	72.68533333333333	75.7776923076923	90.72331695331695	92.77569060773482	90.80444444444444	92.68231578947368	89.00806451612904	0.41981694	0.3313241	0.5834005	0.25781554	0.20791258	1.861246	2.2742417	16.769657	0.4593132	0.6898054	0.4774425	1.067838	../../benchmark_data/class-i/pdb/7n2r_pmhc_tcr.pdb	../pred_pdb/af3/pmhc_tcr/classI/results_classI_no_template/ranked_4/7n2r_pmhc_tcr.pdb	after	ranked_4
236	7n2s	0.187	0.227	5.112	14.505	85.07727272727271	85.18300000000002	79.083125	86.00500000000001	84.05600000000001	79.164	79.12225806451612	91.38315533980582	92.92011049723757	84.36111111111113	92.51468421052633	90.41472972972973	1.2938055	0.36658582	2.201566	0.50817746	0.31511158	0.5914342	2.7047677	5.4863434	0.42601	0.53730524	0.4391521	1.4670881	../../benchmark_data/class-i/pdb/7n2s_pmhc_tcr.pdb	../pred_pdb/af3/pmhc_tcr/classI/results_classI_no_template/ranked_4/7n2s_pmhc_tcr.pdb	after	ranked_4
237	7n4k	0.79	0.782	1.025	2.709	88.88749999999999	89.85999999999999	79.6846153846154	95.7	93.71199999999999	92.0090909090909	85.33333333333333	94.58235	95.55745762711864	94.74600000000001	95.51406417112298	93.7643661971831	0.26421544	0.7194472	0.8201273	0.44452125	0.11281595	0.67089325	0.85664016	1.4484404	1.3875763	0.20763752	1.353461	1.0208651	../../benchmark_data/class-i/pdb/7n4k_pmhc_tcr.pdb	../pred_pdb/af3/pmhc_tcr/classI/results_classI_no_template/ranked_4/7n4k_pmhc_tcr.pdb	after	ranked_4
238	7n5c	0.638	0.509	1.31	3.724	87.08749999999999	88.64750000000001	74.42769230769231	92.019	84.92	88.99727272727273	81.10541666666667	92.87081683168316	93.81204419889502	91.56800000000001	93.69455497382197	92.13215962441315	0.29327342	0.16270801	1.1988537	0.45286426	0.09853287	0.5709667	1.1402949	1.9857181	2.2038238	0.31274417	2.1472685	1.0312521	../../benchmark_data/class-i/pdb/7n5c_pmhc_tcr.pdb	../pred_pdb/af3/pmhc_tcr/classI/results_classI_no_template/ranked_4/7n5c_pmhc_tcr.pdb	after	ranked_4
239	7n5p	0.748	0.695	1.146	2.528	88.66250000000001	89.15125	78.25692307692307	95.38	93.05000000000001	90.63181818181818	83.92875	94.54486215538847	95.66772727272728	93.955	95.57564516129032	93.64474178403756	0.24679606	0.31644976	1.346136	0.43806016	0.11878054	0.45403403	1.35179	1.4895427	1.2190317	0.28310865	1.1935068	1.2687618	../../benchmark_data/class-i/pdb/7n5p_pmhc_tcr.pdb	../pred_pdb/af3/pmhc_tcr/classI/results_classI_no_template/ranked_4/7n5p_pmhc_tcr.pdb	after	ranked_4
240	7na5	0.257	0.408	5.204	13.408	90.99818181818182	91.97111111111111	91.3709090909091	95.03200000000001	87.861	93.21733333333333	92.43615384615386	93.94335802469135	93.25455555555556	93.04444444444445	93.24455026455027	94.55481481481482	0.70805496	0.29537067	0.76595074	0.26193112	0.3593421	0.6554099	1.056013	5.865235	1.5821972	0.53758955	1.5508169	0.6596901	../../benchmark_data/class-i/pdb/7na5_pmhc_tcr.pdb	../pred_pdb/af3/pmhc_tcr/classI/results_classI_no_template/ranked_4/7na5_pmhc_tcr.pdb	after	ranked_4
241	7ndq	0.323	0.317	3.918	8.116	84.76833333333333	84.28625	77.08333333333333	93.601	91.32272727272726	86.32692307692308	81.375	93.39164215686273	94.71602209944753	92.94777777777777	94.63226315789474	92.31036697247707	0.55489516	0.74878424	2.3595083	0.30084154	0.35358456	1.9193689	2.4420652	3.9727073	1.011785	2.139414	1.1250175	1.3840458	../../benchmark_data/class-i/pdb/7ndq_pmhc_tcr.pdb	../pred_pdb/af3/pmhc_tcr/classI/results_classI_no_template/ranked_4/7ndq_pmhc_tcr.pdb	after	ranked_4
242	7ndt	0.618	0.492	1.506	3.386	82.8725	86.535	81.78285714285714	91.734	87.14	88.27749999999999	84.78038461538462	92.3739603960396	92.3135	81.73124999999999	91.8631914893617	92.81851851851852	0.24940948	0.2017686	1.4750444	0.160059	0.23872803	0.5585795	1.2657514	1.4955918	0.72555774	2.2794635	0.941562	0.8642096	../../benchmark_data/class-i/pdb/7ndt_pmhc_tcr.pdb	../pred_pdb/af3/pmhc_tcr/classI/results_classI_no_template/ranked_4/7ndt_pmhc_tcr.pdb	after	ranked_4
243	7ndu	0.674	0.646	1.73	2.011	89.06416666666667	91.045	82.07666666666667	96.93500000000002	94.92818181818183	92.61846153846153	86.97107142857143	95.1574692874693	95.883591160221	92.3875	95.73560846560846	94.6562385321101	0.9166194	0.28994286	1.9033805	0.28109893	0.30714527	1.7180597	2.1018004	1.4814935	1.0548385	1.3512996	1.1368444	1.2328941	../../benchmark_data/class-i/pdb/7ndu_pmhc_tcr.pdb	../pred_pdb/af3/pmhc_tcr/classI/results_classI_no_template/ranked_4/7ndu_pmhc_tcr.pdb	after	ranked_4
244	7nme	0.884	0.8	0.574	1.243	91.30090909090909	94.028	96.15	97.306	97.1709090909091	97.72000000000001	96.86958333333332	96.488	97.17480662983425	96.78888888888888	97.15652631578946	95.89720930232558	0.36416006	0.25045013	0.25839144	0.26266477	0.15651578	0.2035062	0.25747463	0.7261803	0.4890749	0.15121116	0.48016134	0.7743616	../../benchmark_data/class-i/pdb/7nme_pmhc_tcr.pdb	../pred_pdb/af3/pmhc_tcr/classI/results_classI_no_template/ranked_4/7nme_pmhc_tcr.pdb	after	ranked_4
245	7nmf	0.898	0.845	0.564	1.413	91.23727272727272	93.98299999999999	96.13307692307693	97.31	97.17272727272729	97.71636363636365	96.85874999999999	96.47795061728394	97.17745856353591	96.77666666666667	97.15847368421053	95.87655813953488	0.38296375	0.18108697	0.31041446	0.15803939	0.1650837	0.16422772	0.2959317	0.68929106	0.416009	0.24875663	0.4124794	0.7118919	../../benchmark_data/class-i/pdb/7nmf_pmhc_tcr.pdb	../pred_pdb/af3/pmhc_tcr/classI/results_classI_no_template/ranked_4/7nmf_pmhc_tcr.pdb	after	ranked_4
246	7nmg	0.875	0.792	0.615	1.292	89.78363636363635	93.00899999999999	95.43769230769229	97.10499999999999	96.88272727272728	97.52363636363636	96.39375000000001	96.09271604938273	96.98060773480663	96.41111111111111	96.95363157894737	95.3319069767442	0.34065548	0.13855563	0.38266215	0.29678425	0.12824309	0.21294007	0.3856162	0.704722	0.45057195	0.4672048	0.45622435	0.70418334	../../benchmark_data/class-i/pdb/7nmg_pmhc_tcr.pdb	../pred_pdb/af3/pmhc_tcr/classI/results_classI_no_template/ranked_4/7nmg_pmhc_tcr.pdb	after	ranked_4
247	7ow5	0.895	0.859	0.559	1.992	94.8275	87.47000000000001	95.77437499999999	97.41999999999999	96.224	96.205	95.9896875	96.0561204819277	96.94761111111113	88.47900000000001	96.5018947368421	95.67968888888889	0.3596773	0.6902693	0.21376772	0.27771166	0.16096815	0.37144578	0.36084834	0.86480063	0.63831013	0.53389746	0.63535863	0.6072735	../../benchmark_data/class-i/pdb/7ow5_pmhc_tcr.pdb	../pred_pdb/af3/pmhc_tcr/classI/results_classI_no_template/ranked_4/7ow5_pmhc_tcr.pdb	after	ranked_4
248	7ow6	0.917	0.892	0.45	2.121	96.29916666666668	88.00363636363637	96.34687500000001	97.176	96.44	97.141875	96.744375	96.35834134615385	97.35281767955802	97.187	97.34413612565444	95.52151111111111	0.17509556	0.45750546	0.14224473	0.22420578	0.29545435	0.376136	0.33927354	0.8774262	0.3657492	0.24522474	0.36507508	0.62360346	../../benchmark_data/class-i/pdb/7ow6_pmhc_tcr.pdb	../pred_pdb/af3/pmhc_tcr/classI/results_classI_no_template/ranked_4/7ow6_pmhc_tcr.pdb	after	ranked_4
249	7pb2	0.06	0.016	10.771	20.758	78.8775	77.06727272727272	65.9225	89.846	79.05799999999999	75.84	70.88125	90.23756626506024	92.26494444444445	85.75199999999998	91.92215789473684	88.81502222222221	0.29247835	1.2626882	1.4531373	0.21132614	0.19441435	0.99695134	1.6297244	14.353261	0.5467311	1.3810084	0.6400906	1.1610755	../../benchmark_data/class-i/pdb/7pb2_pmhc_tcr.pdb	../pred_pdb/af3/pmhc_tcr/classI/results_classI_no_template/ranked_4/7pb2_pmhc_tcr.pdb	after	ranked_4
250	7pbe	0.847	0.883	1.041	1.114	96.07545454545456	94.82624999999999	97.00666666666667	96.128	94.75999999999999	97.3146153846154	97.16680000000001	96.4222962962963	97.13171270718232	97.35	97.14205263157895	95.78623255813955	0.424259	1.4868993	0.4484838	0.5216442	0.20257905	0.49911556	0.6417977	0.91987133	0.6476791	0.19973199	0.6360029	0.9116918	../../benchmark_data/class-i/pdb/7pbe_pmhc_tcr.pdb	../pred_pdb/af3/pmhc_tcr/classI/results_classI_no_template/ranked_4/7pbe_pmhc_tcr.pdb	after	ranked_4
251	7phr	0.92	0.841	0.403	1.039	97.31300000000002	98.35900000000001	98.05909090909091	98.498	98.572	98.69307692307692	98.40249999999999	97.37215	98.1314917127072	98.60666666666667	98.15400000000001	96.6647619047619	0.24073055	0.28973946	0.41199103	0.18114188	0.24565138	0.18702708	0.35250482	0.74474406	0.39412448	0.2169366	0.3884698	0.73428583	../../benchmark_data/class-i/pdb/7phr_pmhc_tcr.pdb	../pred_pdb/af3/pmhc_tcr/classI/results_classI_no_template/ranked_4/7phr_pmhc_tcr.pdb	after	ranked_4
252	7q99	0.881	0.822	0.627	1.495	93.77454545454545	93.33333333333333	90.06363636363635	90.51363636363637	87.95555555555555	87.206	88.41499999999999	94.3997542997543	96.15850828729283	93.91	96.04078534031414	92.94865740740742	0.26883072	0.29625067	0.42881948	0.37839645	0.31079316	0.5400472	0.6066541	0.767311	0.3821091	0.26955009	0.3809998	0.82244366	../../benchmark_data/class-i/pdb/7q99_pmhc_tcr.pdb	../pred_pdb/af3/pmhc_tcr/classI/results_classI_no_template/ranked_4/7q99_pmhc_tcr.pdb	after	ranked_4
253	7q9a	0.881	0.853	0.703	1.533	91.04636363636364	89.82333333333332	90.55090909090909	91.51454545454546	89.96555555555555	89.56266666666667	89.98076923076921	94.09147420147418	95.62856353591158	93.914	95.53879581151834	92.81166666666667	0.21048054	0.28127575	0.9116281	0.21610251	0.30580053	0.19819659	0.71107286	0.8661283	0.30630124	0.1544372	0.3053067	0.74841034	../../benchmark_data/class-i/pdb/7q9a_pmhc_tcr.pdb	../pred_pdb/af3/pmhc_tcr/classI/results_classI_no_template/ranked_4/7q9a_pmhc_tcr.pdb	after	ranked_4
254	7q9b	0.307	0.338	3.9	9.291	87.71545454545456	94.33555555555557	72.61125	93.037	89.79	85.38625	81.12791666666666	93.6193086419753	96.2865193370166	93.796	96.15612565445026	91.35514018691588	0.44335783	0.26201594	1.6547643	0.30466506	0.30478105	1.536481	2.6519558	4.553115	0.644935	0.37712222	0.64143395	1.7425507	../../benchmark_data/class-i/pdb/7q9b_pmhc_tcr.pdb	../pred_pdb/af3/pmhc_tcr/classI/results_classI_no_template/ranked_4/7q9b_pmhc_tcr.pdb	after	ranked_4
255	7qpj	0.892	0.783	0.493	0.814	97.04727272727273	97.46111111111112	97.30384615384615	96.971	94.87300000000002	97.77545454545454	97.52	97.10466501240695	97.22983333333333	97.68	97.25126984126983	96.97518691588785	0.26641402	0.3270963	0.09353982	0.19112004	0.12600367	0.5081524	0.5655224	0.6107834	0.4186731	0.23527303	0.41537106	0.49638826	../../benchmark_data/class-i/pdb/7qpj_pmhc_tcr.pdb	../pred_pdb/af3/pmhc_tcr/classI/results_classI_no_template/ranked_4/7qpj_pmhc_tcr.pdb	after	ranked_4
256	7r80	0.564	0.581	1.785	5.609	81.19909090909091	85.05699999999999	84.65692307692308	88.539	81.576	82.19333333333334	83.33714285714288	91.07486552567237	91.63618784530388	79.49333333333333	91.06099999999998	91.08689497716894	1.89261	0.38393104	0.5563711	0.30771908	0.19961347	0.6435062	0.8206083	2.230844	0.51714355	0.8401252	0.5434544	1.0596658	../../benchmark_data/class-i/pdb/7r80_pmhc_tcr.pdb	../pred_pdb/af3/pmhc_tcr/classI/results_classI_no_template/ranked_4/7r80_pmhc_tcr.pdb	after	ranked_4
257	7rk7	0.041	0.0	17.013	23.457	79.72916666666667	80.71625	61.79625	84.121	82.55300000000001	65.426	63.81277777777778	89.15744578313252	92.71845303867404	94.09777777777778	92.78378947368422	86.09519999999999	0.33984974	0.49087277	2.7642825	0.50193703	0.23650065	4.820666	4.493371	17.972666	0.47534534	0.82455283	0.50668454	2.7981799	../../benchmark_data/class-i/pdb/7rk7_pmhc_tcr.pdb	../pred_pdb/af3/pmhc_tcr/classI/results_classI_no_template/ranked_4/7rk7_pmhc_tcr.pdb	after	ranked_4
258	7rm4	0.046	0.0	12.77	22.421	79.57818181818183	87.816	79.07416666666667	90.947	86.19272727272727	79.97866666666667	79.57666666666665	92.18603911980439	93.63149171270716	93.6277777777778	93.63131578947367	90.93214611872146	0.52826124	0.46366242	1.0564541	0.15275906	0.19976145	1.3875295	1.6768875	14.653029	0.38277012	0.37906486	0.39092413	0.9398306	../../benchmark_data/class-i/pdb/7rm4_pmhc_tcr.pdb	../pred_pdb/af3/pmhc_tcr/classI/results_classI_no_template/ranked_4/7rm4_pmhc_tcr.pdb	after	ranked_4
259	7rrg	0.17	0.206	5.848	15.003	81.22749999999999	82.73625	67.50200000000001	86.129	78.96272727272728	77.35000000000001	72.25620689655172	90.66929095354523	92.38640883977902	83.89444444444445	91.98415789473682	89.52853881278538	0.16859718	0.22775364	3.1873455	0.17246124	0.43396255	1.8028961	3.0438607	5.5222716	0.5675671	0.87286323	0.5896435	1.3508651	../../benchmark_data/class-i/pdb/7rrg_pmhc_tcr.pdb	../pred_pdb/af3/pmhc_tcr/classI/results_classI_no_template/ranked_4/7rrg_pmhc_tcr.pdb	after	ranked_4
260	7rtr	0.381	0.286	2.977	6.163	86.88272727272728	87.60444444444445	86.98818181818183	90.12899999999999	86.61090909090909	89.68636363636364	88.33727272727273	93.3754791154791	93.75182320441989	87.19999999999999	93.44147368421054	93.31769585253457	0.4975697	0.2631823	0.8352637	0.32898095	0.20503114	0.25028768	0.8922285	2.7435791	0.35697806	0.20701718	0.35215014	0.98124707	../../benchmark_data/class-i/pdb/7rtr_pmhc_tcr.pdb	../pred_pdb/af3/pmhc_tcr/classI/results_classI_no_template/ranked_4/7rtr_pmhc_tcr.pdb	after	ranked_4
261	7su9	0.377	0.483	3.394	8.756	85.53249999999998	87.5925	78.43066666666667	90.71700000000001	86.809	80.13799999999998	79.28433333333335	92.55416666666667	93.75555555555556	86.72333333333333	93.42068783068783	91.80634703196345	0.36770386	0.62157804	2.1015437	0.35006905	0.27266315	2.585116	2.6553338	4.034661	0.60686517	0.48314247	0.6057696	1.2830347	../../benchmark_data/class-i/pdb/7su9_pmhc_tcr.pdb	../pred_pdb/af3/pmhc_tcr/classI/results_classI_no_template/ranked_4/7su9_pmhc_tcr.pdb	after	ranked_4
262	8cx4	0.712	0.644	1.119	3.597	87.72545454545455	87.37100000000001	80.11117647058825	91.547	85.71100000000001	81.86	80.9309375	92.92837772397094	94.98491712707184	88.40333333333335	94.67315789473685	91.4417937219731	0.39086378	0.39653632	0.40126592	0.21605372	0.10926239	0.75295144	0.8453935	1.4124708	0.48891652	0.26001248	0.4835638	0.6719407	../../benchmark_data/class-i/pdb/8cx4_pmhc_tcr.pdb	../pred_pdb/af3/pmhc_tcr/classI/results_classI_no_template/ranked_4/8cx4_pmhc_tcr.pdb	after	ranked_4
263	8d5q	0.825	0.792	0.866	2.279	92.77090909090909	94.925	93.80125000000001	95.06454545454545	95.23545454545454	95.37533333333334	94.56290322580647	95.95095588235296	95.45926136363637	94.529	95.40924731182797	96.40481981981983	0.48876855	0.2118595	0.21060815	0.17226294	0.2199024	0.52239597	0.4096932	1.1255816	0.6559917	0.31963444	0.647	0.5729415	../../benchmark_data/class-i/pdb/8d5q_pmhc_tcr.pdb	../pred_pdb/af3/pmhc_tcr/classI/results_classI_no_template/ranked_4/8d5q_pmhc_tcr.pdb	after	ranked_4
264	8dnt	0.671	0.74	1.49	4.654	92.32999999999998	92.72888888888889	91.47333333333334	95.519	89.57	93.885	92.77192307692309	95.48891891891891	96.29580110497238	95.09555555555556	96.23894736842104	94.83221198156684	0.6094208	0.42607278	0.72098917	0.4909859	0.66705316	0.64139855	1.1435298	2.2455416	0.7027457	0.57704633	0.7079209	1.27849	../../benchmark_data/class-i/pdb/8dnt_pmhc_tcr.pdb	../pred_pdb/af3/pmhc_tcr/classI/results_classI_no_template/ranked_4/8dnt_pmhc_tcr.pdb	after	ranked_4
265	8en8	0.439	0.37	2.616	5.578	92.16181818181818	95.086	83.16428571428571	85.16818181818184	89.31666666666666	80.45666666666668	81.76379310344826	93.87317961165049	95.84750000000001	91.34777777777778	95.63322751322751	92.3814798206278	0.32679746	0.15401824	2.0949838	0.42263022	0.41468072	2.1077626	2.9479196	2.1338067	0.34560105	0.3001014	0.34928235	1.5348436	../../benchmark_data/class-i/pdb/8en8_pmhc_tcr.pdb	../pred_pdb/af3/pmhc_tcr/classI/results_classI_no_template/ranked_4/8en8_pmhc_tcr.pdb	after	ranked_4
266	8enh	0.858	0.802	0.779	1.047	92.72909090909091	96.64200000000001	84.92642857142856	95.46363636363638	93.33083333333333	95.84266666666666	90.57275862068964	95.92666666666666	97.13162011173185	97.10888888888888	97.13053191489362	94.91174887892376	0.41221264	0.115735404	1.3605471	0.30090955	0.38866737	0.28711873	1.1511577	0.76892793	0.436358	0.1867976	0.4294362	0.8543015	../../benchmark_data/class-i/pdb/8enh_pmhc_tcr.pdb	../pred_pdb/af3/pmhc_tcr/classI/results_classI_no_template/ranked_4/8enh_pmhc_tcr.pdb	after	ranked_4
267	8eo8	0.585	0.581	1.998	4.076	90.07909090909092	93.552	79.59714285714287	84.61363636363636	87.60083333333331	78.45333333333335	79.00551724137932	93.18114355231144	95.17201117318436	88.90444444444444	94.87196808510639	91.75569506726455	0.39067715	0.107958	1.9567199	0.31516492	0.17932984	1.8236927	2.7276378	1.6956643	0.55875856	0.45562798	0.55751264	1.3364716	../../benchmark_data/class-i/pdb/8eo8_pmhc_tcr.pdb	../pred_pdb/af3/pmhc_tcr/classI/results_classI_no_template/ranked_4/8eo8_pmhc_tcr.pdb	after	ranked_4
268	8f5a	0.533	0.5	2.081	4.802	86.40090909090908	87.855	81.52666666666666	89.95400000000001	84.77600000000001	82.66666666666666	82.03333333333333	93.12887530562347	94.59325966850827	80.696	93.86565445026176	92.4833486238532	0.26700845	2.1784477	1.987495	0.25910273	0.3434144	1.2844483	2.6335382	1.907469	0.3631004	2.9836204	0.8540081	1.5334518	../../benchmark_data/class-i/pdb/8f5a_pmhc_tcr.pdb	../pred_pdb/af3/pmhc_tcr/classI/results_classI_no_template/ranked_4/8f5a_pmhc_tcr.pdb	after	ranked_4
269	8gom	0.054	0.0	11.819	20.566	73.45583333333335	74.74333333333333	77.34272727272727	85.321	78.75181818181818	73.958	75.39	89.64082926829268	91.0853591160221	83.38111111111111	90.72042105263158	88.70845454545453	1.3884681	0.2775952	1.0635285	0.29779324	0.3387794	1.7300351	1.8201752	18.887535	0.4056377	0.6498929	0.43297037	0.9208513	../../benchmark_data/class-i/pdb/8gom_pmhc_tcr.pdb	../pred_pdb/af3/pmhc_tcr/classI/results_classI_no_template/ranked_4/8gom_pmhc_tcr.pdb	after	ranked_4
270	8gon	0.061	0.0	11.497	19.109	78.96083333333333	76.31777777777776	78.4490909090909	83.91	78.73545454545454	72.31199999999998	74.90846153846152	89.9381707317073	91.20955801104972	88.7311111111111	91.09215789473686	88.94154545454545	0.5343825	0.21090852	1.1931112	0.3014053	0.25234234	1.7220249	1.867902	19.635672	0.3217071	0.4066838	0.33412242	0.80690736	../../benchmark_data/class-i/pdb/8gon_pmhc_tcr.pdb	../pred_pdb/af3/pmhc_tcr/classI/results_classI_no_template/ranked_4/8gon_pmhc_tcr.pdb	after	ranked_4
271	8gvb	0.812	0.833	1.062	2.203	86.08090909090907	93.88909090909091	91.2042857142857	97.46000000000001	96.57181818181817	96.44333333333334	93.91413793103447	95.72053658536585	96.72461111111112	96.82374999999999	96.72882978723402	94.86666666666667	1.4751914	0.8324748	0.77003974	0.5185594	0.6645904	0.43952674	0.76037216	1.0351524	0.5240648	0.34552372	0.5273331	0.7988909	../../benchmark_data/class-i/pdb/8gvb_pmhc_tcr.pdb	../pred_pdb/af3/pmhc_tcr/classI/results_classI_no_template/ranked_4/8gvb_pmhc_tcr.pdb	after	ranked_4
272	8gvg	0.81	0.851	1.142	2.034	85.33636363636366	94.32090909090908	91.76928571428572	97.351	97.10545454545453	96.45333333333333	94.19206896551727	95.94007299270073	96.82237569060773	96.41	96.80492063492066	95.20378378378379	1.093011	0.9228124	0.709315	0.491148	0.68494403	0.46542296	0.73720366	1.0254806	0.5979222	0.4194142	0.5991232	0.90277463	../../benchmark_data/class-i/pdb/8gvg_pmhc_tcr.pdb	../pred_pdb/af3/pmhc_tcr/classI/results_classI_no_template/ranked_4/8gvg_pmhc_tcr.pdb	after	ranked_4
273	8gvi	0.873	0.897	0.892	1.058	95.1509090909091	96.88636363636364	97.60357142857141	97.71099999999998	97.22818181818182	98.21133333333336	97.91793103448278	96.93734793187348	97.38016574585635	98.14125	97.41238095238094	96.53292792792791	1.4552456	0.90175664	0.34708992	0.41285804	0.36975107	0.48077637	0.50799596	0.79348165	0.5057893	0.29497668	0.5041261	0.8010187	../../benchmark_data/class-i/pdb/8gvi_pmhc_tcr.pdb	../pred_pdb/af3/pmhc_tcr/classI/results_classI_no_template/ranked_4/8gvi_pmhc_tcr.pdb	after	ranked_4
274	8i5c	0.765	0.73	1.125	2.436	93.26272727272728	93.02888888888889	92.80250000000001	94.10499999999999	92.089	91.34692307692308	92.04560000000001	95.82753086419754	95.96270718232044	86.90444444444445	95.53363157894736	96.0872558139535	0.24309321	0.2437137	0.28955004	0.27277973	0.36531153	1.3988734	1.3568599	0.8683063	0.33715367	1.7366722	0.5171641	0.6295001	../../benchmark_data/class-i/pdb/8i5c_pmhc_tcr.pdb	../pred_pdb/af3/pmhc_tcr/classI/results_classI_no_template/ranked_4/8i5c_pmhc_tcr.pdb	after	ranked_4
275	8i5d	0.343	0.339	3.377	8.086	84.32	88.17	82.41000000000001	94.41199999999999	88.87090909090908	86.59200000000001	84.73333333333336	93.69673267326732	94.74049723756906	83.62666666666667	94.21405263157894	93.23742990654208	0.22985789	0.29025072	1.0924172	0.27986696	0.21802692	1.3345914	1.3334628	3.7920935	0.3479155	1.8967768	0.5761663	1.1983651	../../benchmark_data/class-i/pdb/8i5d_pmhc_tcr.pdb	../pred_pdb/af3/pmhc_tcr/classI/results_classI_no_template/ranked_4/8i5d_pmhc_tcr.pdb	after	ranked_4
276	8qfy	0.872	0.836	0.666	2.081	97.29454545454546	96.77777777777777	96.58749999999999	97.96199999999999	96.4990909090909	98.25916666666666	97.42333333333333	96.80101234567903	96.91116022099449	97.80666666666667	96.95357894736843	96.66618604651161	0.28802508	0.24393155	0.22433206	0.32346246	0.23827684	0.16917102	0.33900115	0.8925311	0.7572251	0.35299253	0.74556744	0.5981445	../../benchmark_data/class-i/pdb/8qfy_pmhc_tcr.pdb	../pred_pdb/af3/pmhc_tcr/classI/results_classI_no_template/ranked_4/8qfy_pmhc_tcr.pdb	after	ranked_4
277	8shi	0.19	0.271	5.027	16.106	82.141	86.76700000000001	68.94294117647058	92.026	83.656	87.69500000000001	77.41161290322583	92.30215346534654	93.66661111111112	88.555	93.44909574468085	91.30388888888889	0.36747116	0.4447703	2.1782396	0.22227174	0.22362141	0.4150783	1.9843109	5.8083053	0.4955853	1.4678179	0.6058688	1.2803195	../../benchmark_data/class-i/pdb/8shi_pmhc_tcr.pdb	../pred_pdb/af3/pmhc_tcr/classI/results_classI_no_template/ranked_4/8shi_pmhc_tcr.pdb	after	ranked_4
278	8wte	0.571	0.508	1.784	4.385	91.37454545454545	91.31888888888889	91.07846153846154	93.99499999999998	89.838	89.39687500000001	90.15068965517241	94.50806845965771	94.93082872928174	84.31222222222223	94.42784210526317	94.57767123287672	0.19705775	0.36939415	0.48821077	0.2962993	0.16269723	1.3712738	1.2395914	1.8382463	0.37464255	0.9684385	0.45947284	1.0707005	../../benchmark_data/class-i/pdb/8wte_pmhc_tcr.pdb	../pred_pdb/af3/pmhc_tcr/classI/results_classI_no_template/ranked_4/8wte_pmhc_tcr.pdb	after	ranked_4
279	8wul	0.67	0.633	1.445	3.466	91.50636363636364	92.36666666666667	90.54846153846155	94.542	90.53999999999999	88.20875000000001	89.25758620689656	94.97234718826407	96.11784530386741	89.26666666666667	95.7933157894737	94.26009132420091	0.38567615	0.22814764	0.66168565	0.20062838	0.164879	1.0877757	1.0886741	1.4846318	0.3571272	0.23585962	0.35788175	0.99376875	../../benchmark_data/class-i/pdb/8wul_pmhc_tcr.pdb	../pred_pdb/af3/pmhc_tcr/classI/results_classI_no_template/ranked_4/8wul_pmhc_tcr.pdb	after	ranked_4
