	id	DockQ	Fnat	iRMS	LRMS	pLDDT-cdr1a	pLDDT-cdr2a	pLDDT-cdr3a	pLDDT-cdr1b	pLDDT-cdr2b	pLDDT-cdr3b	pLDDT-cdr3a+cdr3b	pLDDT	pLDDT-mhc	pLDDT-pep	pLDDT-pmhc	pLDDT-tcr	RMSD-cdr1a	RMSD-cdr2a	RMSD-cdr3a	RMSD-cdr1b	RMSD-cdr2b	RMSD-cdr3b	RMSD-cdr3a+cdr3b	RMSD	RMSD-mhc	RMSD-pep	RMSD-pmhc	RMSD-tcr	true_pdb_path	pred_pdb_path	2021-09-30	rank
0	6zkw	0.815	0.776	0.823	2.832	93.4090909090909	94.629	94.33	96.465	91.018	93.56875	93.90999999999998	95.46017114914426	95.274	93.55333333333334	95.19206349206351	95.6905	0.5670734	0.22967365	0.5659509	0.11331963	0.17175451	0.53381985	0.7635964	1.1472973	0.63843375	0.17372707	0.626864	0.68019414	../../benchmark_data/class-i/pdb/6zkw_pmhc_tcr.pdb	../pred_pdb/af3/pmhc_tcr/classI/results_classI/ranked_0/6zkw_pmhc_tcr.pdb	after	ranked_0
1	6zkx	0.585	0.536	1.858	3.929	88.96909090909092	90.69500000000001	88.37076923076924	93.46600000000001	85.502	87.008125	87.61896551724139	91.48141119221411	90.00871508379889	79.48583333333333	89.34759162303665	93.33395454545455	0.4764957	0.18241142	0.6136318	0.18937963	0.13685378	0.43214548	0.8361035	1.9042953	2.0377526	1.1067915	2.0498674	0.8614088	../../benchmark_data/class-i/pdb/6zkx_pmhc_tcr.pdb	../pred_pdb/af3/pmhc_tcr/classI/results_classI/ranked_0/6zkx_pmhc_tcr.pdb	after	ranked_0
2	6zky	0.748	0.774	1.253	3.112	89.34727272727272	90.98499999999999	88.08538461538461	94.00500000000001	85.97	88.183125	88.13931034482758	93.53544117647058	93.49566666666668	83.48875000000001	93.06984042553192	93.9333181818182	0.37375948	0.33375096	0.45783314	0.16643067	0.17507498	0.8251378	0.93532914	1.2081487	0.63422203	2.2616835	0.9106643	0.81440634	../../benchmark_data/class-i/pdb/6zky_pmhc_tcr.pdb	../pred_pdb/af3/pmhc_tcr/classI/results_classI/ranked_0/6zky_pmhc_tcr.pdb	after	ranked_0
3	6zkz	0.714	0.712	1.363	3.116	89.39090909090909	91.523	88.0469230769231	93.812	88.843	86.509375	87.19862068965516	93.85436274509804	94.06727777777778	88.8375	93.84473404255318	93.86259090909093	0.5939317	0.22992535	0.6252403	0.1444883	0.15465201	0.80985427	1.0769542	1.3270763	0.72952116	2.3711298	0.9679949	0.95932794	../../benchmark_data/class-i/pdb/6zkz_pmhc_tcr.pdb	../pred_pdb/af3/pmhc_tcr/classI/results_classI/ranked_0/6zkz_pmhc_tcr.pdb	after	ranked_0
4	7dzm	0.89	0.884	0.642	2.138	95.73	96.93125	97.22466666666666	98.104	97.9509090909091	97.6275	97.40370370370371	97.20386699507387	97.21383333333333	98.10111111111111	97.25608465608467	97.15838709677419	0.2193604	0.13912256	0.3534522	0.18084359	0.13278964	0.23540461	0.41421115	0.9902934	0.7493939	0.17036186	0.73617935	0.37611756	../../benchmark_data/class-i/pdb/7dzm_pmhc_tcr.pdb	../pred_pdb/af3/pmhc_tcr/classI/results_classI/ranked_0/7dzm_pmhc_tcr.pdb	after	ranked_0
5	7dzn	0.171	0.095	6.365	11.19	80.135	87.78	67.352	86.66799999999999	78.42818181818183	80.30499999999999	73.10888888888888	90.79325925925927	92.9882681564246	83.03222222222222	92.51164893617023	89.30451612903225	0.13801965	0.13034572	1.1293548	0.21188925	0.17812441	0.608126	1.2925843	21.521307	0.42579433	0.3634088	0.43142742	0.9105732	../../benchmark_data/class-i/pdb/7dzn_pmhc_tcr.pdb	../pred_pdb/af3/pmhc_tcr/classI/results_classI/ranked_0/7dzn_pmhc_tcr.pdb	after	ranked_0
6	7l1d	0.46	0.405	3.442	4.04	89.46545454545453	93.94444444444444	82.97923076923077	92.572	91.69699999999999	78.6063157894737	80.3828125	93.98767726161368	96.46397790055248	89.16555555555556	96.11826315789475	92.13922374429224	0.5286453	0.2772293	1.0776743	0.23775561	0.2251999	3.9297109	5.216528	2.7456455	0.5267988	0.4182292	0.5271221	2.8836372	../../benchmark_data/class-i/pdb/7l1d_pmhc_tcr.pdb	../pred_pdb/af3/pmhc_tcr/classI/results_classI/ranked_0/7l1d_pmhc_tcr.pdb	after	ranked_0
7	7n2n	0.236	0.193	3.617	11.111	86.22454545454545	85.39899999999999	78.9429411764706	91.061	86.80199999999999	81.10333333333334	79.955625	92.75133171912833	94.78016574585637	90.72555555555556	94.58810526315789	91.1863677130045	0.3329416	0.3510303	1.588227	0.16254191	0.1944532	1.6529754	3.1640759	4.1150284	0.3304643	0.7202287	0.3689645	1.8866127	../../benchmark_data/class-i/pdb/7n2n_pmhc_tcr.pdb	../pred_pdb/af3/pmhc_tcr/classI/results_classI/ranked_0/7n2n_pmhc_tcr.pdb	after	ranked_0
8	7n2o	0.736	0.797	1.325	3.596	94.65363636363637	96.211	89.11764705882352	96.336	94.547	94.43933333333332	91.6121875	95.93900726392252	96.83602209944752	96.54555555555555	96.82226315789474	95.18645739910315	0.3255262	0.19562668	1.1401875	0.17247134	0.14622502	0.71116054	1.303944	1.3270446	0.32693353	0.2773696	0.345629	0.89821315	../../benchmark_data/class-i/pdb/7n2o_pmhc_tcr.pdb	../pred_pdb/af3/pmhc_tcr/classI/results_classI/ranked_0/7n2o_pmhc_tcr.pdb	after	ranked_0
9	7n2p	0.365	0.349	2.722	8.293	83.79727272727273	83.30300000000001	80.29909090909092	87.95	85.21000000000001	73.72533333333334	76.50653846153847	91.19208845208844	93.03872928176797	84.57333333333334	92.63773684210527	89.9263133640553	0.45314926	0.39852723	1.6574099	0.19205782	0.15490754	1.0664948	1.9198599	3.10903	0.431197	0.6736124	0.45341003	1.0183716	../../benchmark_data/class-i/pdb/7n2p_pmhc_tcr.pdb	../pred_pdb/af3/pmhc_tcr/classI/results_classI/ranked_0/7n2p_pmhc_tcr.pdb	after	ranked_0
10	7n2q	0.469	0.475	2.014	7.278	85.99181818181819	85.257	82.37090909090908	88.51499999999999	85.14600000000002	79.14000000000001	80.50692307692307	92.62208845208846	94.3757458563536	88.28333333333333	94.08715789473683	91.33930875576037	0.44640064	0.43262163	1.1703897	0.2070393	0.21148968	1.8281114	2.0067208	2.12094	0.30369228	0.71580815	0.34406772	1.0124202	../../benchmark_data/class-i/pdb/7n2q_pmhc_tcr.pdb	../pred_pdb/af3/pmhc_tcr/classI/results_classI/ranked_0/7n2q_pmhc_tcr.pdb	after	ranked_0
11	7n2r	0.044	0.0	15.776	22.729	86.96363636363635	87.97200000000001	82.64545454545454	90.068	84.569	75.57400000000001	78.56576923076923	91.68992628992629	93.32955801104971	91.51	93.24336842105262	90.32976958525344	0.5338259	0.37170517	1.0640433	0.22976996	0.16996896	1.5264348	1.7654511	16.835585	0.4260325	0.48227596	0.4345202	0.8593519	../../benchmark_data/class-i/pdb/7n2r_pmhc_tcr.pdb	../pred_pdb/af3/pmhc_tcr/classI/results_classI/ranked_0/7n2r_pmhc_tcr.pdb	after	ranked_0
12	7n2s	0.263	0.288	4.178	10.725	82.92545454545453	84.565	75.254375	86.814	82.85499999999999	75.69266666666667	75.46645161290323	90.62864077669903	92.12662983425413	82.85555555555555	91.68747368421052	89.72243243243243	1.3565553	0.42343435	1.1135178	0.4699474	0.24201198	0.6668947	1.7989521	5.0275335	0.39707938	0.44254622	0.40880334	1.5006119	../../benchmark_data/class-i/pdb/7n2s_pmhc_tcr.pdb	../pred_pdb/af3/pmhc_tcr/classI/results_classI/ranked_0/7n2s_pmhc_tcr.pdb	after	ranked_0
13	7n4k	0.713	0.764	1.313	4.109	89.8525	90.3625	83.89615384615385	95.922	94.447	92.13000000000001	87.67	95.026725	95.8761581920904	95.658	95.86449197860962	94.291220657277	0.2118706	0.79551387	0.7145708	0.4837599	0.115072675	0.7074182	0.78525406	1.8672255	1.5374724	0.2259665	1.5002568	1.0160615	../../benchmark_data/class-i/pdb/7n4k_pmhc_tcr.pdb	../pred_pdb/af3/pmhc_tcr/classI/results_classI/ranked_0/7n4k_pmhc_tcr.pdb	after	ranked_0
14	7n5c	0.914	0.947	0.551	2.631	92.0825	92.63875	88.79846153846155	97.134	95.576	94.81818181818181	91.5575	95.38133663366337	95.27784530386741	97.086	95.37251308900522	95.3892488262911	0.23674385	0.17875698	0.52629817	0.45823553	0.09493525	0.24377863	0.48176968	1.7217399	2.2625682	0.29245278	2.2042568	0.7855715	../../benchmark_data/class-i/pdb/7n5c_pmhc_tcr.pdb	../pred_pdb/af3/pmhc_tcr/classI/results_classI/ranked_0/7n5c_pmhc_tcr.pdb	after	ranked_0
15	7n5p	0.773	0.797	1.068	3.432	89.35666666666667	90.1875	82.90230769230769	96.253	94.727	92.47545454545454	87.29	95.13127819548873	96.04534090909091	95.605	96.02166666666666	94.35375586854461	0.17232491	0.29713428	0.6859466	0.4242215	0.13271126	0.6083511	0.7030199	1.5333455	1.0874012	0.31140894	1.0676188	1.0027399	../../benchmark_data/class-i/pdb/7n5p_pmhc_tcr.pdb	../pred_pdb/af3/pmhc_tcr/classI/results_classI/ranked_0/7n5p_pmhc_tcr.pdb	after	ranked_0
16	7na5	0.24	0.408	5.612	14.875	90.99181818181819	90.79222222222221	91.68363636363637	94.625	88.248	92.53999999999999	92.17769230769233	93.91881481481481	93.23694444444443	92.89666666666666	93.22074074074075	94.52962962962964	0.6928573	0.32270488	0.86881566	0.24437396	0.30325982	0.6205256	1.2664918	6.5742526	1.7227665	0.63954085	1.6893094	0.81972027	../../benchmark_data/class-i/pdb/7na5_pmhc_tcr.pdb	../pred_pdb/af3/pmhc_tcr/classI/results_classI/ranked_0/7na5_pmhc_tcr.pdb	after	ranked_0
17	7ndq	0.439	0.383	2.733	5.523	87.70916666666666	87.02625	77.47000000000001	94.68299999999999	92.8990909090909	88.38615384615385	82.53821428571428	94.21526960784314	95.63933701657459	94.6511111111111	95.59252631578948	93.01490825688073	0.46590355	0.27182424	2.63503	0.3471287	0.3543981	1.7361526	2.4693162	2.7888386	1.0852221	2.133545	1.189948	1.544523	../../benchmark_data/class-i/pdb/7ndq_pmhc_tcr.pdb	../pred_pdb/af3/pmhc_tcr/classI/results_classI/ranked_0/7ndq_pmhc_tcr.pdb	after	ranked_0
18	7ndt	0.696	0.607	1.398	2.045	84.08166666666668	87.92625000000001	81.50928571428572	92.319	88.27181818181818	87.37166666666667	84.21499999999999	92.86566831683167	93.02605555555557	80.85624999999999	92.5081914893617	93.17680555555556	0.22874005	0.2232551	1.5680971	0.15123598	0.25152373	0.54477257	1.3892663	1.2497166	0.632566	1.7333477	0.7883368	0.92029333	../../benchmark_data/class-i/pdb/7ndt_pmhc_tcr.pdb	../pred_pdb/af3/pmhc_tcr/classI/results_classI/ranked_0/7ndt_pmhc_tcr.pdb	after	ranked_0
19	7ndu	0.683	0.677	1.723	2.121	88.92916666666667	91.24000000000001	84.46666666666667	97.537	95.68363636363634	94.76076923076923	89.24607142857143	95.63619164619163	96.39508287292817	94.61375	96.31968253968255	95.04362385321099	0.99807096	0.3360915	2.2750762	0.32236174	0.3135202	1.6953478	2.2432296	1.483146	1.0736915	1.3571554	1.1424894	1.2114934	../../benchmark_data/class-i/pdb/7ndu_pmhc_tcr.pdb	../pred_pdb/af3/pmhc_tcr/classI/results_classI/ranked_0/7ndu_pmhc_tcr.pdb	after	ranked_0
20	7nme	0.886	0.773	0.505	1.04	92.01636363636364	94.665	96.60230769230769	97.455	97.51272727272726	97.95727272727272	97.22333333333331	96.73316049382716	97.44060773480663	97.2088888888889	97.42963157894735	96.11767441860464	0.39755568	0.26543102	0.25882667	0.24054687	0.15081292	0.17465468	0.25070176	0.69887	0.48447385	0.1715423	0.4756014	0.731487	../../benchmark_data/class-i/pdb/7nme_pmhc_tcr.pdb	../pred_pdb/af3/pmhc_tcr/classI/results_classI/ranked_0/7nme_pmhc_tcr.pdb	after	ranked_0
21	7nmf	0.904	0.831	0.502	1.138	92.01636363636364	94.665	96.60230769230769	97.455	97.51272727272726	97.95727272727272	97.22333333333331	96.73316049382716	97.44060773480663	97.2088888888889	97.42963157894735	96.11767441860464	0.4182268	0.20054963	0.30427966	0.1443619	0.18214662	0.13949555	0.2885558	0.6380142	0.3986298	0.25316557	0.3950694	0.6687498	../../benchmark_data/class-i/pdb/7nmf_pmhc_tcr.pdb	../pred_pdb/af3/pmhc_tcr/classI/results_classI/ranked_0/7nmf_pmhc_tcr.pdb	after	ranked_0
22	7nmg	0.874	0.792	0.631	1.162	90.49727272727272	93.954	95.86384615384614	97.32499999999999	97.11454545454545	97.85636363636364	96.77708333333332	96.33543209876542	97.17088397790056	96.73333333333333	97.15015789473684	95.61544186046511	0.40235418	0.2724727	0.37856725	0.249411	0.13848872	0.2013586	0.3983961	0.70858276	0.41834193	0.465397	0.4256441	0.7651375	../../benchmark_data/class-i/pdb/7nmg_pmhc_tcr.pdb	../pred_pdb/af3/pmhc_tcr/classI/results_classI/ranked_0/7nmg_pmhc_tcr.pdb	after	ranked_0
23	7ow5	0.898	0.891	0.62	1.938	95.77500000000002	87.0690909090909	96.24312499999999	97.57300000000001	96.509	96.77625	96.5096875	96.37243373493975	97.33655555555555	90.16600000000001	96.95915789473683	95.87697777777778	0.3272689	1.2258952	0.24770828	0.24845378	0.17168903	0.31919956	0.32220525	0.7533169	0.3876096	0.4083948	0.3901932	0.52860415	../../benchmark_data/class-i/pdb/7ow5_pmhc_tcr.pdb	../pred_pdb/af3/pmhc_tcr/classI/results_classI/ranked_0/7ow5_pmhc_tcr.pdb	after	ranked_0
24	7ow6	0.912	0.877	0.47	1.962	97.20166666666667	88.23636363636363	96.679375	97.094	96.368	97.064375	96.87187499999999	96.62540865384615	97.51651933701659	97.473	97.51424083769633	95.87088888888889	0.15078533	0.77669156	0.24324279	0.32576495	0.31320968	0.30345324	0.3175561	0.73980033	0.3496272	0.27522692	0.3520292	0.55149615	../../benchmark_data/class-i/pdb/7ow6_pmhc_tcr.pdb	../pred_pdb/af3/pmhc_tcr/classI/results_classI/ranked_0/7ow6_pmhc_tcr.pdb	after	ranked_0
25	7pb2	0.317	0.328	3.301	9.346	90.93833333333333	89.1590909090909	85.311875	93.951	88.599	83.12125	84.21656250000001	94.21419277108434	95.08188888888888	82.374	94.41305263157896	94.04626666666667	0.27833724	1.118502	3.1603723	0.18615313	0.21767184	1.1057014	2.7676122	3.9671679	0.46402958	1.3776981	0.5764915	1.3379947	../../benchmark_data/class-i/pdb/7pb2_pmhc_tcr.pdb	../pred_pdb/af3/pmhc_tcr/classI/results_classI/ranked_0/7pb2_pmhc_tcr.pdb	after	ranked_0
26	7pbe	0.814	0.818	1.124	1.147	96.60272727272728	95.22749999999999	97.36916666666666	96.46799999999999	95.84636363636363	96.98	97.16680000000001	96.8046913580247	97.41906077348065	97.65222222222222	97.4301052631579	96.252	0.4108747	1.4440454	0.5358094	0.60687745	0.25798726	0.69421417	0.76193124	0.94620264	0.64014846	0.24388482	0.6296788	0.89557534	../../benchmark_data/class-i/pdb/7pbe_pmhc_tcr.pdb	../pred_pdb/af3/pmhc_tcr/classI/results_classI/ranked_0/7pbe_pmhc_tcr.pdb	after	ranked_0
27	7phr	0.899	0.805	0.45	1.395	97.53	98.423	98.17181818181817	98.399	98.582	98.67384615384616	98.44375000000001	97.507075	98.19806629834255	98.62555555555554	98.21831578947368	96.86357142857143	0.25422752	0.28925443	0.39885148	0.1679887	0.24521692	0.16844995	0.3186957	0.86382943	0.37406644	0.20359133	0.3686408	0.7859005	../../benchmark_data/class-i/pdb/7phr_pmhc_tcr.pdb	../pred_pdb/af3/pmhc_tcr/classI/results_classI/ranked_0/7phr_pmhc_tcr.pdb	after	ranked_0
28	7q99	0.634	0.589	1.444	4.31	96.04	95.95444444444445	92.27181818181818	91.55636363636364	91.27555555555556	89.05533333333332	90.41615384615383	95.19321867321867	96.73381215469612	95.29999999999998	96.65874345549739	93.89731481481482	0.32535383	0.3066062	0.44490844	0.340614	0.27625433	0.38753235	0.5870477	1.7263075	0.38341117	0.29276982	0.3815597	0.7277665	../../benchmark_data/class-i/pdb/7q99_pmhc_tcr.pdb	../pred_pdb/af3/pmhc_tcr/classI/results_classI/ranked_0/7q99_pmhc_tcr.pdb	after	ranked_0
29	7q9a	0.828	0.813	0.903	2.231	94.75090909090909	92.92	92.45272727272726	92.19454545454546	90.12888888888888	91.75466666666668	92.04999999999998	94.7390171990172	96.21232044198895	95.40599999999999	96.17010471204189	93.47356481481482	0.1990248	0.2294448	0.9849261	0.24151652	0.3132703	0.2883367	0.8503335	1.0917586	0.2972793	0.14834748	0.29486132	0.7725603	../../benchmark_data/class-i/pdb/7q9a_pmhc_tcr.pdb	../pred_pdb/af3/pmhc_tcr/classI/results_classI/ranked_0/7q9a_pmhc_tcr.pdb	after	ranked_0
30	7q9b	0.342	0.375	3.44	8.663	89.45	95.17999999999999	77.27625	93.97200000000001	91.49300000000001	89.856875	85.66333333333334	94.2846913580247	96.64325966850829	95.55600000000001	96.58633507853403	92.23042056074769	0.47425142	0.27633297	1.5671475	0.29720703	0.29845718	2.3780842	2.8222759	4.069759	0.61687905	0.3799001	0.6172797	1.6513559	../../benchmark_data/class-i/pdb/7q9b_pmhc_tcr.pdb	../pred_pdb/af3/pmhc_tcr/classI/results_classI/ranked_0/7q9b_pmhc_tcr.pdb	after	ranked_0
31	7qpj	0.849	0.667	0.508	1.159	97.51363636363637	98.20444444444445	97.67307692307692	97.53	96.44300000000001	98.0290909090909	97.83625	97.44317617866004	97.56305555555555	98.05555555555556	97.58650793650793	97.31658878504673	0.283367	0.36118954	0.13208093	0.17934383	0.13231403	0.52415586	0.6176932	0.5667083	0.36289194	0.2129586	0.36098927	0.46648827	../../benchmark_data/class-i/pdb/7qpj_pmhc_tcr.pdb	../pred_pdb/af3/pmhc_tcr/classI/results_classI/ranked_0/7qpj_pmhc_tcr.pdb	after	ranked_0
32	7r80	0.082	0.0	8.943	16.009	87.21636363636362	90.69099999999999	87.62153846153845	90.75	86.376	88.74600000000001	88.22392857142857	93.05063569682152	93.99983425414365	84.35333333333334	93.54289473684211	92.62356164383563	1.8440107	0.31785992	0.28640473	0.33586785	0.21021062	1.3420259	1.0958425	20.675138	0.6065102	0.7837528	0.6183838	1.0767474	../../benchmark_data/class-i/pdb/7r80_pmhc_tcr.pdb	../pred_pdb/af3/pmhc_tcr/classI/results_classI/ranked_0/7r80_pmhc_tcr.pdb	after	ranked_0
33	7rk7	0.576	0.621	2.176	4.435	84.00333333333334	89.63375	65.50874999999999	89.417	88.40799999999999	71.19649999999999	68.66861111111112	92.11643373493976	95.96668508287293	90.00888888888889	95.68447368421054	89.10342222222224	0.78182226	0.23038097	2.3737135	0.4332884	0.19232574	1.9311979	2.6058521	2.4816127	0.5524475	0.33685943	0.5504318	2.289794	../../benchmark_data/class-i/pdb/7rk7_pmhc_tcr.pdb	../pred_pdb/af3/pmhc_tcr/classI/results_classI/ranked_0/7rk7_pmhc_tcr.pdb	after	ranked_0
34	7rm4	0.068	0.104	12.893	27.464	78.54909090909092	83.09299999999999	77.01333333333334	88.831	78.76727272727271	77.12733333333334	77.07666666666667	91.31696821515892	92.65850828729283	86.61777777777777	92.37236842105263	90.40132420091324	0.58494747	0.53698105	1.4372635	0.2048935	0.20538165	1.5587081	1.817684	15.227453	0.3773633	0.39292893	0.38686278	1.2051247	../../benchmark_data/class-i/pdb/7rm4_pmhc_tcr.pdb	../pred_pdb/af3/pmhc_tcr/classI/results_classI/ranked_0/7rm4_pmhc_tcr.pdb	after	ranked_0
35	7rrg	0.089	0.063	8.542	18.594	83.54333333333334	85.57375	68.37066666666666	89.39099999999999	88.34545454545456	82.18785714285715	75.0410344827586	92.53657701711491	94.12099447513813	87.96666666666667	93.82947368421056	91.41488584474887	0.33401248	0.20776434	2.7512536	0.19079044	0.4030213	0.8342299	2.3669453	19.411629	0.5710223	0.9048114	0.59512514	1.1206759	../../benchmark_data/class-i/pdb/7rrg_pmhc_tcr.pdb	../pred_pdb/af3/pmhc_tcr/classI/results_classI/ranked_0/7rrg_pmhc_tcr.pdb	after	ranked_0
36	7rtr	0.361	0.286	3.387	6.477	88.31454545454545	88.69	89.20818181818181	91.33500000000001	89.02999999999999	90.60454545454546	89.90636363636365	94.08076167076167	94.46906077348065	88.79666666666667	94.20036842105263	93.97603686635946	0.46722612	0.23414448	0.92886144	0.2797391	0.21808337	0.27411246	1.0134305	2.9992208	0.39561528	0.2711778	0.39233485	0.9646768	../../benchmark_data/class-i/pdb/7rtr_pmhc_tcr.pdb	../pred_pdb/af3/pmhc_tcr/classI/results_classI/ranked_0/7rtr_pmhc_tcr.pdb	after	ranked_0
37	7su9	0.674	0.655	1.483	3.399	90.88916666666667	91.6075	82.93933333333332	93.71900000000001	91.162	88.32266666666668	85.63099999999999	94.71794117647059	95.85550000000003	91.55777777777777	95.65084656084657	93.9128310502283	0.3164452	0.11063307	1.3973527	0.33192077	0.2132088	1.4091494	1.7250879	1.4509854	0.37169042	0.51649785	0.38394883	1.1354898	../../benchmark_data/class-i/pdb/7su9_pmhc_tcr.pdb	../pred_pdb/af3/pmhc_tcr/classI/results_classI/ranked_0/7su9_pmhc_tcr.pdb	after	ranked_0
38	8cx4	0.617	0.542	1.355	4.812	85.56909090909092	86.31099999999999	75.87529411764706	89.90199999999999	82.913	78.046	76.8928125	92.00353510895886	94.17414364640884	85.18777777777777	93.74847368421051	90.51681614349776	0.3068721	0.3977172	0.55706686	0.18390372	0.13333581	1.2942332	1.1610792	1.7183368	0.4610989	0.16112353	0.4518811	0.875376	../../benchmark_data/class-i/pdb/8cx4_pmhc_tcr.pdb	../pred_pdb/af3/pmhc_tcr/classI/results_classI/ranked_0/8cx4_pmhc_tcr.pdb	after	ranked_0
39	8d5q	0.904	0.868	0.598	1.186	95.28727272727274	96.761	95.40812500000001	96.7490909090909	96.3918181818182	96.448	95.91129032258063	96.84039215686276	96.44517045454546	96.525	96.44946236559139	97.16792792792792	0.47696108	0.22387229	0.3171619	0.21012902	0.2238124	0.4209594	0.39550686	0.78160334	0.67742085	0.29965034	0.6667677	0.5773668	../../benchmark_data/class-i/pdb/8d5q_pmhc_tcr.pdb	../pred_pdb/af3/pmhc_tcr/classI/results_classI/ranked_0/8d5q_pmhc_tcr.pdb	after	ranked_0
40	8dnt	0.727	0.753	1.261	3.695	94.45363636363635	95.0988888888889	92.84000000000002	96.059	90.69818181818182	95.17214285714284	94.09576923076922	95.90331695331695	96.55917127071822	95.75333333333333	96.52100000000003	95.36248847926267	0.56101626	0.35955518	0.7180034	0.5003141	0.6694922	0.6317779	1.163448	1.9001607	0.68381083	0.5681167	0.6892197	1.2680265	../../benchmark_data/class-i/pdb/8dnt_pmhc_tcr.pdb	../pred_pdb/af3/pmhc_tcr/classI/results_classI/ranked_0/8dnt_pmhc_tcr.pdb	after	ranked_0
41	8en8	0.887	0.918	0.866	0.705	93.44909090909091	97.06499999999998	86.07214285714288	95.32545454545453	94.05583333333334	95.514	90.95586206896552	96.31657766990291	97.39205555555556	97.19444444444444	97.3826455026455	95.41304932735426	0.41374055	0.14360055	1.5459963	0.35678414	0.448565	0.28111053	1.3926406	0.73778564	0.4797257	0.17216644	0.47159404	0.8616449	../../benchmark_data/class-i/pdb/8en8_pmhc_tcr.pdb	../pred_pdb/af3/pmhc_tcr/classI/results_classI/ranked_0/8en8_pmhc_tcr.pdb	after	ranked_0
42	8enh	0.438	0.321	2.58	5.038	91.82454545454547	94.17999999999999	82.00571428571428	83.17272727272726	88.50000000000001	75.77666666666667	78.78379310344829	93.37919708029197	95.76217877094972	90.15555555555555	95.49377659574469	91.59650224215245	0.35652083	0.10661731	2.1267052	0.2888804	0.35138544	2.2683978	2.9676127	2.0798476	0.5038806	0.21218424	0.49545312	1.7614504	../../benchmark_data/class-i/pdb/8enh_pmhc_tcr.pdb	../pred_pdb/af3/pmhc_tcr/classI/results_classI/ranked_0/8enh_pmhc_tcr.pdb	after	ranked_0
43	8eo8	0.837	0.797	0.921	0.956	93.77272727272727	97.092	86.76214285714286	95.79454545454546	94.6475	96.14533333333333	91.61551724137932	96.64712895377129	97.6653631284916	97.51333333333334	97.65808510638298	95.79484304932735	0.47315753	0.13253076	1.6484345	0.47933778	0.17661525	0.26543316	1.4652439	0.811196	0.4715398	0.19854328	0.46404457	0.9551125	../../benchmark_data/class-i/pdb/8eo8_pmhc_tcr.pdb	../pred_pdb/af3/pmhc_tcr/classI/results_classI/ranked_0/8eo8_pmhc_tcr.pdb	after	ranked_0
44	8f5a	0.517	0.543	2.005	6.228	89.91636363636363	88.944	86.62266666666666	91.32	87.761	87.89166666666665	87.18666666666667	93.95105134474326	94.69668508287292	74.196	93.62335078534032	94.23816513761467	0.26549777	2.1859088	1.9743469	0.27062038	0.3465203	0.9130816	2.5739992	2.2263253	0.33194625	1.2752473	0.44116238	1.688117	../../benchmark_data/class-i/pdb/8f5a_pmhc_tcr.pdb	../pred_pdb/af3/pmhc_tcr/classI/results_classI/ranked_0/8f5a_pmhc_tcr.pdb	after	ranked_0
45	8gom	0.088	0.087	5.884	23.401	80.9125	78.31777777777778	79.85454545454546	84.101	79.63000000000001	70.79266666666666	74.62653846153846	90.22109756097561	91.6203314917127	88.51666666666667	91.47331578947369	89.13963636363637	0.24889044	0.4932835	1.0883728	0.18995696	0.22683012	1.1851794	1.6931369	7.63147	0.43934742	0.20976155	0.43731976	0.8217196	../../benchmark_data/class-i/pdb/8gom_pmhc_tcr.pdb	../pred_pdb/af3/pmhc_tcr/classI/results_classI/ranked_0/8gom_pmhc_tcr.pdb	after	ranked_0
46	8gon	0.05	0.014	6.693	27.24	81.61916666666667	77.78111111111112	81.26636363636364	85.582	81.80090909090909	73.648	76.87115384615386	90.89417073170732	92.23640883977902	90.1611111111111	92.13810526315788	89.81986363636365	0.51988983	0.40955988	0.9970591	0.26108918	0.19540083	1.5449636	1.6315585	8.746288	0.37666613	0.42639288	0.38757694	0.76517546	../../benchmark_data/class-i/pdb/8gon_pmhc_tcr.pdb	../pred_pdb/af3/pmhc_tcr/classI/results_classI/ranked_0/8gon_pmhc_tcr.pdb	after	ranked_0
47	8gvb	0.814	0.818	1.059	1.824	86.30363636363636	94.24181818181818	88.38357142857141	97.511	96.54545454545455	96.026	92.33655172413793	95.88653658536586	96.90022222222223	96.44375	96.88079787234042	95.04454954954954	0.9575509	0.84026617	1.0591637	0.5914746	0.6601264	0.49378535	0.9641688	1.0068399	0.5333491	0.3670716	0.5363087	0.8396915	../../benchmark_data/class-i/pdb/8gvb_pmhc_tcr.pdb	../pred_pdb/af3/pmhc_tcr/classI/results_classI/ranked_0/8gvb_pmhc_tcr.pdb	after	ranked_0
48	8gvg	0.808	0.821	1.015	2.529	87.01636363636364	95.31727272727272	92.58000000000001	97.74900000000001	97.63363636363637	97.282	95.01206896551722	96.4847688564477	97.25911602209946	97.07749999999999	97.25142857142855	95.83207207207207	1.2067564	0.91386706	0.80883616	0.4613177	0.6831535	0.46792504	0.7845142	1.0493587	0.6192488	0.40158072	0.62206966	0.9364719	../../benchmark_data/class-i/pdb/8gvg_pmhc_tcr.pdb	../pred_pdb/af3/pmhc_tcr/classI/results_classI/ranked_0/8gvg_pmhc_tcr.pdb	after	ranked_0
49	8gvi	0.896	0.926	0.803	1.031	95.11636363636363	97.0781818181818	97.58142857142856	97.88	97.51454545454546	98.33066666666666	97.96896551724139	97.0881508515815	97.56508287292817	98.20375	97.59211640211642	96.6590990990991	1.4675941	0.8973081	0.36981317	0.41533566	0.37698412	0.46337992	0.51242876	0.783566	0.55778885	0.31798583	0.5533872	0.850803	../../benchmark_data/class-i/pdb/8gvi_pmhc_tcr.pdb	../pred_pdb/af3/pmhc_tcr/classI/results_classI/ranked_0/8gvi_pmhc_tcr.pdb	after	ranked_0
50	8i5c	0.737	0.698	1.255	2.46	94.29818181818182	94.50333333333333	93.35000000000001	93.227	90.148	90.19461538461539	91.7092	95.74464197530865	95.81220994475136	88.25999999999999	95.45447368421051	96.00106976744188	0.22487755	0.28021854	0.27283978	0.3406898	0.37418693	1.9384634	1.7734627	1.0279255	0.32837617	1.7807891	0.5261239	0.75021327	../../benchmark_data/class-i/pdb/8i5c_pmhc_tcr.pdb	../pred_pdb/af3/pmhc_tcr/classI/results_classI/ranked_0/8i5c_pmhc_tcr.pdb	after	ranked_0
51	8i5d	0.453	0.424	2.475	6.0	88.50500000000001	91.962	88.31083333333333	96.08700000000002	93.14454545454545	89.68533333333333	89.07444444444447	94.99425742574257	95.77668508287294	86.15111111111112	95.32073684210528	94.70439252336449	0.27552158	0.2555435	1.16089	0.30070105	0.22289144	1.2523963	1.3237399	2.8168724	0.38479307	1.7703049	0.5793707	1.2003198	../../benchmark_data/class-i/pdb/8i5d_pmhc_tcr.pdb	../pred_pdb/af3/pmhc_tcr/classI/results_classI/ranked_0/8i5d_pmhc_tcr.pdb	after	ranked_0
52	8qfy	0.896	0.82	0.537	1.123	97.31909090909089	97.21666666666667	96.875	98.008	96.87909090909092	98.36583333333333	97.62041666666669	96.97775308641975	97.09165745856353	97.90666666666668	97.13026315789473	96.84297674418603	0.2731377	0.24019745	0.1846835	0.31662259	0.1582278	0.16614093	0.23405863	0.68407947	0.6817126	0.3188476	0.6735782	0.44974324	../../benchmark_data/class-i/pdb/8qfy_pmhc_tcr.pdb	../pred_pdb/af3/pmhc_tcr/classI/results_classI/ranked_0/8qfy_pmhc_tcr.pdb	after	ranked_0
53	8shi	0.143	0.104	5.765	14.308	87.74699999999999	92.014	76.35470588235296	95.05099999999999	91.518	92.42285714285713	83.61129032258066	93.90091584158417	94.92361111111111	89.25	94.68218085106383	93.22092592592593	0.4055686	0.43600592	2.2681284	0.20631728	0.26698798	0.35775894	1.8072366	7.0274754	0.442397	1.8489062	0.6256356	1.1725038	../../benchmark_data/class-i/pdb/8shi_pmhc_tcr.pdb	../pred_pdb/af3/pmhc_tcr/classI/results_classI/ranked_0/8shi_pmhc_tcr.pdb	after	ranked_0
54	8wte	0.669	0.585	1.473	2.604	89.22545454545455	88.55888888888889	88.85	91.635	86.787	86.929375	87.7903448275862	93.53068459657702	93.99895027624308	81.29888888888888	93.39736842105263	93.64634703196347	0.20160562	0.34660694	0.5955255	0.27012601	0.1592231	1.4156511	1.3175311	1.3340051	0.29679912	1.3609302	0.4571152	1.0005002	../../benchmark_data/class-i/pdb/8wte_pmhc_tcr.pdb	../pred_pdb/af3/pmhc_tcr/classI/results_classI/ranked_0/8wte_pmhc_tcr.pdb	after	ranked_0
55	8wul	0.667	0.633	1.494	3.326	92.36181818181818	92.61222222222221	92.51307692307692	95.03399999999999	92.34400000000001	89.406875	90.79931034482757	95.22643031784841	96.03674033149171	86.19666666666666	95.5706315789474	94.92780821917809	0.43524256	0.25133878	0.63597643	0.17728157	0.21202412	1.1635786	1.1439321	1.456335	0.33549714	0.95922476	0.40467754	0.9954329	../../benchmark_data/class-i/pdb/8wul_pmhc_tcr.pdb	../pred_pdb/af3/pmhc_tcr/classI/results_classI/ranked_0/8wul_pmhc_tcr.pdb	after	ranked_0
56	6zkw	0.828	0.81	0.797	2.943	93.21000000000002	94.59299999999999	93.74692307692308	96.358	91.304	93.4775	93.59827586206897	95.4621760391198	95.39261111111111	92.93888888888888	95.27576719576717	95.6223181818182	0.56317735	0.15702431	0.6504809	0.11936835	0.18475527	0.6866714	0.93000215	1.0809981	0.5539181	0.25917178	0.5481417	0.70205885	../../benchmark_data/class-i/pdb/6zkw_pmhc_tcr.pdb	../pred_pdb/af3/pmhc_tcr/classI/results_classI/ranked_1/6zkw_pmhc_tcr.pdb	after	ranked_1
57	6zkx	0.453	0.391	2.562	5.405	86.91454545454545	89.377	86.66692307692308	92.789	84.87	86.3075	86.46862068965518	90.86744525547446	89.72145251396648	77.65749999999998	88.96350785340313	92.5204090909091	0.4823993	0.18526652	0.5060684	0.16793743	0.10456544	0.4613206	0.83080786	2.7712698	1.4895846	1.0160141	1.520108	0.9141137	../../benchmark_data/class-i/pdb/6zkx_pmhc_tcr.pdb	../pred_pdb/af3/pmhc_tcr/classI/results_classI/ranked_1/6zkx_pmhc_tcr.pdb	after	ranked_1
58	6zky	0.443	0.566	3.065	7.394	88.54636363636364	91.061	87.81076923076922	93.87499999999999	85.24300000000001	88.3925	88.13172413793104	93.47833333333334	93.52205555555557	84.355	93.13196808510637	93.77431818181817	0.33073473	0.305564	0.40973833	0.15536931	0.16890429	0.81041586	0.88571924	3.364802	0.71141434	2.3398812	0.9713592	0.8258603	../../benchmark_data/class-i/pdb/6zky_pmhc_tcr.pdb	../pred_pdb/af3/pmhc_tcr/classI/results_classI/ranked_1/6zky_pmhc_tcr.pdb	after	ranked_1
59	6zkz	0.723	0.695	1.237	3.137	89.22363636363637	90.98299999999999	88.14384615384614	93.598	88.26200000000001	85.636875	86.76068965517243	93.69061274509805	93.95111111111112	88.69874999999999	93.72760638297873	93.65899999999999	0.5769917	0.24231972	0.5466476	0.1573169	0.15411918	0.54175216	0.89973	1.2221534	0.71833605	2.357572	0.96420467	0.9423564	../../benchmark_data/class-i/pdb/6zkz_pmhc_tcr.pdb	../pred_pdb/af3/pmhc_tcr/classI/results_classI/ranked_1/6zkz_pmhc_tcr.pdb	after	ranked_1
60	7dzm	0.893	0.884	0.594	2.305	95.27916666666668	96.66625	97.058	97.896	97.87181818181817	97.33999999999999	97.18333333333332	97.11098522167487	97.18277777777779	98.03333333333333	97.22328042328043	97.0131797235023	0.18982333	0.13100408	0.33676714	0.16173765	0.14870746	0.22766754	0.42181852	0.95622206	0.70819724	0.124633186	0.6939915	0.42719525	../../benchmark_data/class-i/pdb/7dzm_pmhc_tcr.pdb	../pred_pdb/af3/pmhc_tcr/classI/results_classI/ranked_1/7dzm_pmhc_tcr.pdb	after	ranked_1
61	7dzn	0.167	0.095	6.31	11.539	79.99	88.3775	67.53933333333333	86.555	78.57818181818182	81.28666666666666	73.64925925925925	90.8415061728395	93.10597765363127	83.02888888888889	92.62356382978723	89.29760368663595	0.12861325	0.14102648	2.3778746	0.16897807	0.23228373	0.4894172	2.3940446	21.468338	0.4226091	0.42056456	0.4306018	1.4299935	../../benchmark_data/class-i/pdb/7dzn_pmhc_tcr.pdb	../pred_pdb/af3/pmhc_tcr/classI/results_classI/ranked_1/7dzn_pmhc_tcr.pdb	after	ranked_1
62	7l1d	0.475	0.419	3.109	4.012	88.80454545454546	93.50222222222222	84.33076923076922	92.72200000000001	92.935	78.37105263157896	80.79218750000001	94.03545232273838	96.3199447513812	86.88333333333334	95.87294736842105	92.44127853881278	0.53652245	0.30181685	1.1510723	0.24489821	0.21885987	3.918994	4.714346	2.6318798	0.50646454	1.1095897	0.5723039	2.5888011	../../benchmark_data/class-i/pdb/7l1d_pmhc_tcr.pdb	../pred_pdb/af3/pmhc_tcr/classI/results_classI/ranked_1/7l1d_pmhc_tcr.pdb	after	ranked_1
63	7n2n	0.296	0.263	3.197	9.499	87.07363636363637	86.135	80.31235294117647	89.96600000000001	87.184	80.318	80.315	92.86508474576272	94.76546961325968	89.90333333333334	94.53515789473684	91.4421524663677	0.19896553	0.28840885	1.4455503	0.173275	0.16459933	1.6989257	3.056926	4.0473986	0.39144337	0.7447856	0.4234056	2.3239186	../../benchmark_data/class-i/pdb/7n2n_pmhc_tcr.pdb	../pred_pdb/af3/pmhc_tcr/classI/results_classI/ranked_1/7n2n_pmhc_tcr.pdb	after	ranked_1
64	7n2o	0.721	0.746	1.28	3.715	94.85636363636362	96.33399999999999	88.61235294117647	96.377	94.34099999999998	94.61333333333332	91.4253125	95.8920823244552	96.82193370165749	96.62111111111112	96.81242105263158	95.10793721973096	0.29061067	0.19516246	1.0898769	0.18967678	0.14042588	0.72441655	1.1562296	1.3353181	0.3642436	0.2723055	0.38231868	0.8946753	../../benchmark_data/class-i/pdb/7n2o_pmhc_tcr.pdb	../pred_pdb/af3/pmhc_tcr/classI/results_classI/ranked_1/7n2o_pmhc_tcr.pdb	after	ranked_1
65	7n2p	0.548	0.492	1.74	5.21	83.71	82.953	80.24181818181818	87.19	82.898	72.83333333333333	75.96769230769232	90.92307125307126	92.86138121546963	84.23	92.45252631578947	89.58391705069124	0.42223388	0.35188764	1.2801903	0.26070765	0.1618274	1.6011509	1.9498776	1.627918	0.4521935	0.7130152	0.4785159	1.0776854	../../benchmark_data/class-i/pdb/7n2p_pmhc_tcr.pdb	../pred_pdb/af3/pmhc_tcr/classI/results_classI/ranked_1/7n2p_pmhc_tcr.pdb	after	ranked_1
66	7n2q	0.325	0.39	3.146	10.409	85.66545454545454	84.72400000000002	82.33090909090909	88.668	85.217	79.584	80.74615384615385	92.61184275184274	94.37364640883979	88.7088888888889	94.10531578947369	91.3041935483871	0.48743516	0.35235488	0.894847	0.22574021	0.23128709	1.8235087	1.8338958	3.5564847	0.34027767	0.77335936	0.3793505	1.1361479	../../benchmark_data/class-i/pdb/7n2q_pmhc_tcr.pdb	../pred_pdb/af3/pmhc_tcr/classI/results_classI/ranked_1/7n2q_pmhc_tcr.pdb	after	ranked_1
67	7n2r	0.042	0.0	15.804	23.392	86.60272727272728	85.86800000000001	80.92636363636363	89.239	83.499	73.718	76.76769230769231	90.86221130221129	92.52690607734806	90.31666666666666	92.42221052631578	89.4963133640553	0.46772572	0.33891475	0.79902935	0.19687884	0.15670988	1.3982427	1.6211983	16.612232	0.4365269	0.6254703	0.4514521	0.8230687	../../benchmark_data/class-i/pdb/7n2r_pmhc_tcr.pdb	../pred_pdb/af3/pmhc_tcr/classI/results_classI/ranked_1/7n2r_pmhc_tcr.pdb	after	ranked_1
68	7n2s	0.462	0.455	2.34	6.371	83.48454545454545	84.627	75.171875	87.19	83.108	76.42266666666667	75.77709677419355	90.61434466019418	92.08259668508288	84.73555555555555	91.73457894736842	89.65558558558558	1.3106166	0.43042362	1.1025977	0.4988055	0.21931846	0.74525106	2.049997	2.6873806	0.375975	0.44621333	0.38780087	1.4311814	../../benchmark_data/class-i/pdb/7n2s_pmhc_tcr.pdb	../pred_pdb/af3/pmhc_tcr/classI/results_classI/ranked_1/7n2s_pmhc_tcr.pdb	after	ranked_1
69	7n4k	0.665	0.745	1.501	4.902	89.44166666666666	90.11125000000001	83.19076923076923	95.841	94.00399999999999	91.72363636363636	87.10166666666667	94.8659	95.67875706214689	95.333	95.66026737967915	94.16849765258216	0.26210034	0.7688081	0.7597771	0.43752244	0.103017464	0.7180683	0.8273498	2.0907588	1.5144105	0.24590428	1.4780282	1.0499009	../../benchmark_data/class-i/pdb/7n4k_pmhc_tcr.pdb	../pred_pdb/af3/pmhc_tcr/classI/results_classI/ranked_1/7n4k_pmhc_tcr.pdb	after	ranked_1
70	7n5c	0.862	0.842	0.655	2.754	92.14666666666666	91.92	87.97461538461539	96.276	94.99699999999999	93.71636363636365	90.60625	95.26861386138614	95.37187845303866	96.626	95.43753926701572	95.11713615023476	0.23917204	0.14928703	0.87720054	0.42005843	0.09442575	0.16246831	0.7319468	1.5221009	1.5220368	0.20892467	1.4831295	0.98199713	../../benchmark_data/class-i/pdb/7n5c_pmhc_tcr.pdb	../pred_pdb/af3/pmhc_tcr/classI/results_classI/ranked_1/7n5c_pmhc_tcr.pdb	after	ranked_1
71	7n5p	0.759	0.746	1.141	2.88	89.08999999999999	89.4925	79.62538461538462	96.042	94.22399999999999	92.07454545454546	85.33125	94.92987468671679	96.00255681818182	95.083	95.95311827956989	94.036338028169	0.23045608	0.3296551	1.4218657	0.43573022	0.12575442	0.44702026	1.3313818	1.5942885	1.1961197	0.33580813	1.1730611	1.2536417	../../benchmark_data/class-i/pdb/7n5p_pmhc_tcr.pdb	../pred_pdb/af3/pmhc_tcr/classI/results_classI/ranked_1/7n5p_pmhc_tcr.pdb	after	ranked_1
72	7na5	0.267	0.408	4.941	12.693	90.45545454545454	90.46777777777778	91.30909090909091	94.63500000000002	87.256	92.40133333333334	91.93923076923078	93.67661728395062	92.97550000000003	91.7311111111111	92.91624338624338	94.34194444444445	0.6636275	0.2992393	0.9066984	0.253872	0.33248734	0.66190434	1.1369554	5.5402904	1.5752112	0.54667336	1.5441458	0.73907846	../../benchmark_data/class-i/pdb/7na5_pmhc_tcr.pdb	../pred_pdb/af3/pmhc_tcr/classI/results_classI/ranked_1/7na5_pmhc_tcr.pdb	after	ranked_1
73	7ndq	0.477	0.4	2.52	4.647	87.94666666666666	86.19250000000001	78.80066666666667	94.697	92.73	88.46846153846153	83.28928571428571	94.05259803921568	95.29165745856353	94.1277777777778	95.23652631578949	93.02073394495412	0.44826525	0.38745776	2.3313262	0.34589627	0.36951625	1.731167	2.502107	2.465599	1.0093646	2.1595516	1.1292	1.4098685	../../benchmark_data/class-i/pdb/7ndq_pmhc_tcr.pdb	../pred_pdb/af3/pmhc_tcr/classI/results_classI/ranked_1/7ndq_pmhc_tcr.pdb	after	ranked_1
74	7ndt	0.719	0.656	1.323	2.191	83.04750000000001	86.86875	80.57214285714288	92.24600000000001	87.93545454545455	87.09916666666668	83.58461538461538	92.72153465346534	92.91261111111112	81.705	92.4356914893617	92.97032407407407	0.24946184	0.21508963	0.7963413	0.16566107	0.24249247	0.5809362	0.88741356	1.2179873	0.67273235	2.2250464	0.8971296	0.67310745	../../benchmark_data/class-i/pdb/7ndt_pmhc_tcr.pdb	../pred_pdb/af3/pmhc_tcr/classI/results_classI/ranked_1/7ndt_pmhc_tcr.pdb	after	ranked_1
75	7ndu	0.674	0.646	1.77	1.801	89.25333333333333	91.28999999999999	84.89066666666666	97.53200000000001	95.74545454545455	94.5569230769231	89.37857142857142	95.64233415233413	96.39281767955802	94.68375	96.32047619047619	95.05440366972478	0.8538276	0.24698204	2.4209878	0.26870415	0.3405633	1.8342167	2.4085557	1.433894	1.13627	1.332439	1.1988783	1.4369998	../../benchmark_data/class-i/pdb/7ndu_pmhc_tcr.pdb	../pred_pdb/af3/pmhc_tcr/classI/results_classI/ranked_1/7ndu_pmhc_tcr.pdb	after	ranked_1
76	7nme	0.892	0.827	0.592	1.089	92.23363636363638	94.848	96.51846153846154	97.47999999999999	97.38363636363634	98.06818181818181	97.22875	96.69733333333335	97.37453038674033	97.14	97.36342105263158	96.1086976744186	0.40461776	0.2903575	0.25267208	0.24883765	0.1253216	0.19056435	0.25945675	0.7233171	0.4669929	0.15601167	0.45785826	0.815666	../../benchmark_data/class-i/pdb/7nme_pmhc_tcr.pdb	../pred_pdb/af3/pmhc_tcr/classI/results_classI/ranked_1/7nme_pmhc_tcr.pdb	after	ranked_1
77	7nmf	0.909	0.873	0.571	1.237	92.23363636363638	94.848	96.51846153846154	97.47999999999999	97.38363636363634	98.06818181818181	97.22875	96.69733333333335	97.37453038674033	97.14	97.36342105263158	96.1086976744186	0.42044142	0.26205102	0.3011415	0.15085094	0.15568285	0.15228274	0.30889228	0.6834308	0.3917619	0.27085975	0.38789207	0.7657614	../../benchmark_data/class-i/pdb/7nmf_pmhc_tcr.pdb	../pred_pdb/af3/pmhc_tcr/classI/results_classI/ranked_1/7nmf_pmhc_tcr.pdb	after	ranked_1
78	7nmg	0.857	0.708	0.558	1.076	90.45818181818181	93.591	95.78538461538461	97.229	97.14363636363638	97.67545454545453	96.65166666666666	96.2896790123457	97.15082872928178	96.45444444444443	97.11784210526315	95.55781395348838	0.3608997	0.16263625	0.38057724	0.26009578	0.13264738	0.21793431	0.39658356	0.6740457	0.4402636	0.2983454	0.4386697	0.6621252	../../benchmark_data/class-i/pdb/7nmg_pmhc_tcr.pdb	../pred_pdb/af3/pmhc_tcr/classI/results_classI/ranked_1/7nmg_pmhc_tcr.pdb	after	ranked_1
79	7ow5	0.927	0.891	0.473	1.206	95.55166666666668	87.90909090909092	94.983125	97.13699999999999	95.72	96.13499999999999	95.5590625	96.19771084337349	97.2425	89.441	96.83189473684209	95.66217777777779	0.30703962	0.44848248	0.25172898	0.24046093	0.16968964	0.30787313	0.34742174	0.5794497	0.35042745	0.39600196	0.3549229	0.5113678	../../benchmark_data/class-i/pdb/7ow5_pmhc_tcr.pdb	../pred_pdb/af3/pmhc_tcr/classI/results_classI/ranked_1/7ow5_pmhc_tcr.pdb	after	ranked_1
80	7ow6	0.923	0.877	0.42	1.657	97.15083333333332	88.51454545454546	96.77687499999999	97.17999999999999	96.59400000000001	97.16375	96.9703125	96.69629807692309	97.54171270718234	97.479	97.53842931937172	95.98142222222222	0.13196097	0.71015716	0.21475701	0.25727668	0.3116889	0.322514	0.30553198	0.62023586	0.34176502	0.26091343	0.34192434	0.47853956	../../benchmark_data/class-i/pdb/7ow6_pmhc_tcr.pdb	../pred_pdb/af3/pmhc_tcr/classI/results_classI/ranked_1/7ow6_pmhc_tcr.pdb	after	ranked_1
81	7pb2	0.334	0.328	3.374	8.343	90.95333333333332	88.98454545454545	84.55687499999999	93.777	88.391	83.246875	83.901875	94.21440963855423	95.16261111111113	83.08500000000001	94.52694736842106	93.9504888888889	0.28286898	1.2626367	3.1855567	0.22274654	0.21514274	0.90886	2.7723014	3.8509264	0.42227712	2.2717204	0.68575484	1.4546047	../../benchmark_data/class-i/pdb/7pb2_pmhc_tcr.pdb	../pred_pdb/af3/pmhc_tcr/classI/results_classI/ranked_1/7pb2_pmhc_tcr.pdb	after	ranked_1
82	7pbe	0.834	0.857	1.071	1.162	96.29	94.94874999999999	97.11000000000001	96.47900000000001	95.70181818181818	96.93846153846154	97.0208	96.65824691358024	97.32364640883979	97.5611111111111	97.33489473684212	96.06027906976743	0.41887537	1.4890914	0.5623795	0.60475135	0.25210196	0.67650336	0.76569057	0.93074095	0.6251252	0.21787249	0.6136445	0.8512173	../../benchmark_data/class-i/pdb/7pbe_pmhc_tcr.pdb	../pred_pdb/af3/pmhc_tcr/classI/results_classI/ranked_1/7pbe_pmhc_tcr.pdb	after	ranked_1
83	7phr	0.917	0.829	0.397	0.965	97.55499999999999	98.43299999999999	98.22636363636362	98.38799999999999	98.617	98.68384615384616	98.47416666666668	97.494725	98.229226519337	98.61777777777777	98.24763157894736	96.81352380952379	0.25761667	0.28170764	0.42027575	0.15616639	0.24086837	0.1741312	0.33464688	0.7345031	0.3891931	0.21229754	0.38385084	0.7458846	../../benchmark_data/class-i/pdb/7phr_pmhc_tcr.pdb	../pred_pdb/af3/pmhc_tcr/classI/results_classI/ranked_1/7phr_pmhc_tcr.pdb	after	ranked_1
84	7q99	0.612	0.589	1.558	4.706	95.99636363636364	95.97444444444444	91.74454545454545	91.4890909090909	91.09666666666665	88.84266666666666	90.0703846153846	95.07808353808353	96.74116022099449	95.167	96.65874345549739	93.68037037037037	0.377833	0.30627733	0.4086379	0.35474	0.30220252	0.39672706	0.6426142	1.96567	0.32962966	0.26266855	0.33019966	0.864534	../../benchmark_data/class-i/pdb/7q99_pmhc_tcr.pdb	../pred_pdb/af3/pmhc_tcr/classI/results_classI/ranked_1/7q99_pmhc_tcr.pdb	after	ranked_1
85	7q9a	0.82	0.773	0.848	2.361	93.74909090909091	92.37222222222222	92.13636363636364	92.0690909090909	90.25888888888888	91.01199999999997	91.4876923076923	94.61036855036855	96.11756906077348	94.98600000000002	96.05832460732984	93.33	0.2058607	0.22616044	0.94475	0.21806487	0.29070917	0.20456767	0.76157033	1.0732688	0.33300045	0.15178058	0.32892498	0.8182992	../../benchmark_data/class-i/pdb/7q9a_pmhc_tcr.pdb	../pred_pdb/af3/pmhc_tcr/classI/results_classI/ranked_1/7q9a_pmhc_tcr.pdb	after	ranked_1
86	7q9b	0.369	0.425	3.447	8.137	88.49272727272727	94.84333333333333	73.945	93.589	90.80499999999999	88.64687500000001	83.74625	93.98649382716049	96.50657458563538	95.08899999999998	96.43235602094242	91.8035046728972	0.45948994	0.27232817	1.6814213	0.30554342	0.2910733	2.3654313	2.9017537	3.9908195	0.6134131	0.39995757	0.61458516	1.7811965	../../benchmark_data/class-i/pdb/7q9b_pmhc_tcr.pdb	../pred_pdb/af3/pmhc_tcr/classI/results_classI/ranked_1/7q9b_pmhc_tcr.pdb	after	ranked_1
87	7qpj	0.863	0.696	0.492	0.823	97.47272727272728	98.13000000000001	97.62384615384615	97.591	96.16900000000001	98.04363636363634	97.81625000000001	97.43302729528537	97.58483333333335	97.99000000000001	97.60412698412699	97.28191588785047	0.2704111	0.36005357	0.13025387	0.14692748	0.11235961	0.52769583	0.61297023	0.54444844	0.40554166	0.24729915	0.40415484	0.5007061	../../benchmark_data/class-i/pdb/7qpj_pmhc_tcr.pdb	../pred_pdb/af3/pmhc_tcr/classI/results_classI/ranked_1/7qpj_pmhc_tcr.pdb	after	ranked_1
88	7r80	0.079	0.0	9.258	16.446	86.58727272727272	90.5	88.31769230769231	90.827	85.71799999999999	87.654	87.96214285714287	93.03095354523228	94.0186187845304	83.96777777777778	93.54252631578949	92.58712328767125	1.8056985	0.30163923	0.30117586	0.33181578	0.21152306	1.3990307	1.1421399	20.572622	0.54304516	0.6571019	0.55499727	0.9697903	../../benchmark_data/class-i/pdb/7r80_pmhc_tcr.pdb	../pred_pdb/af3/pmhc_tcr/classI/results_classI/ranked_1/7r80_pmhc_tcr.pdb	after	ranked_1
89	7rk7	0.531	0.515	2.596	3.871	84.39833333333335	88.7825	64.165625	89.88900000000001	87.953	74.4365	69.87166666666667	92.0429156626506	96.0188950276243	91.06111111111112	95.78405263157893	88.88373333333334	0.6081102	0.3186737	2.4767256	0.450912	0.1777169	1.828255	2.9496753	2.7326486	0.4964726	0.3353922	0.4930502	2.6607466	../../benchmark_data/class-i/pdb/7rk7_pmhc_tcr.pdb	../pred_pdb/af3/pmhc_tcr/classI/results_classI/ranked_1/7rk7_pmhc_tcr.pdb	after	ranked_1
90	7rm4	0.057	0.083	14.852	29.3	78.00636363636364	83.389	76.7275	89.121	78.8190909090909	76.71066666666668	76.71814814814815	91.10848410757946	92.49933701657459	85.79111111111112	92.18157894736842	90.1774885844749	0.70498323	0.6029764	0.9111166	0.19241351	0.21340162	1.6908269	1.8583953	17.489685	0.34485224	0.3763903	0.3560759	1.3968967	../../benchmark_data/class-i/pdb/7rm4_pmhc_tcr.pdb	../pred_pdb/af3/pmhc_tcr/classI/results_classI/ranked_1/7rm4_pmhc_tcr.pdb	after	ranked_1
91	7rrg	0.121	0.095	7.779	15.456	83.74583333333332	84.89125	67.746	88.14500000000001	85.83090909090909	80.97785714285715	74.13379310344827	92.0318826405868	93.72662983425414	86.89555555555556	93.40305263157894	90.84228310502283	0.20643601	0.17575158	2.2370672	0.20987326	0.40384537	0.6219069	1.7630849	20.248903	0.62081575	0.91112345	0.64133483	1.0811262	../../benchmark_data/class-i/pdb/7rrg_pmhc_tcr.pdb	../pred_pdb/af3/pmhc_tcr/classI/results_classI/ranked_1/7rrg_pmhc_tcr.pdb	after	ranked_1
92	7rtr	0.339	0.254	3.349	6.988	88.21909090909092	88.77444444444444	89.01090909090908	91.321	88.97090909090909	90.87909090909092	89.94500000000002	94.02334152334153	94.40790055248618	88.75444444444445	94.14010526315789	93.9211059907834	0.4519028	0.2513664	0.9068339	0.28164575	0.22291997	0.3298385	0.9930714	2.8810692	0.39653954	0.23009503	0.39232644	0.9969411	../../benchmark_data/class-i/pdb/7rtr_pmhc_tcr.pdb	../pred_pdb/af3/pmhc_tcr/classI/results_classI/ranked_1/7rtr_pmhc_tcr.pdb	after	ranked_1
93	7su9	0.731	0.638	1.165	2.309	90.91250000000001	92.30375000000001	81.73466666666667	94.359	91.21300000000001	88.038	84.88633333333333	94.64536764705882	95.75294444444445	90.99666666666667	95.52645502645503	93.88497716894977	0.33889604	0.18294038	1.4900303	0.33027023	0.19154954	1.4505101	1.687545	1.1484765	0.4071971	0.36982	0.40768757	0.9683844	../../benchmark_data/class-i/pdb/7su9_pmhc_tcr.pdb	../pred_pdb/af3/pmhc_tcr/classI/results_classI/ranked_1/7su9_pmhc_tcr.pdb	after	ranked_1
94	8cx4	0.549	0.525	1.744	5.621	84.86090909090908	86.23599999999999	77.85529411764706	89.466	83.309	78.75733333333334	78.278125	92.09898305084747	93.9300552486188	84.82111111111112	93.49857894736842	90.90650224215247	0.3414213	0.40030175	0.7424525	0.22001015	0.16587377	0.5823655	1.3268156	2.237529	0.4699458	0.57011044	0.47991163	1.2175176	../../benchmark_data/class-i/pdb/8cx4_pmhc_tcr.pdb	../pred_pdb/af3/pmhc_tcr/classI/results_classI/ranked_1/8cx4_pmhc_tcr.pdb	after	ranked_1
95	8d5q	0.891	0.811	0.542	1.293	94.56363636363636	96.42	95.645625	96.56272727272727	96.15818181818182	96.49933333333334	96.05870967741934	96.73465686274511	96.38164772727272	96.31199999999998	96.37790322580646	97.03355855855858	0.4204099	0.22147194	0.30001312	0.19888574	0.21037072	0.46143097	0.4320515	0.74856514	0.7138522	0.25456473	0.69922763	0.56210876	../../benchmark_data/class-i/pdb/8d5q_pmhc_tcr.pdb	../pred_pdb/af3/pmhc_tcr/classI/results_classI/ranked_1/8d5q_pmhc_tcr.pdb	after	ranked_1
96	8dnt	0.753	0.74	1.14	3.08	95.57727272727271	96.06	91.29	95.901	89.24818181818182	94.35928571428573	92.94269230769231	95.57761670761671	96.73475138121546	95.5988888888889	96.68094736842106	94.61156682027651	0.5633163	0.3831573	0.83172077	0.499123	0.6834447	0.65841895	1.2439301	1.5878468	0.6993333	0.5623317	0.70550764	1.2100871	../../benchmark_data/class-i/pdb/8dnt_pmhc_tcr.pdb	../pred_pdb/af3/pmhc_tcr/classI/results_classI/ranked_1/8dnt_pmhc_tcr.pdb	after	ranked_1
97	8en8	0.863	0.877	0.898	1.324	92.86727272727273	96.95	86.85714285714286	95.5409090909091	94.02999999999999	95.95133333333334	91.56103448275861	96.30963592233007	97.368	97.25444444444445	97.36259259259259	95.4172197309417	0.4245895	0.15839052	1.5846355	0.4666528	0.41460943	0.3070512	1.3769644	0.7805584	0.47082046	0.14522803	0.46291056	0.81401944	../../benchmark_data/class-i/pdb/8en8_pmhc_tcr.pdb	../pred_pdb/af3/pmhc_tcr/classI/results_classI/ranked_1/8en8_pmhc_tcr.pdb	after	ranked_1
98	8enh	0.755	0.654	1.124	1.521	90.53909090909092	93.45	77.68357142857144	85.45272727272727	88.07833333333333	78.55	78.13172413793103	93.25350364963504	95.37692737430166	89.61999999999999	95.10132978723406	91.69569506726457	0.3157927	0.15367274	1.5726478	0.26572403	0.37445894	1.4958516	1.8821969	1.0122775	0.5882542	0.3310943	0.5796761	0.9534847	../../benchmark_data/class-i/pdb/8enh_pmhc_tcr.pdb	../pred_pdb/af3/pmhc_tcr/classI/results_classI/ranked_1/8enh_pmhc_tcr.pdb	after	ranked_1
99	8eo8	0.841	0.811	0.914	1.163	93.41363636363636	96.999	86.7507142857143	96.16272727272727	94.66333333333334	96.41466666666669	91.74931034482759	96.54586374695864	97.60569832402234	97.48666666666665	97.60000000000001	95.65717488789237	0.4725348	0.12385217	1.589658	0.3122453	0.23665291	0.3274793	1.4463516	0.7866204	0.43726718	0.17303294	0.43080583	0.867394	../../benchmark_data/class-i/pdb/8eo8_pmhc_tcr.pdb	../pred_pdb/af3/pmhc_tcr/classI/results_classI/ranked_1/8eo8_pmhc_tcr.pdb	after	ranked_1
100	8f5a	0.552	0.5	1.879	4.669	89.83454545454546	89.42099999999999	86.68066666666667	91.24	87.822	87.13	86.88037037037036	93.8075794621027	94.58933701657458	71.991	93.4061780104712	94.15926605504588	0.31241846	2.182721	1.848522	0.28943807	0.34338382	1.0910951	2.4332614	2.0349543	0.3248204	1.24523	0.4336984	1.5164282	../../benchmark_data/class-i/pdb/8f5a_pmhc_tcr.pdb	../pred_pdb/af3/pmhc_tcr/classI/results_classI/ranked_1/8f5a_pmhc_tcr.pdb	after	ranked_1
101	8gom	0.042	0.0	17.416	23.017	79.66083333333334	77.05666666666667	78.64727272727272	83.381	79.65727272727273	71.596	74.57923076923076	90.08990243902439	91.49839779005525	89.80555555555556	91.41821052631579	88.94272727272728	0.37166175	0.28085968	0.8425665	0.16731073	0.26934367	1.826868	1.8301266	18.111307	0.37252834	0.25368893	0.3787651	1.0260005	../../benchmark_data/class-i/pdb/8gom_pmhc_tcr.pdb	../pred_pdb/af3/pmhc_tcr/classI/results_classI/ranked_1/8gom_pmhc_tcr.pdb	after	ranked_1
102	8gon	0.093	0.029	10.735	15.542	81.07583333333334	78.46666666666665	81.18181818181819	85.357	81.91818181818182	73.73133333333332	76.88346153846155	90.88375609756096	92.1288950276243	89.38000000000001	91.99868421052629	89.92086363636363	0.6055357	0.24252231	1.0936041	0.25648165	0.21136934	1.829895	1.8792659	21.10272	0.35456747	0.4458629	0.37138507	0.86683667	../../benchmark_data/class-i/pdb/8gon_pmhc_tcr.pdb	../pred_pdb/af3/pmhc_tcr/classI/results_classI/ranked_1/8gon_pmhc_tcr.pdb	after	ranked_1
103	8gvb	0.788	0.818	1.176	2.392	86.28090909090908	94.16	87.47500000000001	97.14200000000001	95.99727272727272	95.86333333333332	91.81379310344828	95.58039024390244	96.64916666666666	95.9525	96.61952127659575	94.70040540540542	1.7159501	0.8480068	0.8953517	0.39403036	0.6560076	0.43984222	0.85874516	1.185075	0.5309169	0.4206996	0.5380823	0.8842186	../../benchmark_data/class-i/pdb/8gvb_pmhc_tcr.pdb	../pred_pdb/af3/pmhc_tcr/classI/results_classI/ranked_1/8gvb_pmhc_tcr.pdb	after	ranked_1
104	8gvg	0.809	0.836	1.053	2.476	86.33545454545454	95.07	92.26571428571428	97.91600000000001	97.50727272727272	97.164	94.79931034482757	96.27773722627738	97.20607734806629	97.08	97.20074074074071	95.49193693693694	1.0779765	0.9174038	0.77145785	0.5526253	0.6868621	0.46923196	0.7348911	1.0763266	0.6353312	0.4075975	0.6363492	1.0095234	../../benchmark_data/class-i/pdb/8gvg_pmhc_tcr.pdb	../pred_pdb/af3/pmhc_tcr/classI/results_classI/ranked_1/8gvg_pmhc_tcr.pdb	after	ranked_1
105	8gvi	0.89	0.897	0.777	1.086	95.18545454545455	97.0909090909091	97.66428571428571	97.86699999999999	97.52454545454545	98.37733333333333	98.03310344827587	97.14053527980536	97.56988950276244	98.20875000000001	97.59693121693121	96.751981981982	1.4740489	0.9004364	0.36987478	0.39839837	0.37845936	0.4817005	0.5190074	0.78929067	0.52515644	0.29765117	0.522517	0.86710113	../../benchmark_data/class-i/pdb/8gvi_pmhc_tcr.pdb	../pred_pdb/af3/pmhc_tcr/classI/results_classI/ranked_1/8gvi_pmhc_tcr.pdb	after	ranked_1
106	8i5c	0.74	0.683	1.197	2.413	93.91454545454545	94.07555555555555	93.44	92.751	89.781	89.9123076923077	91.6056	95.70916049382714	95.79071823204417	88.22777777777777	95.43247368421052	95.95367441860463	0.23486608	0.27163252	0.2752058	0.30969918	0.35740852	1.9506567	1.7750086	0.9200878	0.32675305	1.7965871	0.53472507	0.72841823	../../benchmark_data/class-i/pdb/8i5c_pmhc_tcr.pdb	../pred_pdb/af3/pmhc_tcr/classI/results_classI/ranked_1/8i5c_pmhc_tcr.pdb	after	ranked_1
107	8i5d	0.424	0.356	2.514	6.176	88.697	92.17999999999998	88.65499999999999	96.309	93.28818181818183	90.55066666666667	89.70814814814814	95.09896039603959	95.82104972375691	86.68777777777777	95.3884210526316	94.84196261682243	0.24104448	0.2514458	1.1844065	0.28812128	0.22324868	1.3075753	1.3773584	2.8371758	0.37969476	2.0179589	0.6169811	1.2140934	../../benchmark_data/class-i/pdb/8i5d_pmhc_tcr.pdb	../pred_pdb/af3/pmhc_tcr/classI/results_classI/ranked_1/8i5d_pmhc_tcr.pdb	after	ranked_1
108	8qfy	0.878	0.803	0.591	1.607	97.39454545454547	97.03333333333333	97.00416666666668	97.96099999999998	96.71909090909092	98.32499999999999	97.66458333333334	96.95938271604939	97.09513812154697	97.95888888888891	97.13605263157893	96.80325581395347	0.2541162	0.25107944	0.18560456	0.3309984	0.20807059	0.17528133	0.31171963	0.74260163	0.6836786	0.32532626	0.67519146	0.47654593	../../benchmark_data/class-i/pdb/8qfy_pmhc_tcr.pdb	../pred_pdb/af3/pmhc_tcr/classI/results_classI/ranked_1/8qfy_pmhc_tcr.pdb	after	ranked_1
109	8shi	0.197	0.208	5.271	12.788	88.559	91.46700000000001	78.41999999999999	94.57	90.06800000000001	92.30357142857143	84.69000000000001	93.87556930693069	94.76733333333333	87.5475	94.46010638297872	93.36680555555556	0.41947186	0.44321314	2.527446	0.24686423	0.24625343	0.36612797	2.017682	6.341717	0.5105308	1.935913	0.67072034	1.2793808	../../benchmark_data/class-i/pdb/8shi_pmhc_tcr.pdb	../pred_pdb/af3/pmhc_tcr/classI/results_classI/ranked_1/8shi_pmhc_tcr.pdb	after	ranked_1
110	8wte	0.626	0.646	1.659	4.477	88.89818181818181	89.20222222222225	88.21230769230769	91.285	85.93299999999999	85.54875	86.74275862068964	93.28537897310513	93.91033149171272	80.47	93.27368421052631	93.29552511415525	0.19508655	0.3233768	0.60145324	0.26282105	0.1552298	1.3931923	1.2848902	1.7227752	0.31986228	1.5066229	0.5046629	0.86278933	../../benchmark_data/class-i/pdb/8wte_pmhc_tcr.pdb	../pred_pdb/af3/pmhc_tcr/classI/results_classI/ranked_1/8wte_pmhc_tcr.pdb	after	ranked_1
111	8wul	0.648	0.6	1.612	3.129	90.84	91.02222222222223	91.98923076923076	95.34099999999998	92.70700000000002	89.985625	90.88379310344828	95.08315403422982	95.86138121546963	87.33555555555556	95.45752631578948	94.75835616438357	0.4118251	0.2641364	0.6228248	0.24256802	0.19009906	1.1694701	1.182433	1.6387928	0.32893118	1.2900068	0.46343118	0.93235236	../../benchmark_data/class-i/pdb/8wul_pmhc_tcr.pdb	../pred_pdb/af3/pmhc_tcr/classI/results_classI/ranked_1/8wul_pmhc_tcr.pdb	after	ranked_1
112	6zkw	0.774	0.759	1.041	3.017	92.52636363636363	94.81499999999998	93.52999999999999	96.436	90.201	93.98875000000001	93.78310344827588	95.37056234718825	95.27255555555556	92.32444444444445	95.13216931216931	95.57536363636365	0.48161525	0.1678915	0.61424035	0.13442008	0.1674947	0.52943105	0.81456953	1.3564901	0.4716677	0.19533756	0.4661145	0.6597878	../../benchmark_data/class-i/pdb/6zkw_pmhc_tcr.pdb	../pred_pdb/af3/pmhc_tcr/classI/results_classI/ranked_2/6zkw_pmhc_tcr.pdb	after	ranked_2
113	6zkx	0.356	0.377	3.534	7.867	86.54272727272726	89.338	85.9546153846154	92.44500000000001	84.142	85.3075	85.59758620689657	90.63661800486618	89.29541899441341	76.84916666666668	88.5134554973822	92.4799090909091	0.47794688	0.17813249	0.6019896	0.14836867	0.100304335	0.43499643	0.9333771	3.9412634	1.4803333	1.1191326	1.5260816	1.0133394	../../benchmark_data/class-i/pdb/6zkx_pmhc_tcr.pdb	../pred_pdb/af3/pmhc_tcr/classI/results_classI/ranked_2/6zkx_pmhc_tcr.pdb	after	ranked_2
114	6zky	0.703	0.679	1.312	3.362	89.12909090909092	90.384	87.85384615384615	93.934	85.48400000000001	88.05375000000001	87.96413793103447	93.42742647058823	93.39366666666668	82.97375	92.95026595744682	93.83518181818181	0.37917936	0.2517241	0.40620378	0.1776406	0.15980883	0.7174361	0.8583657	1.3080819	0.6352749	2.2790294	0.9292024	0.8383804	../../benchmark_data/class-i/pdb/6zky_pmhc_tcr.pdb	../pred_pdb/af3/pmhc_tcr/classI/results_classI/ranked_2/6zky_pmhc_tcr.pdb	after	ranked_2
115	6zkz	0.743	0.678	1.222	1.975	88.11	89.977	87.37615384615385	93.29	87.248	84.815	85.96310344827586	93.1514950980392	93.30333333333333	87.38874999999999	93.05164893617021	93.23681818181818	0.5679916	0.1949491	0.6099843	0.15042388	0.14235643	0.7584974	0.999445	1.0532128	0.873247	2.3659055	1.07546	0.84154856	../../benchmark_data/class-i/pdb/6zkz_pmhc_tcr.pdb	../pred_pdb/af3/pmhc_tcr/classI/results_classI/ranked_2/6zkz_pmhc_tcr.pdb	after	ranked_2
116	7dzm	0.903	0.884	0.577	1.867	95.59333333333335	96.6575	97.15266666666666	97.956	97.88000000000001	97.38583333333334	97.2562962962963	97.10652709359606	97.10122222222223	98.04222222222222	97.14603174603175	97.07211981566822	0.2988006	0.1636716	0.34248	0.19168271	0.12797427	0.24141547	0.41270092	0.8405919	0.66223186	0.15299848	0.6509743	0.44324306	../../benchmark_data/class-i/pdb/7dzm_pmhc_tcr.pdb	../pred_pdb/af3/pmhc_tcr/classI/results_classI/ranked_2/7dzm_pmhc_tcr.pdb	after	ranked_2
117	7dzn	0.182	0.095	6.01	10.599	79.63416666666667	87.64125	65.32066666666667	85.896	78.54454545454546	79.7875	71.75037037037038	90.47237037037038	92.87681564245813	79.62	92.24218085106385	88.93907834101383	0.14564963	0.116360694	2.1540625	0.16634461	0.20527576	0.6025196	2.0382943	21.555618	0.40067974	0.883998	0.45465896	1.2951562	../../benchmark_data/class-i/pdb/7dzn_pmhc_tcr.pdb	../pred_pdb/af3/pmhc_tcr/classI/results_classI/ranked_2/7dzn_pmhc_tcr.pdb	after	ranked_2
118	7l1d	0.447	0.378	3.368	4.305	89.46363636363635	93.26777777777778	84.37076923076923	90.477	89.21799999999999	76.31421052631579	79.5871875	93.53205378973105	95.97734806629835	87.14	95.55873684210528	91.77374429223742	0.48180807	0.25199682	0.9321903	0.2224946	0.24558067	4.245197	5.1968756	2.7268138	0.5191846	0.50088483	0.52759326	2.9516592	../../benchmark_data/class-i/pdb/7l1d_pmhc_tcr.pdb	../pred_pdb/af3/pmhc_tcr/classI/results_classI/ranked_2/7l1d_pmhc_tcr.pdb	after	ranked_2
119	7n2n	0.269	0.246	3.473	10.344	86.61818181818182	85.499	79.51823529411764	90.04999999999998	86.888	80.11733333333332	79.79906249999999	92.67292978208232	94.65900552486187	89.80666666666667	94.42915789473685	91.17659192825113	0.255117	0.370701	1.445431	0.27237043	0.1794279	1.629865	3.1972349	4.258872	0.39928746	0.73811126	0.4320636	2.1903884	../../benchmark_data/class-i/pdb/7n2n_pmhc_tcr.pdb	../pred_pdb/af3/pmhc_tcr/classI/results_classI/ranked_2/7n2n_pmhc_tcr.pdb	after	ranked_2
120	7n2o	0.675	0.729	1.441	4.583	94.50545454545454	95.06	89.21	95.883	94.044	92.08533333333334	90.5578125	95.73828087167071	96.67546961325968	95.74111111111111	96.6312105263158	94.97748878923767	0.21170022	0.20263101	0.95833004	0.17327449	0.12998897	0.7157412	1.1183093	1.6007196	0.3568232	0.25436637	0.37902367	0.8135641	../../benchmark_data/class-i/pdb/7n2o_pmhc_tcr.pdb	../pred_pdb/af3/pmhc_tcr/classI/results_classI/ranked_2/7n2o_pmhc_tcr.pdb	after	ranked_2
121	7n2p	0.318	0.302	3.019	9.286	82.63272727272728	81.85499999999999	79.58545454545455	87.17999999999999	83.726	73.34266666666667	75.98384615384616	90.75339066339068	92.66618784530388	84.22444444444444	92.26631578947368	89.42870967741935	0.48989993	0.32571733	1.4410541	0.27173677	0.18230715	1.4641074	1.8188199	3.6034284	0.4040272	0.797499	0.44419512	1.0322938	../../benchmark_data/class-i/pdb/7n2p_pmhc_tcr.pdb	../pred_pdb/af3/pmhc_tcr/classI/results_classI/ranked_2/7n2p_pmhc_tcr.pdb	after	ranked_2
122	7n2q	0.328	0.39	3.061	10.379	84.2818181818182	84.04999999999998	81.13545454545455	88.912	85.969	78.50333333333333	79.61692307692307	92.41958230958232	94.30397790055251	88.4588888888889	94.0271052631579	91.0120737327189	0.56305224	0.38476035	0.9207545	0.22309455	0.23871727	1.8241601	1.8048476	3.5454855	0.296422	0.77668947	0.34697303	1.1356467	../../benchmark_data/class-i/pdb/7n2q_pmhc_tcr.pdb	../pred_pdb/af3/pmhc_tcr/classI/results_classI/ranked_2/7n2q_pmhc_tcr.pdb	after	ranked_2
123	7n2r	0.044	0.0	15.841	22.818	85.9609090909091	86.02999999999999	80.7209090909091	88.785	82.62899999999999	72.49733333333333	75.97653846153845	90.74356265356265	92.53679558011048	90.44777777777779	92.43784210526317	89.26009216589863	0.4669922	0.31477365	0.8350062	0.23715647	0.17296791	1.5048722	1.701318	16.560865	0.40578842	0.44178236	0.4125115	1.0594718	../../benchmark_data/class-i/pdb/7n2r_pmhc_tcr.pdb	../pred_pdb/af3/pmhc_tcr/classI/results_classI/ranked_2/7n2r_pmhc_tcr.pdb	after	ranked_2
124	7n2s	0.108	0.136	7.918	19.92	83.47454545454546	84.24199999999999	75.07	87.229	83.039	76.24333333333334	75.63774193548389	90.67519417475728	92.17	84.22999999999999	91.79389473684209	89.71774774774777	1.311895	0.4186799	1.9302874	0.48970973	0.25712717	1.1533009	2.7834165	9.668867	0.45806774	0.3773702	0.46265537	1.6848527	../../benchmark_data/class-i/pdb/7n2s_pmhc_tcr.pdb	../pred_pdb/af3/pmhc_tcr/classI/results_classI/ranked_2/7n2s_pmhc_tcr.pdb	after	ranked_2
125	7n4k	0.751	0.727	1.168	2.788	90.07583333333332	90.7675	84.26538461538462	95.24499999999999	93.441	91.75999999999999	87.70041666666667	94.87424999999999	95.62830508474578	95.531	95.62310160427808	94.21680751173709	0.20141244	0.775585	0.80578023	0.4532657	0.12580565	0.68401164	0.8114639	1.3518773	1.4432802	0.18768819	1.4073975	0.78910536	../../benchmark_data/class-i/pdb/7n4k_pmhc_tcr.pdb	../pred_pdb/af3/pmhc_tcr/classI/results_classI/ranked_2/7n4k_pmhc_tcr.pdb	after	ranked_2
126	7n5c	0.916	0.93	0.572	2.04	92.03166666666665	92.80625	87.04999999999998	96.674	94.852	94.27454545454545	90.36125	95.37740099009902	95.43922651933701	96.712	95.50586387434555	95.26220657276994	0.27090117	0.122429475	0.61251265	0.42923096	0.0951701	0.1582583	0.5248938	1.3948389	1.6704333	0.2265126	1.6277097	0.9096041	../../benchmark_data/class-i/pdb/7n5c_pmhc_tcr.pdb	../pred_pdb/af3/pmhc_tcr/classI/results_classI/ranked_2/7n5c_pmhc_tcr.pdb	after	ranked_2
127	7n5p	0.725	0.814	1.272	4.534	88.81583333333333	89.57375	81.18076923076923	95.62800000000001	93.628	91.00363636363636	85.68291666666666	94.68521303258146	95.74857954545455	95.02399999999999	95.70962365591399	93.7906572769953	0.22150557	0.32346898	0.42587548	0.48535588	0.121894464	0.3352412	0.4412602	1.8882762	1.15535	0.25097498	1.1318091	0.961398	../../benchmark_data/class-i/pdb/7n5p_pmhc_tcr.pdb	../pred_pdb/af3/pmhc_tcr/classI/results_classI/ranked_2/7n5p_pmhc_tcr.pdb	after	ranked_2
128	7na5	0.247	0.388	5.294	13.682	90.27636363636364	90.63666666666667	90.96727272727274	94.23400000000001	87.295	91.91066666666666	91.51153846153845	93.51407407407407	92.7198888888889	91.43333333333334	92.65862433862435	94.2625925925926	0.6565756	0.30923045	0.9251928	0.25506657	0.3713263	0.62297183	1.1227952	6.140499	1.7427746	0.5477886	1.7071152	0.68923503	../../benchmark_data/class-i/pdb/7na5_pmhc_tcr.pdb	../pred_pdb/af3/pmhc_tcr/classI/results_classI/ranked_2/7na5_pmhc_tcr.pdb	after	ranked_2
129	7ndq	0.397	0.367	3.228	6.276	88.19583333333333	85.225	79.66799999999999	94.202	92.53454545454547	87.23230769230771	83.17999999999999	93.99794117647059	95.28530386740331	94.18333333333334	95.2331052631579	92.92142201834862	0.542705	0.24665222	2.655348	0.30620006	0.3595363	2.2289402	2.7536478	3.1965406	1.0529577	2.1394174	1.1622102	1.4833609	../../benchmark_data/class-i/pdb/7ndq_pmhc_tcr.pdb	../pred_pdb/af3/pmhc_tcr/classI/results_classI/ranked_2/7ndq_pmhc_tcr.pdb	after	ranked_2
130	7ndt	0.694	0.541	1.28	1.716	83.49916666666665	87.70374999999999	80.82285714285715	92.236	88.20272727272729	87.19749999999999	83.765	92.6885396039604	92.71555555555555	81.60875	92.2429255319149	93.07638888888889	0.25004572	0.17129572	1.52382	0.15465768	0.18098259	0.5581466	1.3402693	1.094369	0.80587524	2.2304292	0.9928768	0.87955874	../../benchmark_data/class-i/pdb/7ndt_pmhc_tcr.pdb	../pred_pdb/af3/pmhc_tcr/classI/results_classI/ranked_2/7ndt_pmhc_tcr.pdb	after	ranked_2
131	7ndu	0.699	0.692	1.7	1.562	89.90166666666666	91.34125	84.556	97.41999999999999	95.73727272727272	94.45923076923076	89.15392857142858	95.64719901719901	96.34303867403312	94.45375	96.26306878306879	95.11325688073396	0.6259144	0.28919557	2.3076804	0.23374565	0.33117467	1.7129408	2.267301	1.3777344	1.0176723	1.319971	1.0975823	1.2961636	../../benchmark_data/class-i/pdb/7ndu_pmhc_tcr.pdb	../pred_pdb/af3/pmhc_tcr/classI/results_classI/ranked_2/7ndu_pmhc_tcr.pdb	after	ranked_2
132	7nme	0.864	0.8	0.661	1.842	91.95727272727272	94.579	96.48692307692309	97.454	97.44545454545455	97.96818181818183	97.16583333333335	96.66498765432101	97.38165745856352	97.13	97.36973684210524	96.04218604651163	0.36379766	0.2718227	0.28296098	0.2614969	0.14673571	0.21001822	0.27625516	0.889663	0.48587224	0.16519433	0.47650006	0.8349351	../../benchmark_data/class-i/pdb/7nme_pmhc_tcr.pdb	../pred_pdb/af3/pmhc_tcr/classI/results_classI/ranked_2/7nme_pmhc_tcr.pdb	after	ranked_2
133	7nmf	0.872	0.831	0.667	1.962	91.95727272727272	94.579	96.48692307692309	97.454	97.44545454545455	97.96818181818183	97.16583333333335	96.66498765432101	97.38165745856352	97.13	97.36973684210524	96.04218604651163	0.38278115	0.23623616	0.32270718	0.15241048	0.15528908	0.16221528	0.3159889	0.8651489	0.42479968	0.25373557	0.41951823	0.8061715	../../benchmark_data/class-i/pdb/7nmf_pmhc_tcr.pdb	../pred_pdb/af3/pmhc_tcr/classI/results_classI/ranked_2/7nmf_pmhc_tcr.pdb	after	ranked_2
134	7nmg	0.829	0.736	0.737	2.041	90.26	93.784	95.87230769230769	97.26899999999999	97.18636363636365	97.77454545454545	96.74416666666666	96.29725925925926	97.17994475138121	96.63	97.15389473684209	95.54023255813954	0.35557407	0.16874777	0.39270028	0.2945161	0.13338944	0.2231803	0.41482833	0.9316435	0.4343333	0.47534624	0.44098377	0.811361	../../benchmark_data/class-i/pdb/7nmg_pmhc_tcr.pdb	../pred_pdb/af3/pmhc_tcr/classI/results_classI/ranked_2/7nmg_pmhc_tcr.pdb	after	ranked_2
135	7ow5	0.881	0.828	0.666	1.224	95.43333333333334	87.10909090909091	95.34375	97.402	96.05199999999999	96.590625	95.9671875	96.13633734939759	97.14172222222223	89.513	96.74021052631579	95.6264	0.3085813	1.3740311	0.2081928	0.26042026	0.16425811	0.29129574	0.3179153	0.6516197	0.41591308	0.5722384	0.43005195	0.5922941	../../benchmark_data/class-i/pdb/7ow5_pmhc_tcr.pdb	../pred_pdb/af3/pmhc_tcr/classI/results_classI/ranked_2/7ow5_pmhc_tcr.pdb	after	ranked_2
136	7ow6	0.91	0.877	0.461	2.156	96.99666666666667	86.9709090909091	96.6075	97.26700000000001	96.53999999999999	97.241875	96.9246875	96.55055288461539	97.49674033149171	97.497	97.49675392670157	95.74733333333334	0.24185395	0.453625	0.17959613	0.2739266	0.32317984	0.2958788	0.30358452	0.75258726	0.32763556	0.26266044	0.3295737	0.53343004	../../benchmark_data/class-i/pdb/7ow6_pmhc_tcr.pdb	../pred_pdb/af3/pmhc_tcr/classI/results_classI/ranked_2/7ow6_pmhc_tcr.pdb	after	ranked_2
137	7pb2	0.356	0.311	2.932	7.705	90.59249999999999	89.28636363636363	84.918125	93.61300000000001	88.043	83.39875	84.15843749999999	94.1764578313253	95.0668888888889	83.67800000000001	94.46747368421053	93.93071111111111	0.27031878	1.2256937	3.0694141	0.21887241	0.22805403	1.1092116	2.7699914	2.9976835	0.44100904	2.0714061	0.6581996	1.4192245	../../benchmark_data/class-i/pdb/7pb2_pmhc_tcr.pdb	../pred_pdb/af3/pmhc_tcr/classI/results_classI/ranked_2/7pb2_pmhc_tcr.pdb	after	ranked_2
138	7pbe	0.76	0.818	1.402	2.389	96.09636363636363	93.825	97.07333333333334	95.547	94.60090909090908	95.96000000000001	96.4944	96.66733333333335	97.33790055248619	97.33555555555556	97.33778947368421	96.07483720930233	0.41094458	1.5522689	0.49536395	0.59916514	0.24532512	1.3725579	1.2178031	1.2830237	0.65259457	0.24821375	0.64123994	1.0127958	../../benchmark_data/class-i/pdb/7pbe_pmhc_tcr.pdb	../pred_pdb/af3/pmhc_tcr/classI/results_classI/ranked_2/7pbe_pmhc_tcr.pdb	after	ranked_2
139	7phr	0.917	0.829	0.397	1.006	97.42999999999999	98.41799999999999	98.15545454545455	98.435	98.627	98.69615384615382	98.44833333333334	97.46255	98.20988950276246	98.61888888888888	98.22926315789472	96.76885714285714	0.22950889	0.28959635	0.41988826	0.17545637	0.24684699	0.18502548	0.3536319	0.72025794	0.3887242	0.21764965	0.38322806	0.70554644	../../benchmark_data/class-i/pdb/7phr_pmhc_tcr.pdb	../pred_pdb/af3/pmhc_tcr/classI/results_classI/ranked_2/7phr_pmhc_tcr.pdb	after	ranked_2
140	7q99	0.708	0.753	1.281	4.335	95.11454545454545	95.56888888888889	91.36	91.09454545454545	90.4588888888889	89.11600000000001	90.0653846153846	94.91921375921375	96.62419889502765	94.97999999999999	96.53811518324606	93.48768518518517	0.31871188	0.31658396	0.42908022	0.2962739	0.2642961	0.5442771	0.61718476	1.7339097	0.3574184	0.26236364	0.3576237	0.90742457	../../benchmark_data/class-i/pdb/7q99_pmhc_tcr.pdb	../pred_pdb/af3/pmhc_tcr/classI/results_classI/ranked_2/7q99_pmhc_tcr.pdb	after	ranked_2
141	7q9a	0.89	0.853	0.649	1.412	93.08272727272727	90.95777777777778	91.93272727272728	92.2781818181818	90.56222222222222	91.16	91.48692307692309	94.5610565110565	95.93309392265193	94.93299999999999	95.8807329842932	93.39412037037036	0.1951411	0.2324127	0.9355364	0.20608506	0.2832592	0.24283823	0.774637	0.7128995	0.34623826	0.13376048	0.34125945	0.6494362	../../benchmark_data/class-i/pdb/7q9a_pmhc_tcr.pdb	../pred_pdb/af3/pmhc_tcr/classI/results_classI/ranked_2/7q9a_pmhc_tcr.pdb	after	ranked_2
142	7q9b	0.358	0.375	3.287	8.057	89.19	95.21111111111111	76.4025	93.471	90.845	88.82875	84.68666666666667	94.19920987654321	96.52314917127073	95.258	96.4569109947644	92.18415887850468	0.45787606	0.30846828	1.4298419	0.32416087	0.2965601	2.2817311	2.7447855	3.779005	0.58501124	0.39468443	0.5869278	1.518371	../../benchmark_data/class-i/pdb/7q9b_pmhc_tcr.pdb	../pred_pdb/af3/pmhc_tcr/classI/results_classI/ranked_2/7q9b_pmhc_tcr.pdb	after	ranked_2
143	7qpj	0.872	0.754	0.568	0.93	97.05	97.56222222222222	97.15846153846154	97.068	95.012	97.90818181818182	97.50208333333335	97.23970223325064	97.43144444444447	97.66666666666667	97.44264550264552	97.0604672897196	0.2268225	0.33795133	0.1296123	0.16477418	0.10776825	0.510627	0.59250075	0.7079438	0.41205263	0.23400302	0.4091084	0.5943622	../../benchmark_data/class-i/pdb/7qpj_pmhc_tcr.pdb	../pred_pdb/af3/pmhc_tcr/classI/results_classI/ranked_2/7qpj_pmhc_tcr.pdb	after	ranked_2
144	7r80	0.09	0.016	8.871	15.754	86.65454545454546	90.40900000000002	88.47230769230768	91.04499999999999	87.02799999999999	88.43333333333334	88.45142857142858	93.14943765281173	94.05403314917129	84.35333333333334	93.59452631578947	92.76328767123289	1.8786845	0.29593575	0.26579708	0.35633934	0.22139953	1.4307294	1.153792	20.432276	0.52345276	1.5635015	0.6345253	0.9585796	../../benchmark_data/class-i/pdb/7r80_pmhc_tcr.pdb	../pred_pdb/af3/pmhc_tcr/classI/results_classI/ranked_2/7r80_pmhc_tcr.pdb	after	ranked_2
145	7rk7	0.57	0.667	1.912	6.051	86.28750000000001	88.7575	68.71312499999999	89.231	87.515	72.5435	70.8411111111111	92.3227951807229	95.90591160220995	90.91888888888889	95.6696842105263	89.49653333333333	0.444289	0.21894598	1.7219346	0.42280558	0.18907638	1.9471805	2.8268242	2.932183	0.48433313	0.33168462	0.48070633	2.3575	../../benchmark_data/class-i/pdb/7rk7_pmhc_tcr.pdb	../pred_pdb/af3/pmhc_tcr/classI/results_classI/ranked_2/7rk7_pmhc_tcr.pdb	after	ranked_2
146	7rm4	0.546	0.521	2.201	4.234	77.82272727272728	83.669	77.25500000000001	89.703	78.32818181818182	78.46000000000001	77.92444444444445	91.43535452322737	92.71812154696134	86.04333333333334	92.40194736842106	90.59675799086759	1.0101385	0.5710641	0.822371	0.17498685	0.22038892	2.615053	2.6022577	1.7948813	0.39368984	0.42394114	0.40416113	1.4169279	../../benchmark_data/class-i/pdb/7rm4_pmhc_tcr.pdb	../pred_pdb/af3/pmhc_tcr/classI/results_classI/ranked_2/7rm4_pmhc_tcr.pdb	after	ranked_2
147	7rrg	0.125	0.063	7.745	13.79	84.10416666666667	85.71625	67.746	87.622	84.26545454545455	79.49214285714287	73.41655172413793	91.72706601466992	93.30486187845304	84.97333333333333	92.91021052631581	90.70059360730593	0.15695874	0.22559711	2.520077	0.18584971	0.38322848	1.2344681	2.1575718	20.440624	0.5448312	0.87570477	0.5699523	1.1477237	../../benchmark_data/class-i/pdb/7rrg_pmhc_tcr.pdb	../pred_pdb/af3/pmhc_tcr/classI/results_classI/ranked_2/7rrg_pmhc_tcr.pdb	after	ranked_2
148	7rtr	0.454	0.397	2.527	5.517	87.57363636363635	88.00444444444445	87.88181818181819	90.648	88.39272727272727	89.77090909090909	88.82636363636364	93.68280098280098	94.22270718232043	88.17444444444443	93.93621052631578	93.46092165898618	0.5543644	0.28780782	0.734395	0.293333	0.2824519	0.23442875	0.83541423	2.2467916	0.37832135	0.26492923	0.37527487	1.0600481	../../benchmark_data/class-i/pdb/7rtr_pmhc_tcr.pdb	../pred_pdb/af3/pmhc_tcr/classI/results_classI/ranked_2/7rtr_pmhc_tcr.pdb	after	ranked_2
149	7su9	0.68	0.621	1.424	2.952	90.15249999999999	90.78375	82.71	93.553	90.398	86.46066666666665	84.58533333333335	94.36343137254902	95.49333333333333	90.80333333333334	95.27	93.5810502283105	0.3570891	0.1625101	1.6813076	0.32588157	0.25930122	1.4215201	1.7822925	1.5690584	0.39239588	0.40230373	0.39451003	1.04748	../../benchmark_data/class-i/pdb/7su9_pmhc_tcr.pdb	../pred_pdb/af3/pmhc_tcr/classI/results_classI/ranked_2/7su9_pmhc_tcr.pdb	after	ranked_2
150	8cx4	0.721	0.678	1.139	3.566	85.13181818181818	85.80199999999999	76.48117647058824	89.75699999999999	82.74199999999999	79.09400000000001	77.7059375	91.94111380145279	93.88828729281768	84.36555555555555	93.4372105263158	90.66641255605381	0.3051676	0.42360976	0.47556663	0.19647054	0.13124326	0.5968541	0.66956466	1.509907	0.42921424	0.32760864	0.42994606	0.99163276	../../benchmark_data/class-i/pdb/8cx4_pmhc_tcr.pdb	../pred_pdb/af3/pmhc_tcr/classI/results_classI/ranked_2/8cx4_pmhc_tcr.pdb	after	ranked_2
151	8d5q	0.869	0.792	0.649	1.465	93.75363636363636	96.098	93.533125	96.09454545454545	95.89818181818181	95.74266666666666	94.60225806451612	96.47838235294118	96.19806818181819	95.71499999999999	96.17209677419356	96.73499999999999	0.45707104	0.25262848	0.2582428	0.1804363	0.22881688	0.36343652	0.3834629	0.8478106	0.67485505	0.29992542	0.66394037	0.5632845	../../benchmark_data/class-i/pdb/8d5q_pmhc_tcr.pdb	../pred_pdb/af3/pmhc_tcr/classI/results_classI/ranked_2/8d5q_pmhc_tcr.pdb	after	ranked_2
152	8dnt	0.749	0.699	1.09	2.949	94.43636363636365	95.50111111111113	90.14166666666667	95.68900000000001	88.25727272727272	94.18714285714286	92.32000000000002	95.53184275184275	96.52049723756906	94.61888888888888	96.43042105263157	94.74506912442396	0.5259444	0.3534549	0.6757829	0.49375185	0.6725805	0.65418434	1.091043	1.5845437	0.7212094	0.656041	0.7282013	1.2399939	../../benchmark_data/class-i/pdb/8dnt_pmhc_tcr.pdb	../pred_pdb/af3/pmhc_tcr/classI/results_classI/ranked_2/8dnt_pmhc_tcr.pdb	after	ranked_2
153	8en8	0.843	0.877	0.974	1.973	93.57545454545453	97.03	86.69928571428571	95.30636363636364	93.29083333333334	96.12200000000001	91.57310344827584	96.40077669902911	97.38205555555554	97.33	97.3795767195767	95.57121076233183	0.3981006	0.15260042	1.5340285	0.405868	0.44856846	0.43680954	1.319988	1.0942655	0.47312438	0.22946979	0.467678	1.0339941	../../benchmark_data/class-i/pdb/8en8_pmhc_tcr.pdb	../pred_pdb/af3/pmhc_tcr/classI/results_classI/ranked_2/8en8_pmhc_tcr.pdb	after	ranked_2
154	8enh	0.705	0.617	1.414	1.574	90.70363636363636	92.881	76.6242857142857	85.54181818181819	87.8875	77.82199999999997	77.24379310344828	93.0508515815085	95.32083798882682	89.30666666666667	95.03292553191491	91.37986547085201	0.41356403	0.120519206	2.0390975	0.39511698	0.39684293	0.733152	2.175058	1.1866772	0.47935134	0.27572826	0.47383898	1.1637025	../../benchmark_data/class-i/pdb/8enh_pmhc_tcr.pdb	../pred_pdb/af3/pmhc_tcr/classI/results_classI/ranked_2/8enh_pmhc_tcr.pdb	after	ranked_2
155	8eo8	0.843	0.838	0.935	1.469	93.10999999999999	97.021	85.81357142857144	96.49636363636363	94.53583333333331	96.40533333333332	91.29206896551725	96.59177615571777	97.61463687150837	97.5111111111111	97.60968085106383	95.73363228699552	0.5044046	0.14016478	1.5145736	0.270434	0.21787384	0.37167495	1.33928	0.8785484	0.49795684	0.1953412	0.4889409	0.908817	../../benchmark_data/class-i/pdb/8eo8_pmhc_tcr.pdb	../pred_pdb/af3/pmhc_tcr/classI/results_classI/ranked_2/8eo8_pmhc_tcr.pdb	after	ranked_2
156	8f5a	0.582	0.514	1.939	3.448	88.99181818181818	88.97	86.3613333333333	90.654	87.892	86.09333333333335	86.24222222222222	93.96728606356969	94.87767955801105	80.26	94.1123560209424	93.84018348623853	0.32222012	2.1737304	1.9315248	0.32547325	0.35081327	1.1142752	2.5640106	1.7975025	0.34344858	2.4632711	0.8190527	1.3942875	../../benchmark_data/class-i/pdb/8f5a_pmhc_tcr.pdb	../pred_pdb/af3/pmhc_tcr/classI/results_classI/ranked_2/8f5a_pmhc_tcr.pdb	after	ranked_2
157	8gom	0.194	0.037	7.423	8.4	77.81666666666666	75.94333333333333	77.72909090909091	82.85999999999999	79.06	71.59066666666668	74.18769230769232	89.90180487804878	91.14950276243093	88.35111111111111	91.01694736842101	88.93872727272729	0.5795155	0.28739357	1.3067997	0.22533888	0.3081047	1.621407	1.9324024	21.817036	0.40916708	0.30304462	0.4134429	0.87840337	../../benchmark_data/class-i/pdb/8gom_pmhc_tcr.pdb	../pred_pdb/af3/pmhc_tcr/classI/results_classI/ranked_2/8gom_pmhc_tcr.pdb	after	ranked_2
158	8gon	0.183	0.029	7.891	8.768	77.35916666666667	75.86	77.88181818181819	83.04400000000001	78.42636363636363	70.49799999999999	73.62192307692307	89.92097560975611	91.2653591160221	88.49777777777778	91.13426315789472	88.87313636363636	0.6951017	0.22492221	1.3950716	0.23031265	0.22417305	1.6403215	2.0814688	20.537146	0.32686606	0.397691	0.34059954	0.8879346	../../benchmark_data/class-i/pdb/8gon_pmhc_tcr.pdb	../pred_pdb/af3/pmhc_tcr/classI/results_classI/ranked_2/8gon_pmhc_tcr.pdb	after	ranked_2
159	8gvb	0.791	0.773	1.046	2.385	86.04363636363635	94.21181818181817	87.17785714285715	97.26400000000001	95.81636363636363	95.92266666666669	91.70103448275863	95.67760975609757	96.61122222222221	96.03125	96.58654255319148	94.9078828828829	1.4872075	0.8365614	0.81076664	0.5434882	0.64769995	0.46121925	0.8534425	1.0765051	0.5462084	0.41443852	0.55394304	0.8803922	../../benchmark_data/class-i/pdb/8gvb_pmhc_tcr.pdb	../pred_pdb/af3/pmhc_tcr/classI/results_classI/ranked_2/8gvb_pmhc_tcr.pdb	after	ranked_2
160	8gvg	0.837	0.866	0.97	2.171	87.13272727272727	95.04545454545455	91.02714285714286	97.70700000000001	97.24454545454546	97.006	94.11965517241379	96.301800486618	97.13005524861879	96.94125	97.12206349206349	95.60346846846848	0.94376475	0.9131385	0.668945	0.48976398	0.6818822	0.4808909	0.6757208	0.9497023	0.6455927	0.41789398	0.6467321	0.8270372	../../benchmark_data/class-i/pdb/8gvg_pmhc_tcr.pdb	../pred_pdb/af3/pmhc_tcr/classI/results_classI/ranked_2/8gvg_pmhc_tcr.pdb	after	ranked_2
161	8gvi	0.878	0.882	0.828	1.075	95.46636363636362	97.13454545454546	97.55285714285712	98.07199999999999	97.47727272727273	98.33466666666666	97.95724137931035	97.09999999999998	97.6050276243094	98.26125	97.63280423280422	96.6463963963964	1.4771696	0.9047195	0.38449013	0.63964576	0.3739423	0.4788216	0.5092227	0.85224134	0.5247254	0.27676857	0.52285814	0.9498992	../../benchmark_data/class-i/pdb/8gvi_pmhc_tcr.pdb	../pred_pdb/af3/pmhc_tcr/classI/results_classI/ranked_2/8gvi_pmhc_tcr.pdb	after	ranked_2
162	8i5c	0.774	0.698	1.126	1.138	93.67454545454547	93.14444444444445	92.90499999999999	92.69200000000001	89.84700000000001	89.54230769230769	91.15640000000002	95.51271604938272	95.60707182320442	87.75888888888889	95.23531578947367	95.7578604651163	0.23680507	0.24376528	0.25427964	0.32918936	0.33315665	1.9988002	1.8169177	0.82687336	0.36596403	1.7482697	0.54954046	0.75228	../../benchmark_data/class-i/pdb/8i5c_pmhc_tcr.pdb	../pred_pdb/af3/pmhc_tcr/classI/results_classI/ranked_2/8i5c_pmhc_tcr.pdb	after	ranked_2
163	8i5d	0.456	0.39	2.359	5.701	88.525	92.179	88.20333333333333	96.25399999999999	93.03727272727272	90.40533333333333	89.42666666666665	95.04061881188117	95.84425414364641	86.7911111111111	95.41542105263159	94.7078504672897	0.2890253	0.22595607	1.1556408	0.22289643	0.24659503	1.3164996	1.3519422	2.5995607	0.39015806	1.8150399	0.58111125	1.0835544	../../benchmark_data/class-i/pdb/8i5d_pmhc_tcr.pdb	../pred_pdb/af3/pmhc_tcr/classI/results_classI/ranked_2/8i5d_pmhc_tcr.pdb	after	ranked_2
164	8qfy	0.895	0.836	0.557	1.477	97.28090909090908	96.86111111111111	96.96083333333333	97.877	96.70818181818181	98.26249999999999	97.61166666666668	96.89360493827161	96.94348066298343	97.84333333333333	96.9861052631579	96.8118604651163	0.24207494	0.25795257	0.18959413	0.3371635	0.17489326	0.18687022	0.30900908	0.69313693	0.6734446	0.32210585	0.6659743	0.4479289	../../benchmark_data/class-i/pdb/8qfy_pmhc_tcr.pdb	../pred_pdb/af3/pmhc_tcr/classI/results_classI/ranked_2/8qfy_pmhc_tcr.pdb	after	ranked_2
165	8shi	0.172	0.167	5.4	13.721	88.16799999999999	92.22099999999999	77.1435294117647	94.84700000000001	90.712	92.16214285714285	83.92612903225806	93.7791089108911	94.67216666666666	87.51	94.36739361702128	93.26708333333335	0.3941313	0.43194106	2.492824	0.22146434	0.24312057	0.34286225	1.987948	6.567966	0.45396918	1.7216685	0.58927333	1.2224828	../../benchmark_data/class-i/pdb/8shi_pmhc_tcr.pdb	../pred_pdb/af3/pmhc_tcr/classI/results_classI/ranked_2/8shi_pmhc_tcr.pdb	after	ranked_2
166	8wte	0.618	0.554	1.703	3.394	88.68636363636364	88.12	88.4123076923077	91.718	86.812	86.21875	87.20206896551723	93.31503667481662	93.85220994475138	81.21777777777778	93.25373684210528	93.36821917808219	0.20895827	0.2842998	0.5967886	0.26586697	0.14922051	1.4118425	1.3105618	1.7399067	0.3313235	1.5868425	0.5279474	0.92982584	../../benchmark_data/class-i/pdb/8wte_pmhc_tcr.pdb	../pred_pdb/af3/pmhc_tcr/classI/results_classI/ranked_2/8wte_pmhc_tcr.pdb	after	ranked_2
167	8wul	0.675	0.583	1.394	2.736	91.29090909090908	91.0111111111111	91.96538461538461	94.643	91.26399999999998	88.679375	90.15241379310346	94.8855501222494	95.61624309392266	85.75777777777779	95.14926315789472	94.65675799086759	0.40792578	0.29764462	0.6282371	0.24198063	0.23321104	1.16586	1.1346229	1.2327944	0.3607566	1.2563597	0.48416212	0.94035	../../benchmark_data/class-i/pdb/8wul_pmhc_tcr.pdb	../pred_pdb/af3/pmhc_tcr/classI/results_classI/ranked_2/8wul_pmhc_tcr.pdb	after	ranked_2
168	6zkw	0.789	0.776	0.956	3.114	92.81363636363636	94.422	93.71846153846153	96.251	91.619	93.0975	93.37586206896553	95.29286063569681	95.14427777777779	92.88333333333334	95.03661375661375	95.513	0.5605392	0.15320908	0.6235454	0.12963302	0.19093846	0.5240691	0.809602	1.1657275	0.5665499	0.179309	0.5571329	0.6831114	../../benchmark_data/class-i/pdb/6zkw_pmhc_tcr.pdb	../pred_pdb/af3/pmhc_tcr/classI/results_classI/ranked_3/6zkw_pmhc_tcr.pdb	after	ranked_3
169	6zkx	0.337	0.319	3.649	7.723	86.48545454545454	90.038	85.26846153846154	92.438	83.57900000000001	86.303125	85.83931034482758	90.70406326034062	89.66128491620111	76.66583333333334	88.84481675392671	92.31822727272728	0.5436321	0.19104011	0.54219234	0.17235535	0.102102056	0.45073524	0.9460528	4.0525465	1.5124098	0.49840814	1.4914323	1.1749557	../../benchmark_data/class-i/pdb/6zkx_pmhc_tcr.pdb	../pred_pdb/af3/pmhc_tcr/classI/results_classI/ranked_3/6zkx_pmhc_tcr.pdb	after	ranked_3
170	6zky	0.773	0.755	1.186	1.998	88.49818181818182	89.97200000000001	87.4530769230769	93.60499999999999	84.594	87.05125	87.23137931034483	93.02377450980391	92.90027777777777	82.72375	92.46723404255317	93.49936363636364	0.33375362	0.31183618	0.42231286	0.16244611	0.17648587	0.78345245	0.8773314	1.0038041	0.8152269	2.2740073	1.0440695	0.73322713	../../benchmark_data/class-i/pdb/6zky_pmhc_tcr.pdb	../pred_pdb/af3/pmhc_tcr/classI/results_classI/ranked_3/6zky_pmhc_tcr.pdb	after	ranked_3
171	6zkz	0.648	0.644	1.604	3.804	87.80727272727272	89.64	86.9230769230769	93.04999999999998	87.547	84.77687499999999	85.73896551724138	93.24571078431373	93.43833333333335	87.34	93.17882978723404	93.30286363636363	0.5674936	0.20100902	0.76066154	0.19208765	0.15143855	0.5068859	1.0226485	1.504848	0.8384098	2.3297544	1.0381846	0.7863187	../../benchmark_data/class-i/pdb/6zkz_pmhc_tcr.pdb	../pred_pdb/af3/pmhc_tcr/classI/results_classI/ranked_3/6zkz_pmhc_tcr.pdb	after	ranked_3
172	7dzm	0.893	0.86	0.588	1.901	95.51916666666669	96.42500000000001	97.00600000000003	98.03	97.8418181818182	97.47500000000001	97.21444444444442	97.13251231527094	97.20088888888888	98.03666666666666	97.24068783068782	97.03829493087558	0.26536283	0.11781121	0.36516765	0.18019834	0.12953421	0.22754057	0.3994349	0.90023327	0.72264093	0.13091378	0.7097564	0.39208037	../../benchmark_data/class-i/pdb/7dzm_pmhc_tcr.pdb	../pred_pdb/af3/pmhc_tcr/classI/results_classI/ranked_3/7dzm_pmhc_tcr.pdb	after	ranked_3
173	7dzn	0.165	0.095	6.288	11.66	79.40499999999999	87.5675	64.96733333333333	86.685	78.20454545454547	81.01083333333334	72.09777777777778	90.56577777777778	92.88195530726259	82.93	92.4055319148936	88.97188940092167	0.13099374	0.10566446	2.2786422	0.20928375	0.18119039	0.42263559	2.171055	21.471104	0.40173957	0.34096286	0.40912706	1.1579942	../../benchmark_data/class-i/pdb/7dzn_pmhc_tcr.pdb	../pred_pdb/af3/pmhc_tcr/classI/results_classI/ranked_3/7dzn_pmhc_tcr.pdb	after	ranked_3
174	7l1d	0.467	0.432	2.861	4.871	88.76545454545455	92.74222222222222	83.57923076923076	90.455	90.23599999999999	72.22684210526315	76.83875	93.18635696821516	95.82668508287291	86.07777777777778	95.36489473684209	91.29630136986302	0.47427556	0.28700706	0.90167224	0.2550668	0.2177249	3.3864384	3.8551679	2.7651138	0.484794	0.7035568	0.5166195	2.3654034	../../benchmark_data/class-i/pdb/7l1d_pmhc_tcr.pdb	../pred_pdb/af3/pmhc_tcr/classI/results_classI/ranked_3/7l1d_pmhc_tcr.pdb	after	ranked_3
175	7n2n	0.255	0.211	3.458	10.479	84.62272727272727	84.28299999999999	78.73588235294118	88.427	86.518	77.956	78.3703125	92.21450363196126	94.36801104972376	88.14222222222222	94.07310526315788	90.63094170403589	0.5269945	0.3522176	1.5045542	0.18685237	0.17896846	1.3429198	2.3060396	3.8429832	0.41967756	0.762462	0.45272213	1.3143766	../../benchmark_data/class-i/pdb/7n2n_pmhc_tcr.pdb	../pred_pdb/af3/pmhc_tcr/classI/results_classI/ranked_3/7n2n_pmhc_tcr.pdb	after	ranked_3
176	7n2o	0.673	0.729	1.583	4.021	92.46	93.88300000000001	88.4505882352941	95.724	94.112	91.16333333333334	89.7221875	95.3795641646489	96.49226519337016	95.48666666666666	96.44463157894738	94.47210762331838	0.35781953	0.23330936	1.2557007	0.17467193	0.12736619	0.6786951	1.6388612	1.5511498	0.32247636	0.25947285	0.33121103	0.9791747	../../benchmark_data/class-i/pdb/7n2o_pmhc_tcr.pdb	../pred_pdb/af3/pmhc_tcr/classI/results_classI/ranked_3/7n2o_pmhc_tcr.pdb	after	ranked_3
177	7n2p	0.389	0.397	2.602	8.153	82.95363636363636	82.50000000000001	79.56454545454547	87.372	83.60499999999999	73.71066666666667	76.18730769230768	90.66031941031942	92.49204419889503	83.92777777777779	92.08636842105265	89.41170506912441	0.48896363	0.38095018	1.4285203	0.28417635	0.16624491	1.0909528	1.6373711	2.6992538	0.4117878	0.7898247	0.44374514	0.90347034	../../benchmark_data/class-i/pdb/7n2p_pmhc_tcr.pdb	../pred_pdb/af3/pmhc_tcr/classI/results_classI/ranked_3/7n2p_pmhc_tcr.pdb	after	ranked_3
178	7n2q	0.38	0.39	2.693	8.271	84.5	83.931	80.61363636363636	87.444	84.319	75.72266666666665	77.79192307692307	91.97434889434889	93.98071823204417	87.38444444444445	93.66826315789474	90.49119815668203	0.43198565	0.40587786	1.5244237	0.16110638	0.19404748	1.8086815	2.0223508	2.8490775	0.329193	0.74300575	0.36749244	1.0495753	../../benchmark_data/class-i/pdb/7n2q_pmhc_tcr.pdb	../pred_pdb/af3/pmhc_tcr/classI/results_classI/ranked_3/7n2q_pmhc_tcr.pdb	after	ranked_3
179	7n2r	0.044	0.0	15.748	22.849	86.60636363636364	86.09700000000001	79.4209090909091	87.402	81.508	71.58600000000001	74.90076923076923	90.34584766584766	92.1614917127072	89.49777777777778	92.03531578947369	88.86658986175115	0.41460884	0.29268482	0.74715716	0.26596993	0.20603693	1.7691224	2.07581	16.643429	0.44719353	0.7069899	0.4678316	0.94820964	../../benchmark_data/class-i/pdb/7n2r_pmhc_tcr.pdb	../pred_pdb/af3/pmhc_tcr/classI/results_classI/ranked_3/7n2r_pmhc_tcr.pdb	after	ranked_3
180	7n2s	0.206	0.197	4.437	12.472	83.56636363636365	84.67500000000001	74.646875	86.48800000000001	83.152	75.156	74.8932258064516	90.61990291262136	92.28088397790056	84.43555555555554	91.90926315789474	89.51639639639639	1.3006631	0.38393053	1.0227996	0.4825754	0.20273118	0.8055674	1.799117	4.8390903	0.39404833	0.3042991	0.39719826	1.2260376	../../benchmark_data/class-i/pdb/7n2s_pmhc_tcr.pdb	../pred_pdb/af3/pmhc_tcr/classI/results_classI/ranked_3/7n2s_pmhc_tcr.pdb	after	ranked_3
181	7n4k	0.768	0.782	1.084	3.364	89.33999999999999	89.965	82.67538461538463	95.70500000000001	94.256	91.83454545454546	86.87333333333333	94.83605	95.83406779661016	95.55000000000001	95.8188770053476	93.97319248826291	0.25821322	0.78865665	0.60536593	0.4786702	0.11382381	0.6775059	0.6567602	1.4993168	1.4575164	0.22879201	1.4221543	0.8790788	../../benchmark_data/class-i/pdb/7n4k_pmhc_tcr.pdb	../pred_pdb/af3/pmhc_tcr/classI/results_classI/ranked_3/7n4k_pmhc_tcr.pdb	after	ranked_3
182	7n5c	0.849	0.789	0.67	2.438	92.23250000000002	92.71875	87.73461538461538	96.68800000000002	95.31799999999998	94.5290909090909	90.84875	95.33816831683168	95.38613259668507	96.60600000000001	95.45	95.23788732394365	0.25752437	0.19078198	0.7642305	0.44480562	0.09729423	0.2383394	0.61852986	1.3278574	1.5291793	0.2817217	1.4905216	0.6956139	../../benchmark_data/class-i/pdb/7n5c_pmhc_tcr.pdb	../pred_pdb/af3/pmhc_tcr/classI/results_classI/ranked_3/7n5c_pmhc_tcr.pdb	after	ranked_3
183	7n5p	0.746	0.78	1.14	3.908	88.90416666666668	89.16375	81.10999999999999	95.299	93.588	90.12181818181818	85.24041666666666	94.72426065162908	95.79420454545453	94.54100000000001	95.72682795698924	93.848779342723	0.18200631	0.24356306	0.5533932	0.4566721	0.116880134	0.5236649	0.66575205	1.7147156	1.1631386	0.25978574	1.1400436	0.9722937	../../benchmark_data/class-i/pdb/7n5p_pmhc_tcr.pdb	../pred_pdb/af3/pmhc_tcr/classI/results_classI/ranked_3/7n5p_pmhc_tcr.pdb	after	ranked_3
184	7na5	0.231	0.367	5.754	14.24	89.12818181818182	90.28888888888889	89.55	93.873	86.25800000000001	90.95666666666668	90.36153846153846	93.20106172839506	92.47655555555555	91.01777777777778	92.40708994708994	93.89578703703704	0.6508458	0.29978052	0.8498493	0.27350897	0.3095382	0.681134	1.1328431	6.633606	1.7709757	0.5507836	1.7348158	0.6785202	../../benchmark_data/class-i/pdb/7na5_pmhc_tcr.pdb	../pred_pdb/af3/pmhc_tcr/classI/results_classI/ranked_3/7na5_pmhc_tcr.pdb	after	ranked_3
185	7ndq	0.451	0.367	2.574	5.143	88.015	86.11500000000001	77.90466666666666	94.322	92.05818181818181	88.15153846153846	82.66214285714285	93.97546568627452	95.28198895027624	94.39555555555555	95.24	92.87334862385322	0.47234613	0.31247592	2.4951732	0.31441313	0.37484872	1.7605768	2.5998023	2.621069	1.0941517	2.154416	1.2005311	1.4530541	../../benchmark_data/class-i/pdb/7ndq_pmhc_tcr.pdb	../pred_pdb/af3/pmhc_tcr/classI/results_classI/ranked_3/7ndq_pmhc_tcr.pdb	after	ranked_3
186	7ndt	0.681	0.623	1.499	2.527	83.16333333333334	86.76875	80.71571428571428	92.03399999999999	88.05090909090909	86.69916666666667	83.47730769230769	92.59821782178219	92.73666666666666	81.66874999999999	92.26569148936173	92.8876388888889	0.26214555	0.206788	0.8780717	0.1480875	0.1998305	0.6788364	0.95643914	1.4215987	0.5714897	2.2085073	0.82593286	0.7491662	../../benchmark_data/class-i/pdb/7ndt_pmhc_tcr.pdb	../pred_pdb/af3/pmhc_tcr/classI/results_classI/ranked_3/7ndt_pmhc_tcr.pdb	after	ranked_3
187	7ndu	0.645	0.615	1.858	2.398	89.3125	91.46875	83.288	97.328	95.35090909090908	94.23846153846155	88.37214285714286	95.49169533169534	96.21651933701656	93.64750000000001	96.1077777777778	94.95756880733946	0.8658967	0.31517363	1.9567677	0.2857694	0.30931643	1.714918	2.14438	1.6808598	1.0357744	1.3551853	1.1160161	1.2491317	../../benchmark_data/class-i/pdb/7ndu_pmhc_tcr.pdb	../pred_pdb/af3/pmhc_tcr/classI/results_classI/ranked_3/7ndu_pmhc_tcr.pdb	after	ranked_3
188	7nme	0.874	0.787	0.593	1.505	92.2218181818182	94.56899999999999	96.47384615384615	97.43999999999998	97.42545454545453	97.9509090909091	97.15083333333332	96.69412345679012	97.31685082872927	97.13111111111112	97.30805263157895	96.15158139534886	0.35445428	0.26020637	0.27549306	0.24994339	0.14085557	0.21789643	0.2833503	0.7947025	0.47240874	0.18592134	0.46404853	0.80438095	../../benchmark_data/class-i/pdb/7nme_pmhc_tcr.pdb	../pred_pdb/af3/pmhc_tcr/classI/results_classI/ranked_3/7nme_pmhc_tcr.pdb	after	ranked_3
189	7nmf	0.887	0.831	0.592	1.641	92.2218181818182	94.56899999999999	96.47384615384615	97.43999999999998	97.42545454545453	97.9509090909091	97.15083333333332	96.69412345679012	97.31685082872927	97.13111111111112	97.30805263157895	96.15158139534886	0.37194663	0.21560793	0.30859533	0.15633832	0.1576985	0.1666283	0.31112576	0.7585963	0.3979937	0.25214875	0.39467648	0.75201327	../../benchmark_data/class-i/pdb/7nmf_pmhc_tcr.pdb	../pred_pdb/af3/pmhc_tcr/classI/results_classI/ranked_3/7nmf_pmhc_tcr.pdb	after	ranked_3
190	7nmg	0.868	0.764	0.603	1.233	90.33090909090909	93.386	95.72461538461538	97.185	97.03181818181817	97.61818181818184	96.59249999999999	96.22503703703704	97.0228729281768	96.39222222222222	96.993	95.54637209302327	0.32802263	0.13638565	0.37785995	0.2919471	0.12754029	0.21257931	0.3861049	0.67267185	0.4377224	0.47923374	0.44649047	0.66237074	../../benchmark_data/class-i/pdb/7nmg_pmhc_tcr.pdb	../pred_pdb/af3/pmhc_tcr/classI/results_classI/ranked_3/7nmg_pmhc_tcr.pdb	after	ranked_3
191	7ow5	0.899	0.875	0.587	1.826	95.52666666666666	86.10454545454546	96.16562499999999	97.46600000000001	96.562	96.585625	96.375625	96.20385542168674	97.21161111111111	89.872	96.82531578947369	95.67906666666667	0.29756427	1.3141952	0.21114029	0.23599547	0.15654434	0.3115552	0.32321742	0.7553541	0.36470053	0.23241466	0.360505	0.5910882	../../benchmark_data/class-i/pdb/7ow5_pmhc_tcr.pdb	../pred_pdb/af3/pmhc_tcr/classI/results_classI/ranked_3/7ow5_pmhc_tcr.pdb	after	ranked_3
192	7ow6	0.911	0.877	0.469	2.038	97.02	87.68818181818183	96.545625	97.136	96.51599999999999	97.09062499999999	96.81812500000001	96.53995192307691	97.43392265193371	97.333	97.42863874345551	95.78555555555556	0.15249951	0.6890795	0.21163355	0.26707032	0.30724102	0.30107862	0.32387534	0.7552099	0.33687907	0.27317744	0.33862418	0.5208801	../../benchmark_data/class-i/pdb/7ow6_pmhc_tcr.pdb	../pred_pdb/af3/pmhc_tcr/classI/results_classI/ranked_3/7ow6_pmhc_tcr.pdb	after	ranked_3
193	7pb2	0.315	0.295	2.992	9.399	89.81916666666666	86.84727272727271	85.03625	93.65	87.749	83.514375	84.2753125	93.78207228915662	94.5308888888889	82.639	93.905	93.67826666666667	0.26008758	1.2304851	3.184304	0.18570215	0.22694932	0.9847999	2.7655153	3.3445878	0.5048546	2.1405253	0.71394014	1.3920205	../../benchmark_data/class-i/pdb/7pb2_pmhc_tcr.pdb	../pred_pdb/af3/pmhc_tcr/classI/results_classI/ranked_3/7pb2_pmhc_tcr.pdb	after	ranked_3
194	7pbe	0.798	0.831	1.223	1.705	96.39090909090909	94.70375	96.99333333333333	95.83600000000001	94.67000000000002	96.73846153846154	96.8608	96.65365432098764	97.33944751381215	97.44666666666666	97.34452631578947	96.04311627906976	0.45911765	1.5242857	0.59337795	0.74033767	0.27204356	0.65327674	0.80952835	1.106715	0.63323545	0.23228307	0.62169963	0.9697839	../../benchmark_data/class-i/pdb/7pbe_pmhc_tcr.pdb	../pred_pdb/af3/pmhc_tcr/classI/results_classI/ranked_3/7pbe_pmhc_tcr.pdb	after	ranked_3
195	7phr	0.916	0.866	0.479	1.39	97.519	98.43199999999999	98.19272727272728	98.32300000000001	98.53900000000002	98.67384615384616	98.45333333333333	97.42067500000002	98.2017679558011	98.64444444444445	98.22273684210526	96.695	0.25093937	0.29328823	0.3728548	0.16805492	0.24125984	0.16939187	0.32090825	0.9041738	0.38313398	0.2047705	0.3778479	0.82201684	../../benchmark_data/class-i/pdb/7phr_pmhc_tcr.pdb	../pred_pdb/af3/pmhc_tcr/classI/results_classI/ranked_3/7phr_pmhc_tcr.pdb	after	ranked_3
196	7q99	0.819	0.781	0.811	2.787	92.57181818181817	92.76555555555555	90.70181818181817	91.07090909090908	88.88888888888889	88.92133333333335	89.67461538461541	94.46201474201473	96.12381215469615	94.412	96.0341884816754	93.07180555555554	0.25807074	0.26773226	0.37833354	0.33575398	0.26312602	0.48220986	0.5056726	1.0586535	0.33772114	0.23773356	0.3403727	0.7671579	../../benchmark_data/class-i/pdb/7q99_pmhc_tcr.pdb	../pred_pdb/af3/pmhc_tcr/classI/results_classI/ranked_3/7q99_pmhc_tcr.pdb	after	ranked_3
197	7q9a	0.902	0.853	0.589	0.998	92.0890909090909	90.19111111111111	90.36272727272727	91.64818181818183	89.56555555555556	89.64733333333334	89.95000000000002	94.18464373464374	95.74712707182323	94.378	95.67544502617802	92.8663888888889	0.20430537	0.31351188	0.94630164	0.2588798	0.31048077	0.18034904	0.7425811	0.6970203	0.34059086	0.13410877	0.33790556	0.75032187	../../benchmark_data/class-i/pdb/7q9a_pmhc_tcr.pdb	../pred_pdb/af3/pmhc_tcr/classI/results_classI/ranked_3/7q9a_pmhc_tcr.pdb	after	ranked_3
198	7q9b	0.321	0.362	3.751	9.156	89.36909090909091	94.70444444444445	77.24375	93.62	90.74300000000001	88.825625	84.965	94.1506172839506	96.4839226519337	95.23100000000001	96.41832460732985	92.12663551401869	0.46634313	0.29385936	1.5175174	0.29769516	0.2983902	2.285414	2.8599992	4.422296	0.600926	0.3905631	0.60145986	1.7992125	../../benchmark_data/class-i/pdb/7q9b_pmhc_tcr.pdb	../pred_pdb/af3/pmhc_tcr/classI/results_classI/ranked_3/7q9b_pmhc_tcr.pdb	after	ranked_3
199	7qpj	0.861	0.754	0.634	1.137	97.08727272727273	97.58222222222223	96.32230769230767	96.54799999999999	93.614	97.71000000000002	96.95833333333333	97.02734491315135	97.35216666666666	97.44222222222223	97.35645502645502	96.73668224299067	0.2971124	0.32070756	0.13453104	0.22736323	0.14337723	0.5295973	0.6350555	0.75525874	0.38215822	0.2619222	0.38091415	0.705966	../../benchmark_data/class-i/pdb/7qpj_pmhc_tcr.pdb	../pred_pdb/af3/pmhc_tcr/classI/results_classI/ranked_3/7qpj_pmhc_tcr.pdb	after	ranked_3
200	7r80	0.08	0.0	8.758	16.343	86.49909090909091	90.077	87.96923076923076	90.878	85.917	88.222	88.10464285714285	92.82354523227384	93.66983425414364	83.91222222222223	93.20763157894736	92.4903196347032	1.8479266	0.30611336	0.2839347	0.3173768	0.2086222	1.3551884	1.0667137	20.848665	0.5428557	0.36006036	0.5389601	0.9063162	../../benchmark_data/class-i/pdb/7r80_pmhc_tcr.pdb	../pred_pdb/af3/pmhc_tcr/classI/results_classI/ranked_3/7r80_pmhc_tcr.pdb	after	ranked_3
201	7rk7	0.571	0.621	1.975	5.206	82.4775	87.9	65.621875	88.775	87.951	69.227	67.62472222222222	91.7178313253012	95.69055248618784	89.29222222222222	95.38747368421053	88.61902222222221	0.82666695	0.2366923	2.557345	0.44286013	0.16428244	2.2649744	2.6192284	2.6202862	0.49249962	0.3285122	0.48939964	2.3006322	../../benchmark_data/class-i/pdb/7rk7_pmhc_tcr.pdb	../pred_pdb/af3/pmhc_tcr/classI/results_classI/ranked_3/7rk7_pmhc_tcr.pdb	after	ranked_3
202	7rm4	0.093	0.0	7.536	15.079	78.52727272727273	82.56800000000001	77.35416666666667	88.24199999999999	78.06818181818181	77.19	77.26296296296296	91.01295843520784	92.0120994475138	84.49777777777778	91.65615789473684	90.45493150684932	0.43617445	0.5864018	0.8846728	0.19787133	0.21581873	1.8429712	1.88676	16.813099	0.35480988	0.47975394	0.36980912	1.3227239	../../benchmark_data/class-i/pdb/7rm4_pmhc_tcr.pdb	../pred_pdb/af3/pmhc_tcr/classI/results_classI/ranked_3/7rm4_pmhc_tcr.pdb	after	ranked_3
203	7rrg	0.081	0.048	8.726	19.062	83.23583333333333	86.0325	68.57866666666668	88.218	85.32454545454546	82.46642857142855	75.28310344827587	92.03880195599021	93.39193370165746	85.99444444444444	93.04152631578947	91.16885844748859	0.26921797	0.20566814	2.500153	0.19876286	0.42473122	1.5434612	2.6640422	18.99122	0.5411092	0.88556725	0.5686316	1.2910556	../../benchmark_data/class-i/pdb/7rrg_pmhc_tcr.pdb	../pred_pdb/af3/pmhc_tcr/classI/results_classI/ranked_3/7rrg_pmhc_tcr.pdb	after	ranked_3
204	7rtr	0.383	0.317	3.138	6.316	87.64181818181818	88.26777777777778	88.40545454545455	90.84700000000001	88.10363636363637	89.99181818181819	89.19863636363637	93.78692874692874	94.22077348066298	88.30444444444444	93.94052631578948	93.65244239631338	0.4832322	0.2710986	0.81228167	0.3040665	0.24059056	0.28583816	0.91029716	2.8575156	0.3766683	0.22819068	0.3740811	1.0036716	../../benchmark_data/class-i/pdb/7rtr_pmhc_tcr.pdb	../pred_pdb/af3/pmhc_tcr/classI/results_classI/ranked_3/7rtr_pmhc_tcr.pdb	after	ranked_3
205	7su9	0.648	0.655	1.544	4.197	88.67916666666666	91.66125	80.26666666666668	93.201	89.527	87.90799999999999	84.08733333333335	94.28308823529412	95.3905	89.53555555555556	95.11169312169312	93.56799086757991	0.442047	0.22405699	1.44493	0.39340127	0.22881354	1.507486	1.8461243	1.4823827	0.41533798	0.5515079	0.42615756	1.0556282	../../benchmark_data/class-i/pdb/7su9_pmhc_tcr.pdb	../pred_pdb/af3/pmhc_tcr/classI/results_classI/ranked_3/7su9_pmhc_tcr.pdb	after	ranked_3
206	8cx4	0.529	0.661	2.215	6.758	85.36727272727272	85.82700000000001	77.34470588235295	88.905	82.281	77.66066666666666	77.49281250000001	91.81133171912833	93.98055248618786	84.95555555555558	93.55305263157894	90.32735426008966	0.3367934	0.37867412	0.76331395	0.21901153	0.1391152	0.6442803	0.8224857	2.6733422	0.4190355	0.35822958	0.42310485	0.80123913	../../benchmark_data/class-i/pdb/8cx4_pmhc_tcr.pdb	../pred_pdb/af3/pmhc_tcr/classI/results_classI/ranked_3/8cx4_pmhc_tcr.pdb	after	ranked_3
207	8d5q	0.861	0.774	0.648	1.558	94.3990909090909	96.167	95.19	96.24000000000001	95.89363636363636	96.25999999999998	95.70774193548388	96.5981862745098	96.22494318181816	96.087	96.21752688172043	96.91711711711712	0.46886697	0.25350094	0.2883634	0.20538403	0.20718072	0.4439089	0.40259612	0.8461428	0.6167906	0.34372	0.61071765	0.58497965	../../benchmark_data/class-i/pdb/8d5q_pmhc_tcr.pdb	../pred_pdb/af3/pmhc_tcr/classI/results_classI/ranked_3/8d5q_pmhc_tcr.pdb	after	ranked_3
208	8dnt	0.72	0.74	1.254	3.827	95.04818181818182	94.8611111111111	91.87166666666667	95.593	89.61	94.15714285714284	93.10230769230769	95.69257985257987	96.52182320441989	95.26666666666667	96.46236842105264	95.01857142857142	0.5747695	0.35084304	0.8019877	0.48898733	0.68846935	0.6684072	1.2525382	1.8892665	0.7090556	0.5347115	0.710568	1.3268044	../../benchmark_data/class-i/pdb/8dnt_pmhc_tcr.pdb	../pred_pdb/af3/pmhc_tcr/classI/results_classI/ranked_3/8dnt_pmhc_tcr.pdb	after	ranked_3
209	8en8	0.88	0.89	0.797	1.475	92.48272727272727	96.864	84.95214285714287	95.43818181818182	93.86083333333333	95.874	90.6013793103448	96.20987864077671	97.3541111111111	97.0188888888889	97.33814814814815	95.25363228699551	0.35687137	0.1494189	1.4340792	0.39605692	0.46714395	0.30034	1.2434585	0.78395504	0.46493834	0.14068486	0.4572002	0.753029	../../benchmark_data/class-i/pdb/8en8_pmhc_tcr.pdb	../pred_pdb/af3/pmhc_tcr/classI/results_classI/ranked_3/8en8_pmhc_tcr.pdb	after	ranked_3
210	8enh	0.72	0.642	1.362	1.487	89.52272727272728	91.62899999999999	74.82714285714285	81.44545454545455	85.45333333333332	70.52866666666665	72.60379310344827	92.19097323600973	94.80178770949719	87.38222222222223	94.44659574468085	90.28937219730942	0.4351995	0.100410834	2.028494	0.3932571	0.37339693	0.5890984	2.1549993	1.1818695	0.5510073	0.2729312	0.54241717	1.3817279	../../benchmark_data/class-i/pdb/8enh_pmhc_tcr.pdb	../pred_pdb/af3/pmhc_tcr/classI/results_classI/ranked_3/8enh_pmhc_tcr.pdb	after	ranked_3
211	8eo8	0.829	0.824	0.956	1.92	92.36818181818181	97.041	87.38928571428572	96.13000000000001	94.90833333333332	96.38333333333331	92.04137931034484	96.56481751824818	97.53636871508381	97.40111111111112	97.52989361702129	95.75121076233182	0.39037898	0.13913755	1.6578923	0.28773838	0.20875756	0.39425275	1.3865684	0.9408831	0.51430297	0.19331601	0.5054378	0.8382461	../../benchmark_data/class-i/pdb/8eo8_pmhc_tcr.pdb	../pred_pdb/af3/pmhc_tcr/classI/results_classI/ranked_3/8eo8_pmhc_tcr.pdb	after	ranked_3
212	8f5a	0.54	0.571	1.944	5.874	89.12181818181818	88.211	86.26400000000002	90.599	87.39900000000002	85.83499999999998	86.07333333333334	93.55762836185819	94.30419889502762	71.965	93.13460732984292	93.92825688073395	0.3002973	2.2024248	1.8953161	0.29008403	0.3172089	1.2279818	2.4970317	1.9600755	0.34006134	1.7324069	0.530315	1.5377884	../../benchmark_data/class-i/pdb/8f5a_pmhc_tcr.pdb	../pred_pdb/af3/pmhc_tcr/classI/results_classI/ranked_3/8f5a_pmhc_tcr.pdb	after	ranked_3
213	8gom	0.028	0.0	17.967	29.613	79.62333333333332	77.09444444444443	78.0990909090909	84.158	79.61	68.27533333333334	72.43153846153847	89.79453658536586	90.9211049723757	89.20666666666666	90.8398947368421	88.89172727272728	0.25595206	0.2719146	1.1259642	0.19672029	0.24973603	1.1812702	1.3885231	18.500036	0.40633094	0.29822752	0.41313416	0.68232125	../../benchmark_data/class-i/pdb/8gom_pmhc_tcr.pdb	../pred_pdb/af3/pmhc_tcr/classI/results_classI/ranked_3/8gom_pmhc_tcr.pdb	after	ranked_3
214	8gon	0.027	0.0	17.949	29.773	78.6725	76.91888888888889	77.60272727272726	84.224	79.03454545454545	67.98733333333332	72.05538461538461	89.7191219512195	90.91342541436465	88.34333333333333	90.79168421052631	88.79281818181818	0.50953555	0.22584938	1.0341963	0.23135541	0.19168292	1.3135136	1.371175	18.558748	0.3475609	0.44000256	0.36352164	0.6710485	../../benchmark_data/class-i/pdb/8gon_pmhc_tcr.pdb	../pred_pdb/af3/pmhc_tcr/classI/results_classI/ranked_3/8gon_pmhc_tcr.pdb	after	ranked_3
215	8gvb	0.796	0.788	1.051	2.343	86.27727272727272	94.43090909090911	87.07928571428572	97.282	95.9681818181818	96.048	91.71827586206895	95.59924390243903	96.71966666666667	96.22875	96.69877659574468	94.6681081081081	1.6135484	0.8527316	0.9806049	0.5353664	0.65354526	0.4551214	0.9089873	1.0468967	0.5003861	0.33499226	0.5045264	0.8911098	../../benchmark_data/class-i/pdb/8gvb_pmhc_tcr.pdb	../pred_pdb/af3/pmhc_tcr/classI/results_classI/ranked_3/8gvb_pmhc_tcr.pdb	after	ranked_3
216	8gvg	0.786	0.866	1.204	3.079	85.49090909090908	93.9409090909091	91.35857142857141	97.77799999999999	97.39090909090909	96.52400000000002	94.0303448275862	96.10712895377128	97.07491712707181	96.76625	97.06185185185184	95.29432432432432	0.9163104	0.8968633	0.78520435	0.516384	0.6657472	0.47408557	0.78667665	1.1798947	0.62404656	0.38256514	0.62475234	0.97178423	../../benchmark_data/class-i/pdb/8gvg_pmhc_tcr.pdb	../pred_pdb/af3/pmhc_tcr/classI/results_classI/ranked_3/8gvg_pmhc_tcr.pdb	after	ranked_3
217	8gvi	0.883	0.926	0.848	1.619	94.68545454545455	97.06454545454545	97.5592857142857	97.79799999999999	97.26454545454546	98.338	97.96206896551725	97.05136253041363	97.54773480662983	98.23750000000001	97.57693121693123	96.60391891891892	1.4438897	0.9035839	0.38121817	0.4095172	0.3770175	0.48595467	0.5300727	0.8649418	0.5244964	0.2582074	0.52084017	0.9030154	../../benchmark_data/class-i/pdb/8gvi_pmhc_tcr.pdb	../pred_pdb/af3/pmhc_tcr/classI/results_classI/ranked_3/8gvi_pmhc_tcr.pdb	after	ranked_3
218	8i5c	0.704	0.667	1.288	3.284	92.64090909090909	92.22999999999999	92.39083333333333	92.158	89.464	89.08076923076922	90.66959999999999	95.3475061728395	95.42182320441988	87.04222222222224	95.02489473684213	95.63260465116278	0.22831629	0.2558984	0.29146194	0.30951104	0.361787	1.9569966	1.7619236	1.0561566	0.33007824	1.7730381	0.52986044	0.72049034	../../benchmark_data/class-i/pdb/8i5c_pmhc_tcr.pdb	../pred_pdb/af3/pmhc_tcr/classI/results_classI/ranked_3/8i5c_pmhc_tcr.pdb	after	ranked_3
219	8i5d	0.473	0.424	2.355	5.459	88.14	91.949	88.50999999999999	96.21300000000001	93.11181818181817	90.17800000000001	89.43666666666668	95.02190594059405	95.84944751381215	86.4511111111111	95.40426315789475	94.68242990654205	0.382236	0.24421103	1.1939663	0.30838308	0.2234752	1.3030183	1.3580383	2.6009	0.33861822	1.7444545	0.53720844	1.174619	../../benchmark_data/class-i/pdb/8i5d_pmhc_tcr.pdb	../pred_pdb/af3/pmhc_tcr/classI/results_classI/ranked_3/8i5d_pmhc_tcr.pdb	after	ranked_3
220	8qfy	0.901	0.852	0.568	1.332	97.26181818181819	97.07333333333332	96.8175	97.96	96.66	98.30083333333333	97.55916666666667	96.86362962962964	96.9529281767956	97.83666666666666	96.99478947368422	96.74772093023257	0.2768177	0.2474692	0.17399189	0.32322556	0.20032555	0.18682572	0.27097267	0.68351054	0.6474913	0.29578418	0.64050734	0.47541174	../../benchmark_data/class-i/pdb/8qfy_pmhc_tcr.pdb	../pred_pdb/af3/pmhc_tcr/classI/results_classI/ranked_3/8qfy_pmhc_tcr.pdb	after	ranked_3
221	8shi	0.192	0.188	5.052	12.744	88.523	91.56299999999999	78.73882352941177	94.676	89.84700000000001	92.14	84.7909677419355	93.81502475247524	94.71366666666667	87.21375	94.39452127659575	93.31064814814815	0.38932014	0.3998523	2.086227	0.22344272	0.23974504	0.37122223	1.6652222	6.039743	0.42725235	1.7710363	0.58254343	1.0758337	../../benchmark_data/class-i/pdb/8shi_pmhc_tcr.pdb	../pred_pdb/af3/pmhc_tcr/classI/results_classI/ranked_3/8shi_pmhc_tcr.pdb	after	ranked_3
222	8wte	0.659	0.569	1.491	2.759	88.92727272727274	87.72777777777777	88.57153846153845	91.273	86.52599999999998	85.77937499999999	87.03103448275863	93.28652811735942	93.78259668508288	80.81555555555556	93.16836842105262	93.38904109589042	0.2341297	0.2540973	0.5299634	0.26410705	0.17348014	1.4083703	1.2889776	1.2084461	0.361851	1.5428034	0.54218096	0.9614779	../../benchmark_data/class-i/pdb/8wte_pmhc_tcr.pdb	../pred_pdb/af3/pmhc_tcr/classI/results_classI/ranked_3/8wte_pmhc_tcr.pdb	after	ranked_3
223	8wul	0.681	0.633	1.414	3.139	91.12636363636365	91.54	91.58615384615383	94.426	90.79599999999999	88.22625	89.73241379310348	94.73168704156478	95.59088397790053	84.94	95.08636842105263	94.42397260273974	0.4131715	0.31109384	0.6363151	0.19031477	0.20945139	1.1509193	1.1329066	1.4253767	0.3289253	1.4971803	0.47730887	0.877749	../../benchmark_data/class-i/pdb/8wul_pmhc_tcr.pdb	../pred_pdb/af3/pmhc_tcr/classI/results_classI/ranked_3/8wul_pmhc_tcr.pdb	after	ranked_3
224	6zkw	0.806	0.793	0.976	2.492	92.41545454545455	94.32600000000001	93.4423076923077	96.26299999999999	89.49600000000001	92.905	93.14586206896551	95.25491442542788	95.14238888888889	92.08444444444444	94.99677248677249	95.47668181818183	0.5634371	0.19331276	0.6138295	0.12010561	0.18138348	0.46896383	0.7791795	1.1891876	0.5051178	0.20253451	0.49780732	0.63082165	../../benchmark_data/class-i/pdb/6zkw_pmhc_tcr.pdb	../pred_pdb/af3/pmhc_tcr/classI/results_classI/ranked_4/6zkw_pmhc_tcr.pdb	after	ranked_4
225	6zkx	0.357	0.377	3.515	7.86	84.79727272727273	88.475	84.98153846153846	92.112	83.747	84.88125	84.92620689655172	90.3260097323601	89.15513966480447	75.83583333333334	88.31832460732984	92.06904545454546	0.42366832	0.19690616	0.4326438	0.15111199	0.099507056	0.5134306	0.7740581	3.905684	1.4651846	0.98034644	1.5003545	1.0079284	../../benchmark_data/class-i/pdb/6zkx_pmhc_tcr.pdb	../pred_pdb/af3/pmhc_tcr/classI/results_classI/ranked_4/6zkx_pmhc_tcr.pdb	after	ranked_4
226	6zky	0.409	0.509	3.378	7.666	87.14909090909093	89.393	86.63461538461539	92.892	83.664	86.144375	86.36413793103448	92.78181372549018	92.71594444444446	81.36375	92.23287234042553	93.25090909090909	0.31345913	0.34296647	0.47130913	0.1758361	0.18288949	0.7017129	0.8877498	3.7677252	0.74120235	2.2696683	0.994976	0.83844864	../../benchmark_data/class-i/pdb/6zky_pmhc_tcr.pdb	../pred_pdb/af3/pmhc_tcr/classI/results_classI/ranked_4/6zky_pmhc_tcr.pdb	after	ranked_4
227	6zkz	0.649	0.661	1.702	3.59	86.85727272727273	88.95	85.95230769230768	92.33599999999998	84.285	82.96375	84.30344827586205	92.77333333333334	93.0618888888889	86.57	92.78563829787232	92.76281818181818	0.5550287	0.21739808	0.5393097	0.18095447	0.15216586	0.7624773	0.9922496	1.7566106	0.72986364	2.3897376	0.9788201	0.89340305	../../benchmark_data/class-i/pdb/6zkz_pmhc_tcr.pdb	../pred_pdb/af3/pmhc_tcr/classI/results_classI/ranked_4/6zkz_pmhc_tcr.pdb	after	ranked_4
228	7dzm	0.904	0.884	0.567	1.874	95.12666666666667	96.065	96.74	97.88300000000001	97.71181818181817	97.24083333333333	96.9625925925926	96.938078817734	96.99916666666665	97.89888888888888	97.04201058201058	96.84755760368662	0.27068576	0.117054135	0.38056493	0.19786757	0.12983876	0.22603804	0.42996377	0.8846283	0.67060816	0.16885799	0.6587045	0.411403	../../benchmark_data/class-i/pdb/7dzm_pmhc_tcr.pdb	../pred_pdb/af3/pmhc_tcr/classI/results_classI/ranked_4/7dzm_pmhc_tcr.pdb	after	ranked_4
229	7dzn	0.544	0.595	1.945	6.058	80.01499999999999	87.95625000000001	65.52800000000002	86.71600000000001	77.37181818181818	82.07666666666665	72.88296296296296	90.60054320987655	92.75139664804469	83.04888888888888	92.28691489361704	89.13953917050691	0.17275769	0.18052466	2.2099516	0.19592747	0.18652894	0.28756765	1.8581759	2.0257368	0.4073597	0.43023634	0.41864955	0.95440626	../../benchmark_data/class-i/pdb/7dzn_pmhc_tcr.pdb	../pred_pdb/af3/pmhc_tcr/classI/results_classI/ranked_4/7dzn_pmhc_tcr.pdb	after	ranked_4
230	7l1d	0.614	0.622	2.218	2.731	86.96272727272728	91.90222222222222	83.57	90.204	91.849	68.46	74.5984375	92.9164303178484	95.65044198895029	85.44666666666666	95.1671052631579	90.9637899543379	0.443918	0.28332955	0.58250594	0.27726355	0.20551866	2.9714425	3.1235113	1.8528324	0.52358186	1.0014775	0.5654075	1.9078006	../../benchmark_data/class-i/pdb/7l1d_pmhc_tcr.pdb	../pred_pdb/af3/pmhc_tcr/classI/results_classI/ranked_4/7l1d_pmhc_tcr.pdb	after	ranked_4
231	7n2n	0.246	0.211	3.406	11.235	83.8290909090909	83.86800000000001	78.80352941176471	89.10799999999999	86.924	78.91000000000001	78.8534375	92.1309200968523	94.27767955801104	88.39777777777778	93.99915789473683	90.53914798206277	0.5311072	0.34212297	1.4953104	0.22358206	0.18261662	1.5899026	2.4311867	3.8301742	0.33723798	0.7629837	0.37848103	1.3453703	../../benchmark_data/class-i/pdb/7n2n_pmhc_tcr.pdb	../pred_pdb/af3/pmhc_tcr/classI/results_classI/ranked_4/7n2n_pmhc_tcr.pdb	after	ranked_4
232	7n2o	0.618	0.661	1.699	4.825	92.7909090909091	92.25399999999999	87.73	95.62899999999999	93.588	90.58866666666667	89.07000000000001	95.17702179176756	96.31127071823207	94.54222222222222	96.22747368421054	94.28201793721973	0.26841262	0.25280073	1.1698579	0.220319	0.11559308	0.7318266	1.4780567	1.7784148	0.34942392	0.25331712	0.36697736	0.89968264	../../benchmark_data/class-i/pdb/7n2o_pmhc_tcr.pdb	../pred_pdb/af3/pmhc_tcr/classI/results_classI/ranked_4/7n2o_pmhc_tcr.pdb	after	ranked_4
233	7n2p	0.409	0.381	2.315	7.693	82.58818181818182	82.2	78.36909090909091	86.972	83.134	72.43466666666667	74.94538461538461	90.56186732186733	92.57121546961325	83.66222222222223	92.14921052631578	89.17202764976959	0.4555544	0.36460248	1.2933216	0.22886184	0.1764855	1.121363	1.5917106	2.7095327	0.38018772	0.67931485	0.41100466	0.8358965	../../benchmark_data/class-i/pdb/7n2p_pmhc_tcr.pdb	../pred_pdb/af3/pmhc_tcr/classI/results_classI/ranked_4/7n2p_pmhc_tcr.pdb	after	ranked_4
234	7n2q	0.512	0.441	1.817	5.708	84.53454545454547	83.85300000000001	80.15909090909092	86.891	83.312	75.47533333333332	77.45692307692308	91.85800982800983	93.91082872928177	86.11777777777777	93.54168421052633	90.38382488479263	0.40213206	0.38276288	1.2373592	0.21100272	0.22221951	1.714673	1.9189333	1.8383422	0.3249173	0.6888178	0.3609359	1.0237514	../../benchmark_data/class-i/pdb/7n2q_pmhc_tcr.pdb	../pred_pdb/af3/pmhc_tcr/classI/results_classI/ranked_4/7n2q_pmhc_tcr.pdb	after	ranked_4
235	7n2r	0.043	0.0	15.787	23.164	85.77909090909091	85.42	79.61545454545454	88.434	82.48700000000001	72.63200000000002	75.58653846153847	90.37253071253072	92.16331491712705	89.73444444444445	92.04826315789475	88.90529953917051	0.5053356	0.37273434	0.7639681	0.21363932	0.19683227	1.6766826	1.9080591	16.6251	0.3901081	0.7477589	0.41854098	0.87764835	../../benchmark_data/class-i/pdb/7n2r_pmhc_tcr.pdb	../pred_pdb/af3/pmhc_tcr/classI/results_classI/ranked_4/7n2r_pmhc_tcr.pdb	after	ranked_4
236	7n2s	0.26	0.348	4.195	12.441	83.39	84.47999999999999	75.15687500000001	86.548	82.73299999999999	76.16199999999999	75.64322580645161	90.45555825242717	92.02491712707183	84.76000000000002	91.68078947368423	89.40693693693694	1.3134284	0.43548265	1.3398843	0.49678084	0.27784643	0.573726	2.0135937	4.5778923	0.46673927	0.4519852	0.4738674	1.3155181	../../benchmark_data/class-i/pdb/7n2s_pmhc_tcr.pdb	../pred_pdb/af3/pmhc_tcr/classI/results_classI/ranked_4/7n2s_pmhc_tcr.pdb	after	ranked_4
237	7n4k	0.789	0.8	1.033	2.988	88.94083333333333	89.8125	79.2423076923077	94.954	92.704	90.79818181818182	84.53875000000001	94.4246	95.5398870056497	94.74799999999999	95.49754010695187	93.48262910798121	0.26564285	0.72484004	0.78293973	0.44763473	0.115834154	0.68098366	0.8303911	1.5368776	1.3900547	0.19377689	1.355416	1.0413005	../../benchmark_data/class-i/pdb/7n4k_pmhc_tcr.pdb	../pred_pdb/af3/pmhc_tcr/classI/results_classI/ranked_4/7n4k_pmhc_tcr.pdb	after	ranked_4
238	7n5c	0.926	1.0	0.587	2.639	91.68916666666667	91.7075	86.92615384615384	96.53299999999999	94.64899999999999	93.77	90.06291666666668	95.07331683168317	95.1560220994475	96.53399999999999	95.228167539267	94.93446009389672	0.22474793	0.1643979	0.3479679	0.45252237	0.09259575	0.19927631	0.3812177	1.5786463	1.7543448	0.24023922	1.7093836	0.8542248	../../benchmark_data/class-i/pdb/7n5c_pmhc_tcr.pdb	../pred_pdb/af3/pmhc_tcr/classI/results_classI/ranked_4/7n5c_pmhc_tcr.pdb	after	ranked_4
239	7n5p	0.84	0.814	0.796	2.413	88.4175	89.17500000000001	77.98923076923076	94.87899999999999	92.601	90.48363636363635	83.71583333333334	94.42040100250628	95.66789772727272	94.208	95.58940860215053	93.39957746478873	0.20857789	0.31695732	0.82636714	0.4756314	0.12533988	0.31678233	0.76400495	1.2957711	1.0622061	0.24872385	1.0394617	0.9994008	../../benchmark_data/class-i/pdb/7n5p_pmhc_tcr.pdb	../pred_pdb/af3/pmhc_tcr/classI/results_classI/ranked_4/7n5p_pmhc_tcr.pdb	after	ranked_4
240	7na5	0.278	0.408	4.518	12.167	87.58	89.20666666666666	87.5481818181818	93.303	85.31899999999999	90.21933333333337	89.08923076923075	92.99602469135802	92.45849999999999	90.16333333333333	92.34920634920636	93.56199074074074	0.71362615	0.31066567	0.7207117	0.25897628	0.3450993	0.65372264	1.0318478	5.0460553	1.5891056	0.5368241	1.556776	0.67853546	../../benchmark_data/class-i/pdb/7na5_pmhc_tcr.pdb	../pred_pdb/af3/pmhc_tcr/classI/results_classI/ranked_4/7na5_pmhc_tcr.pdb	after	ranked_4
241	7ndq	0.484	0.4	2.557	4.296	87.96083333333333	85.705	78.07533333333332	93.409	90.92636363636363	85.79384615384615	81.65892857142858	93.70120098039214	94.98237569060773	93.23666666666666	94.89968421052633	92.6566513761468	0.4815225	0.34941852	2.3666058	0.28542238	0.44283012	2.0736063	2.4082332	2.4072926	1.0470856	2.149944	1.1584005	1.3947955	../../benchmark_data/class-i/pdb/7ndq_pmhc_tcr.pdb	../pred_pdb/af3/pmhc_tcr/classI/results_classI/ranked_4/7ndq_pmhc_tcr.pdb	after	ranked_4
242	7ndt	0.604	0.492	1.578	3.637	82.81	86.9525	80.36642857142856	91.86	87.19636363636363	86.63833333333332	83.26115384615385	92.5186881188119	92.616	81.4025	92.13882978723403	92.84930555555555	0.2535643	0.20035176	1.6668643	0.1556743	0.24424607	0.6373384	1.3990495	1.5908883	0.6958384	2.2594755	0.91721636	0.8488164	../../benchmark_data/class-i/pdb/7ndt_pmhc_tcr.pdb	../pred_pdb/af3/pmhc_tcr/classI/results_classI/ranked_4/7ndt_pmhc_tcr.pdb	after	ranked_4
243	7ndu	0.686	0.662	1.69	1.845	89.44583333333334	91.41375000000001	85.12266666666666	97.41499999999999	95.77454545454545	94.5923076923077	89.51928571428572	95.57481572481572	96.0471270718232	94.60125	95.98592592592591	95.21839449541285	0.76749045	0.30403292	2.2177439	0.26246312	0.30201384	1.710819	2.2330616	1.4063976	1.1829991	1.3507392	1.240782	1.173195	../../benchmark_data/class-i/pdb/7ndu_pmhc_tcr.pdb	../pred_pdb/af3/pmhc_tcr/classI/results_classI/ranked_4/7ndu_pmhc_tcr.pdb	after	ranked_4
244	7nme	0.886	0.8	0.563	1.123	91.82909090909091	94.307	96.47923076923077	97.41299999999998	97.37090909090908	97.88545454545455	97.12375000000002	96.64871604938273	97.31088397790053	97.00222222222222	97.29626315789473	96.07646511627905	0.378919	0.24750583	0.25831556	0.26668876	0.14442043	0.20316227	0.2602205	0.6975556	0.48787636	0.15889904	0.47942036	0.7387884	../../benchmark_data/class-i/pdb/7nme_pmhc_tcr.pdb	../pred_pdb/af3/pmhc_tcr/classI/results_classI/ranked_4/7nme_pmhc_tcr.pdb	after	ranked_4
245	7nmf	0.901	0.845	0.551	1.269	91.82909090909091	94.307	96.47923076923077	97.41299999999998	97.37090909090908	97.88545454545455	97.12375000000002	96.64871604938273	97.31088397790053	97.00222222222222	97.29626315789473	96.07646511627905	0.40258262	0.13888584	0.30779082	0.17046914	0.16869761	0.15937401	0.3011393	0.6503736	0.40870646	0.22524607	0.40554577	0.67469823	../../benchmark_data/class-i/pdb/7nmf_pmhc_tcr.pdb	../pred_pdb/af3/pmhc_tcr/classI/results_classI/ranked_4/7nmf_pmhc_tcr.pdb	after	ranked_4
246	7nmg	0.857	0.778	0.672	1.691	90.36636363636363	93.639	95.78769230769232	97.178	97.09818181818183	97.72272727272728	96.67458333333333	96.2741975308642	97.05944751381216	96.61444444444444	97.03836842105264	95.59888372093023	0.36144674	0.17747594	0.3971505	0.25675002	0.1372042	0.23385197	0.4187086	0.8149937	0.4429053	0.4683927	0.4493914	0.7476268	../../benchmark_data/class-i/pdb/7nmg_pmhc_tcr.pdb	../pred_pdb/af3/pmhc_tcr/classI/results_classI/ranked_4/7nmg_pmhc_tcr.pdb	after	ranked_4
247	7ow5	0.905	0.875	0.527	1.956	95.13333333333334	86.98363636363636	95.72312500000001	97.36600000000001	96.333	96.31937500000001	96.02125000000001	96.11619277108434	97.08366666666666	88.648	96.63968421052633	95.67413333333333	0.3520185	0.42275578	0.21637608	0.27956694	0.17638688	0.37532955	0.36559093	0.78630906	0.35994846	0.3319816	0.36050236	0.5931887	../../benchmark_data/class-i/pdb/7ow5_pmhc_tcr.pdb	../pred_pdb/af3/pmhc_tcr/classI/results_classI/ranked_4/7ow5_pmhc_tcr.pdb	after	ranked_4
248	7ow6	0.931	0.908	0.432	1.697	97.05083333333334	88.05545454545455	96.61937499999999	97.3	96.675	97.13375	96.8765625	96.63673076923077	97.49154696132598	97.27600000000001	97.48026178010471	95.92066666666668	0.16966513	0.42994553	0.19156411	0.24800684	0.3013152	0.28553873	0.3065491	0.77232707	0.3508728	0.25831416	0.3513095	0.5916924	../../benchmark_data/class-i/pdb/7ow6_pmhc_tcr.pdb	../pred_pdb/af3/pmhc_tcr/classI/results_classI/ranked_4/7ow6_pmhc_tcr.pdb	after	ranked_4
249	7pb2	0.346	0.41	2.859	10.154	88.58583333333333	85.91	84.625625	93.32000000000001	87.098	81.824375	83.225	93.48407228915663	94.29894444444447	80.726	93.58457894736841	93.3992	0.28991872	1.2421503	3.2450671	0.19853549	0.22211075	2.1107311	3.1440406	3.5644112	0.4266486	1.8308147	0.6064999	1.4962462	../../benchmark_data/class-i/pdb/7pb2_pmhc_tcr.pdb	../pred_pdb/af3/pmhc_tcr/classI/results_classI/ranked_4/7pb2_pmhc_tcr.pdb	after	ranked_4
250	7pbe	0.824	0.844	1.104	1.247	96.30818181818182	94.76625	96.99083333333334	96.32400000000001	95.28909090909092	96.77615384615385	96.8792	96.61856790123456	97.28441988950276	97.43777777777777	97.29168421052631	96.02372093023256	0.42320365	1.5022961	0.4374303	0.5629275	0.28202796	0.6573477	0.7147362	0.9489636	0.64706254	0.17233899	0.6339035	0.8723237	../../benchmark_data/class-i/pdb/7pbe_pmhc_tcr.pdb	../pred_pdb/af3/pmhc_tcr/classI/results_classI/ranked_4/7pbe_pmhc_tcr.pdb	after	ranked_4
251	7phr	0.904	0.817	0.448	1.291	97.53899999999999	98.455	98.10454545454546	98.342	98.495	98.64307692307693	98.39625000000001	97.41332499999999	98.19325966850826	98.63000000000001	98.21394736842106	96.68895238095239	0.2795355	0.29486263	0.38981408	0.18247639	0.22453836	0.17526248	0.31982058	0.8394231	0.41517693	0.23087692	0.40914884	0.74611074	../../benchmark_data/class-i/pdb/7phr_pmhc_tcr.pdb	../pred_pdb/af3/pmhc_tcr/classI/results_classI/ranked_4/7phr_pmhc_tcr.pdb	after	ranked_4
252	7q99	0.881	0.836	0.648	1.654	93.55272727272727	93.30888888888889	89.7781818181818	90.07999999999998	87.25333333333333	86.52733333333332	87.90269230769232	94.19267813267813	96.10867403314916	93.896	95.9928272251309	92.60087962962963	0.26888517	0.29617122	0.43715104	0.35254806	0.30438668	0.57568324	0.6273131	0.7998916	0.357694	0.24930042	0.35836864	0.8335083	../../benchmark_data/class-i/pdb/7q99_pmhc_tcr.pdb	../pred_pdb/af3/pmhc_tcr/classI/results_classI/ranked_4/7q99_pmhc_tcr.pdb	after	ranked_4
253	7q9a	0.877	0.853	0.722	1.612	90.78454545454545	89.41888888888889	90.41	91.37909090909089	89.68777777777778	89.41000000000001	89.83307692307692	93.9994348894349	95.54657458563535	93.96600000000001	95.46382198952878	92.70453703703704	0.21055464	0.27967528	0.88825184	0.21194585	0.2996476	0.20884459	0.705265	0.8899593	0.30107647	0.15287009	0.30042583	0.7635464	../../benchmark_data/class-i/pdb/7q9a_pmhc_tcr.pdb	../pred_pdb/af3/pmhc_tcr/classI/results_classI/ranked_4/7q9a_pmhc_tcr.pdb	after	ranked_4
254	7q9b	0.321	0.35	3.479	9.258	88.29545454545455	95.22333333333333	76.77125000000001	93.183	90.50299999999999	87.96187499999999	84.23166666666667	94.03543209876544	96.51033149171272	94.935	96.42785340314134	91.90014018691588	0.50597554	0.2820225	1.5976005	0.27385533	0.30438104	2.3121	2.8276696	4.1532664	0.60351	0.3753048	0.60503364	1.6480203	../../benchmark_data/class-i/pdb/7q9b_pmhc_tcr.pdb	../pred_pdb/af3/pmhc_tcr/classI/results_classI/ranked_4/7q9b_pmhc_tcr.pdb	after	ranked_4
255	7qpj	0.893	0.768	0.447	0.685	97.19454545454545	97.73555555555555	97.48923076923077	96.68699999999998	95.41400000000002	97.79818181818182	97.63083333333333	97.17657568238214	97.32633333333332	97.81	97.34936507936507	97.02397196261684	0.26715344	0.33255947	0.09967334	0.18438406	0.12642212	0.50841403	0.5680328	0.52398044	0.4100888	0.2345122	0.4080569	0.47252703	../../benchmark_data/class-i/pdb/7qpj_pmhc_tcr.pdb	../pred_pdb/af3/pmhc_tcr/classI/results_classI/ranked_4/7qpj_pmhc_tcr.pdb	after	ranked_4
256	7r80	0.079	0.0	9.038	16.485	86.08909090909091	89.571	86.73538461538462	90.30200000000002	84.80199999999999	86.38266666666667	86.54642857142856	92.4518337408313	93.274364640884	83.03555555555555	92.78936842105263	92.15899543378995	1.821617	0.28686908	0.30540338	0.33918935	0.21656036	1.4111938	1.1455405	20.421743	0.5129164	0.764845	0.53281575	0.9474282	../../benchmark_data/class-i/pdb/7r80_pmhc_tcr.pdb	../pred_pdb/af3/pmhc_tcr/classI/results_classI/ranked_4/7r80_pmhc_tcr.pdb	after	ranked_4
257	7rk7	0.538	0.591	2.027	5.98	83.38749999999999	87.22874999999999	64.679375	88.091	86.986	67.8225	66.42555555555555	91.37713253012049	95.54204419889503	89.31777777777778	95.2472105263158	88.10906666666666	0.4402049	0.24508046	2.8670177	0.4227475	0.17175235	1.9763265	2.4899457	2.8157704	0.50245756	0.2432458	0.49757007	2.3427563	../../benchmark_data/class-i/pdb/7rk7_pmhc_tcr.pdb	../pred_pdb/af3/pmhc_tcr/classI/results_classI/ranked_4/7rk7_pmhc_tcr.pdb	after	ranked_4
258	7rm4	0.484	0.604	2.647	6.887	76.64363636363636	82.24499999999999	75.0425	88.439	77.5990909090909	75.07266666666668	75.05925925925925	90.66481662591688	92.17773480662983	85.71	91.87136842105264	89.61803652968035	0.4674263	0.500407	0.55362856	0.15001276	0.19199629	1.9520382	2.0661147	3.2713308	0.3473574	0.38123047	0.35612744	1.3376398	../../benchmark_data/class-i/pdb/7rm4_pmhc_tcr.pdb	../pred_pdb/af3/pmhc_tcr/classI/results_classI/ranked_4/7rm4_pmhc_tcr.pdb	after	ranked_4
259	7rrg	0.083	0.048	8.61	18.674	83.81916666666667	85.99125000000001	69.57066666666667	88.14500000000001	85.28363636363638	81.83142857142857	75.4896551724138	91.94596577017116	93.29723756906077	85.68333333333334	92.93657894736843	91.0865296803653	0.21441543	0.20425907	3.0595558	0.21765898	0.36615887	1.5453001	2.830562	19.58275	0.538428	0.86751366	0.5640443	1.3428458	../../benchmark_data/class-i/pdb/7rrg_pmhc_tcr.pdb	../pred_pdb/af3/pmhc_tcr/classI/results_classI/ranked_4/7rrg_pmhc_tcr.pdb	after	ranked_4
260	7rtr	0.386	0.286	2.883	6.094	86.94454545454545	87.89555555555556	87.39	90.046	87.01545454545453	89.68909090909091	88.53954545454545	93.50034398034398	93.89563535911603	87.6077777777778	93.59778947368422	93.41502304147468	0.49536216	0.26034778	0.83611465	0.32928836	0.2097793	0.24579921	0.8959246	2.6657915	0.3566832	0.20484573	0.3516415	0.97602373	../../benchmark_data/class-i/pdb/7rtr_pmhc_tcr.pdb	../pred_pdb/af3/pmhc_tcr/classI/results_classI/ranked_4/7rtr_pmhc_tcr.pdb	after	ranked_4
261	7su9	0.526	0.569	2.006	6.222	88.67416666666668	88.98625	83.37333333333335	92.384	88.322	86.10933333333332	84.74133333333334	93.9251225490196	94.7113888888889	88.85888888888888	94.4326984126984	93.48707762557079	0.35195756	0.13652088	1.7813462	0.3546306	0.22101548	1.4317921	1.9219934	2.4732735	0.64734936	0.35356775	0.6380491	1.0920486	../../benchmark_data/class-i/pdb/7su9_pmhc_tcr.pdb	../pred_pdb/af3/pmhc_tcr/classI/results_classI/ranked_4/7su9_pmhc_tcr.pdb	after	ranked_4
262	8cx4	0.269	0.322	4.069	11.208	84.03545454545454	84.624	76.0535294117647	88.98100000000001	83.066	76.21533333333332	76.129375	91.62283292978208	93.71320441988951	83.74888888888889	93.2412105263158	90.2439461883408	0.29211077	0.40444353	0.81077945	0.2202092	0.13975498	1.1185826	1.5672678	5.2026906	0.46093342	0.39921188	0.46575966	1.3823763	../../benchmark_data/class-i/pdb/8cx4_pmhc_tcr.pdb	../pred_pdb/af3/pmhc_tcr/classI/results_classI/ranked_4/8cx4_pmhc_tcr.pdb	after	ranked_4
263	8d5q	0.813	0.792	0.927	2.457	92.91363636363636	94.846	94.66375	95.09272727272727	95.41090909090909	95.76800000000001	95.19806451612904	96.27539215686275	95.89573863636362	95.34299999999999	95.86602150537635	96.61837837837837	0.503748	0.2231955	0.19783567	0.17270465	0.22064646	0.5255575	0.40692198	1.1871347	0.66344017	0.29523364	0.653001	0.57962173	../../benchmark_data/class-i/pdb/8d5q_pmhc_tcr.pdb	../pred_pdb/af3/pmhc_tcr/classI/results_classI/ranked_4/8d5q_pmhc_tcr.pdb	after	ranked_4
264	8dnt	0.733	0.795	1.26	4.003	94.49818181818182	94.59333333333332	91.795	95.85600000000001	89.98272727272727	94.59642857142856	93.30346153846153	95.63685503685502	96.55138121546963	95.27222222222221	96.49078947368422	94.88917050691245	0.55889267	0.3013797	0.66761744	0.47408396	0.6818732	0.643124	1.0267949	1.9147689	0.7054071	0.67068875	0.71292496	1.237351	../../benchmark_data/class-i/pdb/8dnt_pmhc_tcr.pdb	../pred_pdb/af3/pmhc_tcr/classI/results_classI/ranked_4/8dnt_pmhc_tcr.pdb	after	ranked_4
265	8en8	0.86	0.904	0.95	1.682	92.48818181818183	96.931	85.36928571428572	95.42545454545456	94.13333333333333	95.75666666666666	90.74206896551723	96.2201699029126	97.32494444444447	96.95444444444443	97.3073015873016	95.29878923766815	0.41655973	0.13777795	1.617804	0.3870591	0.4627952	0.33144563	1.4128357	0.87509984	0.49097475	0.18450907	0.4839669	0.8292282	../../benchmark_data/class-i/pdb/8en8_pmhc_tcr.pdb	../pred_pdb/af3/pmhc_tcr/classI/results_classI/ranked_4/8en8_pmhc_tcr.pdb	after	ranked_4
266	8enh	0.741	0.704	1.36	1.493	89.23454545454545	91.958	74.74071428571428	81.92363636363636	86.13083333333333	71.29866666666666	72.96034482758623	92.11970802919707	94.69022346368715	87.43444444444444	94.34287234042553	90.24547085201796	0.41725507	0.123840086	1.9528573	0.39596957	0.37583265	0.8652926	2.1311553	1.1529084	0.5481802	0.31438255	0.5409953	1.1887447	../../benchmark_data/class-i/pdb/8enh_pmhc_tcr.pdb	../pred_pdb/af3/pmhc_tcr/classI/results_classI/ranked_4/8enh_pmhc_tcr.pdb	after	ranked_4
267	8eo8	0.879	0.851	0.744	1.119	92.85363636363637	96.997	85.04857142857142	96.12272727272726	94.21583333333332	96.29333333333334	90.8648275862069	96.38649635036498	97.49631284916201	97.33777777777777	97.48872340425531	95.45726457399104	0.46844423	0.12856656	1.3213689	0.29927343	0.1914059	0.30371916	1.1344973	0.73455316	0.41020596	0.17680906	0.40387014	0.80209404	../../benchmark_data/class-i/pdb/8eo8_pmhc_tcr.pdb	../pred_pdb/af3/pmhc_tcr/classI/results_classI/ranked_4/8eo8_pmhc_tcr.pdb	after	ranked_4
268	8f5a	0.452	0.5	2.388	7.345	88.06	87.586	84.97399999999999	90.425	87.11699999999999	86.16333333333334	85.50259259259258	93.43552567237165	94.14580110497238	71.83699999999999	92.97780104712042	93.83655963302752	0.24844834	2.1588287	1.8335851	0.28773323	0.35648176	1.1497742	2.55297	2.3073077	0.35454834	1.432871	0.49650294	1.5751331	../../benchmark_data/class-i/pdb/8f5a_pmhc_tcr.pdb	../pred_pdb/af3/pmhc_tcr/classI/results_classI/ranked_4/8f5a_pmhc_tcr.pdb	after	ranked_4
269	8gom	0.035	0.0	15.368	26.077	80.01083333333334	77.69555555555554	77.65272727272726	83.59899999999999	79.01454545454544	70.71666666666667	73.65115384615385	89.92346341463414	90.91674033149171	89.48666666666666	90.849	89.12413636363637	0.3127387	0.36612895	1.2130109	0.25631374	0.2789542	1.3335915	1.71529	19.242266	0.41298488	0.37376457	0.4223888	0.8896885	../../benchmark_data/class-i/pdb/8gom_pmhc_tcr.pdb	../pred_pdb/af3/pmhc_tcr/classI/results_classI/ranked_4/8gom_pmhc_tcr.pdb	after	ranked_4
270	8gon	0.038	0.0	15.069	24.832	79.3725	77.47222222222223	77.52090909090909	83.93	78.82818181818182	71.20933333333332	73.87961538461539	89.97858536585366	91.06646408839781	88.8311111111111	90.96057894736843	89.1305	0.54826474	0.2663579	1.1865509	0.29302636	0.21792872	1.3196447	1.6838621	19.47028	0.36908418	0.44974455	0.38178837	0.8908632	../../benchmark_data/class-i/pdb/8gon_pmhc_tcr.pdb	../pred_pdb/af3/pmhc_tcr/classI/results_classI/ranked_4/8gon_pmhc_tcr.pdb	after	ranked_4
271	8gvb	0.787	0.758	1.071	2.119	86.17727272727272	94.35727272727273	87.24142857142856	97.26400000000001	95.36363636363636	96.06799999999998	91.80689655172412	95.56787804878049	96.59861111111111	96.10125	96.57744680851066	94.71292792792791	1.4823987	0.84402776	1.0586696	0.53294486	0.6592689	0.44675574	0.95132065	1.0636572	0.5242919	0.32606554	0.527662	0.8411612	../../benchmark_data/class-i/pdb/8gvb_pmhc_tcr.pdb	../pred_pdb/af3/pmhc_tcr/classI/results_classI/ranked_4/8gvb_pmhc_tcr.pdb	after	ranked_4
272	8gvg	0.804	0.851	1.178	2.106	85.78909090909092	94.53909090909089	91.42214285714286	97.54499999999999	97.24636363636364	96.54066666666667	94.06965517241377	96.11204379562045	96.99751381215471	96.595	96.9804761904762	95.3727027027027	1.2058527	0.91992563	0.71827435	0.5014644	0.6857467	0.46795058	0.7377912	1.0578388	0.60684067	0.41757664	0.6087614	0.9198169	../../benchmark_data/class-i/pdb/8gvg_pmhc_tcr.pdb	../pred_pdb/af3/pmhc_tcr/classI/results_classI/ranked_4/8gvg_pmhc_tcr.pdb	after	ranked_4
273	8gvi	0.874	0.897	0.888	1.013	94.97636363636364	96.93909090909091	97.515	97.774	97.3	98.254	97.89724137931034	96.99352798053528	97.43812154696133	98.15875	97.46862433862434	96.58905405405406	1.4582444	0.90327644	0.3474042	0.414487	0.37221196	0.481703	0.5055979	0.78314465	0.50599986	0.2735656	0.50565434	0.80060303	../../benchmark_data/class-i/pdb/8gvi_pmhc_tcr.pdb	../pred_pdb/af3/pmhc_tcr/classI/results_classI/ranked_4/8gvi_pmhc_tcr.pdb	after	ranked_4
274	8i5c	0.717	0.683	1.403	2.246	92.50636363636363	91.86777777777777	91.53416666666665	91.66	89.322	87.88538461538464	89.63680000000001	95.15933333333334	95.29618784530388	86.78111111111112	94.89284210526317	95.39483720930232	0.26742113	0.28919894	0.25608048	0.3445413	0.3832424	1.9622953	1.7168018	1.2710594	0.33060315	1.775983	0.5388695	0.72827274	../../benchmark_data/class-i/pdb/8i5c_pmhc_tcr.pdb	../pred_pdb/af3/pmhc_tcr/classI/results_classI/ranked_4/8i5c_pmhc_tcr.pdb	after	ranked_4
275	8i5d	0.389	0.356	2.911	6.917	88.18499999999999	91.868	88.17833333333334	95.975	92.72727272727273	89.96733333333331	89.17222222222223	94.92475247524752	95.61386740331493	85.89777777777778	95.15363157894738	94.72154205607477	0.23946336	0.2810503	1.1525934	0.287008	0.23792711	1.3615943	1.3767996	3.2358005	0.35984063	1.8617183	0.5747088	1.2190319	../../benchmark_data/class-i/pdb/8i5d_pmhc_tcr.pdb	../pred_pdb/af3/pmhc_tcr/classI/results_classI/ranked_4/8i5d_pmhc_tcr.pdb	after	ranked_4
276	8qfy	0.871	0.836	0.678	2.041	97.25454545454545	96.72555555555556	96.6075	97.77	96.30454545454545	98.1725	97.39	96.78217283950617	96.93436464088397	97.79111111111109	96.97494736842106	96.61181395348834	0.27561715	0.24804124	0.2113392	0.32167652	0.23847815	0.16795406	0.3201043	0.86949164	0.7249114	0.34202725	0.7140301	0.5692898	../../benchmark_data/class-i/pdb/8qfy_pmhc_tcr.pdb	../pred_pdb/af3/pmhc_tcr/classI/results_classI/ranked_4/8qfy_pmhc_tcr.pdb	after	ranked_4
277	8shi	0.227	0.25	4.933	11.688	86.69399999999999	90.184	75.08176470588235	93.781	87.248	90.39928571428571	81.99935483870969	93.07735148514851	93.96683333333333	87.03375	93.6718085106383	92.55995370370368	0.39270556	0.48005295	1.759863	0.23325431	0.23912604	0.40202233	1.4590598	5.780941	0.46104068	1.6065618	0.59630823	0.93031925	../../benchmark_data/class-i/pdb/8shi_pmhc_tcr.pdb	../pred_pdb/af3/pmhc_tcr/classI/results_classI/ranked_4/8shi_pmhc_tcr.pdb	after	ranked_4
278	8wte	0.544	0.492	1.815	5.124	89.21363636363637	88.47777777777777	88.47769230769231	90.926	85.74199999999999	85.99375	87.10724137931037	93.27070904645477	93.76198895027623	80.48	93.13284210526315	93.39031963470319	0.21212006	0.38799295	0.5558801	0.3017202	0.17574872	1.3971336	1.292979	1.9324185	0.3546576	0.54460263	0.38330373	1.0517577	../../benchmark_data/class-i/pdb/8wte_pmhc_tcr.pdb	../pred_pdb/af3/pmhc_tcr/classI/results_classI/ranked_4/8wte_pmhc_tcr.pdb	after	ranked_4
279	8wul	0.653	0.617	1.527	3.557	91.18545454545455	91.6611111111111	91.2776923076923	94.616	90.55700000000002	88.730625	89.87241379310345	94.71596577017115	95.54828729281766	85.56	95.07515789473683	94.40433789954338	0.39660898	0.22830363	0.6176262	0.20973314	0.17387669	1.1740658	1.1617199	1.5250456	0.35728928	1.0761927	0.45164526	1.012064	../../benchmark_data/class-i/pdb/8wul_pmhc_tcr.pdb	../pred_pdb/af3/pmhc_tcr/classI/results_classI/ranked_4/8wul_pmhc_tcr.pdb	after	ranked_4
