pdb	model	condition	rank	status	dock_pred	dock_native	dock_err	inc_pred	inc_native	inc_err
6zkw	af3	msa	ranked_0	OK	55.37	57.14	1.77	15.61	18.99	3.38
6zkx	af3	msa	ranked_0	OK	50.55	54.69	4.14	12.68	13.69	1.01
6zky	af3	msa	ranked_0	OK	53.66	56.78	3.12	14.99	18.99	4.00
6zkz	af3	msa	ranked_0	OK	50.87	56.52	5.65	15.78	18.02	2.25
7dzm	af3	msa	ranked_0	OK	49.71	45.42	4.29	12.15	10.35	1.80
7dzn	af3	msa	ranked_0	OK	133.87	44.85	89.01	4.54	10.90	6.37
7l1d	af3	msa	ranked_0	OK	38.28	47.41	9.13	3.83	3.49	0.34
7n2n	af3	msa	ranked_0	OK	3.75	20.52	16.77	19.91	5.13	14.78
7n2o	af3	msa	ranked_0	OK	21.52	20.11	1.40	4.23	12.74	8.51
7n2p	af3	msa	ranked_0	OK	37.55	21.92	15.63	3.71	9.18	5.47
7n2q	af3	msa	ranked_0	OK	28.19	21.13	7.05	24.35	9.24	15.12
7n2r	af3	msa	ranked_0	OK	90.63	21.24	69.39	167.35	8.70	158.65
7n2s	af3	msa	ranked_0	OK	11.42	21.39	9.97	3.92	5.07	1.16
7n4k	af3	msa	ranked_0	OK	50.02	41.23	8.79	18.95	16.00	2.95
7n5c	af3	msa	ranked_0	OK	45.39	43.40	1.99	19.29	18.17	1.11
7n5p	af3	msa	ranked_0	OK	47.42	41.20	6.23	19.41	16.18	3.23
7na5	af3	msa	ranked_0	OK	28.32	58.96	30.64	31.75	14.97	16.78
7ndq	af3	msa	ranked_0	OK	93.06	76.89	16.17	32.00	19.03	12.97
7ndt	af3	msa	ranked_0	OK	40.31	33.86	6.46	5.91	7.29	1.38
7ndu	af3	msa	ranked_0	OK	80.92	76.62	4.30	26.46	20.08	6.39
7nme	af3	msa	ranked_0	OK	35.63	35.91	0.28	9.21	8.79	0.42
7nmf	af3	msa	ranked_0	OK	35.63	35.95	0.32	9.21	8.90	0.30
7nmg	af3	msa	ranked_0	OK	34.59	34.94	0.36	8.56	7.72	0.84
7ow5	af3	msa	ranked_0	OK	45.17	46.04	0.86	6.38	8.56	2.18
7ow6	af3	msa	ranked_0	OK	49.92	48.16	1.76	4.98	8.38	3.40
7pb2	af3	msa	ranked_0	OK	66.58	41.61	24.97	7.24	9.07	1.83
7pbe	af3	msa	ranked_0	OK	51.79	51.66	0.13	2.03	2.25	0.22
7phr	af3	msa	ranked_0	OK	36.31	42.98	6.67	7.29	5.35	1.93
7q99	af3	msa	ranked_0	OK	43.40	45.58	2.18	10.83	7.05	3.78
7q9a	af3	msa	ranked_0	OK	42.50	47.58	5.07	6.36	9.68	3.32
7q9b	af3	msa	ranked_0	OK	27.51	46.49	18.98	13.15	8.38	4.77
7qpj	af3	msa	ranked_0	OK	30.00	31.58	1.58	10.91	10.81	0.10
7r80	af3	msa	ranked_0	OK	148.75	17.50	131.25	19.87	11.89	7.98
7rk7	af3	msa	ranked_0	OK	77.67	80.75	3.08	4.57	16.46	11.90
7rm4	af3	msa	ranked_0	OK	83.18	35.33	47.85	28.62	18.89	9.73
7rrg	af3	msa	ranked_0	OK	130.00	73.79	56.21	9.40	12.05	2.65
7rtr	af3	msa	ranked_0	OK	35.63	42.24	6.62	12.74	3.53	9.21
7su9	af3	msa	ranked_0	OK	12.92	13.42	0.51	4.40	9.17	4.77
8cx4	af3	msa	ranked_0	OK	18.33	20.06	1.73	3.20	8.65	5.45
8d5q	af3	msa	ranked_0	OK	32.63	31.15	1.47	9.66	9.43	0.23
8dnt	af3	msa	ranked_0	OK	41.77	31.40	10.36	6.49	3.64	2.84
8en8	af3	msa	ranked_0	OK	40.56	41.37	0.81	21.35	21.57	0.22
8enh	af3	msa	ranked_0	OK	29.13	37.82	8.69	19.07	19.96	0.88
8eo8	af3	msa	ranked_0	OK	38.66	38.49	0.17	22.40	21.40	0.99
8f5a	af3	msa	ranked_0	OK	56.11	49.88	6.24	4.76	6.53	1.77
8gom	af3	msa	ranked_0	OK	13.40	39.06	25.66	35.28	15.79	19.49
8gon	af3	msa	ranked_0	OK	8.62	38.47	29.85	52.10	13.44	38.66
8gvb	af3	msa	ranked_0	OK	53.23	54.52	1.28	18.48	19.12	0.64
8gvg	af3	msa	ranked_0	OK	57.75	55.07	2.68	16.61	20.08	3.47
8gvi	af3	msa	ranked_0	OK	57.49	55.10	2.39	19.20	20.62	1.42
8i5c	af3	msa	ranked_0	OK	43.74	47.69	3.95	5.40	7.33	1.92
8i5d	af3	msa	ranked_0	OK	58.90	44.46	14.45	13.47	11.72	1.75
8qfy	af3	msa	ranked_0	OK	81.37	78.46	2.91	17.71	18.22	0.51
8shi	af3	msa	ranked_0	OK	33.96	20.26	13.70	44.99	18.76	26.24
8wte	af3	msa	ranked_0	OK	57.79	64.06	6.28	5.70	4.45	1.25
8wul	af3	msa	ranked_0	OK	57.63	64.44	6.80	8.10	2.45	5.64
6zkw	af3	msa	ranked_1	OK	56.74	57.14	0.40	16.20	18.99	2.79
6zkx	af3	msa	ranked_1	OK	43.69	54.69	10.99	15.00	13.69	1.31
6zky	af3	msa	ranked_1	OK	34.30	56.78	22.48	24.40	18.99	5.41
6zkz	af3	msa	ranked_1	OK	55.94	56.52	0.58	13.39	18.02	4.64
7dzm	af3	msa	ranked_1	OK	47.34	45.42	1.92	13.07	10.35	2.72
7dzn	af3	msa	ranked_1	OK	133.12	44.85	88.27	3.69	10.90	7.22
7l1d	af3	msa	ranked_1	OK	38.43	47.41	8.98	2.10	3.49	1.39
7n2n	af3	msa	ranked_1	OK	1.92	20.52	18.60	16.20	5.13	11.07
7n2o	af3	msa	ranked_1	OK	21.71	20.11	1.60	4.79	12.74	7.95
7n2p	af3	msa	ranked_1	OK	25.86	21.92	3.94	16.88	9.18	7.71
7n2q	af3	msa	ranked_1	OK	42.09	21.13	20.95	18.55	9.24	9.31
7n2r	af3	msa	ranked_1	OK	85.21	21.24	63.98	159.27	8.70	150.57
7n2s	af3	msa	ranked_1	OK	14.18	21.39	7.21	6.46	5.07	1.39
7n4k	af3	msa	ranked_1	OK	51.60	41.23	10.36	19.12	16.00	3.12
7n5c	af3	msa	ranked_1	OK	45.86	43.40	2.46	15.05	18.17	3.12
7n5p	af3	msa	ranked_1	OK	47.14	41.20	5.94	16.75	16.18	0.57
7na5	af3	msa	ranked_1	OK	31.77	58.96	27.19	29.40	14.97	14.43
7ndq	af3	msa	ranked_1	OK	92.75	76.89	15.86	28.44	19.03	9.41
7ndt	af3	msa	ranked_1	OK	40.34	33.86	6.48	5.63	7.29	1.66
7ndu	af3	msa	ranked_1	OK	77.13	76.62	0.52	21.48	20.08	1.41
7nme	af3	msa	ranked_1	OK	35.15	35.91	0.76	9.53	8.79	0.74
7nmf	af3	msa	ranked_1	OK	35.15	35.95	0.80	9.53	8.90	0.63
7nmg	af3	msa	ranked_1	OK	34.87	34.94	0.08	7.88	7.72	0.16
7ow5	af3	msa	ranked_1	OK	45.80	46.04	0.24	6.36	8.56	2.20
7ow6	af3	msa	ranked_1	OK	47.05	48.16	1.11	6.07	8.38	2.31
7pb2	af3	msa	ranked_1	OK	65.91	41.61	24.30	11.09	9.07	2.02
7pbe	af3	msa	ranked_1	OK	51.95	51.66	0.29	2.34	2.25	0.09
7phr	af3	msa	ranked_1	OK	38.12	42.98	4.85	7.76	5.35	2.41
7q99	af3	msa	ranked_1	OK	40.43	45.58	5.16	10.61	7.05	3.55
7q9a	af3	msa	ranked_1	OK	43.93	47.58	3.65	3.90	9.68	5.78
7q9b	af3	msa	ranked_1	OK	25.21	46.49	21.27	10.06	8.38	1.68
7qpj	af3	msa	ranked_1	OK	31.20	31.58	0.38	10.40	10.81	0.42
7r80	af3	msa	ranked_1	OK	149.75	17.50	132.25	22.30	11.89	10.40
7rk7	af3	msa	ranked_1	OK	84.38	80.75	3.63	9.51	16.46	6.95
7rm4	af3	msa	ranked_1	OK	103.48	35.33	68.15	26.42	18.89	7.53
7rrg	af3	msa	ranked_1	OK	118.34	73.79	44.55	12.25	12.05	0.21
7rtr	af3	msa	ranked_1	OK	34.71	42.24	7.53	10.39	3.53	6.87
7su9	af3	msa	ranked_1	OK	11.84	13.42	1.58	5.38	9.17	3.79
8cx4	af3	msa	ranked_1	OK	13.65	20.06	6.41	10.49	8.65	1.84
8d5q	af3	msa	ranked_1	OK	34.23	31.15	3.07	7.87	9.43	1.56
8dnt	af3	msa	ranked_1	OK	37.92	31.40	6.52	6.93	3.64	3.28
8en8	af3	msa	ranked_1	OK	40.36	41.37	1.00	19.20	21.57	2.36
8enh	af3	msa	ranked_1	OK	33.86	37.82	3.96	17.97	19.96	1.99
8eo8	af3	msa	ranked_1	OK	37.50	38.49	0.99	21.37	21.40	0.03
8f5a	af3	msa	ranked_1	OK	60.42	49.88	10.54	3.56	6.53	2.96
8gom	af3	msa	ranked_1	OK	110.10	39.06	71.04	172.67	15.79	156.88
8gon	af3	msa	ranked_1	OK	142.98	38.47	104.50	38.13	13.44	24.70
8gvb	af3	msa	ranked_1	OK	51.78	54.52	2.74	16.18	19.12	2.94
8gvg	af3	msa	ranked_1	OK	56.78	55.07	1.71	16.45	20.08	3.63
8gvi	af3	msa	ranked_1	OK	57.14	55.10	2.04	18.68	20.62	1.94
8i5c	af3	msa	ranked_1	OK	45.91	47.69	1.78	4.08	7.33	3.24
8i5d	af3	msa	ranked_1	OK	57.82	44.46	13.37	15.01	11.72	3.30
8qfy	af3	msa	ranked_1	OK	77.28	78.46	1.18	14.98	18.22	3.24
8shi	af3	msa	ranked_1	OK	31.66	20.26	11.40	37.26	18.76	18.51
8wte	af3	msa	ranked_1	OK	56.46	64.06	7.60	11.43	4.45	6.97
8wul	af3	msa	ranked_1	OK	55.03	64.44	9.40	5.83	2.45	3.38
6zkw	af3	msa	ranked_2	OK	50.71	57.14	6.44	17.41	18.99	1.58
6zkx	af3	msa	ranked_2	OK	31.74	54.69	22.95	20.86	13.69	7.18
6zky	af3	msa	ranked_2	OK	58.13	56.78	1.35	12.80	18.99	6.19
6zkz	af3	msa	ranked_2	OK	55.04	56.52	1.47	16.62	18.02	1.40
7dzm	af3	msa	ranked_2	OK	47.48	45.42	2.06	12.37	10.35	2.01
7dzn	af3	msa	ranked_2	OK	133.68	44.85	88.83	1.96	10.90	8.94
7l1d	af3	msa	ranked_2	OK	42.03	47.41	5.38	3.85	3.49	0.36
7n2n	af3	msa	ranked_2	OK	2.95	20.52	17.57	16.45	5.13	11.32
7n2o	af3	msa	ranked_2	OK	17.97	20.11	2.14	6.98	12.74	5.76
7n2p	af3	msa	ranked_2	OK	45.55	21.92	23.63	12.24	9.18	3.06
7n2q	af3	msa	ranked_2	OK	41.27	21.13	20.14	21.73	9.24	12.50
7n2r	af3	msa	ranked_2	OK	83.15	21.24	61.92	164.64	8.70	155.94
7n2s	af3	msa	ranked_2	OK	46.94	21.39	25.54	9.03	5.07	3.96
7n4k	af3	msa	ranked_2	OK	42.81	41.23	1.57	15.31	16.00	0.69
7n5c	af3	msa	ranked_2	OK	45.30	43.40	1.90	18.94	18.17	0.77
7n5p	af3	msa	ranked_2	OK	49.74	41.20	8.54	18.35	16.18	2.17
7na5	af3	msa	ranked_2	OK	30.50	58.96	28.46	31.85	14.97	16.88
7ndq	af3	msa	ranked_2	OK	97.79	76.89	20.90	29.56	19.03	10.53
7ndt	af3	msa	ranked_2	OK	37.64	33.86	3.78	6.78	7.29	0.51
7ndu	af3	msa	ranked_2	OK	77.64	76.62	1.02	24.13	20.08	4.05
7nme	af3	msa	ranked_2	OK	36.98	35.91	1.06	10.91	8.79	2.12
7nmf	af3	msa	ranked_2	OK	36.98	35.95	1.02	10.91	8.90	2.01
7nmg	af3	msa	ranked_2	OK	36.72	34.94	1.78	10.20	7.72	2.48
7ow5	af3	msa	ranked_2	OK	45.89	46.04	0.15	7.34	8.56	1.22
7ow6	af3	msa	ranked_2	OK	48.96	48.16	0.80	5.89	8.38	2.49
7pb2	af3	msa	ranked_2	OK	57.54	41.61	15.93	7.19	9.07	1.87
7pbe	af3	msa	ranked_2	OK	56.26	51.66	4.61	1.96	2.25	0.29
7phr	af3	msa	ranked_2	OK	38.23	42.98	4.74	7.34	5.35	1.99
7q99	af3	msa	ranked_2	OK	39.81	45.58	5.77	4.89	7.05	2.17
7q9a	af3	msa	ranked_2	OK	45.86	47.58	1.72	5.33	9.68	4.35
7q9b	af3	msa	ranked_2	OK	28.77	46.49	17.72	12.33	8.38	3.95
7qpj	af3	msa	ranked_2	OK	30.87	31.58	0.71	10.44	10.81	0.37
7r80	af3	msa	ranked_2	OK	146.58	17.50	129.08	20.58	11.89	8.68
7rk7	af3	msa	ranked_2	OK	85.13	80.75	4.39	4.03	16.46	12.43
7rm4	af3	msa	ranked_2	OK	37.00	35.33	1.68	22.89	18.89	4.00
7rrg	af3	msa	ranked_2	OK	115.88	73.79	42.09	14.51	12.05	2.47
7rtr	af3	msa	ranked_2	OK	43.37	42.24	1.13	6.96	3.53	3.43
7su9	af3	msa	ranked_2	OK	16.36	13.42	2.94	3.70	9.17	5.47
8cx4	af3	msa	ranked_2	OK	17.78	20.06	2.28	1.18	8.65	7.47
8d5q	af3	msa	ranked_2	OK	34.81	31.15	3.66	12.51	9.43	3.08
8dnt	af3	msa	ranked_2	OK	38.39	31.40	6.98	6.08	3.64	2.44
8en8	af3	msa	ranked_2	OK	42.09	41.37	0.72	17.74	21.57	3.83
8enh	af3	msa	ranked_2	OK	35.21	37.82	2.61	25.27	19.96	5.31
8eo8	af3	msa	ranked_2	OK	38.38	38.49	0.11	19.57	21.40	1.83
8f5a	af3	msa	ranked_2	OK	59.01	49.88	9.14	4.96	6.53	1.56
8gom	af3	msa	ranked_2	OK	138.55	39.06	99.49	11.97	15.79	3.82
8gon	af3	msa	ranked_2	OK	124.58	38.47	86.11	13.51	13.44	0.07
8gvb	af3	msa	ranked_2	OK	54.59	54.52	0.07	14.84	19.12	4.28
8gvg	af3	msa	ranked_2	OK	57.79	55.07	2.72	17.84	20.08	2.25
8gvi	af3	msa	ranked_2	OK	57.02	55.10	1.92	18.57	20.62	2.05
8i5c	af3	msa	ranked_2	OK	49.64	47.69	1.95	8.82	7.33	1.49
8i5d	af3	msa	ranked_2	OK	57.04	44.46	12.58	12.95	11.72	1.23
8qfy	af3	msa	ranked_2	OK	78.01	78.46	0.45	15.37	18.22	2.85
8shi	af3	msa	ranked_2	OK	28.79	20.26	8.53	44.20	18.76	25.44
8wte	af3	msa	ranked_2	OK	53.59	64.06	10.47	4.83	4.45	0.38
8wul	af3	msa	ranked_2	OK	62.40	64.44	2.04	6.48	2.45	4.03
6zkw	af3	msa	ranked_3	OK	52.28	57.14	4.87	17.01	18.99	1.98
6zkx	af3	msa	ranked_3	OK	34.73	54.69	19.96	22.26	13.69	8.57
6zky	af3	msa	ranked_3	OK	56.27	56.78	0.51	16.36	18.99	2.63
6zkz	af3	msa	ranked_3	OK	48.07	56.52	8.45	16.07	18.02	1.96
7dzm	af3	msa	ranked_3	OK	49.03	45.42	3.61	11.65	10.35	1.30
7dzn	af3	msa	ranked_3	OK	133.64	44.85	88.79	5.21	10.90	5.69
7l1d	af3	msa	ranked_3	OK	36.15	47.41	11.26	2.95	3.49	0.54
7n2n	af3	msa	ranked_3	OK	3.82	20.52	16.71	15.95	5.13	10.82
7n2o	af3	msa	ranked_3	OK	17.22	20.11	2.89	6.76	12.74	5.98
7n2p	af3	msa	ranked_3	OK	37.11	21.92	15.18	13.56	9.18	4.38
7n2q	af3	msa	ranked_3	OK	36.37	21.13	15.24	14.10	9.24	4.86
7n2r	af3	msa	ranked_3	OK	86.41	21.24	65.17	163.88	8.70	155.18
7n2s	af3	msa	ranked_3	OK	13.37	21.39	8.03	8.67	5.07	3.60
7n4k	af3	msa	ranked_3	OK	45.36	41.23	4.13	18.92	16.00	2.91
7n5c	af3	msa	ranked_3	OK	44.05	43.40	0.65	15.49	18.17	2.68
7n5p	af3	msa	ranked_3	OK	49.09	41.20	7.89	18.88	16.18	2.70
7na5	af3	msa	ranked_3	OK	27.53	58.96	31.44	33.33	14.97	18.36
7ndq	af3	msa	ranked_3	OK	92.26	76.89	15.36	31.52	19.03	12.49
7ndt	af3	msa	ranked_3	OK	42.41	33.86	8.55	7.08	7.29	0.21
7ndu	af3	msa	ranked_3	OK	84.33	76.62	7.71	26.05	20.08	5.97
7nme	af3	msa	ranked_3	OK	36.42	35.91	0.50	10.59	8.79	1.80
7nmf	af3	msa	ranked_3	OK	36.42	35.95	0.46	10.59	8.90	1.69
7nmg	af3	msa	ranked_3	OK	34.32	34.94	0.63	8.17	7.72	0.45
7ow5	af3	msa	ranked_3	OK	46.89	46.04	0.85	6.28	8.56	2.28
7ow6	af3	msa	ranked_3	OK	50.46	48.16	2.30	5.41	8.38	2.97
7pb2	af3	msa	ranked_3	OK	57.93	41.61	16.32	10.12	9.07	1.05
7pbe	af3	msa	ranked_3	OK	53.27	51.66	1.61	2.47	2.25	0.21
7phr	af3	msa	ranked_3	OK	35.71	42.98	7.27	7.16	5.35	1.80
7q99	af3	msa	ranked_3	OK	48.01	45.58	2.42	1.08	7.05	5.97
7q9a	af3	msa	ranked_3	OK	48.65	47.58	1.07	7.08	9.68	2.60
7q9b	af3	msa	ranked_3	OK	23.51	46.49	22.98	12.18	8.38	3.80
7qpj	af3	msa	ranked_3	OK	31.22	31.58	0.36	9.04	10.81	1.78
7r80	af3	msa	ranked_3	OK	154.66	17.50	137.15	18.00	11.89	6.11
7rk7	af3	msa	ranked_3	OK	79.32	80.75	1.43	5.57	16.46	10.89
7rm4	af3	msa	ranked_3	OK	155.30	35.33	119.97	22.41	18.89	3.53
7rrg	af3	msa	ranked_3	OK	135.77	73.79	61.98	5.81	12.05	6.24
7rtr	af3	msa	ranked_3	OK	38.39	42.24	3.85	13.76	3.53	10.23
7su9	af3	msa	ranked_3	OK	13.31	13.42	0.12	7.22	9.17	1.95
8cx4	af3	msa	ranked_3	OK	36.53	20.06	16.47	2.73	8.65	5.91
8d5q	af3	msa	ranked_3	OK	35.57	31.15	4.42	9.70	9.43	0.27
8dnt	af3	msa	ranked_3	OK	40.36	31.40	8.95	8.48	3.64	4.84
8en8	af3	msa	ranked_3	OK	40.89	41.37	0.48	18.78	21.57	2.78
8enh	af3	msa	ranked_3	OK	38.33	37.82	0.51	21.50	19.96	1.54
8eo8	af3	msa	ranked_3	OK	36.37	38.49	2.12	16.77	21.40	4.63
8f5a	af3	msa	ranked_3	OK	53.86	49.88	3.98	4.77	6.53	1.75
8gom	af3	msa	ranked_3	OK	81.90	39.06	42.84	108.05	15.79	92.26
8gon	af3	msa	ranked_3	OK	83.09	38.47	44.61	106.58	13.44	93.14
8gvb	af3	msa	ranked_3	OK	55.31	54.52	0.80	15.02	19.12	4.10
8gvg	af3	msa	ranked_3	OK	54.53	55.07	0.54	15.70	20.08	4.38
8gvi	af3	msa	ranked_3	OK	56.87	55.10	1.76	17.22	20.62	3.40
8i5c	af3	msa	ranked_3	OK	48.90	47.69	1.21	1.85	7.33	5.47
8i5d	af3	msa	ranked_3	OK	59.01	44.46	14.56	14.76	11.72	3.05
8qfy	af3	msa	ranked_3	OK	80.19	78.46	1.73	16.57	18.22	1.66
8shi	af3	msa	ranked_3	OK	28.62	20.26	8.35	40.17	18.76	21.42
8wte	af3	msa	ranked_3	OK	62.01	64.06	2.05	6.25	4.45	1.80
8wul	af3	msa	ranked_3	OK	59.35	64.44	5.09	8.45	2.45	5.99
6zkw	af3	msa	ranked_4	OK	51.02	57.14	6.13	17.53	18.99	1.46
6zkx	af3	msa	ranked_4	OK	32.98	54.69	21.71	19.74	13.69	6.06
6zky	af3	msa	ranked_4	OK	30.69	56.78	26.09	23.60	18.99	4.61
6zkz	af3	msa	ranked_4	OK	44.89	56.52	11.62	17.60	18.02	0.42
7dzm	af3	msa	ranked_4	OK	49.02	45.42	3.59	12.53	10.35	2.18
7dzn	af3	msa	ranked_4	OK	45.99	44.85	1.13	3.15	10.90	7.75
7l1d	af3	msa	ranked_4	OK	43.60	47.41	3.81	1.63	3.49	1.86
7n2n	af3	msa	ranked_4	OK	5.46	20.52	15.06	18.44	5.13	13.30
7n2o	af3	msa	ranked_4	OK	15.52	20.11	4.59	5.44	12.74	7.30
7n2p	af3	msa	ranked_4	OK	33.88	21.92	11.96	6.22	9.18	2.95
7n2q	af3	msa	ranked_4	OK	26.34	21.13	5.21	9.19	9.24	0.05
7n2r	af3	msa	ranked_4	OK	85.60	21.24	64.37	160.92	8.70	152.22
7n2s	af3	msa	ranked_4	OK	46.57	21.39	25.17	21.54	5.07	16.46
7n4k	af3	msa	ranked_4	OK	46.70	41.23	5.46	14.94	16.00	1.06
7n5c	af3	msa	ranked_4	OK	47.21	43.40	3.81	17.86	18.17	0.31
7n5p	af3	msa	ranked_4	OK	45.01	41.20	3.82	15.12	16.18	1.06
7na5	af3	msa	ranked_4	OK	40.27	58.96	18.70	30.55	14.97	15.58
7ndq	af3	msa	ranked_4	OK	90.72	76.89	13.83	26.95	19.03	7.92
7ndt	af3	msa	ranked_4	OK	41.21	33.86	7.35	7.32	7.29	0.03
7ndu	af3	msa	ranked_4	OK	79.41	76.62	2.79	24.58	20.08	4.50
7nme	af3	msa	ranked_4	OK	35.06	35.91	0.86	9.57	8.79	0.78
7nmf	af3	msa	ranked_4	OK	35.06	35.95	0.90	9.57	8.90	0.66
7nmg	af3	msa	ranked_4	OK	35.79	34.94	0.85	9.78	7.72	2.06
7ow5	af3	msa	ranked_4	OK	48.41	46.04	2.37	5.83	8.56	2.73
7ow6	af3	msa	ranked_4	OK	51.06	48.16	2.90	7.14	8.38	1.24
7pb2	af3	msa	ranked_4	OK	59.01	41.61	17.40	11.14	9.07	2.07
7pbe	af3	msa	ranked_4	OK	50.97	51.66	0.69	2.52	2.25	0.26
7phr	af3	msa	ranked_4	OK	36.43	42.98	6.55	6.46	5.35	1.11
7q99	af3	msa	ranked_4	OK	45.60	45.58	0.02	3.32	7.05	3.73
7q9a	af3	msa	ranked_4	OK	51.23	47.58	3.66	6.51	9.68	3.17
7q9b	af3	msa	ranked_4	OK	29.31	46.49	17.18	16.77	8.38	8.39
7qpj	af3	msa	ranked_4	OK	31.68	31.58	0.10	10.80	10.81	0.01
7r80	af3	msa	ranked_4	OK	147.18	17.50	129.68	19.51	11.89	7.62
7rk7	af3	msa	ranked_4	OK	79.97	80.75	0.78	5.39	16.46	11.08
7rm4	af3	msa	ranked_4	OK	26.47	35.33	8.86	21.42	18.89	2.53
7rrg	af3	msa	ranked_4	OK	130.91	73.79	57.12	4.90	12.05	7.15
7rtr	af3	msa	ranked_4	OK	44.47	42.24	2.23	12.38	3.53	8.86
7su9	af3	msa	ranked_4	OK	23.74	13.42	10.31	11.43	9.17	2.26
8cx4	af3	msa	ranked_4	OK	13.51	20.06	6.54	9.48	8.65	0.83
8d5q	af3	msa	ranked_4	OK	38.13	31.15	6.98	12.04	9.43	2.61
8dnt	af3	msa	ranked_4	OK	40.77	31.40	9.36	8.89	3.64	5.24
8en8	af3	msa	ranked_4	OK	39.30	41.37	2.07	17.52	21.57	4.04
8enh	af3	msa	ranked_4	OK	35.76	37.82	2.05	25.08	19.96	5.12
8eo8	af3	msa	ranked_4	OK	37.95	38.49	0.55	19.50	21.40	1.90
8f5a	af3	msa	ranked_4	OK	46.35	49.88	3.52	6.76	6.53	0.24
8gom	af3	msa	ranked_4	OK	95.24	39.06	56.17	85.87	15.79	70.08
8gon	af3	msa	ranked_4	OK	98.09	38.47	59.61	79.45	13.44	66.01
8gvb	af3	msa	ranked_4	OK	53.25	54.52	1.26	15.84	19.12	3.28
8gvg	af3	msa	ranked_4	OK	54.62	55.07	0.45	18.12	20.08	1.96
8gvi	af3	msa	ranked_4	OK	55.39	55.10	0.29	19.47	20.62	1.16
8i5c	af3	msa	ranked_4	OK	55.15	47.69	7.46	7.02	7.33	0.31
8i5d	af3	msa	ranked_4	OK	61.59	44.46	17.13	14.90	11.72	3.19
8qfy	af3	msa	ranked_4	OK	77.76	78.46	0.70	13.45	18.22	4.77
8shi	af3	msa	ranked_4	OK	28.81	20.26	8.54	36.17	18.76	17.42
8wte	af3	msa	ranked_4	OK	55.48	64.06	8.58	12.62	4.45	8.17
8wul	af3	msa	ranked_4	OK	58.35	64.44	6.08	8.09	2.45	5.63
6zkw	af3	msa+tmpl	ranked_0	OK	36.94	57.14	20.21	26.58	18.99	7.59
6zkx	af3	msa+tmpl	ranked_0	OK	56.22	54.69	1.53	10.99	13.69	2.69
6zky	af3	msa+tmpl	ranked_0	OK	58.53	56.78	1.75	11.63	18.99	7.36
6zkz	af3	msa+tmpl	ranked_0	OK	35.54	56.52	20.98	8.81	18.02	9.21
7dzm	af3	msa+tmpl	ranked_0	OK	47.91	45.42	2.49	13.02	10.35	2.67
7dzn	af3	msa+tmpl	ranked_0	OK	38.26	44.85	6.59	27.46	10.90	16.55
7l1d	af3	msa+tmpl	ranked_0	OK	39.65	47.41	7.76	3.33	3.49	0.16
7n2n	af3	msa+tmpl	ranked_0	OK	4.18	20.52	16.35	22.24	5.13	17.11
7n2o	af3	msa+tmpl	ranked_0	OK	22.64	20.11	2.53	4.19	12.74	8.55
7n2p	af3	msa+tmpl	ranked_0	OK	22.14	21.92	0.22	19.18	9.18	10.00
7n2q	af3	msa+tmpl	ranked_0	OK	38.30	21.13	17.17	21.05	9.24	11.82
7n2r	af3	msa+tmpl	ranked_0	OK	86.46	21.24	65.22	160.00	8.70	151.30
7n2s	af3	msa+tmpl	ranked_0	OK	49.70	21.39	28.31	10.66	5.07	5.59
7n4k	af3	msa+tmpl	ranked_0	OK	41.69	41.23	0.45	14.47	16.00	1.53
7n5c	af3	msa+tmpl	ranked_0	OK	38.41	43.40	4.99	12.49	18.17	5.69
7n5p	af3	msa+tmpl	ranked_0	OK	42.97	41.20	1.78	13.82	16.18	2.36
7na5	af3	msa+tmpl	ranked_0	OK	26.70	58.96	32.26	32.96	14.97	17.99
7ndq	af3	msa+tmpl	ranked_0	OK	89.11	76.89	12.21	27.75	19.03	8.73
7ndt	af3	msa+tmpl	ranked_0	OK	37.40	33.86	3.55	7.11	7.29	0.18
7ndu	af3	msa+tmpl	ranked_0	OK	81.71	76.62	5.09	25.61	20.08	5.54
7nme	af3	msa+tmpl	ranked_0	OK	34.91	35.91	1.00	9.80	8.79	1.01
7nmf	af3	msa+tmpl	ranked_0	OK	35.32	35.95	0.63	9.56	8.90	0.66
7nmg	af3	msa+tmpl	ranked_0	OK	34.24	34.94	0.70	8.57	7.72	0.85
7ow5	af3	msa+tmpl	ranked_0	OK	45.31	46.04	0.73	6.29	8.56	2.27
7ow6	af3	msa+tmpl	ranked_0	OK	49.15	48.16	0.99	4.83	8.38	3.55
7pb2	af3	msa+tmpl	ranked_0	OK	99.51	41.61	57.90	164.92	9.07	155.86
7pbe	af3	msa+tmpl	ranked_0	OK	49.65	51.66	2.01	2.97	2.25	0.71
7phr	af3	msa+tmpl	ranked_0	OK	35.54	42.98	7.43	7.21	5.35	1.86
7q99	af3	msa+tmpl	ranked_0	OK	43.17	45.58	2.41	10.62	7.05	3.57
7q9a	af3	msa+tmpl	ranked_0	OK	45.09	47.58	2.49	4.23	9.68	5.45
7q9b	af3	msa+tmpl	ranked_0	OK	21.13	46.49	25.36	13.07	8.38	4.69
7qpj	af3	msa+tmpl	ranked_0	OK	29.76	31.58	1.82	10.96	10.81	0.15
7r80	af3	msa+tmpl	ranked_0	OK	154.05	17.50	136.55	6.52	11.89	5.37
7rk7	af3	msa+tmpl	ranked_0	OK	95.77	80.75	15.02	171.70	16.46	155.24
7rm4	af3	msa+tmpl	ranked_0	OK	30.02	35.33	5.31	158.93	18.89	140.04
7rrg	af3	msa+tmpl	ranked_0	OK	118.22	73.79	44.43	12.96	12.05	0.91
7rtr	af3	msa+tmpl	ranked_0	OK	35.23	42.24	7.02	13.23	3.53	9.71
7su9	af3	msa+tmpl	ranked_0	OK	19.84	13.42	6.41	5.15	9.17	4.02
8cx4	af3	msa+tmpl	ranked_0	OK	10.43	20.06	9.63	8.42	8.65	0.22
8d5q	af3	msa+tmpl	ranked_0	OK	32.82	31.15	1.66	9.78	9.43	0.35
8dnt	af3	msa+tmpl	ranked_0	OK	40.11	31.40	8.71	6.66	3.64	3.02
8en8	af3	msa+tmpl	ranked_0	OK	28.28	41.37	13.08	14.77	21.57	6.80
8enh	af3	msa+tmpl	ranked_0	OK	36.15	37.82	1.67	15.97	19.96	3.99
8eo8	af3	msa+tmpl	ranked_0	OK	27.51	38.49	10.98	17.43	21.40	3.97
8f5a	af3	msa+tmpl	ranked_0	OK	60.95	49.88	11.08	1.34	6.53	5.19
8gom	af3	msa+tmpl	ranked_0	OK	49.85	39.06	10.79	13.65	15.79	2.14
8gon	af3	msa+tmpl	ranked_0	OK	7.93	38.47	30.55	52.20	13.44	38.76
8gvb	af3	msa+tmpl	ranked_0	OK	52.82	54.52	1.69	18.17	19.12	0.95
8gvg	af3	msa+tmpl	ranked_0	OK	57.50	55.07	2.43	16.59	20.08	3.50
8gvi	af3	msa+tmpl	ranked_0	OK	56.61	55.10	1.51	17.17	20.62	3.45
8i5c	af3	msa+tmpl	ranked_0	OK	45.33	47.69	2.36	7.11	7.33	0.21
8i5d	af3	msa+tmpl	ranked_0	OK	51.22	44.46	6.77	10.58	11.72	1.13
8qfy	af3	msa+tmpl	ranked_0	OK	77.35	78.46	1.11	14.86	18.22	3.36
8shi	af3	msa+tmpl	ranked_0	OK	33.02	20.26	12.76	6.08	18.76	12.68
8wte	af3	msa+tmpl	ranked_0	OK	57.15	64.06	6.91	3.08	4.45	1.38
8wul	af3	msa+tmpl	ranked_0	OK	56.46	64.44	7.97	8.62	2.45	6.16
6zkw	af3	msa+tmpl	ranked_1	OK	32.85	57.14	24.30	27.32	18.99	8.33
6zkx	af3	msa+tmpl	ranked_1	OK	96.77	54.69	42.09	43.04	13.69	29.36
6zky	af3	msa+tmpl	ranked_1	OK	54.16	56.78	2.62	13.89	18.99	5.10
6zkz	af3	msa+tmpl	ranked_1	OK	34.70	56.52	21.82	9.44	18.02	8.58
7dzm	af3	msa+tmpl	ranked_1	OK	49.80	45.42	4.38	11.44	10.35	1.09
7dzn	af3	msa+tmpl	ranked_1	OK	40.47	44.85	4.38	27.61	10.90	16.71
7l1d	af3	msa+tmpl	ranked_1	OK	40.41	47.41	7.00	1.67	3.49	1.82
7n2n	af3	msa+tmpl	ranked_1	OK	3.51	20.52	17.01	19.65	5.13	14.52
7n2o	af3	msa+tmpl	ranked_1	OK	22.21	20.11	2.10	3.82	12.74	8.92
7n2p	af3	msa+tmpl	ranked_1	OK	39.87	21.92	17.95	17.97	9.18	8.80
7n2q	af3	msa+tmpl	ranked_1	OK	42.74	21.13	21.60	13.35	9.24	4.12
7n2r	af3	msa+tmpl	ranked_1	OK	86.37	21.24	65.13	160.35	8.70	151.66
7n2s	af3	msa+tmpl	ranked_1	OK	30.06	21.39	8.67	5.19	5.07	0.11
7n4k	af3	msa+tmpl	ranked_1	OK	49.74	41.23	8.50	19.04	16.00	3.04
7n5c	af3	msa+tmpl	ranked_1	OK	35.85	43.40	7.55	10.32	18.17	7.85
7n5p	af3	msa+tmpl	ranked_1	OK	46.75	41.20	5.56	17.86	16.18	1.68
7na5	af3	msa+tmpl	ranked_1	OK	29.73	58.96	29.23	30.62	14.97	15.64
7ndq	af3	msa+tmpl	ranked_1	OK	89.36	76.89	12.47	25.79	19.03	6.76
7ndt	af3	msa+tmpl	ranked_1	OK	40.71	33.86	6.85	6.20	7.29	1.09
7ndu	af3	msa+tmpl	ranked_1	OK	77.15	76.62	0.54	22.32	20.08	2.25
7nme	af3	msa+tmpl	ranked_1	OK	35.34	35.91	0.57	9.55	8.79	0.76
7nmf	af3	msa+tmpl	ranked_1	OK	34.88	35.95	1.07	9.81	8.90	0.91
7nmg	af3	msa+tmpl	ranked_1	OK	36.65	34.94	1.70	10.45	7.72	2.74
7ow5	af3	msa+tmpl	ranked_1	OK	44.56	46.04	1.48	6.35	8.56	2.21
7ow6	af3	msa+tmpl	ranked_1	OK	50.26	48.16	2.10	4.35	8.38	4.03
7pb2	af3	msa+tmpl	ranked_1	OK	71.14	41.61	29.53	17.39	9.07	8.33
7pbe	af3	msa+tmpl	ranked_1	OK	50.15	51.66	1.51	2.94	2.25	0.69
7phr	af3	msa+tmpl	ranked_1	OK	36.20	42.98	6.77	7.30	5.35	1.95
7q99	af3	msa+tmpl	ranked_1	OK	40.85	45.58	4.73	10.30	7.05	3.25
7q9a	af3	msa+tmpl	ranked_1	OK	43.67	47.58	3.91	6.74	9.68	2.93
7q9b	af3	msa+tmpl	ranked_1	OK	25.28	46.49	21.21	17.13	8.38	8.76
7qpj	af3	msa+tmpl	ranked_1	OK	30.99	31.58	0.59	10.37	10.81	0.44
7r80	af3	msa+tmpl	ranked_1	OK	151.81	17.50	134.31	7.24	11.89	4.65
7rk7	af3	msa+tmpl	ranked_1	OK	93.17	80.75	12.42	172.77	16.46	156.31
7rm4	af3	msa+tmpl	ranked_1	OK	27.61	35.33	7.71	160.53	18.89	141.65
7rrg	af3	msa+tmpl	ranked_1	OK	43.92	73.79	29.87	14.40	12.05	2.36
7rtr	af3	msa+tmpl	ranked_1	OK	33.92	42.24	8.32	11.11	3.53	7.59
7su9	af3	msa+tmpl	ranked_1	OK	20.81	13.42	7.39	2.80	9.17	6.37
8cx4	af3	msa+tmpl	ranked_1	OK	15.77	20.06	4.29	2.22	8.65	6.43
8d5q	af3	msa+tmpl	ranked_1	OK	34.63	31.15	3.48	12.61	9.43	3.18
8dnt	af3	msa+tmpl	ranked_1	OK	42.58	31.40	11.17	10.40	3.64	6.76
8en8	af3	msa+tmpl	ranked_1	OK	32.22	41.37	9.15	16.20	21.57	5.36
8enh	af3	msa+tmpl	ranked_1	OK	36.82	37.82	0.99	19.65	19.96	0.31
8eo8	af3	msa+tmpl	ranked_1	OK	34.06	38.49	4.43	15.53	21.40	5.87
8f5a	af3	msa+tmpl	ranked_1	OK	67.09	49.88	17.22	6.35	6.53	0.18
8gom	af3	msa+tmpl	ranked_1	OK	48.80	39.06	9.74	11.68	15.79	4.11
8gon	af3	msa+tmpl	ranked_1	OK	141.97	38.47	103.49	37.87	13.44	24.44
8gvb	af3	msa+tmpl	ranked_1	OK	54.56	54.52	0.04	14.97	19.12	4.15
8gvg	af3	msa+tmpl	ranked_1	OK	57.71	55.07	2.64	17.90	20.08	2.18
8gvi	af3	msa+tmpl	ranked_1	OK	57.33	55.10	2.22	19.15	20.62	1.47
8i5c	af3	msa+tmpl	ranked_1	OK	47.12	47.69	0.57	7.17	7.33	0.16
8i5d	af3	msa+tmpl	ranked_1	OK	52.64	44.46	8.19	11.15	11.72	0.57
8qfy	af3	msa+tmpl	ranked_1	OK	78.30	78.46	0.16	15.48	18.22	2.74
8shi	af3	msa+tmpl	ranked_1	OK	36.43	20.26	16.17	7.40	18.76	11.36
8wte	af3	msa+tmpl	ranked_1	OK	59.09	64.06	4.97	6.14	4.45	1.69
8wul	af3	msa+tmpl	ranked_1	OK	58.30	64.44	6.14	8.31	2.45	5.86
6zkw	af3	msa+tmpl	ranked_2	OK	36.61	57.14	20.53	24.08	18.99	5.08
6zkx	af3	msa+tmpl	ranked_2	OK	89.73	54.69	35.04	12.57	13.69	1.12
6zky	af3	msa+tmpl	ranked_2	OK	57.21	56.78	0.43	15.23	18.99	3.76
6zkz	af3	msa+tmpl	ranked_2	OK	40.57	56.52	15.95	9.56	18.02	8.46
7dzm	af3	msa+tmpl	ranked_2	OK	49.76	45.42	4.33	12.36	10.35	2.01
7dzn	af3	msa+tmpl	ranked_2	OK	37.06	44.85	7.79	27.78	10.90	16.88
7l1d	af3	msa+tmpl	ranked_2	OK	36.65	47.41	10.76	2.78	3.49	0.71
7n2n	af3	msa+tmpl	ranked_2	OK	5.48	20.52	15.04	20.62	5.13	15.49
7n2o	af3	msa+tmpl	ranked_2	OK	18.64	20.11	1.48	6.18	12.74	6.56
7n2p	af3	msa+tmpl	ranked_2	OK	30.82	21.92	8.90	5.59	9.18	3.58
7n2q	af3	msa+tmpl	ranked_2	OK	9.83	21.13	11.30	7.69	9.24	1.55
7n2r	af3	msa+tmpl	ranked_2	OK	86.66	21.24	65.42	167.09	8.70	158.39
7n2s	af3	msa+tmpl	ranked_2	OK	51.41	21.39	30.01	21.92	5.07	16.85
7n4k	af3	msa+tmpl	ranked_2	OK	48.94	41.23	7.71	18.45	16.00	2.44
7n5c	af3	msa+tmpl	ranked_2	OK	41.47	43.40	1.93	8.07	18.17	10.10
7n5p	af3	msa+tmpl	ranked_2	OK	48.09	41.20	6.89	16.38	16.18	0.20
7na5	af3	msa+tmpl	ranked_2	OK	28.54	58.96	30.42	32.27	14.97	17.30
7ndq	af3	msa+tmpl	ranked_2	OK	87.32	76.89	10.42	29.91	19.03	10.88
7ndt	af3	msa+tmpl	ranked_2	OK	41.22	33.86	7.36	5.25	7.29	2.03
7ndu	af3	msa+tmpl	ranked_2	OK	76.33	76.62	0.28	21.52	20.08	1.45
7nme	af3	msa+tmpl	ranked_2	OK	36.23	35.91	0.32	10.77	8.79	1.98
7nmf	af3	msa+tmpl	ranked_2	OK	36.79	35.95	0.84	11.34	8.90	2.44
7nmg	af3	msa+tmpl	ranked_2	OK	34.58	34.94	0.36	7.88	7.72	0.17
7ow5	af3	msa+tmpl	ranked_2	OK	45.21	46.04	0.83	7.42	8.56	1.14
7ow6	af3	msa+tmpl	ranked_2	OK	47.41	48.16	0.74	5.17	8.38	3.21
7pb2	af3	msa+tmpl	ranked_2	OK	104.89	41.61	63.28	163.04	9.07	153.97
7pbe	af3	msa+tmpl	ranked_2	OK	49.07	51.66	2.59	2.94	2.25	0.69
7phr	af3	msa+tmpl	ranked_2	OK	36.48	42.98	6.49	6.39	5.35	1.03
7q99	af3	msa+tmpl	ranked_2	OK	40.01	45.58	5.57	3.53	7.05	3.52
7q9a	af3	msa+tmpl	ranked_2	OK	46.09	47.58	1.49	5.66	9.68	4.02
7q9b	af3	msa+tmpl	ranked_2	OK	24.64	46.49	21.85	13.12	8.38	4.74
7qpj	af3	msa+tmpl	ranked_2	OK	31.13	31.58	0.45	8.99	10.81	1.82
7r80	af3	msa+tmpl	ranked_2	OK	149.82	17.50	132.32	8.53	11.89	3.36
7rk7	af3	msa+tmpl	ranked_2	OK	88.66	80.75	7.91	165.29	16.46	148.82
7rm4	af3	msa+tmpl	ranked_2	OK	29.11	35.33	6.21	160.70	18.89	141.82
7rrg	af3	msa+tmpl	ranked_2	OK	29.37	73.79	44.42	20.84	12.05	8.80
7rtr	af3	msa+tmpl	ranked_2	OK	42.65	42.24	0.41	7.58	3.53	4.05
7su9	af3	msa+tmpl	ranked_2	OK	25.43	13.42	12.00	1.75	9.17	7.43
8cx4	af3	msa+tmpl	ranked_2	OK	28.04	20.06	7.98	1.51	8.65	7.14
8d5q	af3	msa+tmpl	ranked_2	OK	34.17	31.15	3.02	7.78	9.43	1.65
8dnt	af3	msa+tmpl	ranked_2	OK	39.78	31.40	8.38	8.17	3.64	4.52
8en8	af3	msa+tmpl	ranked_2	OK	28.54	41.37	12.82	16.62	21.57	4.94
8enh	af3	msa+tmpl	ranked_2	OK	37.65	37.82	0.17	18.52	19.96	1.44
8eo8	af3	msa+tmpl	ranked_2	OK	35.25	38.49	3.24	23.10	21.40	1.70
8f5a	af3	msa+tmpl	ranked_2	OK	61.11	49.88	11.23	2.92	6.53	3.61
8gom	af3	msa+tmpl	ranked_2	OK	118.23	39.06	79.16	173.37	15.79	157.58
8gon	af3	msa+tmpl	ranked_2	OK	86.17	38.47	47.70	102.97	13.44	89.54
8gvb	af3	msa+tmpl	ranked_2	OK	53.79	54.52	0.72	15.19	19.12	3.93
8gvg	af3	msa+tmpl	ranked_2	OK	56.78	55.07	1.71	16.49	20.08	3.59
8gvi	af3	msa+tmpl	ranked_2	OK	57.03	55.10	1.93	18.66	20.62	1.96
8i5c	af3	msa+tmpl	ranked_2	OK	49.19	47.69	1.51	9.99	7.33	2.66
8i5d	af3	msa+tmpl	ranked_2	OK	56.58	44.46	12.13	14.91	11.72	3.19
8qfy	af3	msa+tmpl	ranked_2	OK	81.29	78.46	2.83	17.82	18.22	0.40
8shi	af3	msa+tmpl	ranked_2	OK	38.94	20.26	18.68	8.45	18.76	10.30
8wte	af3	msa+tmpl	ranked_2	OK	55.80	64.06	8.26	9.29	4.45	4.84
8wul	af3	msa+tmpl	ranked_2	OK	61.57	64.44	2.87	5.34	2.45	2.89
6zkw	af3	msa+tmpl	ranked_3	OK	35.97	57.14	21.17	24.35	18.99	5.36
6zkx	af3	msa+tmpl	ranked_3	OK	57.54	54.69	2.86	11.12	13.69	2.56
6zky	af3	msa+tmpl	ranked_3	OK	52.96	56.78	3.82	15.94	18.99	3.05
6zkz	af3	msa+tmpl	ranked_3	OK	41.20	56.52	15.31	8.61	18.02	9.42
7dzm	af3	msa+tmpl	ranked_3	OK	49.66	45.42	4.24	12.41	10.35	2.06
7dzn	af3	msa+tmpl	ranked_3	OK	40.56	44.85	4.30	27.18	10.90	16.28
7l1d	af3	msa+tmpl	ranked_3	OK	41.87	47.41	5.54	2.96	3.49	0.53
7n2n	af3	msa+tmpl	ranked_3	OK	5.10	20.52	15.42	17.76	5.13	12.62
7n2o	af3	msa+tmpl	ranked_3	OK	17.52	20.11	2.59	5.61	12.74	7.14
7n2p	af3	msa+tmpl	ranked_3	OK	22.11	21.92	0.19	8.12	9.18	1.05
7n2q	af3	msa+tmpl	ranked_3	OK	19.82	21.13	1.31	9.35	9.24	0.11
7n2r	af3	msa+tmpl	ranked_3	OK	83.97	21.24	62.74	166.21	8.70	157.51
7n2s	af3	msa+tmpl	ranked_3	OK	43.66	21.39	22.27	19.78	5.07	14.71
7n4k	af3	msa+tmpl	ranked_3	OK	44.94	41.23	3.71	19.16	16.00	3.15
7n5c	af3	msa+tmpl	ranked_3	OK	45.39	43.40	1.99	13.52	18.17	4.65
7n5p	af3	msa+tmpl	ranked_3	OK	43.60	41.20	2.41	16.58	16.18	0.40
7na5	af3	msa+tmpl	ranked_3	OK	26.43	58.96	32.54	27.91	14.97	12.94
7ndq	af3	msa+tmpl	ranked_3	OK	89.12	76.89	12.23	25.84	19.03	6.81
7ndt	af3	msa+tmpl	ranked_3	OK	42.77	33.86	8.91	7.73	7.29	0.44
7ndu	af3	msa+tmpl	ranked_3	OK	76.54	76.62	0.08	23.63	20.08	3.56
7nme	af3	msa+tmpl	ranked_3	OK	36.82	35.91	0.91	11.32	8.79	2.53
7nmf	af3	msa+tmpl	ranked_3	OK	36.20	35.95	0.24	10.78	8.90	1.88
7nmg	af3	msa+tmpl	ranked_3	OK	35.76	34.94	0.82	9.93	7.72	2.21
7ow5	af3	msa+tmpl	ranked_3	OK	46.29	46.04	0.25	6.20	8.56	2.36
7ow6	af3	msa+tmpl	ranked_3	OK	50.99	48.16	2.83	4.36	8.38	4.02
7pb2	af3	msa+tmpl	ranked_3	OK	6.94	41.61	34.67	156.91	9.07	147.85
7pbe	af3	msa+tmpl	ranked_3	OK	49.56	51.66	2.10	2.37	2.25	0.12
7phr	af3	msa+tmpl	ranked_3	OK	38.14	42.98	4.84	7.82	5.35	2.46
7q99	af3	msa+tmpl	ranked_3	OK	48.49	45.58	2.91	0.97	7.05	6.08
7q9a	af3	msa+tmpl	ranked_3	OK	48.53	47.58	0.95	7.23	9.68	2.45
7q9b	af3	msa+tmpl	ranked_3	OK	23.74	46.49	22.75	13.95	8.38	5.57
7qpj	af3	msa+tmpl	ranked_3	OK	30.62	31.58	0.96	10.26	10.81	0.55
7r80	af3	msa+tmpl	ranked_3	OK	17.29	17.50	0.22	7.38	11.89	4.51
7rk7	af3	msa+tmpl	ranked_3	OK	92.07	80.75	11.32	176.98	16.46	160.52
7rm4	af3	msa+tmpl	ranked_3	OK	14.89	35.33	20.44	166.68	18.89	147.79
7rrg	af3	msa+tmpl	ranked_3	OK	131.97	73.79	58.18	15.19	12.05	3.15
7rtr	af3	msa+tmpl	ranked_3	OK	37.81	42.24	4.43	14.33	3.53	10.80
7su9	af3	msa+tmpl	ranked_3	OK	25.84	13.42	12.42	2.32	9.17	6.85
8cx4	af3	msa+tmpl	ranked_3	OK	13.03	20.06	7.03	1.26	8.65	7.38
8d5q	af3	msa+tmpl	ranked_3	OK	35.40	31.15	4.25	9.49	9.43	0.06
8dnt	af3	msa+tmpl	ranked_3	OK	41.75	31.40	10.35	9.28	3.64	5.64
8en8	af3	msa+tmpl	ranked_3	OK	30.17	41.37	11.19	11.00	21.57	10.56
8enh	af3	msa+tmpl	ranked_3	OK	38.10	37.82	0.28	21.45	19.96	1.49
8eo8	af3	msa+tmpl	ranked_3	OK	34.04	38.49	4.45	24.57	21.40	3.17
8f5a	af3	msa+tmpl	ranked_3	OK	65.09	49.88	15.22	8.90	6.53	2.37
8gom	af3	msa+tmpl	ranked_3	OK	115.44	39.06	76.38	172.96	15.79	157.17
8gon	af3	msa+tmpl	ranked_3	OK	93.92	38.47	55.45	88.85	13.44	75.41
8gvb	af3	msa+tmpl	ranked_3	OK	51.25	54.52	3.27	16.05	19.12	3.07
8gvg	af3	msa+tmpl	ranked_3	OK	54.39	55.07	0.68	15.88	20.08	4.20
8gvi	af3	msa+tmpl	ranked_3	OK	56.93	55.10	1.83	18.55	20.62	2.08
8i5c	af3	msa+tmpl	ranked_3	OK	49.52	47.69	1.83	8.10	7.33	0.77
8i5d	af3	msa+tmpl	ranked_3	OK	49.28	44.46	4.82	12.22	11.72	0.50
8qfy	af3	msa+tmpl	ranked_3	OK	80.30	78.46	1.84	16.61	18.22	1.61
8shi	af3	msa+tmpl	ranked_3	OK	35.34	20.26	15.07	17.00	18.76	1.76
8wte	af3	msa+tmpl	ranked_3	OK	51.82	64.06	12.24	4.16	4.45	0.29
8wul	af3	msa+tmpl	ranked_3	OK	54.56	64.44	9.88	6.16	2.45	3.71
6zkw	af3	msa+tmpl	ranked_4	OK	33.15	57.14	24.00	26.38	18.99	7.38
6zkx	af3	msa+tmpl	ranked_4	OK	167.95	54.69	113.27	27.16	13.69	13.48
6zky	af3	msa+tmpl	ranked_4	OK	32.96	56.78	23.82	22.37	18.99	3.38
6zkz	af3	msa+tmpl	ranked_4	OK	35.10	56.52	21.41	10.18	18.02	7.85
7dzm	af3	msa+tmpl	ranked_4	OK	48.26	45.42	2.84	12.26	10.35	1.91
7dzn	af3	msa+tmpl	ranked_4	OK	38.51	44.85	6.34	27.96	10.90	17.05
7l1d	af3	msa+tmpl	ranked_4	OK	44.02	47.41	3.39	1.78	3.49	1.71
7n2n	af3	msa+tmpl	ranked_4	OK	4.63	20.52	15.89	18.44	5.13	13.30
7n2o	af3	msa+tmpl	ranked_4	OK	16.96	20.11	3.15	4.35	12.74	8.39
7n2p	af3	msa+tmpl	ranked_4	OK	37.16	21.92	15.23	15.76	9.18	6.58
7n2q	af3	msa+tmpl	ranked_4	OK	20.02	21.13	1.12	14.52	9.24	5.28
7n2r	af3	msa+tmpl	ranked_4	OK	88.89	21.24	67.65	167.53	8.70	158.83
7n2s	af3	msa+tmpl	ranked_4	OK	52.73	21.39	31.33	20.97	5.07	15.90
7n4k	af3	msa+tmpl	ranked_4	OK	45.31	41.23	4.07	14.70	16.00	1.30
7n5c	af3	msa+tmpl	ranked_4	OK	41.22	43.40	2.17	12.56	18.17	5.61
7n5p	af3	msa+tmpl	ranked_4	OK	45.46	41.20	4.26	15.30	16.18	0.88
7na5	af3	msa+tmpl	ranked_4	OK	32.04	58.96	26.92	30.25	14.97	15.28
7ndq	af3	msa+tmpl	ranked_4	OK	104.07	76.89	27.18	28.82	19.03	9.79
7ndt	af3	msa+tmpl	ranked_4	OK	39.78	33.86	5.93	7.40	7.29	0.11
7ndu	af3	msa+tmpl	ranked_4	OK	81.83	76.62	5.22	25.45	20.08	5.38
7nme	af3	msa+tmpl	ranked_4	OK	34.81	35.91	1.10	9.99	8.79	1.20
7nmf	af3	msa+tmpl	ranked_4	OK	34.79	35.95	1.16	9.73	8.90	0.83
7nmg	af3	msa+tmpl	ranked_4	OK	34.07	34.94	0.87	8.42	7.72	0.70
7ow5	af3	msa+tmpl	ranked_4	OK	48.29	46.04	2.25	5.71	8.56	2.85
7ow6	af3	msa+tmpl	ranked_4	OK	51.43	48.16	3.27	6.48	8.38	1.90
7pb2	af3	msa+tmpl	ranked_4	OK	68.98	41.61	27.37	61.16	9.07	52.10
7pbe	af3	msa+tmpl	ranked_4	OK	52.06	51.66	0.41	1.74	2.25	0.51
7phr	af3	msa+tmpl	ranked_4	OK	38.24	42.98	4.74	7.37	5.35	2.02
7q99	af3	msa+tmpl	ranked_4	OK	45.89	45.58	0.31	4.01	7.05	3.05
7q9a	af3	msa+tmpl	ranked_4	OK	50.94	47.58	3.37	6.76	9.68	2.92
7q9b	af3	msa+tmpl	ranked_4	OK	21.79	46.49	24.70	10.57	8.38	2.19
7qpj	af3	msa+tmpl	ranked_4	OK	31.33	31.58	0.25	10.42	10.81	0.39
7r80	af3	msa+tmpl	ranked_4	OK	23.23	17.50	5.73	16.33	11.89	4.44
7rk7	af3	msa+tmpl	ranked_4	OK	74.06	80.75	6.69	177.85	16.46	161.38
7rm4	af3	msa+tmpl	ranked_4	OK	20.38	35.33	14.95	163.50	18.89	144.62
7rrg	af3	msa+tmpl	ranked_4	OK	47.56	73.79	26.23	17.70	12.05	5.65
7rtr	af3	msa+tmpl	ranked_4	OK	43.48	42.24	1.23	13.38	3.53	9.86
7su9	af3	msa+tmpl	ranked_4	OK	31.59	13.42	18.16	8.33	9.17	0.85
8cx4	af3	msa+tmpl	ranked_4	OK	22.87	20.06	2.81	2.43	8.65	6.22
8d5q	af3	msa+tmpl	ranked_4	OK	37.47	31.15	6.32	11.66	9.43	2.23
8dnt	af3	msa+tmpl	ranked_4	OK	44.63	31.40	13.23	7.98	3.64	4.34
8en8	af3	msa+tmpl	ranked_4	OK	29.38	41.37	11.98	20.42	21.57	1.15
8enh	af3	msa+tmpl	ranked_4	OK	37.51	37.82	0.31	18.54	19.96	1.42
8eo8	af3	msa+tmpl	ranked_4	OK	29.15	38.49	9.34	16.34	21.40	5.06
8f5a	af3	msa+tmpl	ranked_4	OK	55.56	49.88	5.68	2.23	6.53	4.30
8gom	af3	msa+tmpl	ranked_4	OK	149.37	39.06	110.30	32.79	15.79	16.99
8gon	af3	msa+tmpl	ranked_4	OK	146.76	38.47	108.28	33.58	13.44	20.14
8gvb	af3	msa+tmpl	ranked_4	OK	52.78	54.52	1.74	15.85	19.12	3.27
8gvg	af3	msa+tmpl	ranked_4	OK	54.59	55.07	0.48	18.17	20.08	1.91
8gvi	af3	msa+tmpl	ranked_4	OK	55.20	55.10	0.10	19.47	20.62	1.16
8i5c	af3	msa+tmpl	ranked_4	OK	48.07	47.69	0.38	4.81	7.33	2.52
8i5d	af3	msa+tmpl	ranked_4	OK	65.51	44.46	21.05	15.00	11.72	3.28
8qfy	af3	msa+tmpl	ranked_4	OK	77.92	78.46	0.54	13.43	18.22	4.79
8shi	af3	msa+tmpl	ranked_4	OK	50.11	20.26	29.85	13.44	18.76	5.31
8wte	af3	msa+tmpl	ranked_4	OK	55.06	64.06	9.01	9.17	4.45	4.72
8wul	af3	msa+tmpl	ranked_4	OK	57.41	64.44	7.03	7.92	2.45	5.47
6zkw	intellifold2	msa	ranked_0	OK	37.65	57.14	19.49	21.72	18.99	2.73
6zkx	intellifold2	msa	ranked_0	OK	42.61	54.69	12.08	21.21	13.69	7.53
6zky	intellifold2	msa	ranked_0	OK	42.55	56.78	14.23	15.81	18.99	3.18
6zkz	intellifold2	msa	ranked_0	OK	43.18	56.52	13.34	17.73	18.02	0.30
7dzm	intellifold2	msa	ranked_0	OK	77.73	45.42	32.30	114.55	10.35	104.20
7dzn	intellifold2	msa	ranked_0	OK	48.21	44.85	3.36	9.77	10.90	1.13
7l1d	intellifold2	msa	ranked_0	OK	43.74	47.41	3.67	6.22	3.49	2.73
7n2n	intellifold2	msa	ranked_0	OK	129.60	20.52	109.08	156.83	5.13	151.69
7n2o	intellifold2	msa	ranked_0	OK	129.57	20.11	109.45	155.69	12.74	142.95
7n2p	intellifold2	msa	ranked_0	OK	82.33	21.92	60.41	144.50	9.18	135.32
7n2q	intellifold2	msa	ranked_0	OK	170.77	21.13	149.63	10.02	9.24	0.78
7n2r	intellifold2	msa	ranked_0	OK	168.32	21.24	147.08	17.25	8.70	8.55
7n2s	intellifold2	msa	ranked_0	OK	119.85	21.39	98.46	155.85	5.07	150.78
7n4k	intellifold2	msa	ranked_0	OK	47.94	41.23	6.71	17.63	16.00	1.63
7n5c	intellifold2	msa	ranked_0	OK	43.72	43.40	0.32	13.80	18.17	4.37
7n5p	intellifold2	msa	ranked_0	OK	45.80	41.20	4.60	17.35	16.18	1.17
7na5	intellifold2	msa	ranked_0	OK	50.66	58.96	8.30	1.09	14.97	13.88
7ndq	intellifold2	msa	ranked_0	OK	71.57	76.89	5.32	19.64	19.03	0.61
7ndt	intellifold2	msa	ranked_0	OK	136.92	33.86	103.06	21.09	7.29	13.81
7ndu	intellifold2	msa	ranked_0	OK	74.92	76.62	1.70	28.27	20.08	8.20
7nme	intellifold2	msa	ranked_0	OK	44.89	35.91	8.98	3.56	8.79	5.23
7nmf	intellifold2	msa	ranked_0	OK	44.88	35.95	8.93	3.54	8.90	5.36
7nmg	intellifold2	msa	ranked_0	OK	43.56	34.94	8.62	5.49	7.72	2.23
7ow5	intellifold2	msa	ranked_0	OK	39.12	46.04	6.91	11.11	8.56	2.55
7ow6	intellifold2	msa	ranked_0	OK	40.64	48.16	7.52	9.13	8.38	0.75
7pb2	intellifold2	msa	ranked_0	OK	120.54	41.61	78.93	12.75	9.07	3.68
7pbe	intellifold2	msa	ranked_0	OK	54.41	51.66	2.75	1.09	2.25	1.17
7phr	intellifold2	msa	ranked_0	OK	39.57	42.98	3.41	6.15	5.35	0.80
7q99	intellifold2	msa	ranked_0	OK	41.94	45.58	3.65	3.95	7.05	3.10
7q9a	intellifold2	msa	ranked_0	OK	39.26	47.58	8.31	3.84	9.68	5.83
7q9b	intellifold2	msa	ranked_0	OK	27.47	46.49	19.02	21.73	8.38	13.35
7qpj	intellifold2	msa	ranked_0	OK	32.56	31.58	0.98	11.49	10.81	0.68
7r80	intellifold2	msa	ranked_0	OK	29.78	17.50	12.27	1.95	11.89	9.94
7rk7	intellifold2	msa	ranked_0	OK	76.41	80.75	4.34	13.04	16.46	3.43
7rm4	intellifold2	msa	ranked_0	OK	52.85	35.33	17.52	18.51	18.89	0.37
7rrg	intellifold2	msa	ranked_0	OK	41.74	73.79	32.06	10.93	12.05	1.12
7rtr	intellifold2	msa	ranked_0	OK	54.08	42.24	11.84	2.52	3.53	1.00
7su9	intellifold2	msa	ranked_0	OK	16.06	13.42	2.63	16.10	9.17	6.93
8cx4	intellifold2	msa	ranked_0	OK	18.33	20.06	1.73	6.35	8.65	2.30
8d5q	intellifold2	msa	ranked_0	OK	34.56	31.15	3.40	11.60	9.43	2.17
8dnt	intellifold2	msa	ranked_0	OK	35.31	31.40	3.91	6.87	3.64	3.23
8en8	intellifold2	msa	ranked_0	OK	27.09	41.37	14.28	8.35	21.57	13.21
8enh	intellifold2	msa	ranked_0	OK	34.21	37.82	3.61	5.16	19.96	14.80
8eo8	intellifold2	msa	ranked_0	OK	34.69	38.49	3.80	13.60	21.40	7.80
8f5a	intellifold2	msa	ranked_0	OK	33.34	49.88	16.53	3.09	6.53	3.44
8gom	intellifold2	msa	ranked_0	OK	46.65	39.06	7.58	6.45	15.79	9.34
8gon	intellifold2	msa	ranked_0	OK	113.89	38.47	75.41	52.50	13.44	39.06
8gvb	intellifold2	msa	ranked_0	OK	53.42	54.52	1.10	16.65	19.12	2.47
8gvg	intellifold2	msa	ranked_0	OK	55.95	55.07	0.88	17.64	20.08	2.44
8gvi	intellifold2	msa	ranked_0	OK	57.41	55.10	2.30	16.43	20.62	4.20
8i5c	intellifold2	msa	ranked_0	OK	45.42	47.69	2.27	27.81	7.33	20.48
8i5d	intellifold2	msa	ranked_0	OK	54.42	44.46	9.96	11.40	11.72	0.31
8qfy	intellifold2	msa	ranked_0	OK	82.14	78.46	3.68	18.80	18.22	0.58
8shi	intellifold2	msa	ranked_0	OK	34.43	20.26	14.16	8.77	18.76	9.98
8wte	intellifold2	msa	ranked_0	OK	54.34	64.06	9.73	5.48	4.45	1.03
8wul	intellifold2	msa	ranked_0	OK	144.73	64.44	80.30	155.97	2.45	153.51
6zkw	intellifold2	msa	ranked_1	OK	35.81	57.14	21.33	23.55	18.99	4.56
6zkx	intellifold2	msa	ranked_1	OK	38.66	54.69	16.02	24.17	13.69	10.49
6zky	intellifold2	msa	ranked_1	OK	43.11	56.78	13.67	19.21	18.99	0.22
6zkz	intellifold2	msa	ranked_1	OK	45.19	56.52	11.33	11.97	18.02	6.06
7dzm	intellifold2	msa	ranked_1	OK	75.25	45.42	29.82	100.41	10.35	90.06
7dzn	intellifold2	msa	ranked_1	OK	48.25	44.85	3.40	9.81	10.90	1.09
7l1d	intellifold2	msa	ranked_1	OK	43.77	47.41	3.64	4.97	3.49	1.48
7n2n	intellifold2	msa	ranked_1	OK	127.24	20.52	106.72	155.22	5.13	150.08
7n2o	intellifold2	msa	ranked_1	OK	128.15	20.11	108.04	153.60	12.74	140.85
7n2p	intellifold2	msa	ranked_1	OK	83.16	21.92	61.24	144.43	9.18	135.26
7n2q	intellifold2	msa	ranked_1	OK	168.20	21.13	147.06	11.11	9.24	1.87
7n2r	intellifold2	msa	ranked_1	OK	168.31	21.24	147.08	21.93	8.70	13.23
7n2s	intellifold2	msa	ranked_1	OK	118.59	21.39	97.20	160.34	5.07	155.26
7n4k	intellifold2	msa	ranked_1	OK	46.79	41.23	5.56	16.90	16.00	0.90
7n5c	intellifold2	msa	ranked_1	OK	44.36	43.40	0.97	15.05	18.17	3.13
7n5p	intellifold2	msa	ranked_1	OK	46.97	41.20	5.77	18.07	16.18	1.89
7na5	intellifold2	msa	ranked_1	OK	48.50	58.96	10.46	1.62	14.97	13.35
7ndq	intellifold2	msa	ranked_1	OK	72.74	76.89	4.15	24.08	19.03	5.06
7ndt	intellifold2	msa	ranked_1	OK	126.82	33.86	92.96	11.34	7.29	4.05
7ndu	intellifold2	msa	ranked_1	OK	74.88	76.62	1.73	29.99	20.08	9.92
7nme	intellifold2	msa	ranked_1	OK	43.73	35.91	7.82	3.31	8.79	5.48
7nmf	intellifold2	msa	ranked_1	OK	43.69	35.95	7.74	3.30	8.90	5.61
7nmg	intellifold2	msa	ranked_1	OK	44.87	34.94	9.93	3.92	7.72	3.80
7ow5	intellifold2	msa	ranked_1	OK	39.52	46.04	6.52	8.58	8.56	0.03
7ow6	intellifold2	msa	ranked_1	OK	40.23	48.16	7.93	8.14	8.38	0.23
7pb2	intellifold2	msa	ranked_1	OK	105.44	41.61	63.83	9.19	9.07	0.12
7pbe	intellifold2	msa	ranked_1	OK	53.67	51.66	2.01	0.39	2.25	1.86
7phr	intellifold2	msa	ranked_1	OK	38.58	42.98	4.40	5.27	5.35	0.08
7q99	intellifold2	msa	ranked_1	OK	42.99	45.58	2.60	2.64	7.05	4.42
7q9a	intellifold2	msa	ranked_1	OK	39.67	47.58	7.91	3.93	9.68	5.75
7q9b	intellifold2	msa	ranked_1	OK	27.73	46.49	18.76	23.73	8.38	15.35
7qpj	intellifold2	msa	ranked_1	OK	31.57	31.58	0.01	11.53	10.81	0.72
7r80	intellifold2	msa	ranked_1	OK	30.94	17.50	13.44	0.78	11.89	11.11
7rk7	intellifold2	msa	ranked_1	OK	74.88	80.75	5.86	14.72	16.46	1.74
7rm4	intellifold2	msa	ranked_1	OK	53.26	35.33	17.93	16.98	18.89	1.91
7rrg	intellifold2	msa	ranked_1	OK	44.07	73.79	29.72	14.78	12.05	2.74
7rtr	intellifold2	msa	ranked_1	OK	53.04	42.24	10.80	1.37	3.53	2.16
7su9	intellifold2	msa	ranked_1	OK	14.26	13.42	0.84	11.96	9.17	2.79
8cx4	intellifold2	msa	ranked_1	OK	18.01	20.06	2.04	5.48	8.65	3.17
8d5q	intellifold2	msa	ranked_1	OK	33.03	31.15	1.87	9.15	9.43	0.28
8dnt	intellifold2	msa	ranked_1	OK	35.75	31.40	4.35	6.61	3.64	2.96
8en8	intellifold2	msa	ranked_1	OK	32.39	41.37	8.98	14.70	21.57	6.87
8enh	intellifold2	msa	ranked_1	OK	33.63	37.82	4.18	5.25	19.96	14.70
8eo8	intellifold2	msa	ranked_1	OK	36.58	38.49	1.91	11.72	21.40	9.68
8f5a	intellifold2	msa	ranked_1	OK	33.13	49.88	16.75	0.71	6.53	5.82
8gom	intellifold2	msa	ranked_1	OK	44.94	39.06	5.87	4.72	15.79	11.07
8gon	intellifold2	msa	ranked_1	OK	112.59	38.47	74.12	55.01	13.44	41.57
8gvb	intellifold2	msa	ranked_1	OK	53.74	54.52	0.77	17.83	19.12	1.29
8gvg	intellifold2	msa	ranked_1	OK	56.74	55.07	1.67	17.38	20.08	2.71
8gvi	intellifold2	msa	ranked_1	OK	57.40	55.10	2.29	17.02	20.62	3.61
8i5c	intellifold2	msa	ranked_1	OK	44.91	47.69	2.78	29.05	7.33	21.72
8i5d	intellifold2	msa	ranked_1	OK	53.59	44.46	9.14	7.66	11.72	4.06
8qfy	intellifold2	msa	ranked_1	OK	82.77	78.46	4.31	20.65	18.22	2.43
8shi	intellifold2	msa	ranked_1	OK	33.29	20.26	13.03	8.40	18.76	10.36
8wte	intellifold2	msa	ranked_1	OK	50.27	64.06	13.79	7.27	4.45	2.82
8wul	intellifold2	msa	ranked_1	OK	61.60	64.44	2.84	3.72	2.45	1.27
6zkw	intellifold2	msa	ranked_2	OK	33.88	57.14	23.26	21.96	18.99	2.96
6zkx	intellifold2	msa	ranked_2	OK	40.21	54.69	14.47	24.57	13.69	10.88
6zky	intellifold2	msa	ranked_2	OK	43.84	56.78	12.94	14.09	18.99	4.90
6zkz	intellifold2	msa	ranked_2	OK	44.26	56.52	12.25	17.12	18.02	0.90
7dzm	intellifold2	msa	ranked_2	OK	24.57	45.42	20.86	52.62	10.35	42.27
7dzn	intellifold2	msa	ranked_2	OK	47.79	44.85	2.94	10.51	10.90	0.39
7l1d	intellifold2	msa	ranked_2	OK	40.66	47.41	6.75	5.09	3.49	1.60
7n2n	intellifold2	msa	ranked_2	OK	128.80	20.52	108.28	156.14	5.13	151.01
7n2o	intellifold2	msa	ranked_2	OK	130.15	20.11	110.04	154.54	12.74	141.80
7n2p	intellifold2	msa	ranked_2	OK	81.30	21.92	59.38	142.81	9.18	133.63
7n2q	intellifold2	msa	ranked_2	OK	166.03	21.13	144.89	12.66	9.24	3.43
7n2r	intellifold2	msa	ranked_2	OK	168.58	21.24	147.35	20.31	8.70	11.61
7n2s	intellifold2	msa	ranked_2	OK	116.90	21.39	95.51	157.54	5.07	152.46
7n4k	intellifold2	msa	ranked_2	OK	45.61	41.23	4.38	17.27	16.00	1.26
7n5c	intellifold2	msa	ranked_2	OK	42.58	43.40	0.81	17.78	18.17	0.39
7n5p	intellifold2	msa	ranked_2	OK	46.00	41.20	4.81	15.51	16.18	0.67
7na5	intellifold2	msa	ranked_2	OK	49.47	58.96	9.49	1.56	14.97	13.41
7ndq	intellifold2	msa	ranked_2	OK	71.35	76.89	5.54	20.50	19.03	1.47
7ndt	intellifold2	msa	ranked_2	OK	124.15	33.86	90.29	10.23	7.29	2.94
7ndu	intellifold2	msa	ranked_2	OK	74.12	76.62	2.50	30.50	20.08	10.42
7nme	intellifold2	msa	ranked_2	OK	43.90	35.91	7.99	6.48	8.79	2.31
7nmf	intellifold2	msa	ranked_2	OK	43.82	35.95	7.87	6.51	8.90	2.39
7nmg	intellifold2	msa	ranked_2	OK	45.61	34.94	10.66	3.64	7.72	4.08
7ow5	intellifold2	msa	ranked_2	OK	38.33	46.04	7.71	9.38	8.56	0.82
7ow6	intellifold2	msa	ranked_2	OK	40.29	48.16	7.86	7.90	8.38	0.48
7pb2	intellifold2	msa	ranked_2	OK	103.24	41.61	61.63	8.12	9.07	0.94
7pbe	intellifold2	msa	ranked_2	OK	53.58	51.66	1.92	1.47	2.25	0.78
7phr	intellifold2	msa	ranked_2	OK	39.47	42.98	3.51	5.79	5.35	0.43
7q99	intellifold2	msa	ranked_2	OK	42.91	45.58	2.67	4.77	7.05	2.29
7q9a	intellifold2	msa	ranked_2	OK	40.44	47.58	7.14	3.19	9.68	6.48
7q9b	intellifold2	msa	ranked_2	OK	25.53	46.49	20.96	21.97	8.38	13.59
7qpj	intellifold2	msa	ranked_2	OK	31.41	31.58	0.17	10.88	10.81	0.07
7r80	intellifold2	msa	ranked_2	OK	31.23	17.50	13.73	1.33	11.89	10.57
7rk7	intellifold2	msa	ranked_2	OK	83.86	80.75	3.11	11.79	16.46	4.67
7rm4	intellifold2	msa	ranked_2	OK	50.77	35.33	15.44	19.86	18.89	0.97
7rrg	intellifold2	msa	ranked_2	OK	40.64	73.79	33.15	17.69	12.05	5.64
7rtr	intellifold2	msa	ranked_2	OK	53.64	42.24	11.39	1.12	3.53	2.41
7su9	intellifold2	msa	ranked_2	OK	14.83	13.42	1.40	14.35	9.17	5.18
8cx4	intellifold2	msa	ranked_2	OK	14.98	20.06	5.08	7.14	8.65	1.50
8d5q	intellifold2	msa	ranked_2	OK	33.21	31.15	2.06	11.96	9.43	2.53
8dnt	intellifold2	msa	ranked_2	OK	34.59	31.40	3.19	5.87	3.64	2.22
8en8	intellifold2	msa	ranked_2	OK	32.68	41.37	8.68	13.71	21.57	7.86
8enh	intellifold2	msa	ranked_2	OK	35.72	37.82	2.09	6.75	19.96	13.21
8eo8	intellifold2	msa	ranked_2	OK	34.58	38.49	3.91	12.67	21.40	8.73
8f5a	intellifold2	msa	ranked_2	OK	29.84	49.88	20.04	3.99	6.53	2.54
8gom	intellifold2	msa	ranked_2	OK	44.52	39.06	5.46	3.22	15.79	12.57
8gon	intellifold2	msa	ranked_2	OK	113.18	38.47	74.71	52.77	13.44	39.33
8gvb	intellifold2	msa	ranked_2	OK	53.79	54.52	0.73	17.24	19.12	1.88
8gvg	intellifold2	msa	ranked_2	OK	55.38	55.07	0.31	18.25	20.08	1.84
8gvi	intellifold2	msa	ranked_2	OK	56.86	55.10	1.75	18.75	20.62	1.88
8i5c	intellifold2	msa	ranked_2	OK	45.36	47.69	2.33	29.64	7.33	22.31
8i5d	intellifold2	msa	ranked_2	OK	52.95	44.46	8.50	12.78	11.72	1.06
8qfy	intellifold2	msa	ranked_2	OK	81.45	78.46	2.99	18.16	18.22	0.06
8shi	intellifold2	msa	ranked_2	OK	32.77	20.26	12.51	6.86	18.76	11.90
8wte	intellifold2	msa	ranked_2	OK	54.67	64.06	9.40	6.33	4.45	1.88
8wul	intellifold2	msa	ranked_2	OK	62.92	64.44	1.51	3.37	2.45	0.92
6zkw	intellifold2	msa	ranked_3	OK	24.86	57.14	32.29	30.87	18.99	11.88
6zkx	intellifold2	msa	ranked_3	OK	39.31	54.69	15.37	23.73	13.69	10.05
6zky	intellifold2	msa	ranked_3	OK	39.82	56.78	16.96	15.67	18.99	3.32
6zkz	intellifold2	msa	ranked_3	OK	43.64	56.52	12.88	12.43	18.02	5.59
7dzm	intellifold2	msa	ranked_3	OK	57.83	45.42	12.40	131.91	10.35	121.56
7dzn	intellifold2	msa	ranked_3	OK	48.16	44.85	3.31	11.19	10.90	0.28
7l1d	intellifold2	msa	ranked_3	OK	42.38	47.41	5.03	5.34	3.49	1.85
7n2n	intellifold2	msa	ranked_3	OK	130.21	20.52	109.69	154.79	5.13	149.66
7n2o	intellifold2	msa	ranked_3	OK	129.24	20.11	109.13	158.05	12.74	145.31
7n2p	intellifold2	msa	ranked_3	OK	82.90	21.92	60.97	144.42	9.18	135.24
7n2q	intellifold2	msa	ranked_3	OK	171.14	21.13	150.00	8.52	9.24	0.72
7n2r	intellifold2	msa	ranked_3	OK	168.32	21.24	147.09	18.89	8.70	10.19
7n2s	intellifold2	msa	ranked_3	OK	116.64	21.39	95.24	157.75	5.07	152.68
7n4k	intellifold2	msa	ranked_3	OK	47.41	41.23	6.18	16.49	16.00	0.48
7n5c	intellifold2	msa	ranked_3	OK	41.94	43.40	1.46	15.29	18.17	2.88
7n5p	intellifold2	msa	ranked_3	OK	47.09	41.20	5.89	17.20	16.18	1.02
7na5	intellifold2	msa	ranked_3	OK	49.74	58.96	9.22	2.04	14.97	12.94
7ndq	intellifold2	msa	ranked_3	OK	71.34	76.89	5.55	21.41	19.03	2.38
7ndt	intellifold2	msa	ranked_3	OK	149.79	33.86	115.93	2.56	7.29	4.73
7ndu	intellifold2	msa	ranked_3	OK	74.41	76.62	2.20	28.77	20.08	8.69
7nme	intellifold2	msa	ranked_3	OK	42.42	35.91	6.50	3.67	8.79	5.12
7nmf	intellifold2	msa	ranked_3	OK	42.41	35.95	6.46	3.65	8.90	5.25
7nmg	intellifold2	msa	ranked_3	OK	43.23	34.94	8.29	4.89	7.72	2.83
7ow5	intellifold2	msa	ranked_3	OK	37.59	46.04	8.45	11.06	8.56	2.50
7ow6	intellifold2	msa	ranked_3	OK	41.40	48.16	6.76	11.73	8.38	3.35
7pb2	intellifold2	msa	ranked_3	OK	105.11	41.61	63.49	7.33	9.07	1.73
7pbe	intellifold2	msa	ranked_3	OK	53.01	51.66	1.35	0.76	2.25	1.49
7phr	intellifold2	msa	ranked_3	OK	39.02	42.98	3.95	6.48	5.35	1.12
7q99	intellifold2	msa	ranked_3	OK	41.54	45.58	4.04	2.98	7.05	4.07
7q9a	intellifold2	msa	ranked_3	OK	39.57	47.58	8.01	5.64	9.68	4.04
7q9b	intellifold2	msa	ranked_3	OK	26.66	46.49	19.83	20.68	8.38	12.30
7qpj	intellifold2	msa	ranked_3	OK	32.01	31.58	0.43	10.41	10.81	0.40
7r80	intellifold2	msa	ranked_3	OK	30.17	17.50	12.66	1.06	11.89	10.83
7rk7	intellifold2	msa	ranked_3	OK	83.52	80.75	2.77	11.66	16.46	4.80
7rm4	intellifold2	msa	ranked_3	OK	50.93	35.33	15.60	17.66	18.89	1.22
7rrg	intellifold2	msa	ranked_3	OK	42.94	73.79	30.85	15.52	12.05	3.47
7rtr	intellifold2	msa	ranked_3	OK	56.72	42.24	14.47	0.38	3.53	3.15
7su9	intellifold2	msa	ranked_3	OK	15.22	13.42	1.80	10.09	9.17	0.92
8cx4	intellifold2	msa	ranked_3	OK	16.42	20.06	3.64	7.15	8.65	1.50
8d5q	intellifold2	msa	ranked_3	OK	33.88	31.15	2.73	13.57	9.43	4.14
8dnt	intellifold2	msa	ranked_3	OK	34.55	31.40	3.15	5.83	3.64	2.19
8en8	intellifold2	msa	ranked_3	OK	30.16	41.37	11.21	17.60	21.57	3.96
8enh	intellifold2	msa	ranked_3	OK	34.05	37.82	3.76	7.74	19.96	12.22
8eo8	intellifold2	msa	ranked_3	OK	34.57	38.49	3.92	15.55	21.40	5.85
8f5a	intellifold2	msa	ranked_3	OK	30.96	49.88	18.92	0.58	6.53	5.95
8gom	intellifold2	msa	ranked_3	OK	17.59	39.06	21.47	27.49	15.79	11.70
8gon	intellifold2	msa	ranked_3	OK	46.67	38.47	8.19	12.60	13.44	0.84
8gvb	intellifold2	msa	ranked_3	OK	54.10	54.52	0.41	17.54	19.12	1.58
8gvg	intellifold2	msa	ranked_3	OK	56.89	55.07	1.81	18.57	20.08	1.51
8gvi	intellifold2	msa	ranked_3	OK	55.11	55.10	0.01	18.72	20.62	1.90
8i5c	intellifold2	msa	ranked_3	OK	44.75	47.69	2.94	25.86	7.33	18.54
8i5d	intellifold2	msa	ranked_3	OK	50.41	44.46	5.95	9.39	11.72	2.33
8qfy	intellifold2	msa	ranked_3	OK	82.33	78.46	3.87	19.02	18.22	0.80
8shi	intellifold2	msa	ranked_3	OK	31.83	20.26	11.56	6.63	18.76	12.13
8wte	intellifold2	msa	ranked_3	OK	54.29	64.06	9.77	10.49	4.45	6.04
8wul	intellifold2	msa	ranked_3	OK	62.36	64.44	2.08	0.82	2.45	1.63
6zkw	intellifold2	msa	ranked_4	OK	43.96	57.14	13.18	21.73	18.99	2.73
6zkx	intellifold2	msa	ranked_4	OK	42.11	54.69	12.58	21.63	13.69	7.94
6zky	intellifold2	msa	ranked_4	OK	44.20	56.78	12.58	16.31	18.99	2.69
6zkz	intellifold2	msa	ranked_4	OK	41.17	56.52	15.34	11.39	18.02	6.63
7dzm	intellifold2	msa	ranked_4	OK	121.97	45.42	76.54	166.36	10.35	156.01
7dzn	intellifold2	msa	ranked_4	OK	47.65	44.85	2.80	9.69	10.90	1.21
7l1d	intellifold2	msa	ranked_4	OK	50.83	47.41	3.42	14.00	3.49	10.51
7n2n	intellifold2	msa	ranked_4	OK	125.88	20.52	105.36	158.93	5.13	153.79
7n2o	intellifold2	msa	ranked_4	OK	10.98	20.11	9.14	1.68	12.74	11.07
7n2p	intellifold2	msa	ranked_4	OK	80.85	21.92	58.93	141.66	9.18	132.48
7n2q	intellifold2	msa	ranked_4	OK	169.11	21.13	147.98	11.98	9.24	2.75
7n2r	intellifold2	msa	ranked_4	OK	79.22	21.24	57.98	142.74	8.70	134.04
7n2s	intellifold2	msa	ranked_4	OK	113.21	21.39	91.82	156.04	5.07	150.96
7n4k	intellifold2	msa	ranked_4	OK	47.09	41.23	5.86	18.59	16.00	2.59
7n5c	intellifold2	msa	ranked_4	OK	43.07	43.40	0.33	13.86	18.17	4.31
7n5p	intellifold2	msa	ranked_4	OK	45.37	41.20	4.17	15.83	16.18	0.35
7na5	intellifold2	msa	ranked_4	OK	49.42	58.96	9.54	1.92	14.97	13.05
7ndq	intellifold2	msa	ranked_4	OK	72.49	76.89	4.40	22.64	19.03	3.61
7ndt	intellifold2	msa	ranked_4	OK	85.27	33.86	51.41	172.56	7.29	165.27
7ndu	intellifold2	msa	ranked_4	OK	74.32	76.62	2.30	28.29	20.08	8.21
7nme	intellifold2	msa	ranked_4	OK	47.55	35.91	11.64	3.92	8.79	4.87
7nmf	intellifold2	msa	ranked_4	OK	47.50	35.95	11.55	3.90	8.90	5.00
7nmg	intellifold2	msa	ranked_4	OK	44.22	34.94	9.28	3.38	7.72	4.34
7ow5	intellifold2	msa	ranked_4	OK	40.00	46.04	6.04	11.28	8.56	2.72
7ow6	intellifold2	msa	ranked_4	OK	41.68	48.16	6.48	13.21	8.38	4.83
7pb2	intellifold2	msa	ranked_4	OK	104.44	41.61	62.82	9.01	9.07	0.05
7pbe	intellifold2	msa	ranked_4	OK	53.08	51.66	1.42	1.54	2.25	0.71
7phr	intellifold2	msa	ranked_4	OK	38.79	42.98	4.18	6.03	5.35	0.68
7q99	intellifold2	msa	ranked_4	OK	41.54	45.58	4.04	4.53	7.05	2.53
7q9a	intellifold2	msa	ranked_4	OK	40.09	47.58	7.49	4.68	9.68	5.00
7q9b	intellifold2	msa	ranked_4	OK	27.50	46.49	18.99	18.34	8.38	9.96
7qpj	intellifold2	msa	ranked_4	OK	31.44	31.58	0.14	11.59	10.81	0.77
7r80	intellifold2	msa	ranked_4	OK	28.83	17.50	11.33	1.84	11.89	10.06
7rk7	intellifold2	msa	ranked_4	OK	72.63	80.75	8.12	11.11	16.46	5.36
7rm4	intellifold2	msa	ranked_4	OK	50.28	35.33	14.95	17.90	18.89	0.98
7rrg	intellifold2	msa	ranked_4	OK	37.47	73.79	36.32	17.93	12.05	5.89
7rtr	intellifold2	msa	ranked_4	OK	52.36	42.24	10.12	1.85	3.53	1.67
7su9	intellifold2	msa	ranked_4	OK	14.85	13.42	1.42	13.29	9.17	4.12
8cx4	intellifold2	msa	ranked_4	OK	14.90	20.06	5.16	6.96	8.65	1.68
8d5q	intellifold2	msa	ranked_4	OK	32.68	31.15	1.52	9.33	9.43	0.11
8dnt	intellifold2	msa	ranked_4	OK	35.02	31.40	3.61	6.33	3.64	2.69
8en8	intellifold2	msa	ranked_4	OK	33.50	41.37	7.86	9.89	21.57	11.67
8enh	intellifold2	msa	ranked_4	OK	36.26	37.82	1.55	6.89	19.96	13.07
8eo8	intellifold2	msa	ranked_4	OK	37.74	38.49	0.76	14.23	21.40	7.17
8f5a	intellifold2	msa	ranked_4	OK	31.39	49.88	18.49	2.00	6.53	4.53
8gom	intellifold2	msa	ranked_4	OK	47.27	39.06	8.20	6.41	15.79	9.38
8gon	intellifold2	msa	ranked_4	OK	93.65	38.47	55.18	153.38	13.44	139.95
8gvb	intellifold2	msa	ranked_4	OK	53.66	54.52	0.85	17.04	19.12	2.08
8gvg	intellifold2	msa	ranked_4	OK	56.70	55.07	1.63	18.47	20.08	1.62
8gvi	intellifold2	msa	ranked_4	OK	57.35	55.10	2.24	18.22	20.62	2.40
8i5c	intellifold2	msa	ranked_4	OK	45.65	47.69	2.04	27.25	7.33	19.92
8i5d	intellifold2	msa	ranked_4	OK	46.34	44.46	1.89	6.94	11.72	4.78
8qfy	intellifold2	msa	ranked_4	OK	81.97	78.46	3.51	18.59	18.22	0.36
8shi	intellifold2	msa	ranked_4	OK	31.44	20.26	11.18	5.71	18.76	13.04
8wte	intellifold2	msa	ranked_4	OK	56.11	64.06	7.95	5.34	4.45	0.89
8wul	intellifold2	msa	ranked_4	OK	62.47	64.44	1.96	1.51	2.45	0.95
6zkw	intellifold2	msa+tmpl	ranked_0	OK	28.44	57.14	28.71	31.16	18.99	12.17
6zkx	intellifold2	msa+tmpl	ranked_0	OK	21.00	54.69	33.68	30.61	13.69	16.93
6zky	intellifold2	msa+tmpl	ranked_0	OK	41.82	56.78	14.96	14.70	18.99	4.29
6zkz	intellifold2	msa+tmpl	ranked_0	OK	41.82	56.52	14.69	13.63	18.02	4.39
7dzm	intellifold2	msa+tmpl	ranked_0	OK	78.50	45.42	33.07	101.72	10.35	91.37
7dzn	intellifold2	msa+tmpl	ranked_0	OK	48.38	44.85	3.53	9.94	10.90	0.96
7l1d	intellifold2	msa+tmpl	ranked_0	OK	40.87	47.41	6.54	3.62	3.49	0.13
7n2n	intellifold2	msa+tmpl	ranked_0	OK	129.21	20.52	108.68	150.34	5.13	145.21
7n2o	intellifold2	msa+tmpl	ranked_0	OK	132.45	20.11	112.34	158.20	12.74	145.46
7n2p	intellifold2	msa+tmpl	ranked_0	OK	81.04	21.92	59.12	142.08	9.18	132.91
7n2q	intellifold2	msa+tmpl	ranked_0	OK	81.95	21.13	60.82	63.56	9.24	54.33
7n2r	intellifold2	msa+tmpl	ranked_0	OK	83.46	21.24	62.23	62.86	8.70	54.17
7n2s	intellifold2	msa+tmpl	ranked_0	OK	18.48	21.39	2.91	10.10	5.07	5.03
7n4k	intellifold2	msa+tmpl	ranked_0	OK	47.12	41.23	5.89	16.25	16.00	0.25
7n5c	intellifold2	msa+tmpl	ranked_0	OK	44.11	43.40	0.71	12.60	18.17	5.57
7n5p	intellifold2	msa+tmpl	ranked_0	OK	45.18	41.20	3.98	16.99	16.18	0.81
7na5	intellifold2	msa+tmpl	ranked_0	OK	49.86	58.96	9.11	2.78	14.97	12.19
7ndq	intellifold2	msa+tmpl	ranked_0	OK	73.96	76.89	2.93	26.49	19.03	7.46
7ndt	intellifold2	msa+tmpl	ranked_0	OK	32.14	33.86	1.72	10.27	7.29	2.98
7ndu	intellifold2	msa+tmpl	ranked_0	OK	73.69	76.62	2.93	28.10	20.08	8.02
7nme	intellifold2	msa+tmpl	ranked_0	OK	45.61	35.91	9.69	3.32	8.79	5.47
7nmf	intellifold2	msa+tmpl	ranked_0	OK	45.61	35.95	9.65	3.32	8.90	5.58
7nmg	intellifold2	msa+tmpl	ranked_0	OK	43.23	34.94	8.29	6.01	7.72	1.71
7ow5	intellifold2	msa+tmpl	ranked_0	OK	40.45	46.04	5.58	12.40	8.56	3.84
7ow6	intellifold2	msa+tmpl	ranked_0	OK	39.95	48.16	8.21	7.67	8.38	0.71
7pb2	intellifold2	msa+tmpl	ranked_0	OK	118.17	41.61	76.56	9.70	9.07	0.63
7pbe	intellifold2	msa+tmpl	ranked_0	OK	54.82	51.66	3.17	2.03	2.25	0.22
7phr	intellifold2	msa+tmpl	ranked_0	OK	37.70	42.98	5.28	6.63	5.35	1.28
7q99	intellifold2	msa+tmpl	ranked_0	OK	41.36	45.58	4.22	4.22	7.05	2.83
7q9a	intellifold2	msa+tmpl	ranked_0	OK	39.10	47.58	8.48	4.05	9.68	5.63
7q9b	intellifold2	msa+tmpl	ranked_0	OK	36.70	46.49	9.79	6.92	8.38	1.46
7qpj	intellifold2	msa+tmpl	ranked_0	OK	32.45	31.58	0.87	11.56	10.81	0.74
7r80	intellifold2	msa+tmpl	ranked_0	OK	21.69	17.50	4.19	11.04	11.89	0.85
7rk7	intellifold2	msa+tmpl	ranked_0	OK	50.82	80.75	29.93	7.59	16.46	8.87
7rm4	intellifold2	msa+tmpl	ranked_0	OK	54.48	35.33	19.15	18.73	18.89	0.16
7rrg	intellifold2	msa+tmpl	ranked_0	OK	97.51	73.79	23.72	169.19	12.05	157.15
7rtr	intellifold2	msa+tmpl	ranked_0	OK	52.71	42.24	10.47	3.44	3.53	0.09
7su9	intellifold2	msa+tmpl	ranked_0	OK	14.32	13.42	0.90	12.24	9.17	3.07
8cx4	intellifold2	msa+tmpl	ranked_0	OK	17.23	20.06	2.83	5.62	8.65	3.02
8d5q	intellifold2	msa+tmpl	ranked_0	OK	34.24	31.15	3.08	9.79	9.43	0.36
8dnt	intellifold2	msa+tmpl	ranked_0	OK	35.93	31.40	4.53	7.58	3.64	3.93
8en8	intellifold2	msa+tmpl	ranked_0	OK	35.74	41.37	5.63	5.01	21.57	16.55
8enh	intellifold2	msa+tmpl	ranked_0	OK	35.74	37.82	2.08	4.58	19.96	15.38
8eo8	intellifold2	msa+tmpl	ranked_0	OK	33.72	38.49	4.77	4.11	21.40	17.29
8f5a	intellifold2	msa+tmpl	ranked_0	OK	32.62	49.88	17.25	14.04	6.53	7.51
8gom	intellifold2	msa+tmpl	ranked_0	OK	43.28	39.06	4.22	5.06	15.79	10.73
8gon	intellifold2	msa+tmpl	ranked_0	OK	15.79	38.47	22.68	29.39	13.44	15.96
8gvb	intellifold2	msa+tmpl	ranked_0	OK	54.80	54.52	0.29	14.52	19.12	4.60
8gvg	intellifold2	msa+tmpl	ranked_0	OK	56.16	55.07	1.09	17.09	20.08	3.00
8gvi	intellifold2	msa+tmpl	ranked_0	OK	58.25	55.10	3.14	15.20	20.62	5.42
8i5c	intellifold2	msa+tmpl	ranked_0	OK	38.05	47.69	9.63	15.63	7.33	8.31
8i5d	intellifold2	msa+tmpl	ranked_0	OK	55.78	44.46	11.32	11.45	11.72	0.27
8qfy	intellifold2	msa+tmpl	ranked_0	OK	80.80	78.46	2.34	18.14	18.22	0.08
8shi	intellifold2	msa+tmpl	ranked_0	OK	33.93	20.26	13.67	7.74	18.76	11.02
8wte	intellifold2	msa+tmpl	ranked_0	OK	66.50	64.06	2.43	19.76	4.45	15.30
8wul	intellifold2	msa+tmpl	ranked_0	OK	128.01	64.44	63.58	157.78	2.45	155.33
6zkw	intellifold2	msa+tmpl	ranked_1	OK	27.76	57.14	29.38	26.01	18.99	7.02
6zkx	intellifold2	msa+tmpl	ranked_1	OK	23.73	54.69	30.96	29.52	13.69	15.83
6zky	intellifold2	msa+tmpl	ranked_1	OK	43.46	56.78	13.32	14.05	18.99	4.94
6zkz	intellifold2	msa+tmpl	ranked_1	OK	44.89	56.52	11.63	11.85	18.02	6.18
7dzm	intellifold2	msa+tmpl	ranked_1	OK	127.29	45.42	81.87	2.81	10.35	7.54
7dzn	intellifold2	msa+tmpl	ranked_1	OK	48.70	44.85	3.85	10.33	10.90	0.58
7l1d	intellifold2	msa+tmpl	ranked_1	OK	41.94	47.41	5.47	6.18	3.49	2.69
7n2n	intellifold2	msa+tmpl	ranked_1	OK	130.01	20.52	109.49	156.12	5.13	150.98
7n2o	intellifold2	msa+tmpl	ranked_1	OK	132.28	20.11	112.17	160.79	12.74	148.05
7n2p	intellifold2	msa+tmpl	ranked_1	OK	92.70	21.92	70.78	145.32	9.18	136.14
7n2q	intellifold2	msa+tmpl	ranked_1	OK	4.45	21.13	16.69	11.30	9.24	2.06
7n2r	intellifold2	msa+tmpl	ranked_1	OK	165.66	21.24	144.42	19.87	8.70	11.17
7n2s	intellifold2	msa+tmpl	ranked_1	OK	18.09	21.39	3.30	6.87	5.07	1.79
7n4k	intellifold2	msa+tmpl	ranked_1	OK	44.65	41.23	3.42	16.25	16.00	0.24
7n5c	intellifold2	msa+tmpl	ranked_1	OK	43.99	43.40	0.59	14.00	18.17	4.17
7n5p	intellifold2	msa+tmpl	ranked_1	OK	45.46	41.20	4.27	14.97	16.18	1.21
7na5	intellifold2	msa+tmpl	ranked_1	OK	49.70	58.96	9.26	2.16	14.97	12.81
7ndq	intellifold2	msa+tmpl	ranked_1	OK	74.80	76.89	2.09	24.65	19.03	5.62
7ndt	intellifold2	msa+tmpl	ranked_1	OK	38.58	33.86	4.73	7.17	7.29	0.12
7ndu	intellifold2	msa+tmpl	ranked_1	OK	74.10	76.62	2.52	27.57	20.08	7.49
7nme	intellifold2	msa+tmpl	ranked_1	OK	45.26	35.91	9.35	2.19	8.79	6.60
7nmf	intellifold2	msa+tmpl	ranked_1	OK	45.26	35.95	9.31	2.19	8.90	6.71
7nmg	intellifold2	msa+tmpl	ranked_1	OK	46.08	34.94	11.14	2.45	7.72	5.27
7ow5	intellifold2	msa+tmpl	ranked_1	OK	37.75	46.04	8.29	12.25	8.56	3.69
7ow6	intellifold2	msa+tmpl	ranked_1	OK	40.61	48.16	7.54	9.47	8.38	1.09
7pb2	intellifold2	msa+tmpl	ranked_1	OK	119.81	41.61	78.20	11.36	9.07	2.30
7pbe	intellifold2	msa+tmpl	ranked_1	OK	52.50	51.66	0.84	2.86	2.25	0.61
7phr	intellifold2	msa+tmpl	ranked_1	OK	37.79	42.98	5.19	5.63	5.35	0.28
7q99	intellifold2	msa+tmpl	ranked_1	OK	42.40	45.58	3.19	4.73	7.05	2.33
7q9a	intellifold2	msa+tmpl	ranked_1	OK	39.36	47.58	8.22	3.80	9.68	5.88
7q9b	intellifold2	msa+tmpl	ranked_1	OK	31.73	46.49	14.75	5.02	8.38	3.36
7qpj	intellifold2	msa+tmpl	ranked_1	OK	31.54	31.58	0.04	11.42	10.81	0.61
7r80	intellifold2	msa+tmpl	ranked_1	OK	21.32	17.50	3.82	10.23	11.89	1.66
7rk7	intellifold2	msa+tmpl	ranked_1	OK	114.04	80.75	33.29	9.59	16.46	6.87
7rm4	intellifold2	msa+tmpl	ranked_1	OK	53.82	35.33	18.49	16.75	18.89	2.13
7rrg	intellifold2	msa+tmpl	ranked_1	OK	99.79	73.79	26.00	168.08	12.05	156.03
7rtr	intellifold2	msa+tmpl	ranked_1	OK	55.05	42.24	12.81	1.53	3.53	2.00
7su9	intellifold2	msa+tmpl	ranked_1	OK	15.53	13.42	2.11	14.69	9.17	5.52
8cx4	intellifold2	msa+tmpl	ranked_1	OK	17.11	20.06	2.95	4.54	8.65	4.11
8d5q	intellifold2	msa+tmpl	ranked_1	OK	32.35	31.15	1.19	8.54	9.43	0.89
8dnt	intellifold2	msa+tmpl	ranked_1	OK	34.20	31.40	2.79	6.14	3.64	2.49
8en8	intellifold2	msa+tmpl	ranked_1	OK	37.10	41.37	4.26	4.35	21.57	17.21
8enh	intellifold2	msa+tmpl	ranked_1	OK	34.95	37.82	2.86	4.38	19.96	15.57
8eo8	intellifold2	msa+tmpl	ranked_1	OK	35.22	38.49	3.27	7.21	21.40	14.19
8f5a	intellifold2	msa+tmpl	ranked_1	OK	33.95	49.88	15.93	8.40	6.53	1.87
8gom	intellifold2	msa+tmpl	ranked_1	OK	45.37	39.06	6.31	4.82	15.79	10.97
8gon	intellifold2	msa+tmpl	ranked_1	OK	16.34	38.47	22.13	29.12	13.44	15.68
8gvb	intellifold2	msa+tmpl	ranked_1	OK	55.87	54.52	1.35	15.78	19.12	3.34
8gvg	intellifold2	msa+tmpl	ranked_1	OK	56.57	55.07	1.49	16.56	20.08	3.53
8gvi	intellifold2	msa+tmpl	ranked_1	OK	58.45	55.10	3.34	15.01	20.62	5.61
8i5c	intellifold2	msa+tmpl	ranked_1	OK	35.02	47.69	12.67	16.38	7.33	9.05
8i5d	intellifold2	msa+tmpl	ranked_1	OK	55.81	44.46	11.35	8.46	11.72	3.26
8qfy	intellifold2	msa+tmpl	ranked_1	OK	81.29	78.46	2.83	20.66	18.22	2.44
8shi	intellifold2	msa+tmpl	ranked_1	OK	34.21	20.26	13.95	8.27	18.76	10.48
8wte	intellifold2	msa+tmpl	ranked_1	OK	72.34	64.06	8.27	21.68	4.45	17.22
8wul	intellifold2	msa+tmpl	ranked_1	OK	124.20	64.44	59.77	154.40	2.45	151.94
6zkw	intellifold2	msa+tmpl	ranked_2	OK	25.90	57.14	31.24	29.05	18.99	10.06
6zkx	intellifold2	msa+tmpl	ranked_2	OK	23.49	54.69	31.19	29.01	13.69	15.32
6zky	intellifold2	msa+tmpl	ranked_2	OK	42.21	56.78	14.57	17.66	18.99	1.33
6zkz	intellifold2	msa+tmpl	ranked_2	OK	42.32	56.52	14.19	15.34	18.02	2.68
7dzm	intellifold2	msa+tmpl	ranked_2	OK	38.53	45.42	6.89	5.96	10.35	4.39
7dzn	intellifold2	msa+tmpl	ranked_2	OK	48.73	44.85	3.88	11.79	10.90	0.89
7l1d	intellifold2	msa+tmpl	ranked_2	OK	40.44	47.41	6.97	5.02	3.49	1.53
7n2n	intellifold2	msa+tmpl	ranked_2	OK	130.03	20.52	109.51	156.48	5.13	151.35
7n2o	intellifold2	msa+tmpl	ranked_2	OK	134.37	20.11	114.26	158.22	12.74	145.48
7n2p	intellifold2	msa+tmpl	ranked_2	OK	19.43	21.92	2.49	21.35	9.18	12.17
7n2q	intellifold2	msa+tmpl	ranked_2	OK	169.82	21.13	148.68	14.95	9.24	5.71
7n2r	intellifold2	msa+tmpl	ranked_2	OK	29.78	21.24	8.54	141.19	8.70	132.49
7n2s	intellifold2	msa+tmpl	ranked_2	OK	15.26	21.39	6.13	7.84	5.07	2.77
7n4k	intellifold2	msa+tmpl	ranked_2	OK	46.21	41.23	4.98	15.80	16.00	0.20
7n5c	intellifold2	msa+tmpl	ranked_2	OK	43.63	43.40	0.23	13.93	18.17	4.24
7n5p	intellifold2	msa+tmpl	ranked_2	OK	46.30	41.20	5.10	18.23	16.18	2.04
7na5	intellifold2	msa+tmpl	ranked_2	OK	50.28	58.96	8.68	2.92	14.97	12.05
7ndq	intellifold2	msa+tmpl	ranked_2	OK	73.91	76.89	2.98	25.92	19.03	6.89
7ndt	intellifold2	msa+tmpl	ranked_2	OK	37.84	33.86	3.98	6.40	7.29	0.89
7ndu	intellifold2	msa+tmpl	ranked_2	OK	74.94	76.62	1.68	28.02	20.08	7.94
7nme	intellifold2	msa+tmpl	ranked_2	OK	45.09	35.91	9.18	5.16	8.79	3.63
7nmf	intellifold2	msa+tmpl	ranked_2	OK	45.09	35.95	9.14	5.16	8.90	3.75
7nmg	intellifold2	msa+tmpl	ranked_2	OK	42.35	34.94	7.41	4.47	7.72	3.25
7ow5	intellifold2	msa+tmpl	ranked_2	OK	39.55	46.04	6.49	11.20	8.56	2.64
7ow6	intellifold2	msa+tmpl	ranked_2	OK	41.14	48.16	7.02	11.53	8.38	3.15
7pb2	intellifold2	msa+tmpl	ranked_2	OK	119.97	41.61	78.36	10.51	9.07	1.45
7pbe	intellifold2	msa+tmpl	ranked_2	OK	53.06	51.66	1.40	2.19	2.25	0.06
7phr	intellifold2	msa+tmpl	ranked_2	OK	37.28	42.98	5.70	7.18	5.35	1.82
7q99	intellifold2	msa+tmpl	ranked_2	OK	40.80	45.58	4.78	2.24	7.05	4.81
7q9a	intellifold2	msa+tmpl	ranked_2	OK	39.44	47.58	8.14	5.77	9.68	3.91
7q9b	intellifold2	msa+tmpl	ranked_2	OK	33.35	46.49	13.14	9.97	8.38	1.59
7qpj	intellifold2	msa+tmpl	ranked_2	OK	31.28	31.58	0.30	10.82	10.81	0.01
7r80	intellifold2	msa+tmpl	ranked_2	OK	21.06	17.50	3.55	11.12	11.89	0.77
7rk7	intellifold2	msa+tmpl	ranked_2	OK	109.08	80.75	28.33	5.60	16.46	10.86
7rm4	intellifold2	msa+tmpl	ranked_2	OK	48.17	35.33	12.84	22.39	18.89	3.51
7rrg	intellifold2	msa+tmpl	ranked_2	OK	96.84	73.79	23.05	172.97	12.05	160.92
7rtr	intellifold2	msa+tmpl	ranked_2	OK	52.50	42.24	10.26	0.64	3.53	2.88
7su9	intellifold2	msa+tmpl	ranked_2	OK	14.79	13.42	1.36	9.70	9.17	0.53
8cx4	intellifold2	msa+tmpl	ranked_2	OK	12.06	20.06	7.99	6.98	8.65	1.67
8d5q	intellifold2	msa+tmpl	ranked_2	OK	32.38	31.15	1.23	8.01	9.43	1.42
8dnt	intellifold2	msa+tmpl	ranked_2	OK	35.33	31.40	3.93	6.84	3.64	3.20
8en8	intellifold2	msa+tmpl	ranked_2	OK	36.86	41.37	4.50	4.20	21.57	17.36
8enh	intellifold2	msa+tmpl	ranked_2	OK	33.66	37.82	4.15	3.71	19.96	16.24
8eo8	intellifold2	msa+tmpl	ranked_2	OK	35.40	38.49	3.09	3.63	21.40	17.77
8f5a	intellifold2	msa+tmpl	ranked_2	OK	31.64	49.88	18.23	12.31	6.53	5.78
8gom	intellifold2	msa+tmpl	ranked_2	OK	42.15	39.06	3.09	4.33	15.79	11.46
8gon	intellifold2	msa+tmpl	ranked_2	OK	14.39	38.47	24.09	27.63	13.44	14.19
8gvb	intellifold2	msa+tmpl	ranked_2	OK	56.65	54.52	2.14	14.44	19.12	4.68
8gvg	intellifold2	msa+tmpl	ranked_2	OK	55.24	55.07	0.17	17.95	20.08	2.14
8gvi	intellifold2	msa+tmpl	ranked_2	OK	58.09	55.10	2.99	16.89	20.62	3.74
8i5c	intellifold2	msa+tmpl	ranked_2	OK	37.77	47.69	9.92	74.13	7.33	66.81
8i5d	intellifold2	msa+tmpl	ranked_2	OK	51.09	44.46	6.63	9.73	11.72	1.99
8qfy	intellifold2	msa+tmpl	ranked_2	OK	81.99	78.46	3.53	18.94	18.22	0.72
8shi	intellifold2	msa+tmpl	ranked_2	OK	33.22	20.26	12.95	5.74	18.76	13.02
8wte	intellifold2	msa+tmpl	ranked_2	OK	66.67	64.06	2.60	22.04	4.45	17.59
8wul	intellifold2	msa+tmpl	ranked_2	OK	65.02	64.44	0.58	3.47	2.45	1.02
6zkw	intellifold2	msa+tmpl	ranked_3	OK	40.11	57.14	17.03	15.93	18.99	3.06
6zkx	intellifold2	msa+tmpl	ranked_3	OK	21.37	54.69	33.31	32.81	13.69	19.13
6zky	intellifold2	msa+tmpl	ranked_3	OK	39.36	56.78	17.42	15.11	18.99	3.88
6zkz	intellifold2	msa+tmpl	ranked_3	OK	44.16	56.52	12.36	14.99	18.02	3.03
7dzm	intellifold2	msa+tmpl	ranked_3	OK	52.35	45.42	6.92	3.06	10.35	7.29
7dzn	intellifold2	msa+tmpl	ranked_3	OK	47.92	44.85	3.07	9.94	10.90	0.96
7l1d	intellifold2	msa+tmpl	ranked_3	OK	38.24	47.41	9.17	4.01	3.49	0.52
7n2n	intellifold2	msa+tmpl	ranked_3	OK	131.82	20.52	111.29	151.87	5.13	146.73
7n2o	intellifold2	msa+tmpl	ranked_3	OK	164.68	20.11	144.57	8.97	12.74	3.78
7n2p	intellifold2	msa+tmpl	ranked_3	OK	19.20	21.92	2.72	30.88	9.18	21.70
7n2q	intellifold2	msa+tmpl	ranked_3	OK	90.67	21.13	69.54	151.72	9.24	142.48
7n2r	intellifold2	msa+tmpl	ranked_3	OK	85.62	21.24	64.38	160.54	8.70	151.84
7n2s	intellifold2	msa+tmpl	ranked_3	OK	21.96	21.39	0.57	6.35	5.07	1.28
7n4k	intellifold2	msa+tmpl	ranked_3	OK	46.20	41.23	4.97	17.79	16.00	1.79
7n5c	intellifold2	msa+tmpl	ranked_3	OK	40.43	43.40	2.97	13.95	18.17	4.22
7n5p	intellifold2	msa+tmpl	ranked_3	OK	46.63	41.20	5.43	16.99	16.18	0.81
7na5	intellifold2	msa+tmpl	ranked_3	OK	49.84	58.96	9.12	2.12	14.97	12.85
7ndq	intellifold2	msa+tmpl	ranked_3	OK	74.83	76.89	2.07	27.57	19.03	8.54
7ndt	intellifold2	msa+tmpl	ranked_3	OK	29.86	33.86	4.00	4.78	7.29	2.51
7ndu	intellifold2	msa+tmpl	ranked_3	OK	73.68	76.62	2.94	31.33	20.08	11.25
7nme	intellifold2	msa+tmpl	ranked_3	OK	48.18	35.91	12.27	2.43	8.79	6.36
7nmf	intellifold2	msa+tmpl	ranked_3	OK	48.18	35.95	12.23	2.43	8.90	6.47
7nmg	intellifold2	msa+tmpl	ranked_3	OK	45.30	34.94	10.36	3.22	7.72	4.49
7ow5	intellifold2	msa+tmpl	ranked_3	OK	40.92	46.04	5.12	10.71	8.56	2.15
7ow6	intellifold2	msa+tmpl	ranked_3	OK	40.03	48.16	8.13	12.58	8.38	4.20
7pb2	intellifold2	msa+tmpl	ranked_3	OK	119.38	41.61	77.77	10.48	9.07	1.42
7pbe	intellifold2	msa+tmpl	ranked_3	OK	53.34	51.66	1.68	2.58	2.25	0.33
7phr	intellifold2	msa+tmpl	ranked_3	OK	38.03	42.98	4.94	5.35	5.35	0.00
7q99	intellifold2	msa+tmpl	ranked_3	OK	42.52	45.58	3.07	2.50	7.05	4.55
7q9a	intellifold2	msa+tmpl	ranked_3	OK	40.27	47.58	7.30	3.30	9.68	6.38
7q9b	intellifold2	msa+tmpl	ranked_3	OK	33.56	46.49	12.93	8.80	8.38	0.42
7qpj	intellifold2	msa+tmpl	ranked_3	OK	31.82	31.58	0.24	10.34	10.81	0.48
7r80	intellifold2	msa+tmpl	ranked_3	OK	20.27	17.50	2.77	10.55	11.89	1.34
7rk7	intellifold2	msa+tmpl	ranked_3	OK	44.06	80.75	36.69	60.86	16.46	44.39
7rm4	intellifold2	msa+tmpl	ranked_3	OK	55.11	35.33	19.79	17.33	18.89	1.56
7rrg	intellifold2	msa+tmpl	ranked_3	OK	58.08	73.79	15.71	172.61	12.05	160.56
7rtr	intellifold2	msa+tmpl	ranked_3	OK	51.71	42.24	9.46	2.88	3.53	0.64
7su9	intellifold2	msa+tmpl	ranked_3	OK	15.70	13.42	2.28	14.97	9.17	5.80
8cx4	intellifold2	msa+tmpl	ranked_3	OK	11.58	20.06	8.47	7.11	8.65	1.53
8d5q	intellifold2	msa+tmpl	ranked_3	OK	32.19	31.15	1.03	13.36	9.43	3.93
8dnt	intellifold2	msa+tmpl	ranked_3	OK	35.92	31.40	4.52	7.58	3.64	3.94
8en8	intellifold2	msa+tmpl	ranked_3	OK	36.13	41.37	5.23	9.51	21.57	12.06
8enh	intellifold2	msa+tmpl	ranked_3	OK	32.69	37.82	5.13	2.91	19.96	17.05
8eo8	intellifold2	msa+tmpl	ranked_3	OK	33.25	38.49	5.24	4.58	21.40	16.82
8f5a	intellifold2	msa+tmpl	ranked_3	OK	32.99	49.88	16.88	9.15	6.53	2.62
8gom	intellifold2	msa+tmpl	ranked_3	OK	47.02	39.06	7.95	4.87	15.79	10.92
8gon	intellifold2	msa+tmpl	ranked_3	OK	112.78	38.47	74.31	44.40	13.44	30.96
8gvb	intellifold2	msa+tmpl	ranked_3	OK	56.19	54.52	1.67	14.22	19.12	4.91
8gvg	intellifold2	msa+tmpl	ranked_3	OK	57.28	55.07	2.21	17.94	20.08	2.15
8gvi	intellifold2	msa+tmpl	ranked_3	OK	54.90	55.10	0.20	16.83	20.62	3.79
8i5c	intellifold2	msa+tmpl	ranked_3	OK	40.05	47.69	7.64	73.34	7.33	66.02
8i5d	intellifold2	msa+tmpl	ranked_3	OK	53.89	44.46	9.44	13.16	11.72	1.44
8qfy	intellifold2	msa+tmpl	ranked_3	OK	80.42	78.46	1.96	18.81	18.22	0.59
8shi	intellifold2	msa+tmpl	ranked_3	OK	31.69	20.26	11.43	5.66	18.76	13.10
8wte	intellifold2	msa+tmpl	ranked_3	OK	74.77	64.06	10.70	20.70	4.45	16.25
8wul	intellifold2	msa+tmpl	ranked_3	OK	61.55	64.44	2.89	4.08	2.45	1.63
6zkw	intellifold2	msa+tmpl	ranked_4	OK	42.33	57.14	14.82	18.96	18.99	0.03
6zkx	intellifold2	msa+tmpl	ranked_4	OK	25.23	54.69	29.45	30.66	13.69	16.97
6zky	intellifold2	msa+tmpl	ranked_4	OK	44.07	56.78	12.71	15.57	18.99	3.42
6zkz	intellifold2	msa+tmpl	ranked_4	OK	43.22	56.52	13.30	12.47	18.02	5.55
7dzm	intellifold2	msa+tmpl	ranked_4	OK	12.17	45.42	33.26	53.90	10.35	43.55
7dzn	intellifold2	msa+tmpl	ranked_4	OK	48.04	44.85	3.19	10.96	10.90	0.06
7l1d	intellifold2	msa+tmpl	ranked_4	OK	46.72	47.41	0.69	8.61	3.49	5.12
7n2n	intellifold2	msa+tmpl	ranked_4	OK	126.47	20.52	105.94	157.56	5.13	152.43
7n2o	intellifold2	msa+tmpl	ranked_4	OK	9.26	20.11	10.85	6.02	12.74	6.72
7n2p	intellifold2	msa+tmpl	ranked_4	OK	21.52	21.92	0.40	22.60	9.18	13.43
7n2q	intellifold2	msa+tmpl	ranked_4	OK	93.77	21.13	72.64	153.88	9.24	144.65
7n2r	intellifold2	msa+tmpl	ranked_4	OK	87.86	21.24	66.62	147.11	8.70	138.41
7n2s	intellifold2	msa+tmpl	ranked_4	OK	20.90	21.39	0.49	4.54	5.07	0.53
7n4k	intellifold2	msa+tmpl	ranked_4	OK	46.67	41.23	5.44	15.26	16.00	0.74
7n5c	intellifold2	msa+tmpl	ranked_4	OK	42.38	43.40	1.02	13.72	18.17	4.45
7n5p	intellifold2	msa+tmpl	ranked_4	OK	44.64	41.20	3.45	15.04	16.18	1.14
7na5	intellifold2	msa+tmpl	ranked_4	OK	51.95	58.96	7.01	2.33	14.97	12.64
7ndq	intellifold2	msa+tmpl	ranked_4	OK	75.22	76.89	1.68	26.79	19.03	7.76
7ndt	intellifold2	msa+tmpl	ranked_4	OK	35.66	33.86	1.80	8.17	7.29	0.88
7ndu	intellifold2	msa+tmpl	ranked_4	OK	73.32	76.62	3.30	29.41	20.08	9.33
7nme	intellifold2	msa+tmpl	ranked_4	OK	43.65	35.91	7.74	2.34	8.79	6.45
7nmf	intellifold2	msa+tmpl	ranked_4	OK	43.65	35.95	7.70	2.34	8.90	6.56
7nmg	intellifold2	msa+tmpl	ranked_4	OK	45.54	34.94	10.60	2.71	7.72	5.01
7ow5	intellifold2	msa+tmpl	ranked_4	OK	38.97	46.04	7.07	12.65	8.56	4.09
7ow6	intellifold2	msa+tmpl	ranked_4	OK	41.07	48.16	7.08	8.04	8.38	0.34
7pb2	intellifold2	msa+tmpl	ranked_4	OK	118.56	41.61	76.95	9.95	9.07	0.88
7pbe	intellifold2	msa+tmpl	ranked_4	OK	51.96	51.66	0.30	2.74	2.25	0.48
7phr	intellifold2	msa+tmpl	ranked_4	OK	36.78	42.98	6.19	6.36	5.35	1.01
7q99	intellifold2	msa+tmpl	ranked_4	OK	40.49	45.58	5.09	4.35	7.05	2.70
7q9a	intellifold2	msa+tmpl	ranked_4	OK	40.04	47.58	7.53	4.45	9.68	5.23
7q9b	intellifold2	msa+tmpl	ranked_4	OK	32.28	46.49	14.21	8.80	8.38	0.42
7qpj	intellifold2	msa+tmpl	ranked_4	OK	31.28	31.58	0.30	11.55	10.81	0.74
7r80	intellifold2	msa+tmpl	ranked_4	OK	18.24	17.50	0.73	11.52	11.89	0.38
7rk7	intellifold2	msa+tmpl	ranked_4	OK	118.51	80.75	37.76	157.38	16.46	140.92
7rm4	intellifold2	msa+tmpl	ranked_4	OK	51.07	35.33	15.74	20.50	18.89	1.62
7rrg	intellifold2	msa+tmpl	ranked_4	OK	93.47	73.79	19.68	93.45	12.05	81.40
7rtr	intellifold2	msa+tmpl	ranked_4	OK	50.76	42.24	8.51	0.61	3.53	2.91
7su9	intellifold2	msa+tmpl	ranked_4	OK	14.16	13.42	0.74	13.33	9.17	4.16
8cx4	intellifold2	msa+tmpl	ranked_4	OK	14.85	20.06	5.21	7.59	8.65	1.06
8d5q	intellifold2	msa+tmpl	ranked_4	OK	32.79	31.15	1.64	12.03	9.43	2.60
8dnt	intellifold2	msa+tmpl	ranked_4	OK	34.55	31.40	3.15	5.88	3.64	2.23
8en8	intellifold2	msa+tmpl	ranked_4	OK	38.59	41.37	2.77	7.32	21.57	14.24
8enh	intellifold2	msa+tmpl	ranked_4	OK	31.95	37.82	5.87	5.73	19.96	14.22
8eo8	intellifold2	msa+tmpl	ranked_4	OK	34.66	38.49	3.83	3.84	21.40	17.56
8f5a	intellifold2	msa+tmpl	ranked_4	OK	36.39	49.88	13.49	11.62	6.53	5.09
8gom	intellifold2	msa+tmpl	ranked_4	OK	43.30	39.06	4.23	4.20	15.79	11.59
8gon	intellifold2	msa+tmpl	ranked_4	OK	103.19	38.47	64.72	167.13	13.44	153.70
8gvb	intellifold2	msa+tmpl	ranked_4	OK	55.28	54.52	0.77	15.49	19.12	3.63
8gvg	intellifold2	msa+tmpl	ranked_4	OK	56.67	55.07	1.60	18.04	20.08	2.04
8gvi	intellifold2	msa+tmpl	ranked_4	OK	58.26	55.10	3.16	16.26	20.62	4.36
8i5c	intellifold2	msa+tmpl	ranked_4	OK	39.74	47.69	7.95	71.19	7.33	63.87
8i5d	intellifold2	msa+tmpl	ranked_4	OK	48.16	44.46	3.70	7.34	11.72	4.38
8qfy	intellifold2	msa+tmpl	ranked_4	OK	81.55	78.46	3.09	18.43	18.22	0.21
8shi	intellifold2	msa+tmpl	ranked_4	OK	32.29	20.26	12.03	5.71	18.76	13.04
8wte	intellifold2	msa+tmpl	ranked_4	OK	71.00	64.06	6.94	21.65	4.45	17.20
8wul	intellifold2	msa+tmpl	ranked_4	OK	148.49	64.44	84.05	63.69	2.45	61.24
6zkw	protenix_v1	msa	ranked_0	OK	52.95	57.14	4.19	14.97	18.99	4.02
6zkx	protenix_v1	msa	ranked_0	OK	27.47	54.69	27.21	19.08	13.69	5.40
6zky	protenix_v1	msa	ranked_0	OK	132.94	56.78	76.16	74.80	18.99	55.81
6zkz	protenix_v1	msa	ranked_0	FAIL						
7dzm	protenix_v1	msa	ranked_0	OK	53.85	45.42	8.42	25.80	10.35	15.45
7dzn	protenix_v1	msa	ranked_0	FAIL						
7l1d	protenix_v1	msa	ranked_0	FAIL						
7n2n	protenix_v1	msa	ranked_0	FAIL						
7n2o	protenix_v1	msa	ranked_0	FAIL						
7n2p	protenix_v1	msa	ranked_0	OK	148.96	21.92	127.04	8.76	9.18	0.42
7n2q	protenix_v1	msa	ranked_0	OK	33.66	21.13	12.53	44.53	9.24	35.30
7n2r	protenix_v1	msa	ranked_0	FAIL						
7n2s	protenix_v1	msa	ranked_0	OK	146.33	21.39	124.94	2.10	5.07	2.98
7n4k	protenix_v1	msa	ranked_0	OK	42.86	41.23	1.63	13.89	16.00	2.11
7n5c	protenix_v1	msa	ranked_0	FAIL						
7n5p	protenix_v1	msa	ranked_0	FAIL						
7na5	protenix_v1	msa	ranked_0	OK	45.94	58.96	13.02	12.13	14.97	2.85
7ndq	protenix_v1	msa	ranked_0	OK	35.25	76.89	41.64	7.79	19.03	11.24
7ndt	protenix_v1	msa	ranked_0	OK	126.02	33.86	92.16	8.51	7.29	1.22
7ndu	protenix_v1	msa	ranked_0	OK	82.22	76.62	5.60	28.10	20.08	8.03
7nme	protenix_v1	msa	ranked_0	OK	48.06	35.91	12.15	6.92	8.79	1.87
7nmf	protenix_v1	msa	ranked_0	OK	48.03	35.95	12.08	6.78	8.90	2.12
7nmg	protenix_v1	msa	ranked_0	OK	46.24	34.94	11.30	2.96	7.72	4.76
7ow5	protenix_v1	msa	ranked_0	OK	44.42	46.04	1.62	4.57	8.56	3.99
7ow6	protenix_v1	msa	ranked_0	OK	48.56	48.16	0.40	2.99	8.38	5.39
7pb2	protenix_v1	msa	ranked_0	OK	35.89	41.61	5.72	14.76	9.07	5.69
7pbe	protenix_v1	msa	ranked_0	OK	50.30	51.66	1.35	3.41	2.25	1.16
7phr	protenix_v1	msa	ranked_0	OK	37.36	42.98	5.61	6.19	5.35	0.83
7q99	protenix_v1	msa	ranked_0	OK	42.43	45.58	3.15	4.09	7.05	2.96
7q9a	protenix_v1	msa	ranked_0	OK	43.39	47.58	4.18	3.00	9.68	6.68
7q9b	protenix_v1	msa	ranked_0	OK	28.12	46.49	18.37	8.59	8.38	0.22
7qpj	protenix_v1	msa	ranked_0	OK	31.78	31.58	0.20	13.08	10.81	2.26
7r80	protenix_v1	msa	ranked_0	OK	142.14	17.50	124.64	13.76	11.89	1.87
7rk7	protenix_v1	msa	ranked_0	OK	63.96	80.75	16.79	11.46	16.46	5.00
7rm4	protenix_v1	msa	ranked_0	OK	32.76	35.33	2.57	20.21	18.89	1.32
7rrg	protenix_v1	msa	ranked_0	OK	56.28	73.79	17.51	8.59	12.05	3.45
7rtr	protenix_v1	msa	ranked_0	OK	52.43	42.24	10.19	2.43	3.53	1.09
7su9	protenix_v1	msa	ranked_0	OK	26.86	13.42	13.44	6.01	9.17	3.16
8cx4	protenix_v1	msa	ranked_0	OK	7.28	20.06	12.78	3.16	8.65	5.48
8d5q	protenix_v1	msa	ranked_0	OK	42.46	31.15	11.31	14.60	9.43	5.16
8dnt	protenix_v1	msa	ranked_0	OK	43.27	31.40	11.87	5.57	3.64	1.93
8en8	protenix_v1	msa	ranked_0	OK	30.86	41.37	10.51	8.25	21.57	13.32
8enh	protenix_v1	msa	ranked_0	OK	44.97	37.82	7.16	0.16	19.96	19.80
8eo8	protenix_v1	msa	ranked_0	OK	38.18	38.49	0.31	6.96	21.40	14.45
8f5a	protenix_v1	msa	ranked_0	OK	35.69	49.88	14.19	8.52	6.53	1.99
8gom	protenix_v1	msa	ranked_0	OK	53.03	39.06	13.97	14.01	15.79	1.78
8gon	protenix_v1	msa	ranked_0	OK	46.58	38.47	8.11	14.07	13.44	0.63
8gvb	protenix_v1	msa	ranked_0	OK	46.00	54.52	8.52	18.39	19.12	0.73
8gvg	protenix_v1	msa	ranked_0	OK	58.56	55.07	3.49	19.76	20.08	0.33
8gvi	protenix_v1	msa	ranked_0	OK	56.05	55.10	0.94	20.85	20.62	0.22
8i5c	protenix_v1	msa	ranked_0	OK	55.17	47.69	7.48	9.03	7.33	1.71
8i5d	protenix_v1	msa	ranked_0	OK	33.80	44.46	10.66	14.60	11.72	2.88
8qfy	protenix_v1	msa	ranked_0	OK	82.04	78.46	3.58	22.58	18.22	4.36
8shi	protenix_v1	msa	ranked_0	OK	31.17	20.26	10.91	7.23	18.76	11.53
8wte	protenix_v1	msa	ranked_0	OK	33.73	64.06	30.34	7.29	4.45	2.84
8wul	protenix_v1	msa	ranked_0	OK	54.39	64.44	10.05	5.98	2.45	3.53
6zkw	protenix_v1	msa	ranked_1	OK	55.25	57.14	1.89	12.73	18.99	6.26
6zkx	protenix_v1	msa	ranked_1	OK	23.54	54.69	31.14	20.40	13.69	6.71
6zky	protenix_v1	msa	ranked_1	FAIL						
6zkz	protenix_v1	msa	ranked_1	FAIL						
7dzm	protenix_v1	msa	ranked_1	OK	53.60	45.42	8.17	23.20	10.35	12.85
7dzn	protenix_v1	msa	ranked_1	FAIL						
7l1d	protenix_v1	msa	ranked_1	FAIL						
7n2n	protenix_v1	msa	ranked_1	FAIL						
7n2o	protenix_v1	msa	ranked_1	FAIL						
7n2p	protenix_v1	msa	ranked_1	OK	153.02	21.92	131.09	1.57	9.18	7.60
7n2q	protenix_v1	msa	ranked_1	FAIL						
7n2r	protenix_v1	msa	ranked_1	OK	142.45	21.24	121.22	38.45	8.70	29.76
7n2s	protenix_v1	msa	ranked_1	OK	149.31	21.39	127.92	4.06	5.07	1.01
7n4k	protenix_v1	msa	ranked_1	OK	45.02	41.23	3.78	16.77	16.00	0.76
7n5c	protenix_v1	msa	ranked_1	FAIL						
7n5p	protenix_v1	msa	ranked_1	FAIL						
7na5	protenix_v1	msa	ranked_1	OK	43.54	58.96	15.42	12.31	14.97	2.66
7ndq	protenix_v1	msa	ranked_1	OK	37.28	76.89	39.61	7.31	19.03	11.72
7ndt	protenix_v1	msa	ranked_1	OK	125.38	33.86	91.52	10.52	7.29	3.23
7ndu	protenix_v1	msa	ranked_1	OK	81.85	76.62	5.23	31.08	20.08	11.00
7nme	protenix_v1	msa	ranked_1	OK	45.57	35.91	9.66	4.41	8.79	4.38
7nmf	protenix_v1	msa	ranked_1	OK	45.59	35.95	9.64	4.27	8.90	4.63
7nmg	protenix_v1	msa	ranked_1	OK	47.86	34.94	12.92	5.03	7.72	2.69
7ow5	protenix_v1	msa	ranked_1	OK	43.47	46.04	2.57	3.54	8.56	5.02
7ow6	protenix_v1	msa	ranked_1	OK	47.02	48.16	1.14	4.09	8.38	4.29
7pb2	protenix_v1	msa	ranked_1	OK	39.98	41.61	1.63	15.79	9.07	6.72
7pbe	protenix_v1	msa	ranked_1	OK	50.93	51.66	0.73	2.29	2.25	0.04
7phr	protenix_v1	msa	ranked_1	OK	36.51	42.98	6.47	4.92	5.35	0.43
7q99	protenix_v1	msa	ranked_1	OK	43.79	45.58	1.79	2.08	7.05	4.98
7q9a	protenix_v1	msa	ranked_1	OK	44.90	47.58	2.67	0.99	9.68	8.69
7q9b	protenix_v1	msa	ranked_1	OK	28.34	46.49	18.15	8.55	8.38	0.17
7qpj	protenix_v1	msa	ranked_1	OK	31.13	31.58	0.45	12.41	10.81	1.59
7r80	protenix_v1	msa	ranked_1	OK	149.18	17.50	131.68	11.87	11.89	0.02
7rk7	protenix_v1	msa	ranked_1	OK	63.18	80.75	17.57	11.11	16.46	5.35
7rm4	protenix_v1	msa	ranked_1	OK	35.42	35.33	0.09	25.44	18.89	6.55
7rrg	protenix_v1	msa	ranked_1	OK	56.25	73.79	17.54	8.39	12.05	3.65
7rtr	protenix_v1	msa	ranked_1	OK	55.16	42.24	12.92	2.79	3.53	0.73
7su9	protenix_v1	msa	ranked_1	OK	22.09	13.42	8.66	2.87	9.17	6.30
8cx4	protenix_v1	msa	ranked_1	OK	3.97	20.06	16.09	3.39	8.65	5.26
8d5q	protenix_v1	msa	ranked_1	OK	41.43	31.15	10.27	15.80	9.43	6.37
8dnt	protenix_v1	msa	ranked_1	OK	41.70	31.40	10.30	7.23	3.64	3.58
8en8	protenix_v1	msa	ranked_1	OK	34.97	41.37	6.40	2.24	21.57	19.32
8enh	protenix_v1	msa	ranked_1	OK	45.89	37.82	8.07	6.37	19.96	13.58
8eo8	protenix_v1	msa	ranked_1	OK	41.72	38.49	3.23	3.75	21.40	17.65
8f5a	protenix_v1	msa	ranked_1	OK	36.75	49.88	13.13	4.30	6.53	2.23
8gom	protenix_v1	msa	ranked_1	OK	53.41	39.06	14.35	12.80	15.79	2.99
8gon	protenix_v1	msa	ranked_1	OK	52.01	38.47	13.54	17.77	13.44	4.33
8gvb	protenix_v1	msa	ranked_1	OK	46.07	54.52	8.44	19.61	19.12	0.49
8gvg	protenix_v1	msa	ranked_1	OK	56.49	55.07	1.42	20.22	20.08	0.13
8gvi	protenix_v1	msa	ranked_1	OK	56.15	55.10	1.05	20.09	20.62	0.53
8i5c	protenix_v1	msa	ranked_1	OK	51.34	47.69	3.66	7.24	7.33	0.09
8i5d	protenix_v1	msa	ranked_1	OK	31.73	44.46	12.73	13.67	11.72	1.96
8qfy	protenix_v1	msa	ranked_1	OK	81.76	78.46	3.30	24.10	18.22	5.88
8shi	protenix_v1	msa	ranked_1	OK	32.35	20.26	12.08	10.07	18.76	8.68
8wte	protenix_v1	msa	ranked_1	OK	34.53	64.06	29.53	5.69	4.45	1.23
8wul	protenix_v1	msa	ranked_1	OK	58.02	64.44	6.41	6.10	2.45	3.65
6zkw	protenix_v1	msa	ranked_2	OK	54.85	57.14	2.29	14.63	18.99	4.36
6zkx	protenix_v1	msa	ranked_2	OK	52.41	54.69	2.27	10.93	13.69	2.76
6zky	protenix_v1	msa	ranked_2	OK	40.68	56.78	16.10	10.64	18.99	8.35
6zkz	protenix_v1	msa	ranked_2	OK	36.27	56.52	20.24	45.09	18.02	27.07
7dzm	protenix_v1	msa	ranked_2	OK	54.63	45.42	9.20	21.86	10.35	11.51
7dzn	protenix_v1	msa	ranked_2	FAIL						
7l1d	protenix_v1	msa	ranked_2	FAIL						
7n2n	protenix_v1	msa	ranked_2	FAIL						
7n2o	protenix_v1	msa	ranked_2	FAIL						
7n2p	protenix_v1	msa	ranked_2	OK	141.83	21.92	119.91	7.37	9.18	1.81
7n2q	protenix_v1	msa	ranked_2	FAIL						
7n2r	protenix_v1	msa	ranked_2	FAIL						
7n2s	protenix_v1	msa	ranked_2	OK	144.54	21.39	123.15	2.02	5.07	3.05
7n4k	protenix_v1	msa	ranked_2	OK	43.34	41.23	2.11	15.19	16.00	0.82
7n5c	protenix_v1	msa	ranked_2	FAIL						
7n5p	protenix_v1	msa	ranked_2	FAIL						
7na5	protenix_v1	msa	ranked_2	OK	44.41	58.96	14.55	9.45	14.97	5.53
7ndq	protenix_v1	msa	ranked_2	OK	43.30	76.89	33.59	8.53	19.03	10.49
7ndt	protenix_v1	msa	ranked_2	OK	40.30	33.86	6.44	4.15	7.29	3.14
7ndu	protenix_v1	msa	ranked_2	OK	81.57	76.62	4.96	26.23	20.08	6.15
7nme	protenix_v1	msa	ranked_2	OK	47.43	35.91	11.51	3.37	8.79	5.42
7nmf	protenix_v1	msa	ranked_2	OK	47.44	35.95	11.49	3.27	8.90	5.63
7nmg	protenix_v1	msa	ranked_2	OK	45.36	34.94	10.41	4.16	7.72	3.56
7ow5	protenix_v1	msa	ranked_2	OK	41.83	46.04	4.21	5.83	8.56	2.73
7ow6	protenix_v1	msa	ranked_2	OK	48.08	48.16	0.08	5.80	8.38	2.58
7pb2	protenix_v1	msa	ranked_2	OK	35.47	41.61	6.14	13.09	9.07	4.03
7pbe	protenix_v1	msa	ranked_2	OK	51.74	51.66	0.08	2.86	2.25	0.61
7phr	protenix_v1	msa	ranked_2	OK	38.13	42.98	4.85	5.80	5.35	0.44
7q99	protenix_v1	msa	ranked_2	OK	42.73	45.58	2.85	4.17	7.05	2.89
7q9a	protenix_v1	msa	ranked_2	OK	43.92	47.58	3.66	1.75	9.68	7.92
7q9b	protenix_v1	msa	ranked_2	OK	27.19	46.49	19.30	10.83	8.38	2.45
7qpj	protenix_v1	msa	ranked_2	OK	31.50	31.58	0.08	12.34	10.81	1.52
7r80	protenix_v1	msa	ranked_2	OK	38.24	17.50	20.74	11.55	11.89	0.35
7rk7	protenix_v1	msa	ranked_2	OK	80.10	80.75	0.64	6.87	16.46	9.59
7rm4	protenix_v1	msa	ranked_2	OK	48.91	35.33	13.59	18.29	18.89	0.60
7rrg	protenix_v1	msa	ranked_2	OK	56.10	73.79	17.69	7.27	12.05	4.77
7rtr	protenix_v1	msa	ranked_2	OK	53.01	42.24	10.77	2.23	3.53	1.29
7su9	protenix_v1	msa	ranked_2	OK	22.15	13.42	8.73	1.91	9.17	7.26
8cx4	protenix_v1	msa	ranked_2	OK	9.53	20.06	10.53	2.39	8.65	6.26
8d5q	protenix_v1	msa	ranked_2	OK	42.59	31.15	11.44	14.45	9.43	5.02
8dnt	protenix_v1	msa	ranked_2	OK	42.20	31.40	10.80	7.46	3.64	3.82
8en8	protenix_v1	msa	ranked_2	OK	31.52	41.37	9.84	14.04	21.57	7.52
8enh	protenix_v1	msa	ranked_2	OK	51.52	37.82	13.70	9.14	19.96	10.81
8eo8	protenix_v1	msa	ranked_2	OK	43.20	38.49	4.71	6.65	21.40	14.75
8f5a	protenix_v1	msa	ranked_2	OK	36.80	49.88	13.08	10.79	6.53	4.26
8gom	protenix_v1	msa	ranked_2	OK	52.60	39.06	13.53	14.91	15.79	0.88
8gon	protenix_v1	msa	ranked_2	OK	52.59	38.47	14.12	14.69	13.44	1.26
8gvb	protenix_v1	msa	ranked_2	OK	52.38	54.52	2.14	19.12	19.12	0.00
8gvg	protenix_v1	msa	ranked_2	OK	57.45	55.07	2.38	18.60	20.08	1.49
8gvi	protenix_v1	msa	ranked_2	OK	56.61	55.10	1.51	19.89	20.62	0.73
8i5c	protenix_v1	msa	ranked_2	OK	50.02	47.69	2.34	8.56	7.33	1.23
8i5d	protenix_v1	msa	ranked_2	OK	33.46	44.46	11.00	15.22	11.72	3.50
8qfy	protenix_v1	msa	ranked_2	OK	85.24	78.46	6.78	24.86	18.22	6.64
8shi	protenix_v1	msa	ranked_2	OK	127.95	20.26	107.69	37.95	18.76	19.20
8wte	protenix_v1	msa	ranked_2	OK	33.75	64.06	30.31	14.17	4.45	9.72
8wul	protenix_v1	msa	ranked_2	OK	55.86	64.44	8.58	5.90	2.45	3.44
6zkw	protenix_v1	msa	ranked_3	OK	59.44	57.14	2.29	12.33	18.99	6.66
6zkx	protenix_v1	msa	ranked_3	OK	54.84	54.69	0.15	8.61	13.69	5.08
6zky	protenix_v1	msa	ranked_3	FAIL						
6zkz	protenix_v1	msa	ranked_3	OK	107.55	56.52	51.04	122.96	18.02	104.94
7dzm	protenix_v1	msa	ranked_3	OK	120.87	45.42	75.44	2.44	10.35	7.91
7dzn	protenix_v1	msa	ranked_3	FAIL						
7l1d	protenix_v1	msa	ranked_3	FAIL						
7n2n	protenix_v1	msa	ranked_3	FAIL						
7n2o	protenix_v1	msa	ranked_3	OK	7.97	20.11	12.14	34.31	12.74	21.56
7n2p	protenix_v1	msa	ranked_3	OK	133.91	21.92	111.99	20.92	9.18	11.75
7n2q	protenix_v1	msa	ranked_3	FAIL						
7n2r	protenix_v1	msa	ranked_3	OK	117.59	21.24	96.36	65.16	8.70	56.46
7n2s	protenix_v1	msa	ranked_3	OK	144.03	21.39	122.63	2.07	5.07	3.01
7n4k	protenix_v1	msa	ranked_3	OK	44.54	41.23	3.30	15.49	16.00	0.51
7n5c	protenix_v1	msa	ranked_3	FAIL						
7n5p	protenix_v1	msa	ranked_3	FAIL						
7na5	protenix_v1	msa	ranked_3	OK	41.36	58.96	17.61	14.40	14.97	0.57
7ndq	protenix_v1	msa	ranked_3	OK	77.64	76.89	0.74	30.88	19.03	11.85
7ndt	protenix_v1	msa	ranked_3	OK	39.83	33.86	5.97	5.19	7.29	2.10
7ndu	protenix_v1	msa	ranked_3	OK	78.37	76.62	1.75	22.60	20.08	2.52
7nme	protenix_v1	msa	ranked_3	OK	45.79	35.91	9.88	5.91	8.79	2.88
7nmf	protenix_v1	msa	ranked_3	OK	45.81	35.95	9.86	5.79	8.90	3.11
7nmg	protenix_v1	msa	ranked_3	OK	46.83	34.94	11.89	2.81	7.72	4.91
7ow5	protenix_v1	msa	ranked_3	OK	46.13	46.04	0.09	3.79	8.56	4.77
7ow6	protenix_v1	msa	ranked_3	OK	47.29	48.16	0.87	3.96	8.38	4.42
7pb2	protenix_v1	msa	ranked_3	OK	37.68	41.61	3.93	17.67	9.07	8.60
7pbe	protenix_v1	msa	ranked_3	OK	50.27	51.66	1.39	1.65	2.25	0.60
7phr	protenix_v1	msa	ranked_3	OK	36.48	42.98	6.50	4.97	5.35	0.38
7q99	protenix_v1	msa	ranked_3	OK	41.23	45.58	4.35	2.51	7.05	4.54
7q9a	protenix_v1	msa	ranked_3	OK	43.83	47.58	3.74	2.78	9.68	6.90
7q9b	protenix_v1	msa	ranked_3	OK	28.88	46.49	17.61	7.79	8.38	0.59
7qpj	protenix_v1	msa	ranked_3	OK	30.82	31.58	0.76	12.64	10.81	1.83
7r80	protenix_v1	msa	ranked_3	OK	42.62	17.50	25.12	15.69	11.89	3.80
7rk7	protenix_v1	msa	ranked_3	OK	74.94	80.75	5.80	7.42	16.46	9.05
7rm4	protenix_v1	msa	ranked_3	OK	45.95	35.33	10.62	20.80	18.89	1.92
7rrg	protenix_v1	msa	ranked_3	OK	139.04	73.79	65.25	10.14	12.05	1.91
7rtr	protenix_v1	msa	ranked_3	OK	53.48	42.24	11.23	4.71	3.53	1.19
7su9	protenix_v1	msa	ranked_3	OK	33.68	13.42	20.26	11.95	9.17	2.78
8cx4	protenix_v1	msa	ranked_3	OK	5.81	20.06	14.25	5.08	8.65	3.57
8d5q	protenix_v1	msa	ranked_3	OK	41.68	31.15	10.52	14.46	9.43	5.03
8dnt	protenix_v1	msa	ranked_3	OK	39.96	31.40	8.56	3.76	3.64	0.11
8en8	protenix_v1	msa	ranked_3	OK	38.21	41.37	3.16	5.26	21.57	16.30
8enh	protenix_v1	msa	ranked_3	OK	57.30	37.82	19.48	10.74	19.96	9.21
8eo8	protenix_v1	msa	ranked_3	OK	45.97	38.49	7.47	6.61	21.40	14.79
8f5a	protenix_v1	msa	ranked_3	OK	44.59	49.88	5.28	5.46	6.53	1.07
8gom	protenix_v1	msa	ranked_3	OK	51.67	39.06	12.61	14.08	15.79	1.72
8gon	protenix_v1	msa	ranked_3	OK	43.88	38.47	5.41	12.55	13.44	0.89
8gvb	protenix_v1	msa	ranked_3	OK	47.12	54.52	7.40	19.21	19.12	0.09
8gvg	protenix_v1	msa	ranked_3	OK	53.69	55.07	1.39	18.71	20.08	1.38
8gvi	protenix_v1	msa	ranked_3	OK	57.12	55.10	2.02	21.15	20.62	0.52
8i5c	protenix_v1	msa	ranked_3	OK	49.76	47.69	2.07	7.95	7.33	0.62
8i5d	protenix_v1	msa	ranked_3	OK	33.27	44.46	11.18	15.07	11.72	3.35
8qfy	protenix_v1	msa	ranked_3	OK	81.95	78.46	3.49	23.89	18.22	5.66
8shi	protenix_v1	msa	ranked_3	OK	130.62	20.26	110.36	37.99	18.76	19.23
8wte	protenix_v1	msa	ranked_3	OK	35.39	64.06	28.67	8.25	4.45	3.80
8wul	protenix_v1	msa	ranked_3	OK	53.96	64.44	10.48	5.15	2.45	2.69
6zkw	protenix_v1	msa	ranked_4	OK	61.19	57.14	4.05	11.10	18.99	7.89
6zkx	protenix_v1	msa	ranked_4	OK	57.08	54.69	2.39	9.58	13.69	4.10
6zky	protenix_v1	msa	ranked_4	FAIL						
6zkz	protenix_v1	msa	ranked_4	OK	124.30	56.52	67.78	52.50	18.02	34.47
7dzm	protenix_v1	msa	ranked_4	OK	120.87	45.42	75.45	1.56	10.35	8.79
7dzn	protenix_v1	msa	ranked_4	FAIL						
7l1d	protenix_v1	msa	ranked_4	FAIL						
7n2n	protenix_v1	msa	ranked_4	FAIL						
7n2o	protenix_v1	msa	ranked_4	OK	46.08	20.11	25.97	69.02	12.74	56.28
7n2p	protenix_v1	msa	ranked_4	OK	137.02	21.92	115.09	17.76	9.18	8.58
7n2q	protenix_v1	msa	ranked_4	FAIL						
7n2r	protenix_v1	msa	ranked_4	FAIL						
7n2s	protenix_v1	msa	ranked_4	OK	144.56	21.39	123.16	5.39	5.07	0.32
7n4k	protenix_v1	msa	ranked_4	OK	44.50	41.23	3.27	16.52	16.00	0.52
7n5c	protenix_v1	msa	ranked_4	FAIL						
7n5p	protenix_v1	msa	ranked_4	FAIL						
7na5	protenix_v1	msa	ranked_4	OK	51.28	58.96	7.68	11.60	14.97	3.38
7ndq	protenix_v1	msa	ranked_4	OK	95.09	76.89	18.20	35.88	19.03	16.86
7ndt	protenix_v1	msa	ranked_4	OK	39.99	33.86	6.14	4.27	7.29	3.02
7ndu	protenix_v1	msa	ranked_4	OK	86.06	76.62	9.45	28.73	20.08	8.66
7nme	protenix_v1	msa	ranked_4	OK	44.52	35.91	8.60	4.68	8.79	4.11
7nmf	protenix_v1	msa	ranked_4	OK	44.53	35.95	8.58	4.58	8.90	4.32
7nmg	protenix_v1	msa	ranked_4	OK	43.49	34.94	8.55	3.57	7.72	4.15
7ow5	protenix_v1	msa	ranked_4	OK	44.32	46.04	1.72	5.94	8.56	2.62
7ow6	protenix_v1	msa	ranked_4	OK	48.20	48.16	0.04	3.12	8.38	5.25
7pb2	protenix_v1	msa	ranked_4	OK	139.41	41.61	97.80	8.19	9.07	0.87
7pbe	protenix_v1	msa	ranked_4	OK	51.55	51.66	0.11	2.52	2.25	0.26
7phr	protenix_v1	msa	ranked_4	OK	37.34	42.98	5.64	5.22	5.35	0.14
7q99	protenix_v1	msa	ranked_4	OK	42.18	45.58	3.40	3.14	7.05	3.92
7q9a	protenix_v1	msa	ranked_4	OK	42.22	47.58	5.36	1.81	9.68	7.87
7q9b	protenix_v1	msa	ranked_4	OK	30.04	46.49	16.45	8.16	8.38	0.22
7qpj	protenix_v1	msa	ranked_4	OK	32.05	31.58	0.47	11.87	10.81	1.05
7r80	protenix_v1	msa	ranked_4	OK	115.99	17.50	98.49	59.44	11.89	47.55
7rk7	protenix_v1	msa	ranked_4	OK	56.69	80.75	24.06	176.67	16.46	160.21
7rm4	protenix_v1	msa	ranked_4	OK	104.38	35.33	69.05	151.40	18.89	132.52
7rrg	protenix_v1	msa	ranked_4	OK	62.15	73.79	11.64	29.94	12.05	17.90
7rtr	protenix_v1	msa	ranked_4	OK	52.41	42.24	10.16	0.52	3.53	3.01
7su9	protenix_v1	msa	ranked_4	OK	18.86	13.42	5.44	1.24	9.17	7.93
8cx4	protenix_v1	msa	ranked_4	OK	5.28	20.06	14.78	9.50	8.65	0.86
8d5q	protenix_v1	msa	ranked_4	OK	42.32	31.15	11.16	12.77	9.43	3.34
8dnt	protenix_v1	msa	ranked_4	OK	38.33	31.40	6.93	6.73	3.64	3.09
8en8	protenix_v1	msa	ranked_4	OK	40.19	41.37	1.17	15.86	21.57	5.70
8enh	protenix_v1	msa	ranked_4	OK	153.76	37.82	115.94	21.93	19.96	1.98
8eo8	protenix_v1	msa	ranked_4	OK	45.91	38.49	7.42	12.77	21.40	8.63
8f5a	protenix_v1	msa	ranked_4	OK	151.67	49.88	101.80	16.84	6.53	10.31
8gom	protenix_v1	msa	ranked_4	OK	52.55	39.06	13.48	13.40	15.79	2.39
8gon	protenix_v1	msa	ranked_4	OK	48.85	38.47	10.38	15.16	13.44	1.72
8gvb	protenix_v1	msa	ranked_4	OK	51.61	54.52	2.90	18.52	19.12	0.60
8gvg	protenix_v1	msa	ranked_4	OK	58.57	55.07	3.50	19.17	20.08	0.92
8gvi	protenix_v1	msa	ranked_4	OK	58.06	55.10	2.95	21.24	20.62	0.62
8i5c	protenix_v1	msa	ranked_4	OK	50.37	47.69	2.69	5.35	7.33	1.98
8i5d	protenix_v1	msa	ranked_4	OK	34.02	44.46	10.44	14.43	11.72	2.71
8qfy	protenix_v1	msa	ranked_4	OK	82.38	78.46	3.91	23.63	18.22	5.41
8shi	protenix_v1	msa	ranked_4	OK	130.93	20.26	110.67	35.17	18.76	16.42
8wte	protenix_v1	msa	ranked_4	OK	30.90	64.06	33.16	9.80	4.45	5.34
8wul	protenix_v1	msa	ranked_4	OK	57.53	64.44	6.91	4.57	2.45	2.11
6zkw	protenix_v1	msa+tmpl	ranked_0	OK	54.17	57.14	2.98	14.85	18.99	4.14
6zkx	protenix_v1	msa+tmpl	ranked_0	OK	31.33	54.69	23.36	17.93	13.69	4.25
6zky	protenix_v1	msa+tmpl	ranked_0	OK	51.40	56.78	5.38	14.11	18.99	4.88
6zkz	protenix_v1	msa+tmpl	ranked_0	OK	20.36	56.52	36.16	23.68	18.02	5.66
7dzm	protenix_v1	msa+tmpl	ranked_0	OK	53.23	45.42	7.81	25.92	10.35	15.56
7dzn	protenix_v1	msa+tmpl	ranked_0	OK	59.17	44.85	14.32	4.77	10.90	6.13
7l1d	protenix_v1	msa+tmpl	ranked_0	OK	51.60	47.41	4.19	4.35	3.49	0.86
7n2n	protenix_v1	msa+tmpl	ranked_0	OK	136.53	20.52	116.00	25.18	5.13	20.04
7n2o	protenix_v1	msa+tmpl	ranked_0	OK	147.99	20.11	127.88	13.74	12.74	1.00
7n2p	protenix_v1	msa+tmpl	ranked_0	OK	148.05	21.92	126.12	10.44	9.18	1.27
7n2q	protenix_v1	msa+tmpl	ranked_0	OK	161.68	21.13	140.55	7.86	9.24	1.38
7n2r	protenix_v1	msa+tmpl	ranked_0	OK	147.22	21.24	125.98	14.23	8.70	5.54
7n2s	protenix_v1	msa+tmpl	ranked_0	OK	147.83	21.39	126.43	18.01	5.07	12.94
7n4k	protenix_v1	msa+tmpl	ranked_0	OK	45.03	41.23	3.80	16.67	16.00	0.67
7n5c	protenix_v1	msa+tmpl	ranked_0	OK	41.45	43.40	1.94	17.25	18.17	0.92
7n5p	protenix_v1	msa+tmpl	ranked_0	OK	42.87	41.20	1.67	15.39	16.18	0.79
7na5	protenix_v1	msa+tmpl	ranked_0	OK	40.73	58.96	18.23	16.67	14.97	1.70
7ndq	protenix_v1	msa+tmpl	ranked_0	OK	96.05	76.89	19.16	30.28	19.03	11.25
7ndt	protenix_v1	msa+tmpl	ranked_0	OK	102.83	33.86	68.97	17.40	7.29	10.11
7ndu	protenix_v1	msa+tmpl	ranked_0	OK	76.62	76.62	0.00	26.75	20.08	6.67
7nme	protenix_v1	msa+tmpl	ranked_0	OK	46.74	35.91	10.82	3.10	8.79	5.69
7nmf	protenix_v1	msa+tmpl	ranked_0	OK	47.43	35.95	11.47	3.64	8.90	5.26
7nmg	protenix_v1	msa+tmpl	ranked_0	OK	47.07	34.94	12.13	3.01	7.72	4.71
7ow5	protenix_v1	msa+tmpl	ranked_0	OK	44.39	46.04	1.65	4.69	8.56	3.86
7ow6	protenix_v1	msa+tmpl	ranked_0	OK	48.79	48.16	0.63	3.27	8.38	5.11
7pb2	protenix_v1	msa+tmpl	ranked_0	OK	35.53	41.61	6.08	17.08	9.07	8.02
7pbe	protenix_v1	msa+tmpl	ranked_0	OK	52.73	51.66	1.07	3.78	2.25	1.52
7phr	protenix_v1	msa+tmpl	ranked_0	OK	36.90	42.98	6.07	5.93	5.35	0.58
7q99	protenix_v1	msa+tmpl	ranked_0	OK	42.58	45.58	3.00	4.07	7.05	2.99
7q9a	protenix_v1	msa+tmpl	ranked_0	OK	43.30	47.58	4.27	3.10	9.68	6.57
7q9b	protenix_v1	msa+tmpl	ranked_0	OK	27.41	46.49	19.08	8.51	8.38	0.13
7qpj	protenix_v1	msa+tmpl	ranked_0	OK	31.97	31.58	0.39	13.43	10.81	2.62
7r80	protenix_v1	msa+tmpl	ranked_0	OK	32.36	17.50	14.86	8.99	11.89	2.90
7rk7	protenix_v1	msa+tmpl	ranked_0	OK	61.05	80.75	19.70	173.29	16.46	156.83
7rm4	protenix_v1	msa+tmpl	ranked_0	OK	37.96	35.33	2.63	16.99	18.89	1.89
7rrg	protenix_v1	msa+tmpl	ranked_0	OK	54.97	73.79	18.82	5.72	12.05	6.33
7rtr	protenix_v1	msa+tmpl	ranked_0	OK	53.41	42.24	11.17	3.50	3.53	0.02
7su9	protenix_v1	msa+tmpl	ranked_0	OK	20.71	13.42	7.29	3.18	9.17	5.99
8cx4	protenix_v1	msa+tmpl	ranked_0	OK	151.53	20.06	131.47	16.62	8.65	7.97
8d5q	protenix_v1	msa+tmpl	ranked_0	OK	42.34	31.15	11.18	15.02	9.43	5.58
8dnt	protenix_v1	msa+tmpl	ranked_0	OK	38.85	31.40	7.45	6.92	3.64	3.27
8en8	protenix_v1	msa+tmpl	ranked_0	OK	44.35	41.37	2.99	3.76	21.57	17.81
8enh	protenix_v1	msa+tmpl	ranked_0	OK	46.05	37.82	8.23	0.13	19.96	19.83
8eo8	protenix_v1	msa+tmpl	ranked_0	OK	38.06	38.49	0.43	3.50	21.40	17.90
8f5a	protenix_v1	msa+tmpl	ranked_0	OK	36.97	49.88	12.91	5.73	6.53	0.80
8gom	protenix_v1	msa+tmpl	ranked_0	OK	50.88	39.06	11.82	15.62	15.79	0.17
8gon	protenix_v1	msa+tmpl	ranked_0	OK	52.48	38.47	14.00	13.38	13.44	0.06
8gvb	protenix_v1	msa+tmpl	ranked_0	OK	53.47	54.52	1.04	18.48	19.12	0.64
8gvg	protenix_v1	msa+tmpl	ranked_0	OK	55.43	55.07	0.35	20.07	20.08	0.01
8gvi	protenix_v1	msa+tmpl	ranked_0	OK	55.97	55.10	0.86	20.89	20.62	0.27
8i5c	protenix_v1	msa+tmpl	ranked_0	OK	54.73	47.69	7.04	7.42	7.33	0.09
8i5d	protenix_v1	msa+tmpl	ranked_0	OK	34.17	44.46	10.28	15.09	11.72	3.37
8qfy	protenix_v1	msa+tmpl	ranked_0	OK	82.94	78.46	4.48	22.12	18.22	3.90
8shi	protenix_v1	msa+tmpl	ranked_0	OK	33.60	20.26	13.33	4.55	18.76	14.21
8wte	protenix_v1	msa+tmpl	ranked_0	OK	33.82	64.06	30.24	7.73	4.45	3.27
8wul	protenix_v1	msa+tmpl	ranked_0	OK	53.50	64.44	10.94	4.21	2.45	1.75
6zkw	protenix_v1	msa+tmpl	ranked_1	OK	56.00	57.14	1.14	14.46	18.99	4.53
6zkx	protenix_v1	msa+tmpl	ranked_1	OK	27.30	54.69	27.38	19.52	13.69	5.84
6zky	protenix_v1	msa+tmpl	ranked_1	OK	53.15	56.78	3.63	12.60	18.99	6.39
6zkz	protenix_v1	msa+tmpl	ranked_1	OK	19.71	56.52	36.81	22.23	18.02	4.21
7dzm	protenix_v1	msa+tmpl	ranked_1	OK	51.12	45.42	5.70	22.53	10.35	12.17
7dzn	protenix_v1	msa+tmpl	ranked_1	OK	59.62	44.85	14.77	6.28	10.90	4.62
7l1d	protenix_v1	msa+tmpl	ranked_1	OK	51.19	47.41	3.78	7.49	3.49	4.01
7n2n	protenix_v1	msa+tmpl	ranked_1	OK	136.88	20.52	116.35	25.18	5.13	20.05
7n2o	protenix_v1	msa+tmpl	ranked_1	OK	117.78	20.11	97.67	157.96	12.74	145.22
7n2p	protenix_v1	msa+tmpl	ranked_1	OK	155.09	21.92	133.16	6.04	9.18	3.13
7n2q	protenix_v1	msa+tmpl	ranked_1	OK	166.86	21.13	145.72	6.76	9.24	2.47
7n2r	protenix_v1	msa+tmpl	ranked_1	OK	157.64	21.24	136.40	8.84	8.70	0.14
7n2s	protenix_v1	msa+tmpl	ranked_1	OK	146.17	21.39	124.78	17.84	5.07	12.77
7n4k	protenix_v1	msa+tmpl	ranked_1	OK	44.16	41.23	2.93	14.72	16.00	1.29
7n5c	protenix_v1	msa+tmpl	ranked_1	OK	40.52	43.40	2.88	15.17	18.17	3.00
7n5p	protenix_v1	msa+tmpl	ranked_1	OK	44.64	41.20	3.45	13.48	16.18	2.71
7na5	protenix_v1	msa+tmpl	ranked_1	OK	38.89	58.96	20.08	18.32	14.97	3.35
7ndq	protenix_v1	msa+tmpl	ranked_1	OK	92.46	76.89	15.56	32.34	19.03	13.31
7ndt	protenix_v1	msa+tmpl	ranked_1	OK	102.71	33.86	68.86	19.24	7.29	11.96
7ndu	protenix_v1	msa+tmpl	ranked_1	OK	77.33	76.62	0.71	26.99	20.08	6.91
7nme	protenix_v1	msa+tmpl	ranked_1	OK	42.20	35.91	6.29	3.54	8.79	5.25
7nmf	protenix_v1	msa+tmpl	ranked_1	OK	45.65	35.95	9.70	4.66	8.90	4.24
7nmg	protenix_v1	msa+tmpl	ranked_1	OK	45.83	34.94	10.89	3.40	7.72	4.31
7ow5	protenix_v1	msa+tmpl	ranked_1	OK	43.86	46.04	2.18	3.00	8.56	5.56
7ow6	protenix_v1	msa+tmpl	ranked_1	OK	47.27	48.16	0.89	4.23	8.38	4.15
7pb2	protenix_v1	msa+tmpl	ranked_1	OK	35.76	41.61	5.85	20.14	9.07	11.07
7pbe	protenix_v1	msa+tmpl	ranked_1	OK	53.45	51.66	1.79	3.28	2.25	1.02
7phr	protenix_v1	msa+tmpl	ranked_1	OK	36.36	42.98	6.62	5.15	5.35	0.21
7q99	protenix_v1	msa+tmpl	ranked_1	OK	43.77	45.58	1.82	2.01	7.05	5.04
7q9a	protenix_v1	msa+tmpl	ranked_1	OK	44.76	47.58	2.81	0.96	9.68	8.72
7q9b	protenix_v1	msa+tmpl	ranked_1	OK	29.20	46.49	17.29	6.76	8.38	1.62
7qpj	protenix_v1	msa+tmpl	ranked_1	OK	31.15	31.58	0.43	12.37	10.81	1.55
7r80	protenix_v1	msa+tmpl	ranked_1	OK	42.44	17.50	24.94	15.45	11.89	3.55
7rk7	protenix_v1	msa+tmpl	ranked_1	OK	56.43	80.75	24.32	174.26	16.46	157.80
7rm4	protenix_v1	msa+tmpl	ranked_1	OK	34.03	35.33	1.29	14.28	18.89	4.60
7rrg	protenix_v1	msa+tmpl	ranked_1	OK	55.79	73.79	18.00	8.80	12.05	3.24
7rtr	protenix_v1	msa+tmpl	ranked_1	OK	52.12	42.24	9.87	3.62	3.53	0.09
7su9	protenix_v1	msa+tmpl	ranked_1	OK	19.82	13.42	6.40	5.25	9.17	3.92
8cx4	protenix_v1	msa+tmpl	ranked_1	OK	145.97	20.06	125.91	16.88	8.65	8.24
8d5q	protenix_v1	msa+tmpl	ranked_1	OK	40.92	31.15	9.77	16.57	9.43	7.14
8dnt	protenix_v1	msa+tmpl	ranked_1	OK	40.62	31.40	9.21	8.51	3.64	4.86
8en8	protenix_v1	msa+tmpl	ranked_1	OK	42.62	41.37	1.26	7.03	21.57	14.53
8enh	protenix_v1	msa+tmpl	ranked_1	OK	48.86	37.82	11.05	5.55	19.96	14.40
8eo8	protenix_v1	msa+tmpl	ranked_1	OK	38.59	38.49	0.10	8.94	21.40	12.46
8f5a	protenix_v1	msa+tmpl	ranked_1	OK	34.41	49.88	15.46	8.46	6.53	1.93
8gom	protenix_v1	msa+tmpl	ranked_1	OK	50.96	39.06	11.89	10.42	15.79	5.37
8gon	protenix_v1	msa+tmpl	ranked_1	OK	52.19	38.47	13.71	13.76	13.44	0.32
8gvb	protenix_v1	msa+tmpl	ranked_1	OK	53.34	54.52	1.18	18.84	19.12	0.28
8gvg	protenix_v1	msa+tmpl	ranked_1	OK	56.48	55.07	1.41	18.67	20.08	1.41
8gvi	protenix_v1	msa+tmpl	ranked_1	OK	56.15	55.10	1.05	20.03	20.62	0.60
8i5c	protenix_v1	msa+tmpl	ranked_1	OK	48.87	47.69	1.18	6.28	7.33	1.04
8i5d	protenix_v1	msa+tmpl	ranked_1	OK	32.20	44.46	12.25	13.91	11.72	2.19
8qfy	protenix_v1	msa+tmpl	ranked_1	OK	78.52	78.46	0.06	20.96	18.22	2.73
8shi	protenix_v1	msa+tmpl	ranked_1	OK	33.06	20.26	12.80	1.85	18.76	16.91
8wte	protenix_v1	msa+tmpl	ranked_1	OK	34.23	64.06	29.83	6.48	4.45	2.02
8wul	protenix_v1	msa+tmpl	ranked_1	OK	55.96	64.44	8.48	4.59	2.45	2.13
6zkw	protenix_v1	msa+tmpl	ranked_2	OK	56.44	57.14	0.71	15.50	18.99	3.49
6zkx	protenix_v1	msa+tmpl	ranked_2	OK	54.03	54.69	0.66	11.73	13.69	1.95
6zky	protenix_v1	msa+tmpl	ranked_2	OK	42.57	56.78	14.21	15.81	18.99	3.19
6zkz	protenix_v1	msa+tmpl	ranked_2	OK	54.56	56.52	1.96	13.88	18.02	4.14
7dzm	protenix_v1	msa+tmpl	ranked_2	OK	53.46	45.42	8.04	22.11	10.35	11.76
7dzn	protenix_v1	msa+tmpl	ranked_2	OK	123.83	44.85	78.98	5.47	10.90	5.43
7l1d	protenix_v1	msa+tmpl	ranked_2	OK	50.17	47.41	2.76	5.08	3.49	1.59
7n2n	protenix_v1	msa+tmpl	ranked_2	OK	136.50	20.52	115.97	24.10	5.13	18.97
7n2o	protenix_v1	msa+tmpl	ranked_2	OK	118.47	20.11	98.35	162.77	12.74	150.02
7n2p	protenix_v1	msa+tmpl	ranked_2	OK	143.59	21.92	121.67	9.59	9.18	0.41
7n2q	protenix_v1	msa+tmpl	ranked_2	OK	161.92	21.13	140.79	7.60	9.24	1.64
7n2r	protenix_v1	msa+tmpl	ranked_2	OK	148.59	21.24	127.35	10.67	8.70	1.98
7n2s	protenix_v1	msa+tmpl	ranked_2	OK	153.31	21.39	131.92	15.19	5.07	10.12
7n4k	protenix_v1	msa+tmpl	ranked_2	OK	43.16	41.23	1.93	15.22	16.00	0.79
7n5c	protenix_v1	msa+tmpl	ranked_2	OK	42.45	43.40	0.95	16.42	18.17	1.75
7n5p	protenix_v1	msa+tmpl	ranked_2	OK	43.05	41.20	1.85	16.31	16.18	0.13
7na5	protenix_v1	msa+tmpl	ranked_2	OK	45.16	58.96	13.80	12.72	14.97	2.25
7ndq	protenix_v1	msa+tmpl	ranked_2	OK	96.00	76.89	19.11	31.16	19.03	12.13
7ndt	protenix_v1	msa+tmpl	ranked_2	OK	125.89	33.86	92.03	12.91	7.29	5.62
7ndu	protenix_v1	msa+tmpl	ranked_2	OK	74.34	76.62	2.28	25.25	20.08	5.18
7nme	protenix_v1	msa+tmpl	ranked_2	OK	45.05	35.91	9.13	4.52	8.79	4.27
7nmf	protenix_v1	msa+tmpl	ranked_2	OK	48.20	35.95	12.25	7.18	8.90	1.72
7nmg	protenix_v1	msa+tmpl	ranked_2	OK	46.84	34.94	11.90	1.85	7.72	5.87
7ow5	protenix_v1	msa+tmpl	ranked_2	OK	42.16	46.04	3.88	6.05	8.56	2.51
7ow6	protenix_v1	msa+tmpl	ranked_2	OK	48.33	48.16	0.17	5.82	8.38	2.55
7pb2	protenix_v1	msa+tmpl	ranked_2	OK	18.22	41.61	23.39	21.24	9.07	12.18
7pbe	protenix_v1	msa+tmpl	ranked_2	OK	51.46	51.66	0.20	3.45	2.25	1.20
7phr	protenix_v1	msa+tmpl	ranked_2	OK	36.64	42.98	6.34	5.28	5.35	0.07
7q99	protenix_v1	msa+tmpl	ranked_2	OK	42.83	45.58	2.75	4.09	7.05	2.97
7q9a	protenix_v1	msa+tmpl	ranked_2	OK	43.33	47.58	4.24	1.89	9.68	7.79
7q9b	protenix_v1	msa+tmpl	ranked_2	OK	27.08	46.49	19.41	8.06	8.38	0.32
7qpj	protenix_v1	msa+tmpl	ranked_2	OK	31.54	31.58	0.04	12.46	10.81	1.64
7r80	protenix_v1	msa+tmpl	ranked_2	OK	42.71	17.50	25.21	15.12	11.89	3.22
7rk7	protenix_v1	msa+tmpl	ranked_2	OK	58.22	80.75	22.53	177.37	16.46	160.91
7rm4	protenix_v1	msa+tmpl	ranked_2	OK	41.78	35.33	6.46	15.62	18.89	3.27
7rrg	protenix_v1	msa+tmpl	ranked_2	OK	55.07	73.79	18.72	8.96	12.05	3.08
7rtr	protenix_v1	msa+tmpl	ranked_2	OK	56.63	42.24	14.38	1.11	3.53	2.41
7su9	protenix_v1	msa+tmpl	ranked_2	OK	18.46	13.42	5.04	2.56	9.17	6.61
8cx4	protenix_v1	msa+tmpl	ranked_2	OK	149.56	20.06	129.50	15.72	8.65	7.07
8d5q	protenix_v1	msa+tmpl	ranked_2	OK	42.32	31.15	11.17	15.28	9.43	5.85
8dnt	protenix_v1	msa+tmpl	ranked_2	OK	38.72	31.40	7.32	5.95	3.64	2.31
8en8	protenix_v1	msa+tmpl	ranked_2	OK	40.39	41.37	0.97	10.12	21.57	11.45
8enh	protenix_v1	msa+tmpl	ranked_2	OK	51.65	37.82	13.84	9.09	19.96	10.86
8eo8	protenix_v1	msa+tmpl	ranked_2	OK	43.25	38.49	4.76	12.64	21.40	8.76
8f5a	protenix_v1	msa+tmpl	ranked_2	OK	36.11	49.88	13.77	11.21	6.53	4.69
8gom	protenix_v1	msa+tmpl	ranked_2	OK	53.04	39.06	13.98	10.34	15.79	5.45
8gon	protenix_v1	msa+tmpl	ranked_2	OK	52.68	38.47	14.21	14.93	13.44	1.50
8gvb	protenix_v1	msa+tmpl	ranked_2	OK	53.36	54.52	1.16	19.89	19.12	0.77
8gvg	protenix_v1	msa+tmpl	ranked_2	OK	57.48	55.07	2.41	19.19	20.08	0.90
8gvi	protenix_v1	msa+tmpl	ranked_2	OK	56.65	55.10	1.55	20.00	20.62	0.62
8i5c	protenix_v1	msa+tmpl	ranked_2	OK	55.41	47.69	7.73	7.10	7.33	0.22
8i5d	protenix_v1	msa+tmpl	ranked_2	OK	33.87	44.46	10.58	15.38	11.72	3.67
8qfy	protenix_v1	msa+tmpl	ranked_2	OK	82.93	78.46	4.47	22.12	18.22	3.90
8shi	protenix_v1	msa+tmpl	ranked_2	OK	30.86	20.26	10.60	6.10	18.76	12.66
8wte	protenix_v1	msa+tmpl	ranked_2	OK	33.91	64.06	30.15	13.44	4.45	8.98
8wul	protenix_v1	msa+tmpl	ranked_2	OK	52.63	64.44	11.81	4.81	2.45	2.36
6zkw	protenix_v1	msa+tmpl	ranked_3	OK	59.40	57.14	2.25	12.39	18.99	6.61
6zkx	protenix_v1	msa+tmpl	ranked_3	OK	55.82	54.69	1.13	9.41	13.69	4.28
6zky	protenix_v1	msa+tmpl	ranked_3	OK	57.47	56.78	0.69	12.43	18.99	6.56
6zkz	protenix_v1	msa+tmpl	ranked_3	OK	51.68	56.52	4.84	13.93	18.02	4.09
7dzm	protenix_v1	msa+tmpl	ranked_3	OK	121.28	45.42	75.86	1.99	10.35	8.36
7dzn	protenix_v1	msa+tmpl	ranked_3	OK	125.86	44.85	81.01	6.22	10.90	4.69
7l1d	protenix_v1	msa+tmpl	ranked_3	OK	52.21	47.41	4.80	3.89	3.49	0.40
7n2n	protenix_v1	msa+tmpl	ranked_3	OK	135.11	20.52	114.59	26.24	5.13	21.11
7n2o	protenix_v1	msa+tmpl	ranked_3	OK	117.99	20.11	97.88	156.53	12.74	143.79
7n2p	protenix_v1	msa+tmpl	ranked_3	OK	149.07	21.92	127.14	0.19	9.18	8.99
7n2q	protenix_v1	msa+tmpl	ranked_3	OK	21.45	21.13	0.32	4.47	9.24	4.76
7n2r	protenix_v1	msa+tmpl	ranked_3	OK	152.05	21.24	130.82	6.46	8.70	2.23
7n2s	protenix_v1	msa+tmpl	ranked_3	OK	146.43	21.39	125.04	13.06	5.07	7.98
7n4k	protenix_v1	msa+tmpl	ranked_3	OK	47.03	41.23	5.80	14.93	16.00	1.08
7n5c	protenix_v1	msa+tmpl	ranked_3	OK	40.57	43.40	2.83	16.57	18.17	1.60
7n5p	protenix_v1	msa+tmpl	ranked_3	OK	42.16	41.20	0.96	15.11	16.18	1.07
7na5	protenix_v1	msa+tmpl	ranked_3	OK	40.44	58.96	18.52	11.34	14.97	3.63
7ndq	protenix_v1	msa+tmpl	ranked_3	OK	95.53	76.89	18.64	31.34	19.03	12.32
7ndt	protenix_v1	msa+tmpl	ranked_3	OK	124.09	33.86	90.23	11.15	7.29	3.87
7ndu	protenix_v1	msa+tmpl	ranked_3	OK	80.62	76.62	4.00	29.48	20.08	9.41
7nme	protenix_v1	msa+tmpl	ranked_3	OK	46.23	35.91	10.32	5.88	8.79	2.91
7nmf	protenix_v1	msa+tmpl	ranked_3	OK	45.90	35.95	9.94	6.18	8.90	2.72
7nmg	protenix_v1	msa+tmpl	ranked_3	OK	46.35	34.94	11.40	4.42	7.72	3.30
7ow5	protenix_v1	msa+tmpl	ranked_3	OK	46.22	46.04	0.18	3.89	8.56	4.67
7ow6	protenix_v1	msa+tmpl	ranked_3	OK	47.49	48.16	0.67	4.25	8.38	4.13
7pb2	protenix_v1	msa+tmpl	ranked_3	OK	135.08	41.61	93.47	9.06	9.07	0.01
7pbe	protenix_v1	msa+tmpl	ranked_3	OK	53.88	51.66	2.22	2.63	2.25	0.38
7phr	protenix_v1	msa+tmpl	ranked_3	OK	37.70	42.98	5.27	6.11	5.35	0.75
7q99	protenix_v1	msa+tmpl	ranked_3	OK	41.27	45.58	4.31	2.38	7.05	4.67
7q9a	protenix_v1	msa+tmpl	ranked_3	OK	43.71	47.58	3.86	2.78	9.68	6.90
7q9b	protenix_v1	msa+tmpl	ranked_3	OK	29.48	46.49	17.01	7.59	8.38	0.79
7qpj	protenix_v1	msa+tmpl	ranked_3	OK	30.91	31.58	0.67	12.67	10.81	1.85
7r80	protenix_v1	msa+tmpl	ranked_3	OK	40.02	17.50	22.52	13.27	11.89	1.38
7rk7	protenix_v1	msa+tmpl	ranked_3	OK	55.88	80.75	24.87	176.79	16.46	160.33
7rm4	protenix_v1	msa+tmpl	ranked_3	OK	46.17	35.33	10.84	13.09	18.89	5.79
7rrg	protenix_v1	msa+tmpl	ranked_3	OK	55.61	73.79	18.18	6.88	12.05	5.17
7rtr	protenix_v1	msa+tmpl	ranked_3	OK	56.25	42.24	14.01	3.16	3.53	0.37
7su9	protenix_v1	msa+tmpl	ranked_3	OK	17.16	13.42	3.74	1.59	9.17	7.58
8cx4	protenix_v1	msa+tmpl	ranked_3	OK	156.99	20.06	136.94	8.42	8.65	0.22
8d5q	protenix_v1	msa+tmpl	ranked_3	OK	40.65	31.15	9.49	16.77	9.43	7.34
8dnt	protenix_v1	msa+tmpl	ranked_3	OK	39.15	31.40	7.74	8.11	3.64	4.46
8en8	protenix_v1	msa+tmpl	ranked_3	OK	43.89	41.37	2.52	12.13	21.57	9.44
8enh	protenix_v1	msa+tmpl	ranked_3	OK	56.07	37.82	18.26	11.79	19.96	8.16
8eo8	protenix_v1	msa+tmpl	ranked_3	OK	36.97	38.49	1.52	14.42	21.40	6.98
8f5a	protenix_v1	msa+tmpl	ranked_3	OK	41.09	49.88	8.79	6.74	6.53	0.21
8gom	protenix_v1	msa+tmpl	ranked_3	OK	52.14	39.06	13.08	11.26	15.79	4.54
8gon	protenix_v1	msa+tmpl	ranked_3	OK	50.92	38.47	12.45	14.13	13.44	0.69
8gvb	protenix_v1	msa+tmpl	ranked_3	OK	54.15	54.52	0.36	18.12	19.12	1.00
8gvg	protenix_v1	msa+tmpl	ranked_3	OK	56.88	55.07	1.81	19.55	20.08	0.54
8gvi	protenix_v1	msa+tmpl	ranked_3	OK	57.63	55.10	2.53	21.46	20.62	0.84
8i5c	protenix_v1	msa+tmpl	ranked_3	OK	60.91	47.69	13.23	5.50	7.33	1.83
8i5d	protenix_v1	msa+tmpl	ranked_3	OK	33.58	44.46	10.87	15.17	11.72	3.45
8qfy	protenix_v1	msa+tmpl	ranked_3	OK	88.61	78.46	10.15	27.09	18.22	8.87
8shi	protenix_v1	msa+tmpl	ranked_3	OK	33.57	20.26	13.31	5.45	18.76	13.31
8wte	protenix_v1	msa+tmpl	ranked_3	OK	34.52	64.06	29.54	7.98	4.45	3.52
8wul	protenix_v1	msa+tmpl	ranked_3	OK	55.77	64.44	8.66	3.39	2.45	0.94
6zkw	protenix_v1	msa+tmpl	ranked_4	OK	61.19	57.14	4.05	11.15	18.99	7.85
6zkx	protenix_v1	msa+tmpl	ranked_4	OK	57.32	54.69	2.63	9.89	13.69	3.79
6zky	protenix_v1	msa+tmpl	ranked_4	OK	53.90	56.78	2.88	12.19	18.99	6.80
6zkz	protenix_v1	msa+tmpl	ranked_4	OK	49.41	56.52	7.10	17.56	18.02	0.46
7dzm	protenix_v1	msa+tmpl	ranked_4	OK	121.16	45.42	75.74	1.98	10.35	8.37
7dzn	protenix_v1	msa+tmpl	ranked_4	OK	120.76	44.85	75.91	3.17	10.90	7.73
7l1d	protenix_v1	msa+tmpl	ranked_4	OK	48.61	47.41	1.20	8.60	3.49	5.11
7n2n	protenix_v1	msa+tmpl	ranked_4	OK	136.54	20.52	116.01	21.58	5.13	16.44
7n2o	protenix_v1	msa+tmpl	ranked_4	OK	7.61	20.11	12.50	4.01	12.74	8.73
7n2p	protenix_v1	msa+tmpl	ranked_4	OK	147.74	21.92	125.81	2.87	9.18	6.31
7n2q	protenix_v1	msa+tmpl	ranked_4	OK	21.61	21.13	0.47	10.30	9.24	1.07
7n2r	protenix_v1	msa+tmpl	ranked_4	OK	155.04	21.24	133.81	7.64	8.70	1.06
7n2s	protenix_v1	msa+tmpl	ranked_4	OK	145.01	21.39	123.61	11.32	5.07	6.25
7n4k	protenix_v1	msa+tmpl	ranked_4	OK	42.60	41.23	1.36	13.20	16.00	2.80
7n5c	protenix_v1	msa+tmpl	ranked_4	OK	41.97	43.40	1.43	14.04	18.17	4.13
7n5p	protenix_v1	msa+tmpl	ranked_4	OK	44.08	41.20	2.89	14.00	16.18	2.18
7na5	protenix_v1	msa+tmpl	ranked_4	OK	43.66	58.96	15.31	17.65	14.97	2.68
7ndq	protenix_v1	msa+tmpl	ranked_4	OK	97.00	76.89	20.11	28.44	19.03	9.41
7ndt	protenix_v1	msa+tmpl	ranked_4	OK	38.02	33.86	4.16	4.92	7.29	2.37
7ndu	protenix_v1	msa+tmpl	ranked_4	OK	80.75	76.62	4.13	27.16	20.08	7.08
7nme	protenix_v1	msa+tmpl	ranked_4	OK	44.43	35.91	8.52	5.11	8.79	3.68
7nmf	protenix_v1	msa+tmpl	ranked_4	OK	44.58	35.95	8.63	5.01	8.90	3.89
7nmg	protenix_v1	msa+tmpl	ranked_4	OK	43.01	34.94	8.07	3.96	7.72	3.76
7ow5	protenix_v1	msa+tmpl	ranked_4	OK	44.49	46.04	1.55	5.88	8.56	2.68
7ow6	protenix_v1	msa+tmpl	ranked_4	OK	48.44	48.16	0.28	3.39	8.38	4.99
7pb2	protenix_v1	msa+tmpl	ranked_4	OK	138.20	41.61	96.59	8.99	9.07	0.08
7pbe	protenix_v1	msa+tmpl	ranked_4	OK	51.95	51.66	0.29	3.12	2.25	0.86
7phr	protenix_v1	msa+tmpl	ranked_4	OK	37.15	42.98	5.82	5.75	5.35	0.40
7q99	protenix_v1	msa+tmpl	ranked_4	OK	41.95	45.58	3.63	3.16	7.05	3.89
7q9a	protenix_v1	msa+tmpl	ranked_4	OK	42.06	47.58	5.52	1.77	9.68	7.91
7q9b	protenix_v1	msa+tmpl	ranked_4	OK	27.92	46.49	18.57	7.34	8.38	1.04
7qpj	protenix_v1	msa+tmpl	ranked_4	OK	32.16	31.58	0.58	11.98	10.81	1.16
7r80	protenix_v1	msa+tmpl	ranked_4	OK	146.47	17.50	128.97	11.60	11.89	0.29
7rk7	protenix_v1	msa+tmpl	ranked_4	OK	61.71	80.75	19.04	177.44	16.46	160.98
7rm4	protenix_v1	msa+tmpl	ranked_4	OK	37.37	35.33	2.05	19.87	18.89	0.99
7rrg	protenix_v1	msa+tmpl	ranked_4	OK	64.78	73.79	9.01	16.09	12.05	4.05
7rtr	protenix_v1	msa+tmpl	ranked_4	OK	141.71	42.24	99.46	22.79	3.53	19.27
7su9	protenix_v1	msa+tmpl	ranked_4	OK	28.21	13.42	14.78	8.40	9.17	0.77
8cx4	protenix_v1	msa+tmpl	ranked_4	OK	157.72	20.06	137.66	5.90	8.65	2.75
8d5q	protenix_v1	msa+tmpl	ranked_4	OK	41.34	31.15	10.19	12.53	9.43	3.09
8dnt	protenix_v1	msa+tmpl	ranked_4	OK	37.24	31.40	5.83	8.39	3.64	4.75
8en8	protenix_v1	msa+tmpl	ranked_4	OK	49.55	41.37	8.18	4.36	21.57	17.21
8enh	protenix_v1	msa+tmpl	ranked_4	OK	139.89	37.82	102.08	37.01	19.96	17.05
8eo8	protenix_v1	msa+tmpl	ranked_4	OK	134.99	38.49	96.50	42.67	21.40	21.27
8f5a	protenix_v1	msa+tmpl	ranked_4	OK	44.01	49.88	5.86	6.86	6.53	0.34
8gom	protenix_v1	msa+tmpl	ranked_4	OK	51.94	39.06	12.88	10.41	15.79	5.38
8gon	protenix_v1	msa+tmpl	ranked_4	OK	45.95	38.47	7.48	16.49	13.44	3.05
8gvb	protenix_v1	msa+tmpl	ranked_4	OK	51.39	54.52	3.12	17.53	19.12	1.59
8gvg	protenix_v1	msa+tmpl	ranked_4	OK	52.44	55.07	2.64	18.65	20.08	1.44
8gvi	protenix_v1	msa+tmpl	ranked_4	OK	58.13	55.10	3.03	21.36	20.62	0.73
8i5c	protenix_v1	msa+tmpl	ranked_4	OK	50.98	47.69	3.29	6.20	7.33	1.12
8i5d	protenix_v1	msa+tmpl	ranked_4	OK	34.44	44.46	10.01	14.72	11.72	3.00
8qfy	protenix_v1	msa+tmpl	ranked_4	OK	85.02	78.46	6.56	26.97	18.22	8.75
8shi	protenix_v1	msa+tmpl	ranked_4	OK	32.69	20.26	12.42	4.69	18.76	14.07
8wte	protenix_v1	msa+tmpl	ranked_4	OK	35.42	64.06	28.65	8.16	4.45	3.71
8wul	protenix_v1	msa+tmpl	ranked_4	OK	50.57	64.44	13.86	2.73	2.45	0.27
6zkw	protenix_v2	msa	ranked_0	OK	53.46	57.14	3.69	16.21	18.99	2.78
6zkx	protenix_v2	msa	ranked_0	OK	57.38	54.69	2.69	14.02	13.69	0.33
6zky	protenix_v2	msa	ranked_0	OK	61.49	56.78	4.71	12.03	18.99	6.96
6zkz	protenix_v2	msa	ranked_0	OK	44.92	56.52	11.60	12.82	18.02	5.21
7dzm	protenix_v2	msa	ranked_0	OK	48.82	45.42	3.39	11.03	10.35	0.68
7dzn	protenix_v2	msa	ranked_0	OK	151.65	44.85	106.80	3.26	10.90	7.65
7l1d	protenix_v2	msa	ranked_0	OK	99.28	47.41	51.87	140.97	3.49	137.49
7n2n	protenix_v2	msa	ranked_0	OK	21.90	20.52	1.37	11.95	5.13	6.81
7n2o	protenix_v2	msa	ranked_0	OK	18.98	20.11	1.14	8.68	12.74	4.07
7n2p	protenix_v2	msa	ranked_0	OK	27.53	21.92	5.61	9.72	9.18	0.55
7n2q	protenix_v2	msa	ranked_0	OK	22.12	21.13	0.99	1.81	9.24	7.42
7n2r	protenix_v2	msa	ranked_0	OK	22.78	21.24	1.54	5.05	8.70	3.64
7n2s	protenix_v2	msa	ranked_0	OK	26.15	21.39	4.76	25.40	5.07	20.33
7n4k	protenix_v2	msa	ranked_0	OK	45.27	41.23	4.04	19.54	16.00	3.53
7n5c	protenix_v2	msa	ranked_0	OK	41.28	43.40	2.12	16.78	18.17	1.39
7n5p	protenix_v2	msa	ranked_0	OK	46.86	41.20	5.66	21.48	16.18	5.30
7na5	protenix_v2	msa	ranked_0	OK	45.13	58.96	13.83	3.30	14.97	11.67
7ndq	protenix_v2	msa	ranked_0	OK	71.80	76.89	5.09	17.95	19.03	1.08
7ndt	protenix_v2	msa	ranked_0	OK	33.39	33.86	0.47	3.28	7.29	4.01
7ndu	protenix_v2	msa	ranked_0	OK	77.71	76.62	1.10	22.10	20.08	2.03
7nme	protenix_v2	msa	ranked_0	OK	49.33	35.91	13.41	1.21	8.79	7.58
7nmf	protenix_v2	msa	ranked_0	OK	49.32	35.95	13.37	1.24	8.90	7.67
7nmg	protenix_v2	msa	ranked_0	OK	47.81	34.94	12.87	3.08	7.72	4.64
7ow5	protenix_v2	msa	ranked_0	OK	41.62	46.04	4.42	7.18	8.56	1.38
7ow6	protenix_v2	msa	ranked_0	OK	45.64	48.16	2.52	9.24	8.38	0.86
7pb2	protenix_v2	msa	ranked_0	OK	43.96	41.61	2.34	19.60	9.07	10.54
7pbe	protenix_v2	msa	ranked_0	OK	56.87	51.66	5.21	0.59	2.25	1.66
7phr	protenix_v2	msa	ranked_0	OK	37.72	42.98	5.26	6.20	5.35	0.84
7q99	protenix_v2	msa	ranked_0	OK	47.60	45.58	2.02	4.04	7.05	3.01
7q9a	protenix_v2	msa	ranked_0	OK	47.39	47.58	0.19	4.04	9.68	5.63
7q9b	protenix_v2	msa	ranked_0	OK	32.06	46.49	14.43	2.55	8.38	5.83
7qpj	protenix_v2	msa	ranked_0	OK	30.47	31.58	1.11	10.82	10.81	0.01
7r80	protenix_v2	msa	ranked_0	OK	156.09	17.50	138.59	8.78	11.89	3.11
7rk7	protenix_v2	msa	ranked_0	OK	79.70	80.75	1.05	11.64	16.46	4.83
7rm4	protenix_v2	msa	ranked_0	OK	19.06	35.33	16.27	161.93	18.89	143.05
7rrg	protenix_v2	msa	ranked_0	OK	51.32	73.79	22.47	155.02	12.05	142.98
7rtr	protenix_v2	msa	ranked_0	OK	43.55	42.24	1.31	4.43	3.53	0.90
7su9	protenix_v2	msa	ranked_0	OK	17.03	13.42	3.61	15.98	9.17	6.81
8cx4	protenix_v2	msa	ranked_0	OK	19.63	20.06	0.43	4.89	8.65	3.76
8d5q	protenix_v2	msa	ranked_0	OK	27.02	31.15	4.13	9.70	9.43	0.27
8dnt	protenix_v2	msa	ranked_0	OK	40.72	31.40	9.31	9.66	3.64	6.01
8en8	protenix_v2	msa	ranked_0	OK	41.90	41.37	0.53	23.94	21.57	2.37
8enh	protenix_v2	msa	ranked_0	OK	37.70	37.82	0.12	24.90	19.96	4.94
8eo8	protenix_v2	msa	ranked_0	OK	37.77	38.49	0.72	25.08	21.40	3.67
8f5a	protenix_v2	msa	ranked_0	OK	31.11	49.88	18.77	5.38	6.53	1.15
8gom	protenix_v2	msa	ranked_0	OK	149.20	39.06	110.13	4.62	15.79	11.17
8gon	protenix_v2	msa	ranked_0	OK	147.22	38.47	108.75	6.55	13.44	6.89
8gvb	protenix_v2	msa	ranked_0	OK	55.24	54.52	0.73	18.04	19.12	1.08
8gvg	protenix_v2	msa	ranked_0	OK	57.12	55.07	2.05	18.34	20.08	1.75
8gvi	protenix_v2	msa	ranked_0	OK	59.86	55.10	4.75	17.08	20.62	3.54
8i5c	protenix_v2	msa	ranked_0	OK	45.34	47.69	2.35	8.09	7.33	0.76
8i5d	protenix_v2	msa	ranked_0	OK	37.45	44.46	7.00	14.65	11.72	2.93
8qfy	protenix_v2	msa	ranked_0	OK	81.60	78.46	3.14	17.98	18.22	0.24
8shi	protenix_v2	msa	ranked_0	OK	22.90	20.26	2.64	20.86	18.76	2.11
8wte	protenix_v2	msa	ranked_0	OK	37.39	64.06	26.68	4.57	4.45	0.12
8wul	protenix_v2	msa	ranked_0	OK	170.88	64.44	106.45	150.76	2.45	148.30
6zkw	protenix_v2	msa	ranked_1	OK	48.29	57.14	8.86	18.06	18.99	0.93
6zkx	protenix_v2	msa	ranked_1	OK	54.24	54.69	0.45	13.98	13.69	0.30
6zky	protenix_v2	msa	ranked_1	OK	58.96	56.78	2.18	12.81	18.99	6.18
6zkz	protenix_v2	msa	ranked_1	OK	42.70	56.52	13.82	11.09	18.02	6.93
7dzm	protenix_v2	msa	ranked_1	OK	48.06	45.42	2.64	10.71	10.35	0.36
7dzn	protenix_v2	msa	ranked_1	OK	154.62	44.85	109.77	2.33	10.90	8.57
7l1d	protenix_v2	msa	ranked_1	OK	101.45	47.41	54.04	137.41	3.49	133.92
7n2n	protenix_v2	msa	ranked_1	OK	39.68	20.52	19.15	23.00	5.13	17.86
7n2o	protenix_v2	msa	ranked_1	OK	13.53	20.11	6.58	4.08	12.74	8.67
7n2p	protenix_v2	msa	ranked_1	OK	33.33	21.92	11.41	11.46	9.18	2.29
7n2q	protenix_v2	msa	ranked_1	OK	13.91	21.13	7.23	4.68	9.24	4.56
7n2r	protenix_v2	msa	ranked_1	OK	25.61	21.24	4.37	2.46	8.70	6.24
7n2s	protenix_v2	msa	ranked_1	OK	28.21	21.39	6.82	28.51	5.07	23.43
7n4k	protenix_v2	msa	ranked_1	OK	48.80	41.23	7.56	18.37	16.00	2.37
7n5c	protenix_v2	msa	ranked_1	OK	34.31	43.40	9.09	17.33	18.17	0.84
7n5p	protenix_v2	msa	ranked_1	OK	48.44	41.20	7.25	18.73	16.18	2.55
7na5	protenix_v2	msa	ranked_1	OK	46.04	58.96	12.92	3.71	14.97	11.26
7ndq	protenix_v2	msa	ranked_1	OK	73.23	76.89	3.66	18.73	19.03	0.29
7ndt	protenix_v2	msa	ranked_1	OK	33.42	33.86	0.44	5.20	7.29	2.08
7ndu	protenix_v2	msa	ranked_1	OK	77.52	76.62	0.90	20.25	20.08	0.17
7nme	protenix_v2	msa	ranked_1	OK	50.36	35.91	14.45	2.81	8.79	5.98
7nmf	protenix_v2	msa	ranked_1	OK	50.37	35.95	14.42	2.75	8.90	6.15
7nmg	protenix_v2	msa	ranked_1	OK	52.96	34.94	18.02	1.04	7.72	6.68
7ow5	protenix_v2	msa	ranked_1	OK	42.73	46.04	3.31	4.79	8.56	3.77
7ow6	protenix_v2	msa	ranked_1	OK	48.61	48.16	0.45	7.50	8.38	0.88
7pb2	protenix_v2	msa	ranked_1	OK	43.90	41.61	2.29	17.35	9.07	8.28
7pbe	protenix_v2	msa	ranked_1	OK	55.03	51.66	3.38	1.52	2.25	0.73
7phr	protenix_v2	msa	ranked_1	OK	36.45	42.98	6.53	7.13	5.35	1.78
7q99	protenix_v2	msa	ranked_1	OK	43.50	45.58	2.09	3.54	7.05	3.51
7q9a	protenix_v2	msa	ranked_1	OK	44.85	47.58	2.72	5.06	9.68	4.62
7q9b	protenix_v2	msa	ranked_1	OK	33.27	46.49	13.21	4.48	8.38	3.90
7qpj	protenix_v2	msa	ranked_1	OK	31.26	31.58	0.32	10.06	10.81	0.76
7r80	protenix_v2	msa	ranked_1	OK	159.22	17.50	141.71	8.57	11.89	3.32
7rk7	protenix_v2	msa	ranked_1	OK	78.36	80.75	2.39	10.90	16.46	5.56
7rm4	protenix_v2	msa	ranked_1	OK	15.12	35.33	20.21	166.10	18.89	147.21
7rrg	protenix_v2	msa	ranked_1	OK	71.50	73.79	2.29	12.48	12.05	0.43
7rtr	protenix_v2	msa	ranked_1	OK	50.56	42.24	8.31	4.44	3.53	0.91
7su9	protenix_v2	msa	ranked_1	OK	20.82	13.42	7.39	17.49	9.17	8.32
8cx4	protenix_v2	msa	ranked_1	OK	18.66	20.06	1.40	6.21	8.65	2.44
8d5q	protenix_v2	msa	ranked_1	OK	27.98	31.15	3.17	8.38	9.43	1.06
8dnt	protenix_v2	msa	ranked_1	OK	37.71	31.40	6.31	8.06	3.64	4.41
8en8	protenix_v2	msa	ranked_1	OK	39.52	41.37	1.84	23.22	21.57	1.66
8enh	protenix_v2	msa	ranked_1	OK	39.96	37.82	2.14	25.87	19.96	5.91
8eo8	protenix_v2	msa	ranked_1	OK	40.17	38.49	1.68	25.42	21.40	4.02
8f5a	protenix_v2	msa	ranked_1	OK	32.81	49.88	17.06	8.61	6.53	2.08
8gom	protenix_v2	msa	ranked_1	OK	97.92	39.06	58.85	127.52	15.79	111.73
8gon	protenix_v2	msa	ranked_1	OK	147.99	38.47	109.51	4.02	13.44	9.42
8gvb	protenix_v2	msa	ranked_1	OK	55.40	54.52	0.89	16.97	19.12	2.15
8gvg	protenix_v2	msa	ranked_1	OK	57.21	55.07	2.14	17.31	20.08	2.77
8gvi	protenix_v2	msa	ranked_1	OK	61.08	55.10	5.98	15.09	20.62	5.54
8i5c	protenix_v2	msa	ranked_1	OK	44.49	47.69	3.20	8.00	7.33	0.67
8i5d	protenix_v2	msa	ranked_1	OK	34.19	44.46	10.27	12.10	11.72	0.38
8qfy	protenix_v2	msa	ranked_1	OK	82.43	78.46	3.97	18.82	18.22	0.60
8shi	protenix_v2	msa	ranked_1	OK	26.04	20.26	5.78	21.43	18.76	2.68
8wte	protenix_v2	msa	ranked_1	OK	37.92	64.06	26.14	4.56	4.45	0.11
8wul	protenix_v2	msa	ranked_1	OK	170.99	64.44	106.56	152.60	2.45	150.15
6zkw	protenix_v2	msa	ranked_2	OK	47.92	57.14	9.22	18.07	18.99	0.93
6zkx	protenix_v2	msa	ranked_2	OK	51.70	54.69	2.98	14.03	13.69	0.35
6zky	protenix_v2	msa	ranked_2	OK	57.48	56.78	0.70	13.25	18.99	5.74
6zkz	protenix_v2	msa	ranked_2	OK	47.55	56.52	8.97	12.63	18.02	5.40
7dzm	protenix_v2	msa	ranked_2	OK	50.50	45.42	5.07	10.10	10.35	0.25
7dzn	protenix_v2	msa	ranked_2	OK	154.06	44.85	109.20	2.90	10.90	8.00
7l1d	protenix_v2	msa	ranked_2	OK	97.24	47.41	49.83	136.11	3.49	132.62
7n2n	protenix_v2	msa	ranked_2	OK	82.17	20.52	61.64	129.41	5.13	124.27
7n2o	protenix_v2	msa	ranked_2	OK	14.14	20.11	5.98	4.91	12.74	7.83
7n2p	protenix_v2	msa	ranked_2	OK	36.21	21.92	14.29	9.71	9.18	0.53
7n2q	protenix_v2	msa	ranked_2	OK	20.88	21.13	0.25	4.44	9.24	4.79
7n2r	protenix_v2	msa	ranked_2	OK	24.68	21.24	3.45	5.96	8.70	2.74
7n2s	protenix_v2	msa	ranked_2	OK	26.88	21.39	5.49	23.78	5.07	18.71
7n4k	protenix_v2	msa	ranked_2	OK	46.05	41.23	4.81	17.96	16.00	1.95
7n5c	protenix_v2	msa	ranked_2	OK	38.64	43.40	4.76	16.71	18.17	1.46
7n5p	protenix_v2	msa	ranked_2	OK	46.56	41.20	5.37	20.94	16.18	4.76
7na5	protenix_v2	msa	ranked_2	OK	40.81	58.96	18.15	6.60	14.97	8.37
7ndq	protenix_v2	msa	ranked_2	OK	72.81	76.89	4.09	17.22	19.03	1.81
7ndt	protenix_v2	msa	ranked_2	OK	31.16	33.86	2.70	5.95	7.29	1.34
7ndu	protenix_v2	msa	ranked_2	OK	77.84	76.62	1.22	20.05	20.08	0.03
7nme	protenix_v2	msa	ranked_2	OK	46.46	35.91	10.54	3.24	8.79	5.55
7nmf	protenix_v2	msa	ranked_2	OK	46.64	35.95	10.69	2.92	8.90	5.98
7nmg	protenix_v2	msa	ranked_2	OK	54.44	34.94	19.49	3.92	7.72	3.80
7ow5	protenix_v2	msa	ranked_2	OK	41.13	46.04	4.91	7.76	8.56	0.80
7ow6	protenix_v2	msa	ranked_2	OK	46.15	48.16	2.01	9.94	8.38	1.56
7pb2	protenix_v2	msa	ranked_2	OK	48.01	41.61	6.40	20.11	9.07	11.04
7pbe	protenix_v2	msa	ranked_2	OK	56.10	51.66	4.44	0.41	2.25	1.85
7phr	protenix_v2	msa	ranked_2	OK	37.14	42.98	5.84	5.96	5.35	0.60
7q99	protenix_v2	msa	ranked_2	OK	40.76	45.58	4.82	2.18	7.05	4.87
7q9a	protenix_v2	msa	ranked_2	OK	45.61	47.58	1.96	3.63	9.68	6.05
7q9b	protenix_v2	msa	ranked_2	OK	33.07	46.49	13.42	2.27	8.38	6.11
7qpj	protenix_v2	msa	ranked_2	OK	30.48	31.58	1.10	10.16	10.81	0.65
7r80	protenix_v2	msa	ranked_2	OK	158.40	17.50	140.90	8.51	11.89	3.39
7rk7	protenix_v2	msa	ranked_2	OK	80.07	80.75	0.68	7.54	16.46	8.92
7rm4	protenix_v2	msa	ranked_2	OK	13.61	35.33	21.72	160.84	18.89	141.95
7rrg	protenix_v2	msa	ranked_2	OK	69.97	73.79	3.83	13.12	12.05	1.07
7rtr	protenix_v2	msa	ranked_2	OK	49.78	42.24	7.54	5.89	3.53	2.37
7su9	protenix_v2	msa	ranked_2	OK	15.45	13.42	2.02	16.24	9.17	7.07
8cx4	protenix_v2	msa	ranked_2	OK	18.22	20.06	1.84	5.75	8.65	2.89
8d5q	protenix_v2	msa	ranked_2	OK	27.63	31.15	3.53	11.49	9.43	2.06
8dnt	protenix_v2	msa	ranked_2	OK	37.98	31.40	6.58	8.65	3.64	5.00
8en8	protenix_v2	msa	ranked_2	OK	39.58	41.37	1.79	24.30	21.57	2.73
8enh	protenix_v2	msa	ranked_2	OK	40.14	37.82	2.33	24.92	19.96	4.96
8eo8	protenix_v2	msa	ranked_2	OK	39.05	38.49	0.56	25.34	21.40	3.93
8f5a	protenix_v2	msa	ranked_2	OK	33.37	49.88	16.51	6.72	6.53	0.19
8gom	protenix_v2	msa	ranked_2	OK	98.97	39.06	59.91	127.39	15.79	111.60
8gon	protenix_v2	msa	ranked_2	OK	100.08	38.47	61.61	128.30	13.44	114.86
8gvb	protenix_v2	msa	ranked_2	OK	54.59	54.52	0.08	16.32	19.12	2.80
8gvg	protenix_v2	msa	ranked_2	OK	59.48	55.07	4.40	17.44	20.08	2.64
8gvi	protenix_v2	msa	ranked_2	OK	61.43	55.10	6.33	15.46	20.62	5.17
8i5c	protenix_v2	msa	ranked_2	OK	44.31	47.69	3.37	7.57	7.33	0.24
8i5d	protenix_v2	msa	ranked_2	OK	33.05	44.46	11.41	14.41	11.72	2.70
8qfy	protenix_v2	msa	ranked_2	OK	81.60	78.46	3.14	17.15	18.22	1.08
8shi	protenix_v2	msa	ranked_2	OK	30.62	20.26	10.35	0.64	18.76	18.12
8wte	protenix_v2	msa	ranked_2	OK	40.75	64.06	23.31	8.37	4.45	3.92
8wul	protenix_v2	msa	ranked_2	OK	169.51	64.44	105.07	152.42	2.45	149.97
6zkw	protenix_v2	msa	ranked_3	OK	51.18	57.14	5.96	16.85	18.99	2.14
6zkx	protenix_v2	msa	ranked_3	OK	56.80	54.69	2.12	12.73	13.69	0.95
6zky	protenix_v2	msa	ranked_3	OK	60.53	56.78	3.75	12.53	18.99	6.47
6zkz	protenix_v2	msa	ranked_3	OK	46.88	56.52	9.64	12.75	18.02	5.27
7dzm	protenix_v2	msa	ranked_3	OK	49.67	45.42	4.24	12.36	10.35	2.01
7dzn	protenix_v2	msa	ranked_3	OK	151.43	44.85	106.58	1.86	10.90	9.05
7l1d	protenix_v2	msa	ranked_3	OK	53.18	47.41	5.77	28.10	3.49	24.61
7n2n	protenix_v2	msa	ranked_3	OK	84.04	20.52	63.52	134.85	5.13	129.72
7n2o	protenix_v2	msa	ranked_3	OK	11.74	20.11	8.37	6.85	12.74	5.90
7n2p	protenix_v2	msa	ranked_3	OK	33.62	21.92	11.69	11.82	9.18	2.64
7n2q	protenix_v2	msa	ranked_3	OK	22.51	21.13	1.38	8.04	9.24	1.20
7n2r	protenix_v2	msa	ranked_3	OK	19.13	21.24	2.11	4.83	8.70	3.87
7n2s	protenix_v2	msa	ranked_3	OK	29.27	21.39	7.87	26.93	5.07	21.85
7n4k	protenix_v2	msa	ranked_3	OK	46.15	41.23	4.91	19.44	16.00	3.43
7n5c	protenix_v2	msa	ranked_3	OK	39.68	43.40	3.72	16.98	18.17	1.19
7n5p	protenix_v2	msa	ranked_3	OK	44.08	41.20	2.88	19.15	16.18	2.97
7na5	protenix_v2	msa	ranked_3	OK	48.04	58.96	10.93	4.33	14.97	10.64
7ndq	protenix_v2	msa	ranked_3	OK	73.52	76.89	3.37	19.16	19.03	0.13
7ndt	protenix_v2	msa	ranked_3	OK	29.85	33.86	4.01	5.34	7.29	1.95
7ndu	protenix_v2	msa	ranked_3	OK	77.68	76.62	1.06	21.92	20.08	1.84
7nme	protenix_v2	msa	ranked_3	OK	53.75	35.91	17.84	0.71	8.79	8.08
7nmf	protenix_v2	msa	ranked_3	OK	53.58	35.95	17.63	0.63	8.90	8.28
7nmg	protenix_v2	msa	ranked_3	OK	45.13	34.94	10.19	8.09	7.72	0.37
7ow5	protenix_v2	msa	ranked_3	OK	146.42	46.04	100.38	43.24	8.56	34.68
7ow6	protenix_v2	msa	ranked_3	OK	49.92	48.16	1.76	3.44	8.38	4.94
7pb2	protenix_v2	msa	ranked_3	OK	48.62	41.61	7.01	18.85	9.07	9.79
7pbe	protenix_v2	msa	ranked_3	OK	56.63	51.66	4.97	1.06	2.25	1.20
7phr	protenix_v2	msa	ranked_3	OK	36.48	42.98	6.50	6.03	5.35	0.68
7q99	protenix_v2	msa	ranked_3	OK	45.34	45.58	0.25	3.98	7.05	3.08
7q9a	protenix_v2	msa	ranked_3	OK	43.08	47.58	4.50	3.15	9.68	6.53
7q9b	protenix_v2	msa	ranked_3	OK	30.69	46.49	15.80	3.45	8.38	4.93
7qpj	protenix_v2	msa	ranked_3	OK	30.31	31.58	1.27	9.87	10.81	0.95
7r80	protenix_v2	msa	ranked_3	OK	26.99	17.50	9.49	23.42	11.89	11.53
7rk7	protenix_v2	msa	ranked_3	OK	79.85	80.75	0.90	8.18	16.46	8.28
7rm4	protenix_v2	msa	ranked_3	OK	45.36	35.33	10.03	14.79	18.89	4.10
7rrg	protenix_v2	msa	ranked_3	OK	79.68	73.79	5.89	13.67	12.05	1.62
7rtr	protenix_v2	msa	ranked_3	OK	45.52	42.24	3.27	8.55	3.53	5.03
7su9	protenix_v2	msa	ranked_3	OK	16.81	13.42	3.39	12.96	9.17	3.79
8cx4	protenix_v2	msa	ranked_3	OK	16.98	20.06	3.08	7.17	8.65	1.48
8d5q	protenix_v2	msa	ranked_3	OK	29.72	31.15	1.44	12.26	9.43	2.83
8dnt	protenix_v2	msa	ranked_3	OK	37.77	31.40	6.36	8.86	3.64	5.22
8en8	protenix_v2	msa	ranked_3	OK	40.99	41.37	0.37	24.20	21.57	2.64
8enh	protenix_v2	msa	ranked_3	OK	38.87	37.82	1.06	25.76	19.96	5.80
8eo8	protenix_v2	msa	ranked_3	OK	40.12	38.49	1.63	22.97	21.40	1.56
8f5a	protenix_v2	msa	ranked_3	OK	49.33	49.88	0.54	2.91	6.53	3.62
8gom	protenix_v2	msa	ranked_3	OK	68.13	39.06	29.07	158.22	15.79	142.43
8gon	protenix_v2	msa	ranked_3	OK	97.57	38.47	59.10	125.33	13.44	111.89
8gvb	protenix_v2	msa	ranked_3	OK	54.20	54.52	0.32	15.31	19.12	3.81
8gvg	protenix_v2	msa	ranked_3	OK	58.20	55.07	3.12	17.34	20.08	2.74
8gvi	protenix_v2	msa	ranked_3	OK	60.95	55.10	5.84	16.43	20.62	4.20
8i5c	protenix_v2	msa	ranked_3	OK	43.34	47.69	4.35	11.82	7.33	4.49
8i5d	protenix_v2	msa	ranked_3	OK	45.44	44.46	0.98	8.70	11.72	3.01
8qfy	protenix_v2	msa	ranked_3	OK	81.61	78.46	3.15	17.69	18.22	0.53
8shi	protenix_v2	msa	ranked_3	OK	31.80	20.26	11.54	28.05	18.76	9.29
8wte	protenix_v2	msa	ranked_3	OK	37.50	64.06	26.56	17.64	4.45	13.18
8wul	protenix_v2	msa	ranked_3	OK	167.90	64.44	103.46	150.53	2.45	148.08
6zkw	protenix_v2	msa	ranked_4	OK	48.45	57.14	8.69	16.22	18.99	2.77
6zkx	protenix_v2	msa	ranked_4	OK	51.27	54.69	3.41	13.33	13.69	0.35
6zky	protenix_v2	msa	ranked_4	OK	62.12	56.78	5.34	10.39	18.99	8.60
6zkz	protenix_v2	msa	ranked_4	OK	42.06	56.52	14.46	10.98	18.02	7.04
7dzm	protenix_v2	msa	ranked_4	OK	49.87	45.42	4.45	10.77	10.35	0.42
7dzn	protenix_v2	msa	ranked_4	OK	151.90	44.85	107.05	2.59	10.90	8.31
7l1d	protenix_v2	msa	ranked_4	OK	57.09	47.41	9.68	29.99	3.49	26.50
7n2n	protenix_v2	msa	ranked_4	OK	84.26	20.52	63.74	134.56	5.13	129.43
7n2o	protenix_v2	msa	ranked_4	OK	16.03	20.11	4.08	8.49	12.74	4.25
7n2p	protenix_v2	msa	ranked_4	OK	31.19	21.92	9.27	9.05	9.18	0.13
7n2q	protenix_v2	msa	ranked_4	OK	18.60	21.13	2.53	4.13	9.24	5.10
7n2r	protenix_v2	msa	ranked_4	OK	16.56	21.24	4.67	7.94	8.70	0.75
7n2s	protenix_v2	msa	ranked_4	OK	42.57	21.39	21.18	4.70	5.07	0.38
7n4k	protenix_v2	msa	ranked_4	OK	47.08	41.23	5.84	19.61	16.00	3.61
7n5c	protenix_v2	msa	ranked_4	OK	39.51	43.40	3.89	16.27	18.17	1.90
7n5p	protenix_v2	msa	ranked_4	OK	46.93	41.20	5.73	20.09	16.18	3.91
7na5	protenix_v2	msa	ranked_4	OK	51.91	58.96	7.06	7.85	14.97	7.12
7ndq	protenix_v2	msa	ranked_4	OK	73.09	76.89	3.80	19.46	19.03	0.43
7ndt	protenix_v2	msa	ranked_4	OK	31.43	33.86	2.43	7.80	7.29	0.51
7ndu	protenix_v2	msa	ranked_4	OK	77.90	76.62	1.29	20.67	20.08	0.60
7nme	protenix_v2	msa	ranked_4	OK	46.88	35.91	10.97	6.72	8.79	2.07
7nmf	protenix_v2	msa	ranked_4	OK	47.23	35.95	11.28	6.33	8.90	2.57
7nmg	protenix_v2	msa	ranked_4	OK	43.38	34.94	8.44	2.93	7.72	4.79
7ow5	protenix_v2	msa	ranked_4	OK	56.58	46.04	10.54	161.92	8.56	153.36
7ow6	protenix_v2	msa	ranked_4	OK	46.86	48.16	1.30	5.41	8.38	2.96
7pb2	protenix_v2	msa	ranked_4	OK	41.75	41.61	0.13	20.45	9.07	11.39
7pbe	protenix_v2	msa	ranked_4	OK	56.39	51.66	4.73	0.90	2.25	1.35
7phr	protenix_v2	msa	ranked_4	OK	36.85	42.98	6.13	6.31	5.35	0.96
7q99	protenix_v2	msa	ranked_4	OK	45.04	45.58	0.54	3.41	7.05	3.65
7q9a	protenix_v2	msa	ranked_4	OK	41.17	47.58	6.41	3.30	9.68	6.38
7q9b	protenix_v2	msa	ranked_4	OK	34.53	46.49	11.96	3.29	8.38	5.08
7qpj	protenix_v2	msa	ranked_4	OK	32.05	31.58	0.47	9.54	10.81	1.28
7r80	protenix_v2	msa	ranked_4	OK	32.48	17.50	14.97	28.27	11.89	16.38
7rk7	protenix_v2	msa	ranked_4	OK	71.48	80.75	9.27	8.84	16.46	7.62
7rm4	protenix_v2	msa	ranked_4	OK	55.10	35.33	19.77	13.49	18.89	5.39
7rrg	protenix_v2	msa	ranked_4	OK	14.07	73.79	59.72	142.80	12.05	130.75
7rtr	protenix_v2	msa	ranked_4	OK	43.69	42.24	1.44	5.93	3.53	2.40
7su9	protenix_v2	msa	ranked_4	OK	7.28	13.42	6.15	10.16	9.17	0.99
8cx4	protenix_v2	msa	ranked_4	OK	16.04	20.06	4.02	7.43	8.65	1.22
8d5q	protenix_v2	msa	ranked_4	OK	28.94	31.15	2.22	10.53	9.43	1.09
8dnt	protenix_v2	msa	ranked_4	OK	39.00	31.40	7.60	12.40	3.64	8.76
8en8	protenix_v2	msa	ranked_4	OK	42.29	41.37	0.93	24.02	21.57	2.46
8enh	protenix_v2	msa	ranked_4	OK	39.43	37.82	1.61	20.68	19.96	0.72
8eo8	protenix_v2	msa	ranked_4	OK	39.68	38.49	1.19	21.12	21.40	0.28
8f5a	protenix_v2	msa	ranked_4	OK	42.23	49.88	7.64	8.08	6.53	1.56
8gom	protenix_v2	msa	ranked_4	OK	76.26	39.06	37.20	104.99	15.79	89.20
8gon	protenix_v2	msa	ranked_4	OK	76.10	38.47	37.62	151.82	13.44	138.38
8gvb	protenix_v2	msa	ranked_4	OK	56.85	54.52	2.33	14.79	19.12	4.33
8gvg	protenix_v2	msa	ranked_4	OK	55.65	55.07	0.57	17.76	20.08	2.33
8gvi	protenix_v2	msa	ranked_4	OK	61.48	55.10	6.38	16.06	20.62	4.57
8i5c	protenix_v2	msa	ranked_4	OK	44.80	47.69	2.89	10.54	7.33	3.21
8i5d	protenix_v2	msa	ranked_4	OK	47.26	44.46	2.80	7.58	11.72	4.14
8qfy	protenix_v2	msa	ranked_4	OK	81.93	78.46	3.47	17.71	18.22	0.51
8shi	protenix_v2	msa	ranked_4	OK	27.78	20.26	7.52	3.13	18.76	15.62
8wte	protenix_v2	msa	ranked_4	OK	44.18	64.06	19.88	13.47	4.45	9.01
8wul	protenix_v2	msa	ranked_4	OK	170.18	64.44	105.75	154.38	2.45	151.93
6zkw	protenix_v2	msa+tmpl	ranked_0	OK	48.34	57.14	8.80	18.35	18.99	0.64
6zkx	protenix_v2	msa+tmpl	ranked_0	OK	56.06	54.69	1.37	13.74	13.69	0.06
6zky	protenix_v2	msa+tmpl	ranked_0	OK	58.97	56.78	2.19	13.13	18.99	5.86
6zkz	protenix_v2	msa+tmpl	ranked_0	OK	52.94	56.52	3.57	14.85	18.02	3.18
7dzm	protenix_v2	msa+tmpl	ranked_0	OK	49.00	45.42	3.58	10.71	10.35	0.36
7dzn	protenix_v2	msa+tmpl	ranked_0	OK	154.34	44.85	109.49	1.99	10.90	8.91
7l1d	protenix_v2	msa+tmpl	ranked_0	OK	98.52	47.41	51.11	141.38	3.49	137.89
7n2n	protenix_v2	msa+tmpl	ranked_0	OK	10.27	20.52	10.25	10.29	5.13	5.16
7n2o	protenix_v2	msa+tmpl	ranked_0	OK	14.87	20.11	5.25	3.61	12.74	9.14
7n2p	protenix_v2	msa+tmpl	ranked_0	OK	29.03	21.92	7.11	5.79	9.18	3.39
7n2q	protenix_v2	msa+tmpl	ranked_0	OK	28.50	21.13	7.37	6.30	9.24	2.94
7n2r	protenix_v2	msa+tmpl	ranked_0	OK	144.97	21.24	123.74	5.34	8.70	3.36
7n2s	protenix_v2	msa+tmpl	ranked_0	OK	54.84	21.39	33.44	10.77	5.07	5.69
7n4k	protenix_v2	msa+tmpl	ranked_0	OK	44.80	41.23	3.57	19.63	16.00	3.62
7n5c	protenix_v2	msa+tmpl	ranked_0	OK	33.37	43.40	10.03	16.66	18.17	1.51
7n5p	protenix_v2	msa+tmpl	ranked_0	OK	49.43	41.20	8.23	18.42	16.18	2.24
7na5	protenix_v2	msa+tmpl	ranked_0	OK	52.37	58.96	6.59	5.87	14.97	9.10
7ndq	protenix_v2	msa+tmpl	ranked_0	OK	92.98	76.89	16.09	32.20	19.03	13.17
7ndt	protenix_v2	msa+tmpl	ranked_0	OK	28.33	33.86	5.53	6.27	7.29	1.02
7ndu	protenix_v2	msa+tmpl	ranked_0	OK	77.76	76.62	1.14	22.61	20.08	2.54
7nme	protenix_v2	msa+tmpl	ranked_0	OK	48.96	35.91	13.05	1.42	8.79	7.37
7nmf	protenix_v2	msa+tmpl	ranked_0	OK	49.09	35.95	13.14	1.07	8.90	7.83
7nmg	protenix_v2	msa+tmpl	ranked_0	OK	46.84	34.94	11.90	3.30	7.72	4.42
7ow5	protenix_v2	msa+tmpl	ranked_0	OK	45.37	46.04	0.67	4.78	8.56	3.78
7ow6	protenix_v2	msa+tmpl	ranked_0	OK	47.77	48.16	0.39	8.46	8.38	0.09
7pb2	protenix_v2	msa+tmpl	ranked_0	OK	93.98	41.61	52.37	77.07	9.07	68.00
7pbe	protenix_v2	msa+tmpl	ranked_0	OK	56.77	51.66	5.11	0.56	2.25	1.69
7phr	protenix_v2	msa+tmpl	ranked_0	OK	37.10	42.98	5.88	6.32	5.35	0.96
7q99	protenix_v2	msa+tmpl	ranked_0	OK	47.72	45.58	2.13	4.02	7.05	3.03
7q9a	protenix_v2	msa+tmpl	ranked_0	OK	47.42	47.58	0.16	4.16	9.68	5.52
7q9b	protenix_v2	msa+tmpl	ranked_0	OK	30.77	46.49	15.72	1.41	8.38	6.97
7qpj	protenix_v2	msa+tmpl	ranked_0	OK	30.75	31.58	0.83	10.52	10.81	0.30
7r80	protenix_v2	msa+tmpl	ranked_0	OK	27.99	17.50	10.49	24.69	11.89	12.80
7rk7	protenix_v2	msa+tmpl	ranked_0	OK	78.28	80.75	2.47	9.89	16.46	6.58
7rm4	protenix_v2	msa+tmpl	ranked_0	OK	19.86	35.33	15.47	161.34	18.89	142.46
7rrg	protenix_v2	msa+tmpl	ranked_0	OK	51.37	73.79	22.42	157.84	12.05	145.79
7rtr	protenix_v2	msa+tmpl	ranked_0	OK	67.13	42.24	24.88	6.90	3.53	3.37
7su9	protenix_v2	msa+tmpl	ranked_0	OK	17.31	13.42	3.89	17.63	9.17	8.46
8cx4	protenix_v2	msa+tmpl	ranked_0	OK	20.17	20.06	0.11	5.14	8.65	3.51
8d5q	protenix_v2	msa+tmpl	ranked_0	OK	27.61	31.15	3.54	9.65	9.43	0.22
8dnt	protenix_v2	msa+tmpl	ranked_0	OK	35.20	31.40	3.80	6.52	3.64	2.88
8en8	protenix_v2	msa+tmpl	ranked_0	OK	41.86	41.37	0.49	24.45	21.57	2.88
8enh	protenix_v2	msa+tmpl	ranked_0	OK	40.27	37.82	2.45	25.72	19.96	5.77
8eo8	protenix_v2	msa+tmpl	ranked_0	OK	40.31	38.49	1.82	23.04	21.40	1.64
8f5a	protenix_v2	msa+tmpl	ranked_0	OK	34.16	49.88	15.72	10.37	6.53	3.85
8gom	protenix_v2	msa+tmpl	ranked_0	OK	39.46	39.06	0.39	19.37	15.79	3.58
8gon	protenix_v2	msa+tmpl	ranked_0	OK	148.58	38.47	110.11	6.30	13.44	7.14
8gvb	protenix_v2	msa+tmpl	ranked_0	OK	54.72	54.52	0.20	18.72	19.12	0.40
8gvg	protenix_v2	msa+tmpl	ranked_0	OK	56.94	55.07	1.87	19.04	20.08	1.05
8gvi	protenix_v2	msa+tmpl	ranked_0	OK	59.51	55.10	4.41	17.12	20.62	3.50
8i5c	protenix_v2	msa+tmpl	ranked_0	OK	47.16	47.69	0.53	8.50	7.33	1.17
8i5d	protenix_v2	msa+tmpl	ranked_0	OK	48.29	44.46	3.83	6.13	11.72	5.59
8qfy	protenix_v2	msa+tmpl	ranked_0	OK	82.35	78.46	3.89	18.81	18.22	0.59
8shi	protenix_v2	msa+tmpl	ranked_0	OK	31.51	20.26	11.25	1.16	18.76	17.59
8wte	protenix_v2	msa+tmpl	ranked_0	OK	36.64	64.06	27.42	10.95	4.45	6.50
8wul	protenix_v2	msa+tmpl	ranked_0	OK	20.74	64.44	43.69	20.33	2.45	17.87
6zkw	protenix_v2	msa+tmpl	ranked_1	OK	51.41	57.14	5.74	17.13	18.99	1.86
6zkx	protenix_v2	msa+tmpl	ranked_1	OK	52.90	54.69	1.79	14.24	13.69	0.56
6zky	protenix_v2	msa+tmpl	ranked_1	OK	57.99	56.78	1.21	13.43	18.99	5.56
6zkz	protenix_v2	msa+tmpl	ranked_1	OK	50.82	56.52	5.70	12.90	18.02	5.12
7dzm	protenix_v2	msa+tmpl	ranked_1	OK	48.31	45.42	2.89	10.57	10.35	0.22
7dzn	protenix_v2	msa+tmpl	ranked_1	OK	154.21	44.85	109.36	2.23	10.90	8.68
7l1d	protenix_v2	msa+tmpl	ranked_1	OK	93.03	47.41	45.62	134.61	3.49	131.12
7n2n	protenix_v2	msa+tmpl	ranked_1	OK	17.76	20.52	2.77	16.23	5.13	11.10
7n2o	protenix_v2	msa+tmpl	ranked_1	OK	12.92	20.11	7.20	2.13	12.74	10.61
7n2p	protenix_v2	msa+tmpl	ranked_1	OK	27.68	21.92	5.76	6.56	9.18	2.62
7n2q	protenix_v2	msa+tmpl	ranked_1	OK	23.83	21.13	2.70	6.80	9.24	2.43
7n2r	protenix_v2	msa+tmpl	ranked_1	OK	16.68	21.24	4.55	5.30	8.70	3.39
7n2s	protenix_v2	msa+tmpl	ranked_1	OK	54.32	21.39	32.93	6.80	5.07	1.73
7n4k	protenix_v2	msa+tmpl	ranked_1	OK	48.48	41.23	7.24	18.39	16.00	2.38
7n5c	protenix_v2	msa+tmpl	ranked_1	OK	40.97	43.40	2.42	17.24	18.17	0.94
7n5p	protenix_v2	msa+tmpl	ranked_1	OK	48.92	41.20	7.72	21.15	16.18	4.97
7na5	protenix_v2	msa+tmpl	ranked_1	OK	52.46	58.96	6.50	5.37	14.97	9.60
7ndq	protenix_v2	msa+tmpl	ranked_1	OK	91.90	76.89	15.01	33.87	19.03	14.84
7ndt	protenix_v2	msa+tmpl	ranked_1	OK	27.13	33.86	6.72	4.66	7.29	2.62
7ndu	protenix_v2	msa+tmpl	ranked_1	OK	77.26	76.62	0.64	20.62	20.08	0.54
7nme	protenix_v2	msa+tmpl	ranked_1	OK	50.21	35.91	14.30	2.87	8.79	5.92
7nmf	protenix_v2	msa+tmpl	ranked_1	OK	50.24	35.95	14.29	2.81	8.90	6.09
7nmg	protenix_v2	msa+tmpl	ranked_1	OK	51.73	34.94	16.79	1.00	7.72	6.72
7ow5	protenix_v2	msa+tmpl	ranked_1	OK	42.27	46.04	3.77	6.41	8.56	2.14
7ow6	protenix_v2	msa+tmpl	ranked_1	OK	45.73	48.16	2.43	9.99	8.38	1.61
7pb2	protenix_v2	msa+tmpl	ranked_1	OK	61.63	41.61	20.02	80.17	9.07	71.10
7pbe	protenix_v2	msa+tmpl	ranked_1	OK	54.96	51.66	3.30	1.42	2.25	0.83
7phr	protenix_v2	msa+tmpl	ranked_1	OK	37.64	42.98	5.33	6.46	5.35	1.10
7q99	protenix_v2	msa+tmpl	ranked_1	OK	45.30	45.58	0.28	3.95	7.05	3.10
7q9a	protenix_v2	msa+tmpl	ranked_1	OK	44.72	47.58	2.85	5.07	9.68	4.61
7q9b	protenix_v2	msa+tmpl	ranked_1	OK	33.35	46.49	13.14	4.78	8.38	3.60
7qpj	protenix_v2	msa+tmpl	ranked_1	OK	30.79	31.58	0.79	9.94	10.81	0.88
7r80	protenix_v2	msa+tmpl	ranked_1	OK	31.03	17.50	13.53	25.87	11.89	13.98
7rk7	protenix_v2	msa+tmpl	ranked_1	OK	84.11	80.75	3.36	14.41	16.46	2.05
7rm4	protenix_v2	msa+tmpl	ranked_1	OK	16.01	35.33	19.32	165.35	18.89	146.47
7rrg	protenix_v2	msa+tmpl	ranked_1	OK	53.30	73.79	20.49	161.08	12.05	149.03
7rtr	protenix_v2	msa+tmpl	ranked_1	OK	64.13	42.24	21.89	5.82	3.53	2.29
7su9	protenix_v2	msa+tmpl	ranked_1	OK	13.85	13.42	0.42	13.14	9.17	3.97
8cx4	protenix_v2	msa+tmpl	ranked_1	OK	19.99	20.06	0.07	6.21	8.65	2.44
8d5q	protenix_v2	msa+tmpl	ranked_1	OK	28.04	31.15	3.11	11.25	9.43	1.81
8dnt	protenix_v2	msa+tmpl	ranked_1	OK	34.28	31.40	2.88	5.78	3.64	2.13
8en8	protenix_v2	msa+tmpl	ranked_1	OK	39.73	41.37	1.64	23.71	21.57	2.15
8enh	protenix_v2	msa+tmpl	ranked_1	OK	37.86	37.82	0.04	24.33	19.96	4.37
8eo8	protenix_v2	msa+tmpl	ranked_1	OK	37.78	38.49	0.72	23.86	21.40	2.46
8f5a	protenix_v2	msa+tmpl	ranked_1	OK	30.67	49.88	19.21	3.90	6.53	2.63
8gom	protenix_v2	msa+tmpl	ranked_1	OK	149.77	39.06	110.71	4.08	15.79	11.71
8gon	protenix_v2	msa+tmpl	ranked_1	OK	149.25	38.47	110.78	4.32	13.44	9.11
8gvb	protenix_v2	msa+tmpl	ranked_1	OK	55.25	54.52	0.74	16.33	19.12	2.79
8gvg	protenix_v2	msa+tmpl	ranked_1	OK	56.31	55.07	1.24	20.02	20.08	0.07
8gvi	protenix_v2	msa+tmpl	ranked_1	OK	60.64	55.10	5.54	15.03	20.62	5.60
8i5c	protenix_v2	msa+tmpl	ranked_1	OK	44.19	47.69	3.50	12.12	7.33	4.80
8i5d	protenix_v2	msa+tmpl	ranked_1	OK	49.56	44.46	5.11	6.87	11.72	4.84
8qfy	protenix_v2	msa+tmpl	ranked_1	OK	81.51	78.46	3.05	17.88	18.22	0.34
8shi	protenix_v2	msa+tmpl	ranked_1	OK	29.01	20.26	8.75	3.26	18.76	15.49
8wte	protenix_v2	msa+tmpl	ranked_1	OK	36.83	64.06	27.23	9.90	4.45	5.44
8wul	protenix_v2	msa+tmpl	ranked_1	OK	47.74	64.44	16.70	4.54	2.45	2.08
6zkw	protenix_v2	msa+tmpl	ranked_2	OK	47.97	57.14	9.18	18.27	18.99	0.72
6zkx	protenix_v2	msa+tmpl	ranked_2	OK	50.58	54.69	4.11	14.13	13.69	0.45
6zky	protenix_v2	msa+tmpl	ranked_2	OK	62.41	56.78	5.63	11.69	18.99	7.31
6zkz	protenix_v2	msa+tmpl	ranked_2	OK	56.45	56.52	0.06	13.85	18.02	4.17
7dzm	protenix_v2	msa+tmpl	ranked_2	OK	50.74	45.42	5.31	9.93	10.35	0.43
7dzn	protenix_v2	msa+tmpl	ranked_2	OK	149.46	44.85	104.61	3.65	10.90	7.26
7l1d	protenix_v2	msa+tmpl	ranked_2	OK	95.46	47.41	48.05	142.18	3.49	138.69
7n2n	protenix_v2	msa+tmpl	ranked_2	OK	15.14	20.52	5.39	9.67	5.13	4.54
7n2o	protenix_v2	msa+tmpl	ranked_2	OK	14.77	20.11	5.34	3.25	12.74	9.50
7n2p	protenix_v2	msa+tmpl	ranked_2	OK	25.08	21.92	3.15	5.80	9.18	3.38
7n2q	protenix_v2	msa+tmpl	ranked_2	OK	24.80	21.13	3.66	6.99	9.24	2.24
7n2r	protenix_v2	msa+tmpl	ranked_2	OK	36.15	21.24	14.91	19.21	8.70	10.51
7n2s	protenix_v2	msa+tmpl	ranked_2	OK	54.64	21.39	33.25	10.50	5.07	5.43
7n4k	protenix_v2	msa+tmpl	ranked_2	OK	46.53	41.23	5.30	17.78	16.00	1.77
7n5c	protenix_v2	msa+tmpl	ranked_2	OK	38.56	43.40	4.84	16.90	18.17	1.27
7n5p	protenix_v2	msa+tmpl	ranked_2	OK	45.27	41.20	4.07	18.73	16.18	2.55
7na5	protenix_v2	msa+tmpl	ranked_2	OK	56.15	58.96	2.81	5.93	14.97	9.05
7ndq	protenix_v2	msa+tmpl	ranked_2	OK	92.93	76.89	16.04	34.07	19.03	15.04
7ndt	protenix_v2	msa+tmpl	ranked_2	OK	33.00	33.86	0.86	4.93	7.29	2.36
7ndu	protenix_v2	msa+tmpl	ranked_2	OK	77.92	76.62	1.30	21.36	20.08	1.29
7nme	protenix_v2	msa+tmpl	ranked_2	OK	46.20	35.91	10.29	4.81	8.79	3.98
7nmf	protenix_v2	msa+tmpl	ranked_2	OK	46.68	35.95	10.72	4.29	8.90	4.61
7nmg	protenix_v2	msa+tmpl	ranked_2	OK	53.67	34.94	18.73	2.98	7.72	4.74
7ow5	protenix_v2	msa+tmpl	ranked_2	OK	44.77	46.04	1.27	6.04	8.56	2.51
7ow6	protenix_v2	msa+tmpl	ranked_2	OK	49.60	48.16	1.44	3.80	8.38	4.58
7pb2	protenix_v2	msa+tmpl	ranked_2	OK	61.62	41.61	20.01	104.99	9.07	95.92
7pbe	protenix_v2	msa+tmpl	ranked_2	OK	56.16	51.66	4.51	0.29	2.25	1.97
7phr	protenix_v2	msa+tmpl	ranked_2	OK	37.82	42.98	5.16	6.06	5.35	0.71
7q99	protenix_v2	msa+tmpl	ranked_2	OK	43.48	45.58	2.10	3.52	7.05	3.53
7q9a	protenix_v2	msa+tmpl	ranked_2	OK	45.56	47.58	2.02	3.76	9.68	5.92
7q9b	protenix_v2	msa+tmpl	ranked_2	OK	36.81	46.49	9.68	7.22	8.38	1.15
7qpj	protenix_v2	msa+tmpl	ranked_2	OK	31.62	31.58	0.04	10.05	10.81	0.77
7r80	protenix_v2	msa+tmpl	ranked_2	OK	33.16	17.50	15.65	28.58	11.89	16.69
7rk7	protenix_v2	msa+tmpl	ranked_2	OK	81.71	80.75	0.96	14.29	16.46	2.17
7rm4	protenix_v2	msa+tmpl	ranked_2	OK	14.42	35.33	20.90	164.79	18.89	145.91
7rrg	protenix_v2	msa+tmpl	ranked_2	OK	53.23	73.79	20.56	15.11	12.05	3.06
7rtr	protenix_v2	msa+tmpl	ranked_2	OK	64.21	42.24	21.97	5.52	3.53	1.99
7su9	protenix_v2	msa+tmpl	ranked_2	OK	18.59	13.42	5.17	14.52	9.17	5.35
8cx4	protenix_v2	msa+tmpl	ranked_2	OK	17.83	20.06	2.23	6.74	8.65	1.91
8d5q	protenix_v2	msa+tmpl	ranked_2	OK	28.62	31.15	2.54	10.91	9.43	1.48
8dnt	protenix_v2	msa+tmpl	ranked_2	OK	33.32	31.40	1.92	6.39	3.64	2.74
8en8	protenix_v2	msa+tmpl	ranked_2	OK	41.07	41.37	0.30	24.47	21.57	2.90
8enh	protenix_v2	msa+tmpl	ranked_2	OK	39.07	37.82	1.26	25.22	19.96	5.26
8eo8	protenix_v2	msa+tmpl	ranked_2	OK	40.26	38.49	1.77	25.49	21.40	4.09
8f5a	protenix_v2	msa+tmpl	ranked_2	OK	44.82	49.88	5.06	1.14	6.53	5.38
8gom	protenix_v2	msa+tmpl	ranked_2	OK	97.38	39.06	58.32	125.25	15.79	109.46
8gon	protenix_v2	msa+tmpl	ranked_2	OK	99.29	38.47	60.82	126.13	13.44	112.69
8gvb	protenix_v2	msa+tmpl	ranked_2	OK	53.81	54.52	0.70	17.04	19.12	2.08
8gvg	protenix_v2	msa+tmpl	ranked_2	OK	57.78	55.07	2.71	19.02	20.08	1.06
8gvi	protenix_v2	msa+tmpl	ranked_2	OK	60.60	55.10	5.50	16.41	20.62	4.21
8i5c	protenix_v2	msa+tmpl	ranked_2	OK	45.22	47.69	2.47	8.34	7.33	1.01
8i5d	protenix_v2	msa+tmpl	ranked_2	OK	38.29	44.46	6.17	12.60	11.72	0.89
8qfy	protenix_v2	msa+tmpl	ranked_2	OK	81.50	78.46	3.04	17.11	18.22	1.11
8shi	protenix_v2	msa+tmpl	ranked_2	OK	31.43	20.26	11.17	3.64	18.76	15.12
8wte	protenix_v2	msa+tmpl	ranked_2	OK	37.61	64.06	26.45	18.70	4.45	14.24
8wul	protenix_v2	msa+tmpl	ranked_2	OK	41.49	64.44	22.94	2.95	2.45	0.50
6zkw	protenix_v2	msa+tmpl	ranked_3	OK	53.63	57.14	3.52	16.32	18.99	2.67
6zkx	protenix_v2	msa+tmpl	ranked_3	OK	55.51	54.69	0.82	12.84	13.69	0.85
6zky	protenix_v2	msa+tmpl	ranked_3	OK	60.15	56.78	3.37	13.21	18.99	5.78
6zkz	protenix_v2	msa+tmpl	ranked_3	OK	54.34	56.52	2.18	14.42	18.02	3.61
7dzm	protenix_v2	msa+tmpl	ranked_3	OK	49.92	45.42	4.49	12.08	10.35	1.73
7dzn	protenix_v2	msa+tmpl	ranked_3	OK	152.04	44.85	107.19	2.29	10.90	8.61
7l1d	protenix_v2	msa+tmpl	ranked_3	OK	100.68	47.41	53.27	151.08	3.49	147.59
7n2n	protenix_v2	msa+tmpl	ranked_3	OK	12.76	20.52	7.77	8.90	5.13	3.76
7n2o	protenix_v2	msa+tmpl	ranked_3	OK	8.96	20.11	11.15	1.61	12.74	11.13
7n2p	protenix_v2	msa+tmpl	ranked_3	OK	26.44	21.92	4.52	6.67	9.18	2.50
7n2q	protenix_v2	msa+tmpl	ranked_3	OK	26.93	21.13	5.80	8.59	9.24	0.64
7n2r	protenix_v2	msa+tmpl	ranked_3	OK	32.64	21.24	11.41	19.14	8.70	10.45
7n2s	protenix_v2	msa+tmpl	ranked_3	OK	50.92	21.39	29.52	4.96	5.07	0.12
7n4k	protenix_v2	msa+tmpl	ranked_3	OK	45.56	41.23	4.32	19.15	16.00	3.14
7n5c	protenix_v2	msa+tmpl	ranked_3	OK	40.01	43.40	3.39	16.66	18.17	1.51
7n5p	protenix_v2	msa+tmpl	ranked_3	OK	48.41	41.20	7.22	20.86	16.18	4.67
7na5	protenix_v2	msa+tmpl	ranked_3	OK	49.86	58.96	9.11	4.62	14.97	10.35
7ndq	protenix_v2	msa+tmpl	ranked_3	OK	89.97	76.89	13.08	33.29	19.03	14.26
7ndt	protenix_v2	msa+tmpl	ranked_3	OK	28.99	33.86	4.86	3.81	7.29	3.48
7ndu	protenix_v2	msa+tmpl	ranked_3	OK	77.77	76.62	1.15	22.55	20.08	2.47
7nme	protenix_v2	msa+tmpl	ranked_3	OK	53.14	35.91	17.22	0.42	8.79	8.37
7nmf	protenix_v2	msa+tmpl	ranked_3	OK	53.23	35.95	17.28	0.51	8.90	8.39
7nmg	protenix_v2	msa+tmpl	ranked_3	OK	44.82	34.94	9.87	8.26	7.72	0.54
7ow5	protenix_v2	msa+tmpl	ranked_3	OK	43.72	46.04	2.32	5.81	8.56	2.75
7ow6	protenix_v2	msa+tmpl	ranked_3	OK	45.66	48.16	2.50	9.27	8.38	0.89
7pb2	protenix_v2	msa+tmpl	ranked_3	OK	93.27	41.61	51.66	165.34	9.07	156.27
7pbe	protenix_v2	msa+tmpl	ranked_3	OK	56.64	51.66	4.99	0.97	2.25	1.28
7phr	protenix_v2	msa+tmpl	ranked_3	OK	37.66	42.98	5.31	5.54	5.35	0.19
7q99	protenix_v2	msa+tmpl	ranked_3	OK	45.12	45.58	0.46	3.42	7.05	3.63
7q9a	protenix_v2	msa+tmpl	ranked_3	OK	42.91	47.58	4.67	3.20	9.68	6.48
7q9b	protenix_v2	msa+tmpl	ranked_3	OK	37.29	46.49	9.20	8.08	8.38	0.29
7qpj	protenix_v2	msa+tmpl	ranked_3	OK	30.57	31.58	1.01	9.84	10.81	0.97
7r80	protenix_v2	msa+tmpl	ranked_3	OK	30.33	17.50	12.83	26.95	11.89	15.05
7rk7	protenix_v2	msa+tmpl	ranked_3	OK	79.85	80.75	0.90	11.84	16.46	4.62
7rm4	protenix_v2	msa+tmpl	ranked_3	OK	44.15	35.33	8.82	15.69	18.89	3.19
7rrg	protenix_v2	msa+tmpl	ranked_3	OK	52.91	73.79	20.88	156.20	12.05	144.15
7rtr	protenix_v2	msa+tmpl	ranked_3	OK	53.46	42.24	11.22	3.44	3.53	0.08
7su9	protenix_v2	msa+tmpl	ranked_3	OK	3.49	13.42	9.94	12.03	9.17	2.86
8cx4	protenix_v2	msa+tmpl	ranked_3	OK	19.95	20.06	0.11	5.99	8.65	2.66
8d5q	protenix_v2	msa+tmpl	ranked_3	OK	28.68	31.15	2.48	8.15	9.43	1.28
8dnt	protenix_v2	msa+tmpl	ranked_3	OK	35.07	31.40	3.66	6.78	3.64	3.14
8en8	protenix_v2	msa+tmpl	ranked_3	OK	39.67	41.37	1.70	24.58	21.57	3.01
8enh	protenix_v2	msa+tmpl	ranked_3	OK	40.16	37.82	2.34	23.29	19.96	3.33
8eo8	protenix_v2	msa+tmpl	ranked_3	OK	39.98	38.49	1.49	21.63	21.40	0.23
8f5a	protenix_v2	msa+tmpl	ranked_3	OK	52.13	49.88	2.25	11.05	6.53	4.53
8gom	protenix_v2	msa+tmpl	ranked_3	OK	26.56	39.06	12.50	155.19	15.79	139.39
8gon	protenix_v2	msa+tmpl	ranked_3	OK	97.21	38.47	58.74	126.92	13.44	113.48
8gvb	protenix_v2	msa+tmpl	ranked_3	OK	53.71	54.52	0.80	15.80	19.12	3.32
8gvg	protenix_v2	msa+tmpl	ranked_3	OK	57.78	55.07	2.71	18.68	20.08	1.41
8gvi	protenix_v2	msa+tmpl	ranked_3	OK	61.14	55.10	6.04	15.80	20.62	4.83
8i5c	protenix_v2	msa+tmpl	ranked_3	OK	45.03	47.69	2.66	7.74	7.33	0.41
8i5d	protenix_v2	msa+tmpl	ranked_3	OK	37.27	44.46	7.19	12.37	11.72	0.65
8qfy	protenix_v2	msa+tmpl	ranked_3	OK	81.78	78.46	3.32	17.72	18.22	0.50
8shi	protenix_v2	msa+tmpl	ranked_3	OK	31.69	20.26	11.43	6.92	18.76	11.84
8wte	protenix_v2	msa+tmpl	ranked_3	OK	39.85	64.06	24.21	12.18	4.45	7.72
8wul	protenix_v2	msa+tmpl	ranked_3	OK	44.46	64.44	19.98	3.48	2.45	1.03
6zkw	protenix_v2	msa+tmpl	ranked_4	OK	48.58	57.14	8.56	16.58	18.99	2.41
6zkx	protenix_v2	msa+tmpl	ranked_4	OK	47.30	54.69	7.38	13.93	13.69	0.25
6zky	protenix_v2	msa+tmpl	ranked_4	OK	62.11	56.78	5.33	10.56	18.99	8.43
6zkz	protenix_v2	msa+tmpl	ranked_4	OK	49.94	56.52	6.58	12.91	18.02	5.12
7dzm	protenix_v2	msa+tmpl	ranked_4	OK	50.01	45.42	4.59	10.53	10.35	0.18
7dzn	protenix_v2	msa+tmpl	ranked_4	OK	151.65	44.85	106.80	1.58	10.90	9.33
7l1d	protenix_v2	msa+tmpl	ranked_4	OK	99.42	47.41	52.01	140.88	3.49	137.39
7n2n	protenix_v2	msa+tmpl	ranked_4	OK	14.00	20.52	6.52	7.92	5.13	2.78
7n2o	protenix_v2	msa+tmpl	ranked_4	OK	14.53	20.11	5.59	4.22	12.74	8.53
7n2p	protenix_v2	msa+tmpl	ranked_4	OK	24.84	21.92	2.91	5.11	9.18	4.07
7n2q	protenix_v2	msa+tmpl	ranked_4	OK	25.52	21.13	4.38	7.45	9.24	1.78
7n2r	protenix_v2	msa+tmpl	ranked_4	OK	33.15	21.24	11.92	8.45	8.70	0.25
7n2s	protenix_v2	msa+tmpl	ranked_4	OK	52.44	21.39	31.04	3.30	5.07	1.78
7n4k	protenix_v2	msa+tmpl	ranked_4	OK	45.25	41.23	4.02	18.02	16.00	2.01
7n5c	protenix_v2	msa+tmpl	ranked_4	OK	39.52	43.40	3.88	16.71	18.17	1.46
7n5p	protenix_v2	msa+tmpl	ranked_4	OK	48.73	41.20	7.53	20.15	16.18	3.97
7na5	protenix_v2	msa+tmpl	ranked_4	OK	51.84	58.96	7.12	5.26	14.97	9.71
7ndq	protenix_v2	msa+tmpl	ranked_4	OK	71.39	76.89	5.50	29.08	19.03	10.05
7ndt	protenix_v2	msa+tmpl	ranked_4	OK	31.03	33.86	2.83	8.71	7.29	1.43
7ndu	protenix_v2	msa+tmpl	ranked_4	OK	77.68	76.62	1.06	21.10	20.08	1.02
7nme	protenix_v2	msa+tmpl	ranked_4	OK	46.54	35.91	10.62	6.68	8.79	2.11
7nmf	protenix_v2	msa+tmpl	ranked_4	OK	46.96	35.95	11.01	6.78	8.90	2.12
7nmg	protenix_v2	msa+tmpl	ranked_4	OK	42.89	34.94	7.95	3.08	7.72	4.64
7ow5	protenix_v2	msa+tmpl	ranked_4	OK	44.48	46.04	1.55	5.99	8.56	2.57
7ow6	protenix_v2	msa+tmpl	ranked_4	OK	46.57	48.16	1.59	5.60	8.38	2.78
7pb2	protenix_v2	msa+tmpl	ranked_4	OK	101.65	41.61	60.04	164.62	9.07	155.56
7pbe	protenix_v2	msa+tmpl	ranked_4	OK	56.38	51.66	4.72	0.85	2.25	1.40
7phr	protenix_v2	msa+tmpl	ranked_4	OK	37.58	42.98	5.39	5.65	5.35	0.30
7q99	protenix_v2	msa+tmpl	ranked_4	OK	40.74	45.58	4.84	2.16	7.05	4.89
7q9a	protenix_v2	msa+tmpl	ranked_4	OK	41.06	47.58	6.51	3.37	9.68	6.31
7q9b	protenix_v2	msa+tmpl	ranked_4	OK	30.73	46.49	15.76	7.42	8.38	0.96
7qpj	protenix_v2	msa+tmpl	ranked_4	OK	32.48	31.58	0.90	9.31	10.81	1.51
7r80	protenix_v2	msa+tmpl	ranked_4	OK	74.04	17.50	56.54	47.93	11.89	36.03
7rk7	protenix_v2	msa+tmpl	ranked_4	OK	81.81	80.75	1.06	10.12	16.46	6.34
7rm4	protenix_v2	msa+tmpl	ranked_4	OK	56.28	35.33	20.95	13.95	18.89	4.94
7rrg	protenix_v2	msa+tmpl	ranked_4	OK	46.06	73.79	27.73	15.72	12.05	3.68
7rtr	protenix_v2	msa+tmpl	ranked_4	OK	61.03	42.24	18.79	5.28	3.53	1.75
7su9	protenix_v2	msa+tmpl	ranked_4	OK	11.05	13.42	2.37	4.63	9.17	4.54
8cx4	protenix_v2	msa+tmpl	ranked_4	OK	18.12	20.06	1.94	7.15	8.65	1.49
8d5q	protenix_v2	msa+tmpl	ranked_4	OK	29.92	31.15	1.23	10.44	9.43	1.01
8dnt	protenix_v2	msa+tmpl	ranked_4	OK	34.19	31.40	2.79	9.47	3.64	5.82
8en8	protenix_v2	msa+tmpl	ranked_4	OK	42.33	41.37	0.97	24.35	21.57	2.78
8enh	protenix_v2	msa+tmpl	ranked_4	OK	39.55	37.82	1.73	20.72	19.96	0.76
8eo8	protenix_v2	msa+tmpl	ranked_4	OK	39.13	38.49	0.63	25.21	21.40	3.80
8f5a	protenix_v2	msa+tmpl	ranked_4	OK	40.34	49.88	9.53	7.63	6.53	1.10
8gom	protenix_v2	msa+tmpl	ranked_4	OK	99.29	39.06	60.22	127.79	15.79	112.00
8gon	protenix_v2	msa+tmpl	ranked_4	OK	68.52	38.47	30.05	159.03	13.44	145.59
8gvb	protenix_v2	msa+tmpl	ranked_4	OK	56.96	54.52	2.44	15.19	19.12	3.93
8gvg	protenix_v2	msa+tmpl	ranked_4	OK	54.10	55.07	0.97	18.96	20.08	1.12
8gvi	protenix_v2	msa+tmpl	ranked_4	OK	61.16	55.10	6.06	16.35	20.62	4.27
8i5c	protenix_v2	msa+tmpl	ranked_4	OK	46.63	47.69	1.05	10.75	7.33	3.42
8i5d	protenix_v2	msa+tmpl	ranked_4	OK	36.68	44.46	7.78	14.00	11.72	2.28
8qfy	protenix_v2	msa+tmpl	ranked_4	OK	81.58	78.46	3.12	17.73	18.22	0.49
8shi	protenix_v2	msa+tmpl	ranked_4	OK	27.70	20.26	7.43	21.63	18.76	2.87
8wte	protenix_v2	msa+tmpl	ranked_4	OK	58.58	64.06	5.48	15.75	4.45	11.30
8wul	protenix_v2	msa+tmpl	ranked_4	OK	36.17	64.44	28.27	1.60	2.45	0.85
