	id	DockQ	Fnat	iRMS	LRMS	pLDDT-cdr1a	pLDDT-cdr2a	pLDDT-cdr3a	pLDDT-cdr1b	pLDDT-cdr2b	pLDDT-cdr3b	pLDDT-cdr3a+cdr3b	pLDDT	pLDDT-mhc	pLDDT-pep	pLDDT-pmhc	pLDDT-tcr	RMSD-cdr1a	RMSD-cdr2a	RMSD-cdr3a	RMSD-cdr1b	RMSD-cdr2b	RMSD-cdr3b	RMSD-cdr3a+cdr3b	RMSD	RMSD-mhc	RMSD-pep	RMSD-pmhc	RMSD-tcr	true_pdb_path	pred_pdb_path	2021-09-30	rank
0	6zkw	0.031	0.052	16.004	45.978	71.26727272727273	81.828	48.60153846153845	71.14399999999999	73.957	64.5025	57.37448275862069	59.20643031784841	48.87755555555556	29.10777777777778	47.93613756613757	68.88863636363635	0.33165205	0.31373626	2.4093707	0.44698325	1.0288876	7.0524793	13.683835	24.767187	12.25323	2.9467075	12.737228	17.755976	../../benchmark_data/class-i/pdb/6zkw_pmhc_tcr.pdb	../pred_pdb/intellifold2/pmhc_tcr/classI/classI_v2_no_msa/ranked_0/6zkw_pmhc_tcr.pdb	after	ranked_0
1	6zkx	0.026	0.0	16.957	30.668	68.92727272727272	81.95899999999999	45.58538461538462	61.05	57.492	54.0825	50.27344827586207	54.57583941605839	48.107709497206706	25.8075	46.70664921465969	61.40772727272728	0.30827773	0.39361233	2.2680113	0.43059745	2.0343542	6.973686	6.477901	18.749083	10.942734	2.7696714	11.706497	14.908041	../../benchmark_data/class-i/pdb/6zkx_pmhc_tcr.pdb	../pred_pdb/intellifold2/pmhc_tcr/classI/classI_v2_no_msa/ranked_0/6zkx_pmhc_tcr.pdb	after	ranked_0
2	6zky	0.065	0.094	17.01	26.403	74.56090909090909	86.08800000000001	52.39615384615384	74.702	58.540000000000006	67.79937500000001	60.89448275862068	60.53024509803921	55.29361111111111	23.89875	53.95765957446809	66.14681818181818	0.3178389	0.37123019	2.9213438	0.30301318	0.9744074	7.0693145	7.8777437	15.216029	13.561293	1.9892796	13.638048	7.3992314	../../benchmark_data/class-i/pdb/6zky_pmhc_tcr.pdb	../pred_pdb/intellifold2/pmhc_tcr/classI/classI_v2_no_msa/ranked_0/6zky_pmhc_tcr.pdb	after	ranked_0
3	6zkz	0.016	0.0	18.409	41.252	86.66272727272728	92.966	77.34000000000002	76.136	70.623	70.124375	73.35896551724137	68.35485294117647	58.639833333333335	27.9675	57.334627659574465	77.77213636363636	0.37023562	0.2542154	1.1591079	0.5865256	2.2814138	6.8237543	7.6935854	22.071865	5.6550803	1.8695722	7.0010138	14.842731	../../benchmark_data/class-i/pdb/6zkz_pmhc_tcr.pdb	../pred_pdb/intellifold2/pmhc_tcr/classI/classI_v2_no_msa/ranked_0/6zkz_pmhc_tcr.pdb	after	ranked_0
4	7dzm	0.018	0.023	18.444	54.606	62.53416666666666	43.915	42.434666666666665	72.691	79.13090909090909	49.07833333333334	45.3874074074074	49.994679802955666	36.680388888888885	22.714444444444446	36.01534391534391	62.17023041474654	1.6353308	4.0524344	2.550058	0.37857988	0.28793108	0.7228364	7.182772	21.796314	19.835003	3.0525942	21.316792	10.350606	../../benchmark_data/class-i/pdb/7dzm_pmhc_tcr.pdb	../pred_pdb/intellifold2/pmhc_tcr/classI/classI_v2_no_msa/ranked_0/7dzm_pmhc_tcr.pdb	after	ranked_0
5	7dzn	0.053	0.095	17.715	34.912	70.41833333333334	44.625	53.102000000000004	73.076	80.74545454545454	49.58499999999999	51.538888888888884	54.36269135802469	42.096424581005586	23.65888888888889	41.213776595744676	65.75437788018432	1.7634437	4.081233	3.1552582	0.2461646	0.18748045	1.8103138	9.84924	20.45274	18.331663	3.402933	18.719255	15.3494	../../benchmark_data/class-i/pdb/7dzn_pmhc_tcr.pdb	../pred_pdb/intellifold2/pmhc_tcr/classI/classI_v2_no_msa/ranked_0/7dzn_pmhc_tcr.pdb	after	ranked_0
6	7l1d	0.012	0.014	22.092	64.424	84.10545454545455	92.29222222222222	72.87384615384615	91.878	91.33899999999998	65.11947368421052	68.26968749999999	69.56757946210269	50.24044198895028	34.621111111111105	49.50057894736842	86.97730593607305	0.43782145	0.3393346	2.4116793	0.2511745	0.22959077	4.2980866	5.940126	24.382048	13.156271	4.8520174	16.248802	3.329852	../../benchmark_data/class-i/pdb/7l1d_pmhc_tcr.pdb	../pred_pdb/intellifold2/pmhc_tcr/classI/classI_v2_no_msa/ranked_0/7l1d_pmhc_tcr.pdb	after	ranked_0
7	7n2n	0.011	0.0	15.121	56.846	83.67	81.322	65.04235294117646	73.48999999999998	40.29799999999999	65.044	65.04312499999999	54.84384987893463	34.56961325966851	23.439999999999998	34.04242105263158	72.56704035874439	0.22948642	0.3440097	1.2627244	0.44828987	3.696492	1.9774221	9.126777	20.631405	14.552548	1.4829034	14.513555	12.667032	../../benchmark_data/class-i/pdb/7n2n_pmhc_tcr.pdb	../pred_pdb/intellifold2/pmhc_tcr/classI/classI_v2_no_msa/ranked_0/7n2n_pmhc_tcr.pdb	after	ranked_0
8	7n2o	0.016	0.0	16.078	41.433	81.63545454545455	82.138	60.917647058823526	51.605000000000004	50.419	59.07133333333333	60.0521875	57.26406779661016	40.28596685082873	46.44222222222223	40.57757894736842	71.48125560538116	0.15029496	0.38315395	1.6236889	3.1057053	4.605897	8.193472	12.404234	21.56264	17.11749	1.882443	17.155594	15.653197	../../benchmark_data/class-i/pdb/7n2o_pmhc_tcr.pdb	../pred_pdb/intellifold2/pmhc_tcr/classI/classI_v2_no_msa/ranked_0/7n2o_pmhc_tcr.pdb	after	ranked_0
9	7n2p	0.063	0.0	13.255	18.46	81.80454545454546	84.381	74.5509090909091	88.596	85.995	75.17000000000002	74.90807692307692	62.01542997542998	35.50309392265193	24.906666666666666	35.00115789473684	85.6684792626728	0.21573661	0.36078125	0.7090443	0.19623499	0.19244331	0.6633435	0.87632287	11.850195	14.661072	1.8331943	14.848923	0.74278617	../../benchmark_data/class-i/pdb/7n2p_pmhc_tcr.pdb	../pred_pdb/intellifold2/pmhc_tcr/classI/classI_v2_no_msa/ranked_0/7n2p_pmhc_tcr.pdb	after	ranked_0
10	7n2q	0.059	0.068	15.662	25.604	80.89181818181818	81.498	73.73636363636363	85.79400000000001	82.213	70.38666666666667	71.80384615384614	64.96702702702703	40.372596685082875	42.37333333333333	40.46736842105263	86.4183410138249	0.18121728	0.41941348	0.6968469	0.13758798	0.1630001	1.5521061	1.7516451	15.32895	19.020445	1.9054333	18.809555	1.0036156	../../benchmark_data/class-i/pdb/7n2q_pmhc_tcr.pdb	../pred_pdb/intellifold2/pmhc_tcr/classI/classI_v2_no_msa/ranked_0/7n2q_pmhc_tcr.pdb	after	ranked_0
11	7n2r	0.016	0.017	19.24	53.895	81.21454545454546	87.285	68.7309090909091	91.028	90.30199999999999	70.50133333333333	69.7523076923077	62.388009828009835	37.839834254143646	30.15555555555555	37.475842105263155	84.20050691244239	0.157159	0.3758904	0.6465184	0.15617606	0.24019125	0.6459212	7.2526665	19.140041	17.7628	1.8694973	17.845	14.430541	../../benchmark_data/class-i/pdb/7n2r_pmhc_tcr.pdb	../pred_pdb/intellifold2/pmhc_tcr/classI/classI_v2_no_msa/ranked_0/7n2r_pmhc_tcr.pdb	after	ranked_0
12	7n2s	0.036	0.0	16.168	25.66	34.85	28.818	38.2375	54.315	51.029	66.78533333333334	52.05096774193548	43.46342233009709	36.19325966850828	22.47222222222222	35.54331578947369	50.241891891891896	3.4594107	4.2303987	6.8541837	2.2456245	4.3749733	8.093434	11.897564	19.696463	16.345806	2.1335359	17.090162	13.86191	../../benchmark_data/class-i/pdb/7n2s_pmhc_tcr.pdb	../pred_pdb/intellifold2/pmhc_tcr/classI/classI_v2_no_msa/ranked_0/7n2s_pmhc_tcr.pdb	after	ranked_0
13	7n4k	0.037	0.0	14.335	25.404	65.89583333333333	28.67875	56.843846153846165	47.63700000000001	36.897	49.52727272727273	53.49041666666667	53.31629999999999	47.94858757062148	31.503999999999998	47.06919786096257	58.800845070422525	1.2597461	3.661913	1.1688256	1.7061925	4.8098907	0.9291419	3.9010928	14.675923	15.790442	3.241947	16.378216	9.698238	../../benchmark_data/class-i/pdb/7n4k_pmhc_tcr.pdb	../pred_pdb/intellifold2/pmhc_tcr/classI/classI_v2_no_msa/ranked_0/7n4k_pmhc_tcr.pdb	after	ranked_0
14	7n5c	0.039	0.07	17.179	41.317	50.296666666666674	31.42375	47.137692307692305	53.599000000000004	45.059999999999995	52.529999999999994	49.60916666666666	44.94787128712872	37.23110497237569	27.657	36.72984293193717	52.31708920187794	0.9582642	3.3124766	5.1323276	1.4508247	5.7148194	0.7642782	5.3817544	19.378994	16.61482	2.6608074	17.118856	13.308495	../../benchmark_data/class-i/pdb/7n5c_pmhc_tcr.pdb	../pred_pdb/intellifold2/pmhc_tcr/classI/classI_v2_no_msa/ranked_0/7n5c_pmhc_tcr.pdb	after	ranked_0
15	7n5p	0.018	0.0	18.913	38.135	65.835	36.92625	58.83461538461539	51.529999999999994	45.90599999999999	50.11272727272728	54.83708333333334	49.9077694235589	37.67835227272727	28.327999999999996	37.175645161290326	61.025962441314554	1.6715533	3.6816435	1.5310901	2.2880378	3.849402	1.1186494	2.7263613	17.384144	15.901527	2.778313	16.008902	12.173623	../../benchmark_data/class-i/pdb/7n5p_pmhc_tcr.pdb	../pred_pdb/intellifold2/pmhc_tcr/classI/classI_v2_no_msa/ranked_0/7n5p_pmhc_tcr.pdb	after	ranked_0
16	7na5	0.053	0.041	11.851	25.312	79.19272727272727	82.87444444444444	75.19545454545454	65.896	45.982	77.29666666666667	76.40769230769232	56.47180246913581	38.21955555555556	44.78999999999999	38.532433862433855	72.16875000000002	0.6468398	0.77476275	0.65484107	1.3666924	8.467275	0.73524696	0.8666316	16.302435	15.919435	2.1061318	16.851038	8.490853	../../benchmark_data/class-i/pdb/7na5_pmhc_tcr.pdb	../pred_pdb/intellifold2/pmhc_tcr/classI/classI_v2_no_msa/ranked_0/7na5_pmhc_tcr.pdb	after	ranked_0
17	7ndq	0.029	0.0	16.301	29.122	80.41916666666668	86.65375	53.58266666666667	63.301	83.84545454545453	48.62615384615385	51.28142857142857	75.45078431372549	81.70839779005526	28.489999999999995	79.18752631578948	72.19399082568808	0.6519969	0.9259603	3.744407	2.0507426	0.43262455	2.6655748	5.1873393	18.062752	2.8492775	2.982039	4.1047897	5.990007	../../benchmark_data/class-i/pdb/7ndq_pmhc_tcr.pdb	../pred_pdb/intellifold2/pmhc_tcr/classI/classI_v2_no_msa/ranked_0/7ndq_pmhc_tcr.pdb	after	ranked_0
18	7ndt	0.054	0.082	14.463	31.423	77.34416666666667	43.20125	78.78857142857143	88.29100000000001	93.2218181818182	78.61	78.70615384615385	70.51658415841585	58.35755555555556	26.265	56.99191489361702	82.28805555555556	1.3845667	4.5983033	1.8902205	0.18862863	0.1903366	0.73394555	1.6753346	21.489864	6.9715133	1.9833232	7.1442156	4.2116985	../../benchmark_data/class-i/pdb/7ndt_pmhc_tcr.pdb	../pred_pdb/intellifold2/pmhc_tcr/classI/classI_v2_no_msa/ranked_0/7ndt_pmhc_tcr.pdb	after	ranked_0
19	7ndu	0.029	0.031	17.242	37.634	75.87666666666668	78.4725	44.575999999999986	68.955	84.73454545454545	43.535384615384615	44.09285714285715	61.875847665847665	54.46729281767956	32.35625	53.53137566137566	69.1102752293578	0.6090535	0.95255333	4.3162246	1.2381244	0.38637093	3.5775619	9.26073	24.657618	4.8842907	2.6016467	6.1041636	14.765785	../../benchmark_data/class-i/pdb/7ndu_pmhc_tcr.pdb	../pred_pdb/intellifold2/pmhc_tcr/classI/classI_v2_no_msa/ranked_0/7ndu_pmhc_tcr.pdb	after	ranked_0
20	7nme	0.03	0.013	16.679	31.244	39.95545454545454	40.384	37.14461538461539	40.776999999999994	38.14818181818182	34.777272727272724	36.05958333333333	39.79849382716049	37.57232044198895	23.256666666666668	36.89421052631579	42.36506976744186	2.951732	4.263791	1.3868576	1.334976	5.6695056	3.19162	6.467642	21.569086	16.374424	2.6424272	16.163008	13.353617	../../benchmark_data/class-i/pdb/7nme_pmhc_tcr.pdb	../pred_pdb/intellifold2/pmhc_tcr/classI/classI_v2_no_msa/ranked_0/7nme_pmhc_tcr.pdb	after	ranked_0
21	7nmf	0.03	0.014	16.571	31.249	39.95545454545454	40.384	37.14461538461539	40.776999999999994	38.14818181818182	34.777272727272724	36.05958333333333	39.79849382716049	37.57232044198895	23.256666666666668	36.89421052631579	42.36506976744186	2.941139	4.2536645	1.3541893	1.2963314	5.689732	3.216204	6.492321	21.579872	16.38263	2.5942671	16.172445	13.351026	../../benchmark_data/class-i/pdb/7nmf_pmhc_tcr.pdb	../pred_pdb/intellifold2/pmhc_tcr/classI/classI_v2_no_msa/ranked_0/7nmf_pmhc_tcr.pdb	after	ranked_0
22	7nmg	0.014	0.0	18.351	44.096	44.71454545454546	44.366	42.67230769230769	46.239999999999995	39.10999999999999	42.58454545454546	42.632083333333334	42.8255061728395	37.53298342541437	23.37333333333333	36.86226315789474	48.0953488372093	2.4498885	3.8770456	3.0140688	1.2425035	3.5876389	3.028665	7.390841	23.903912	20.117476	2.5184503	22.145687	16.013432	../../benchmark_data/class-i/pdb/7nmg_pmhc_tcr.pdb	../pred_pdb/intellifold2/pmhc_tcr/classI/classI_v2_no_msa/ranked_0/7nmg_pmhc_tcr.pdb	after	ranked_0
23	7ow5	0.018	0.0	18.789	38.376	51.81583333333333	54.67181818181818	56.540625	78.56800000000001	69.941	68.691875	62.61625	55.6438313253012	38.31166666666667	25.824	37.65442105263158	70.83488888888888	1.9032844	1.343874	1.1521825	0.2216884	1.0555097	2.3943715	4.2629123	18.827715	17.041979	2.896439	17.356684	5.597329	../../benchmark_data/class-i/pdb/7ow5_pmhc_tcr.pdb	../pred_pdb/intellifold2/pmhc_tcr/classI/classI_v2_no_msa/ranked_0/7ow5_pmhc_tcr.pdb	after	ranked_0
24	7ow6	0.031	0.031	18.062	34.872	52.873333333333335	53.47090909090909	58.665	86.56799999999998	71.22399999999999	73.459375	66.0621875	56.880312499999995	38.37558011049724	63.11199999999999	39.67068062827225	71.48937777777778	2.0980315	1.720065	1.080977	0.20628329	1.1578716	2.6325333	10.636234	19.421947	17.24415	3.2157314	18.600822	15.861988	../../benchmark_data/class-i/pdb/7ow6_pmhc_tcr.pdb	../pred_pdb/intellifold2/pmhc_tcr/classI/classI_v2_no_msa/ranked_0/7ow6_pmhc_tcr.pdb	after	ranked_0
25	7pb2	0.014	0.0	17.931	44.539	48.69583333333333	38.833636363636366	43.164375	46.643	43.267	43.789375	43.47687500000001	42.18392771084338	38.61438888888889	23.564	37.82226315789473	45.86711111111111	0.57220054	3.253698	2.5250459	1.7838355	2.7318957	3.4131663	6.5687375	22.269833	13.980803	2.6619034	15.352699	8.540484	../../benchmark_data/class-i/pdb/7pb2_pmhc_tcr.pdb	../pred_pdb/intellifold2/pmhc_tcr/classI/classI_v2_no_msa/ranked_0/7pb2_pmhc_tcr.pdb	after	ranked_0
26	7pbe	0.044	0.026	18.418	25.575	85.5490909090909	82.74625	69.37416666666667	88.088	78.78090909090909	75.94153846153847	72.7892	61.03286419753087	36.1307182320442	24.27888888888889	35.569315789473684	83.53553488372093	0.43121317	1.6023062	1.5435015	0.45586553	0.273117	0.6290903	7.573421	21.248367	22.29781	2.3990686	21.915195	15.725024	../../benchmark_data/class-i/pdb/7pbe_pmhc_tcr.pdb	../pred_pdb/intellifold2/pmhc_tcr/classI/classI_v2_no_msa/ranked_0/7pbe_pmhc_tcr.pdb	after	ranked_0
27	7phr	0.03	0.049	18.487	45.709	89.65400000000001	94.17300000000002	78.52181818181818	80.46900000000001	77.522	50.383076923076935	63.28000000000001	58.886825	35.597348066298345	21.81888888888889	34.944684210526326	80.54876190476189	0.27017972	0.32818717	1.5551885	0.32822523	0.36563277	7.7148027	9.903191	22.277454	14.008209	4.680778	14.559394	14.882846	../../benchmark_data/class-i/pdb/7phr_pmhc_tcr.pdb	../pred_pdb/intellifold2/pmhc_tcr/classI/classI_v2_no_msa/ranked_0/7phr_pmhc_tcr.pdb	after	ranked_0
28	7q99	0.039	0.041	16.855	31.495	86.93363636363637	79.85222222222222	82.21727272727273	80.45363636363638	83.89333333333335	72.01199999999999	76.32961538461538	62.16481572481572	35.93690607734806	22.456000000000003	35.231099476439795	85.98120370370371	0.48796937	0.2977603	0.4929999	0.41421708	1.5555612	1.4120717	1.2216837	15.065082	19.46678	3.298266	19.020584	1.069752	../../benchmark_data/class-i/pdb/7q99_pmhc_tcr.pdb	../pred_pdb/intellifold2/pmhc_tcr/classI/classI_v2_no_msa/ranked_0/7q99_pmhc_tcr.pdb	after	ranked_0
29	7q9a	0.045	0.04	14.685	27.75	86.02909090909091	80.66000000000001	85.43454545454546	82.97818181818182	85.19555555555557	74.55333333333333	79.15692307692308	64.80592137592139	38.14756906077348	34.672000000000004	37.965602094240836	88.53972222222222	0.2792564	0.27604783	1.1517829	0.28872377	1.5722626	1.1682298	1.4827961	15.884176	18.653173	2.543985	18.321661	1.4100351	../../benchmark_data/class-i/pdb/7q9a_pmhc_tcr.pdb	../pred_pdb/intellifold2/pmhc_tcr/classI/classI_v2_no_msa/ranked_0/7q9a_pmhc_tcr.pdb	after	ranked_0
30	7q9b	0.056	0.037	14.983	22.974	72.61	79.71777777777778	54.79375	52.81300000000001	44.37	46.670625	49.37833333333333	49.693827160493825	34.85331491712707	31.319	34.6682722513089	63.104485981308414	0.63745636	0.24014364	6.032956	2.5006275	1.1036888	7.710738	8.171771	19.452566	14.660427	3.5485687	14.600076	17.229887	../../benchmark_data/class-i/pdb/7q9b_pmhc_tcr.pdb	../pred_pdb/intellifold2/pmhc_tcr/classI/classI_v2_no_msa/ranked_0/7q9b_pmhc_tcr.pdb	after	ranked_0
31	7qpj	0.108	0.101	8.363	17.476	85.05090909090909	79.86555555555556	74.85538461538462	75.631	60.033	77.41727272727272	76.02958333333333	62.68225806451614	36.51183333333334	24.855555555555558	35.956772486772486	86.28560747663552	0.22814687	0.3093959	0.4455616	1.481997	2.5786061	0.3841031	0.62290287	9.083514	11.688014	4.3254156	12.180028	2.0525587	../../benchmark_data/class-i/pdb/7qpj_pmhc_tcr.pdb	../pred_pdb/intellifold2/pmhc_tcr/classI/classI_v2_no_msa/ranked_0/7qpj_pmhc_tcr.pdb	after	ranked_0
32	7r80	0.044	0.0	13.903	22.816	71.12636363636364	82.32300000000001	81.68153846153845	76.73100000000001	70.355	78.40866666666668	79.92821428571426	63.992665036674815	39.33646408839779	30.29222222222222	38.908052631578954	85.7555707762557	2.5720499	0.43227622	0.34423095	0.8192498	1.0162296	2.3647432	2.3529434	16.967653	18.4785	2.1148162	18.766138	1.9027576	../../benchmark_data/class-i/pdb/7r80_pmhc_tcr.pdb	../pred_pdb/intellifold2/pmhc_tcr/classI/classI_v2_no_msa/ranked_0/7r80_pmhc_tcr.pdb	after	ranked_0
33	7rk7	0.014	0.0	17.533	44.564	61.89666666666667	73.99125000000001	44.614375	77.896	54.69	42.4685	43.42222222222222	57.936457831325306	45.451712707182324	40.44222222222222	45.21442105263158	68.67951111111111	0.67549306	0.42588767	2.3407156	0.43000507	3.2041862	6.726774	9.261553	24.015524	11.213233	2.5270774	13.745291	16.31074	../../benchmark_data/class-i/pdb/7rk7_pmhc_tcr.pdb	../pred_pdb/intellifold2/pmhc_tcr/classI/classI_v2_no_msa/ranked_0/7rk7_pmhc_tcr.pdb	after	ranked_0
34	7rm4	0.015	0.0	17.105	43.771	85.48818181818183	87.18099999999998	75.47666666666667	71.4	82.8	69.60533333333333	72.21481481481482	63.74154034229829	38.53198895027625	30.489999999999995	38.15105263157895	85.94333333333333	0.6799194	0.57785356	0.5824986	1.7830985	2.027891	1.4603087	1.4199889	22.749777	18.350964	1.9600536	17.98577	1.5140405	../../benchmark_data/class-i/pdb/7rm4_pmhc_tcr.pdb	../pred_pdb/intellifold2/pmhc_tcr/classI/classI_v2_no_msa/ranked_0/7rm4_pmhc_tcr.pdb	after	ranked_0
35	7rrg	0.024	0.0	19.654	31.674	68.94583333333333	72.64625	41.798	66.10900000000001	83.60545454545455	46.21071428571429	43.92827586206896	55.079926650366744	38.80657458563536	22.198888888888888	38.01989473684211	69.88086757990868	0.76167905	0.8085644	4.1359377	1.7477483	1.9765369	3.9456134	7.3546124	21.352814	14.6251	2.4430246	16.120932	15.54841	../../benchmark_data/class-i/pdb/7rrg_pmhc_tcr.pdb	../pred_pdb/intellifold2/pmhc_tcr/classI/classI_v2_no_msa/ranked_0/7rrg_pmhc_tcr.pdb	after	ranked_0
36	7rtr	0.042	0.095	20.0	51.709	79.68363636363637	74.09444444444445	64.89727272727272	71.771	82.70545454545456	51.842727272727274	58.370000000000005	58.29390663390663	34.83187845303867	25.98888888888889	34.413000000000004	79.20345622119817	0.36438864	0.25817692	1.1834866	1.4100497	0.14794041	3.4995465	11.778858	21.956434	15.762515	2.08726	15.899033	16.467882	../../benchmark_data/class-i/pdb/7rtr_pmhc_tcr.pdb	../pred_pdb/intellifold2/pmhc_tcr/classI/classI_v2_no_msa/ranked_0/7rtr_pmhc_tcr.pdb	after	ranked_0
37	7su9	0.025	0.0	18.862	31.069	74.38083333333334	80.73249999999999	40.940000000000005	70.64500000000001	61.278999999999996	52.49933333333333	46.719666666666654	67.13664215686275	79.3668888888889	74.9022222222222	79.15428571428572	56.76525114155251	0.53494346	0.71737695	4.080319	0.3144893	3.0445495	4.7659874	14.579819	19.888582	5.412994	1.9536896	5.3274555	16.707275	../../benchmark_data/class-i/pdb/7su9_pmhc_tcr.pdb	../pred_pdb/intellifold2/pmhc_tcr/classI/classI_v2_no_msa/ranked_0/7su9_pmhc_tcr.pdb	after	ranked_0
38	8cx4	0.01	0.0	20.463	53.174	88.53545454545454	88.90800000000002	77.12411764705882	90.659	90.304	67.71266666666666	72.7125	65.77377723970945	42.91911602209945	46.33888888888889	43.081105263157895	85.10834080717487	0.2887958	0.37547946	0.7822238	0.19317587	0.18341886	1.5131637	8.338991	21.078999	17.181643	1.8394538	17.148445	15.256366	../../benchmark_data/class-i/pdb/8cx4_pmhc_tcr.pdb	../pred_pdb/intellifold2/pmhc_tcr/classI/classI_v2_no_msa/ranked_0/8cx4_pmhc_tcr.pdb	after	ranked_0
39	8d5q	0.057	0.057	15.243	24.989	47.620909090909095	58.21300000000001	38.31125	47.27454545454545	75.46727272727274	46.489333333333335	42.26838709677419	64.02000000000001	72.85505681818182	59.475	72.13569892473119	57.22036036036036	2.0616355	2.482194	3.32496	2.4830637	0.49868608	4.726884	10.134085	16.0805	6.0410075	3.3974855	7.916592	16.527029	../../benchmark_data/class-i/pdb/8d5q_pmhc_tcr.pdb	../pred_pdb/intellifold2/pmhc_tcr/classI/classI_v2_no_msa/ranked_0/8d5q_pmhc_tcr.pdb	after	ranked_0
40	8dnt	0.032	0.014	17.314	29.922	84.5109090909091	78.91444444444444	76.06416666666667	86.071	85.74454545454546	74.09571428571428	75.00423076923076	63.50277641277641	36.59165745856354	30.074444444444445	36.28294736842105	87.3358064516129	0.50532675	0.41520274	0.5576783	0.4411747	0.6805731	0.69880986	0.98466307	18.352934	11.933247	4.3667316	13.10518	1.0337958	../../benchmark_data/class-i/pdb/8dnt_pmhc_tcr.pdb	../pred_pdb/intellifold2/pmhc_tcr/classI/classI_v2_no_msa/ranked_0/8dnt_pmhc_tcr.pdb	after	ranked_0
41	8en8	0.008	0.0	21.023	60.025	82.79545454545456	51.5	68.38142857142859	77.93727272727273	88.54583333333333	56.574	62.27413793103448	65.22742718446602	47.917722222222224	38.291111111111114	47.45931216931218	80.28650224215247	0.42079884	2.2993033	1.8768662	0.3542801	0.32995868	1.7269701	2.1307423	20.624273	12.829313	3.4798634	12.893788	1.409857	../../benchmark_data/class-i/pdb/8en8_pmhc_tcr.pdb	../pred_pdb/intellifold2/pmhc_tcr/classI/classI_v2_no_msa/ranked_0/8en8_pmhc_tcr.pdb	after	ranked_0
42	8enh	0.009	0.0	21.738	56.299	89.68272727272728	88.271	76.27214285714285	83.35545454545455	90.62333333333333	67.23400000000001	71.59724137931035	63.07231143552312	37.1508938547486	21.691111111111113	36.410797872340424	85.54928251121075	0.5035586	0.17713766	2.4896653	0.32176268	0.36912772	2.1910534	3.0260377	21.800909	15.749148	2.7154682	16.132835	1.6725792	../../benchmark_data/class-i/pdb/8enh_pmhc_tcr.pdb	../pred_pdb/intellifold2/pmhc_tcr/classI/classI_v2_no_msa/ranked_0/8enh_pmhc_tcr.pdb	after	ranked_0
43	8eo8	0.012	0.0	21.086	47.059	83.22454545454546	81.478	61.24857142857143	84.07727272727273	90.93833333333333	72.05	66.8355172413793	62.47231143552312	38.46312849162011	28.986666666666665	38.009468085106384	83.09569506726457	0.50167876	0.26221985	2.7378428	0.42321712	0.27301112	1.8266108	8.345701	21.198273	16.248331	1.8557448	16.463276	12.531653	../../benchmark_data/class-i/pdb/8eo8_pmhc_tcr.pdb	../pred_pdb/intellifold2/pmhc_tcr/classI/classI_v2_no_msa/ranked_0/8eo8_pmhc_tcr.pdb	after	ranked_0
44	8f5a	0.021	0.029	18.538	49.333	86.54818181818182	90.769	67.26533333333333	86.238	76.094	75.615	70.9762962962963	69.80163814180929	55.38486187845304	49.645	55.084345549738224	82.69614678899083	0.35247412	2.1858823	2.7328632	0.87555844	2.8950646	1.4148091	9.694682	16.217392	13.14482	4.34327	14.08408	15.510146	../../benchmark_data/class-i/pdb/8f5a_pmhc_tcr.pdb	../pred_pdb/intellifold2/pmhc_tcr/classI/classI_v2_no_msa/ranked_0/8f5a_pmhc_tcr.pdb	after	ranked_0
45	8gom	0.03	0.025	16.108	34.52	77.26666666666667	57.583333333333336	68.24272727272728	71.94699999999999	84.6709090909091	58.852666666666664	62.82538461538461	58.79546341463414	35.331049723756905	26.934444444444445	34.93331578947368	79.40368181818181	0.5602247	3.9613676	1.3437521	0.5644302	0.27435926	1.750191	8.965017	18.247766	15.271429	2.0366654	15.895245	13.696747	../../benchmark_data/class-i/pdb/8gom_pmhc_tcr.pdb	../pred_pdb/intellifold2/pmhc_tcr/classI/classI_v2_no_msa/ranked_0/8gom_pmhc_tcr.pdb	after	ranked_0
46	8gon	0.017	0.0	17.59	39.247	78.35583333333334	57.370000000000005	70.56181818181817	74.23100000000001	84.92545454545456	57.69266666666667	63.13730769230769	59.32412195121951	39.101546961325965	26.029999999999998	38.48236842105263	77.32381818181818	1.6450396	3.961963	1.311111	0.18077178	0.2064614	1.5702854	11.292813	21.43162	17.159477	2.6537728	17.086687	14.828415	../../benchmark_data/class-i/pdb/8gon_pmhc_tcr.pdb	../pred_pdb/intellifold2/pmhc_tcr/classI/classI_v2_no_msa/ranked_0/8gon_pmhc_tcr.pdb	after	ranked_0
47	8gvb	0.064	0.0	11.442	18.437	75.21272727272726	81.71636363636364	71.70857142857143	76.05699999999999	83.69636363636363	72.78666666666666	72.26620689655172	63.295878048780494	38.85161111111112	24.89875	38.257872340425536	84.49923423423424	1.5975453	0.8457846	1.8423308	1.9150196	0.6860947	1.4907057	2.1648135	11.148149	15.290263	4.260976	15.256415	1.2525587	../../benchmark_data/class-i/pdb/8gvb_pmhc_tcr.pdb	../pred_pdb/intellifold2/pmhc_tcr/classI/classI_v2_no_msa/ranked_0/8gvb_pmhc_tcr.pdb	after	ranked_0
48	8gvg	0.01	0.0	21.951	51.464	78.41636363636363	86.62363636363636	76.93642857142856	82.731	87.49636363636363	76.62533333333334	76.7755172413793	63.97610705596107	40.16657458563536	23.353749999999998	39.45492063492063	84.85225225225224	1.6157144	0.8914264	1.4456127	2.001539	0.7054826	1.4844941	1.957327	18.881273	13.5752325	3.172123	13.711541	1.5570524	../../benchmark_data/class-i/pdb/8gvg_pmhc_tcr.pdb	../pred_pdb/intellifold2/pmhc_tcr/classI/classI_v2_no_msa/ranked_0/8gvg_pmhc_tcr.pdb	after	ranked_0
49	8gvi	0.044	0.044	18.933	28.62	78.86818181818181	90.08727272727272	74.28285714285714	82.57500000000002	84.79545454545455	67.73733333333332	70.89724137931036	66.20343065693432	47.773480662983424	20.9175	46.63671957671958	82.86157657657657	1.5477312	0.8854826	1.5524588	0.664436	0.44011238	4.0338025	13.030192	21.141165	14.739792	3.1267169	14.918393	17.606804	../../benchmark_data/class-i/pdb/8gvi_pmhc_tcr.pdb	../pred_pdb/intellifold2/pmhc_tcr/classI/classI_v2_no_msa/ranked_0/8gvi_pmhc_tcr.pdb	after	ranked_0
50	8i5c	0.052	0.063	16.029	28.066	87.82181818181819	85.22333333333334	80.505	78.97	67.39699999999999	73.79769230769232	77.0172	62.54074074074074	36.44447513812154	23.374444444444443	35.82536842105263	86.14967441860463	0.27465788	0.30303305	0.23223357	0.45460758	2.0944722	1.2873552	1.0757507	17.953846	12.157428	2.4670842	12.487976	2.1104307	../../benchmark_data/class-i/pdb/8i5c_pmhc_tcr.pdb	../pred_pdb/intellifold2/pmhc_tcr/classI/classI_v2_no_msa/ranked_0/8i5c_pmhc_tcr.pdb	after	ranked_0
51	8i5d	0.025	0.034	18.504	45.046	63.27499999999999	67.81	52.635833333333345	85.53899999999999	91.99727272727272	74.36399999999999	64.70703703703704	58.512029702970295	38.47734806629834	22.985555555555557	37.743526315789474	76.95135514018692	0.59538245	1.5920352	1.8917791	0.3589262	0.26617908	1.0695724	8.815164	20.368612	18.111149	2.377669	18.167093	14.135702	../../benchmark_data/class-i/pdb/8i5d_pmhc_tcr.pdb	../pred_pdb/intellifold2/pmhc_tcr/classI/classI_v2_no_msa/ranked_0/8i5d_pmhc_tcr.pdb	after	ranked_0
52	8qfy	0.022	0.033	14.674	54.324	84.30909090909091	80.87888888888888	70.96000000000002	78.752	82.95818181818183	68.14583333333333	69.55291666666666	67.34827160493828	50.03198895027625	40.67111111111112	49.58857894736841	83.04288372093023	0.59656554	0.28177655	0.38547695	2.1334605	0.26720625	1.5604132	13.015824	18.552225	5.4722805	1.9486595	5.527459	16.205853	../../benchmark_data/class-i/pdb/8qfy_pmhc_tcr.pdb	../pred_pdb/intellifold2/pmhc_tcr/classI/classI_v2_no_msa/ranked_0/8qfy_pmhc_tcr.pdb	after	ranked_0
53	8shi	0.033	0.0	18.438	26.519	54.68799999999999	52.57899999999999	41.14588235294117	63.423	45.489999999999995	58.17714285714287	48.837419354838715	52.1583910891089	43.535111111111114	20.8975	42.5718085106383	60.50226851851853	0.55537677	2.4449582	4.212446	1.467447	0.539778	1.1722089	7.6131687	18.105574	11.230867	2.0811405	12.787846	15.219876	../../benchmark_data/class-i/pdb/8shi_pmhc_tcr.pdb	../pred_pdb/intellifold2/pmhc_tcr/classI/classI_v2_no_msa/ranked_0/8shi_pmhc_tcr.pdb	after	ranked_0
54	8wte	0.039	0.015	18.153	26.216	80.7090909090909	79.51666666666668	62.42230769230768	82.876	68.314	72.32374999999999	67.8851724137931	61.8896577017115	38.83944751381216	56.93777777777778	39.69673684210527	81.14378995433789	0.42613852	0.42405948	1.4319212	1.4159212	0.20148778	2.867561	19.191557	21.799343	20.41561	2.2691295	20.555132	19.049133	../../benchmark_data/class-i/pdb/8wte_pmhc_tcr.pdb	../pred_pdb/intellifold2/pmhc_tcr/classI/classI_v2_no_msa/ranked_0/8wte_pmhc_tcr.pdb	after	ranked_0
55	8wul	0.019	0.033	21.099	60.354	81.56090909090908	80.73666666666666	62.59384615384616	82.229	66.717	65.68187499999999	64.29758620689655	62.385354523227385	42.23629834254144	30.904444444444444	41.69952631578947	80.33196347031964	0.54513747	0.30404237	1.4902682	1.4399961	0.19442485	2.6509368	10.236438	19.631193	16.325542	2.2303882	17.199133	15.680093	../../benchmark_data/class-i/pdb/8wul_pmhc_tcr.pdb	../pred_pdb/intellifold2/pmhc_tcr/classI/classI_v2_no_msa/ranked_0/8wul_pmhc_tcr.pdb	after	ranked_0
56	6zkw	0.042	0.086	18.622	45.187	71.26727272727273	81.828	48.60153846153845	71.14399999999999	73.957	64.5025	57.37448275862069	59.20643031784841	48.87755555555556	29.10777777777778	47.93613756613757	68.88863636363635	0.4051099	0.35498863	2.313302	0.2800623	1.0109935	7.03541	14.292817	25.79124	9.922164	0.9665666	10.284396	18.114916	../../benchmark_data/class-i/pdb/6zkw_pmhc_tcr.pdb	../pred_pdb/intellifold2/pmhc_tcr/classI/classI_v2_no_msa/ranked_1/6zkw_pmhc_tcr.pdb	after	ranked_1
57	6zkx	0.031	0.0	16.624	27.995	68.92727272727272	81.95899999999999	45.58538461538462	61.05	57.492	54.0825	50.27344827586207	54.57583941605839	48.107709497206706	25.8075	46.70664921465969	61.40772727272728	0.35943198	0.27858225	2.0117707	0.47845185	1.8987257	6.944657	6.4249716	17.999361	11.265293	3.3341012	12.55966	14.69587	../../benchmark_data/class-i/pdb/6zkx_pmhc_tcr.pdb	../pred_pdb/intellifold2/pmhc_tcr/classI/classI_v2_no_msa/ranked_1/6zkx_pmhc_tcr.pdb	after	ranked_1
58	6zky	0.039	0.0	18.558	23.959	74.56090909090909	86.08800000000001	52.39615384615384	74.702	58.540000000000006	67.79937500000001	60.89448275862068	60.53024509803921	55.29361111111111	23.89875	53.95765957446809	66.14681818181818	0.38062054	0.38087368	3.0360203	0.33016983	0.9157843	7.098984	7.770404	15.042301	12.453879	2.1425767	12.979248	8.057155	../../benchmark_data/class-i/pdb/6zky_pmhc_tcr.pdb	../pred_pdb/intellifold2/pmhc_tcr/classI/classI_v2_no_msa/ranked_1/6zky_pmhc_tcr.pdb	after	ranked_1
59	6zkz	0.016	0.0	18.525	40.638	86.66272727272728	92.966	77.34000000000002	76.136	70.623	70.124375	73.35896551724137	68.35485294117647	58.639833333333335	27.9675	57.334627659574465	77.77213636363636	0.3787819	0.19802396	1.1193824	0.5244338	2.2214046	6.8222017	7.8487806	22.201204	4.172232	2.4185367	5.038822	14.903442	../../benchmark_data/class-i/pdb/6zkz_pmhc_tcr.pdb	../pred_pdb/intellifold2/pmhc_tcr/classI/classI_v2_no_msa/ranked_1/6zkz_pmhc_tcr.pdb	after	ranked_1
60	7dzm	0.014	0.0	15.591	46.752	62.53416666666666	43.915	42.434666666666665	72.691	79.13090909090909	49.07833333333334	45.3874074074074	49.994679802955666	36.680388888888885	22.714444444444446	36.01534391534391	62.17023041474654	1.7082556	4.3584595	2.7479515	0.29267335	0.26353097	0.8318317	12.7690735	23.907965	16.470345	3.632309	16.973097	17.551956	../../benchmark_data/class-i/pdb/7dzm_pmhc_tcr.pdb	../pred_pdb/intellifold2/pmhc_tcr/classI/classI_v2_no_msa/ranked_1/7dzm_pmhc_tcr.pdb	after	ranked_1
61	7dzn	0.018	0.0	16.726	38.399	70.41833333333334	44.625	53.102000000000004	73.076	80.74545454545454	49.58499999999999	51.538888888888884	54.36269135802469	42.096424581005586	23.65888888888889	41.213776595744676	65.75437788018432	1.7121783	4.6115003	2.8578548	0.31761643	0.28817698	2.2591002	9.029934	20.403975	18.182804	3.3524015	19.682312	15.133283	../../benchmark_data/class-i/pdb/7dzn_pmhc_tcr.pdb	../pred_pdb/intellifold2/pmhc_tcr/classI/classI_v2_no_msa/ranked_1/7dzn_pmhc_tcr.pdb	after	ranked_1
62	7l1d	0.007	0.0	25.487	61.402	84.10545454545455	92.29222222222222	72.87384615384615	91.878	91.33899999999998	65.11947368421052	68.26968749999999	69.56757946210269	50.24044198895028	34.621111111111105	49.50057894736842	86.97730593607305	0.5669123	0.26757583	0.62239724	0.2518539	0.21871059	3.9392195	5.2928014	24.212547	12.949126	4.6203055	13.202108	3.0869324	../../benchmark_data/class-i/pdb/7l1d_pmhc_tcr.pdb	../pred_pdb/intellifold2/pmhc_tcr/classI/classI_v2_no_msa/ranked_1/7l1d_pmhc_tcr.pdb	after	ranked_1
63	7n2n	0.009	0.0	16.944	59.508	83.67	81.322	65.04235294117646	73.48999999999998	40.29799999999999	65.044	65.04312499999999	54.84384987893463	34.56961325966851	23.439999999999998	34.04242105263158	72.56704035874439	0.20516182	0.352232	1.3603005	0.3842923	3.7348711	1.8487824	9.63924	22.497639	17.83807	2.2619715	17.67176	12.38364	../../benchmark_data/class-i/pdb/7n2n_pmhc_tcr.pdb	../pred_pdb/intellifold2/pmhc_tcr/classI/classI_v2_no_msa/ranked_1/7n2n_pmhc_tcr.pdb	after	ranked_1
64	7n2o	0.019	0.0	16.694	37.886	81.63545454545455	82.138	60.917647058823526	51.605000000000004	50.419	59.07133333333333	60.0521875	57.26406779661016	40.28596685082873	46.44222222222223	40.57757894736842	71.48125560538116	0.1661817	0.3766016	1.2734245	2.0707884	4.8228793	8.127864	9.818717	22.484962	14.781593	1.741674	14.8077545	13.658668	../../benchmark_data/class-i/pdb/7n2o_pmhc_tcr.pdb	../pred_pdb/intellifold2/pmhc_tcr/classI/classI_v2_no_msa/ranked_1/7n2o_pmhc_tcr.pdb	after	ranked_1
65	7n2p	0.067	0.063	16.048	22.012	81.80454545454546	84.381	74.5509090909091	88.596	85.995	75.17000000000002	74.90807692307692	62.01542997542998	35.50309392265193	24.906666666666666	35.00115789473684	85.6684792626728	0.21925767	0.37398437	0.4134612	0.16195665	0.1669253	0.8824467	0.9493415	11.752476	15.681345	1.9643003	15.464435	0.7858366	../../benchmark_data/class-i/pdb/7n2p_pmhc_tcr.pdb	../pred_pdb/intellifold2/pmhc_tcr/classI/classI_v2_no_msa/ranked_1/7n2p_pmhc_tcr.pdb	after	ranked_1
66	7n2q	0.045	0.0	15.762	22.283	80.89181818181818	81.498	73.73636363636363	85.79400000000001	82.213	70.38666666666667	71.80384615384614	64.96702702702703	40.372596685082875	42.37333333333333	40.46736842105263	86.4183410138249	0.17190453	0.41279188	0.6161819	0.19148874	0.1689407	1.5359141	1.3623929	13.677498	16.012619	2.0431821	16.120035	1.0958123	../../benchmark_data/class-i/pdb/7n2q_pmhc_tcr.pdb	../pred_pdb/intellifold2/pmhc_tcr/classI/classI_v2_no_msa/ranked_1/7n2q_pmhc_tcr.pdb	after	ranked_1
67	7n2r	0.01	0.0	20.08	52.213	81.21454545454546	87.285	68.7309090909091	91.028	90.30199999999999	70.50133333333333	69.7523076923077	62.388009828009835	37.839834254143646	30.15555555555555	37.475842105263155	84.20050691244239	0.17300187	0.39263654	0.5446197	0.20505449	0.1925629	1.7823422	7.4634147	20.047594	15.760681	1.7468947	15.872036	14.514505	../../benchmark_data/class-i/pdb/7n2r_pmhc_tcr.pdb	../pred_pdb/intellifold2/pmhc_tcr/classI/classI_v2_no_msa/ranked_1/7n2r_pmhc_tcr.pdb	after	ranked_1
68	7n2s	0.031	0.0	19.616	27.353	34.85	28.818	38.2375	54.315	51.029	66.78533333333334	52.05096774193548	43.46342233009709	36.19325966850828	22.47222222222222	35.54331578947369	50.241891891891896	2.3719692	5.7385	7.302263	2.148301	4.042379	8.227697	13.47575	18.542898	13.702178	2.2154768	14.74328	14.430277	../../benchmark_data/class-i/pdb/7n2s_pmhc_tcr.pdb	../pred_pdb/intellifold2/pmhc_tcr/classI/classI_v2_no_msa/ranked_1/7n2s_pmhc_tcr.pdb	after	ranked_1
69	7n4k	0.061	0.018	11.941	20.292	65.89583333333333	28.67875	56.843846153846165	47.63700000000001	36.897	49.52727272727273	53.49041666666667	53.31629999999999	47.94858757062148	31.503999999999998	47.06919786096257	58.800845070422525	1.3749126	4.4758935	1.1066879	2.268225	4.978425	1.0080785	3.1218975	14.924457	16.113167	3.0490024	16.691694	9.465822	../../benchmark_data/class-i/pdb/7n4k_pmhc_tcr.pdb	../pred_pdb/intellifold2/pmhc_tcr/classI/classI_v2_no_msa/ranked_1/7n4k_pmhc_tcr.pdb	after	ranked_1
70	7n5c	0.036	0.07	18.526	47.254	50.296666666666674	31.42375	47.137692307692305	53.599000000000004	45.059999999999995	52.529999999999994	49.60916666666666	44.94787128712872	37.23110497237569	27.657	36.72984293193717	52.31708920187794	1.16269	3.521392	5.0782895	2.221761	5.4024	0.6531975	6.3624578	21.387768	16.959934	3.026372	18.193977	13.448092	../../benchmark_data/class-i/pdb/7n5c_pmhc_tcr.pdb	../pred_pdb/intellifold2/pmhc_tcr/classI/classI_v2_no_msa/ranked_1/7n5c_pmhc_tcr.pdb	after	ranked_1
71	7n5p	0.014	0.0	18.571	43.761	65.835	36.92625	58.83461538461539	51.529999999999994	45.90599999999999	50.11272727272728	54.83708333333334	49.9077694235589	37.67835227272727	28.327999999999996	37.175645161290326	61.025962441314554	1.4328907	3.5192885	1.785953	2.0868733	3.939997	0.5689409	2.902313	19.27204	15.707218	3.0534356	15.834462	12.5269165	../../benchmark_data/class-i/pdb/7n5p_pmhc_tcr.pdb	../pred_pdb/intellifold2/pmhc_tcr/classI/classI_v2_no_msa/ranked_1/7n5p_pmhc_tcr.pdb	after	ranked_1
72	7na5	0.049	0.041	12.985	26.596	79.19272727272727	82.87444444444444	75.19545454545454	65.896	45.982	77.29666666666667	76.40769230769232	56.47180246913581	38.21955555555556	44.78999999999999	38.532433862433855	72.16875000000002	0.8410638	1.5036203	0.90842915	1.4877014	8.429703	0.7030583	1.0403852	16.075647	16.10471	1.999618	16.96704	8.388436	../../benchmark_data/class-i/pdb/7na5_pmhc_tcr.pdb	../pred_pdb/intellifold2/pmhc_tcr/classI/classI_v2_no_msa/ranked_1/7na5_pmhc_tcr.pdb	after	ranked_1
73	7ndq	0.027	0.0	16.488	30.456	80.41916666666668	86.65375	53.58266666666667	63.301	83.84545454545453	48.62615384615385	51.28142857142857	75.45078431372549	81.70839779005526	28.489999999999995	79.18752631578948	72.19399082568808	0.5591476	0.9433698	3.351697	1.7788875	0.40109816	4.3795037	5.12002	18.325922	2.6301546	2.6863396	2.8952487	6.6991057	../../benchmark_data/class-i/pdb/7ndq_pmhc_tcr.pdb	../pred_pdb/intellifold2/pmhc_tcr/classI/classI_v2_no_msa/ranked_1/7ndq_pmhc_tcr.pdb	after	ranked_1
74	7ndt	0.069	0.016	7.508	19.951	77.34416666666667	43.20125	78.78857142857143	88.29100000000001	93.2218181818182	78.61	78.70615384615385	70.51658415841585	58.35755555555556	26.265	56.99191489361702	82.28805555555556	1.4039142	4.8971786	2.0126362	0.15635397	0.20778447	0.5975139	1.896738	20.014091	4.397731	1.8789293	4.4705915	4.2504444	../../benchmark_data/class-i/pdb/7ndt_pmhc_tcr.pdb	../pred_pdb/intellifold2/pmhc_tcr/classI/classI_v2_no_msa/ranked_1/7ndt_pmhc_tcr.pdb	after	ranked_1
75	7ndu	0.033	0.046	18.014	38.205	75.87666666666668	78.4725	44.575999999999986	68.955	84.73454545454545	43.535384615384615	44.09285714285715	61.875847665847665	54.46729281767956	32.35625	53.53137566137566	69.1102752293578	0.602385	0.85861534	4.2644334	1.3043504	0.30831409	4.224539	10.948249	25.001322	6.828924	2.1969335	9.843843	16.305103	../../benchmark_data/class-i/pdb/7ndu_pmhc_tcr.pdb	../pred_pdb/intellifold2/pmhc_tcr/classI/classI_v2_no_msa/ranked_1/7ndu_pmhc_tcr.pdb	after	ranked_1
76	7nme	0.02	0.0	17.293	36.158	39.95545454545454	40.384	37.14461538461539	40.776999999999994	38.14818181818182	34.777272727272724	36.05958333333333	39.79849382716049	37.57232044198895	23.256666666666668	36.89421052631579	42.36506976744186	2.4458897	4.5931387	3.3479953	1.805071	5.888632	3.9448457	5.5930147	19.268505	13.003465	3.326914	13.31916	14.79159	../../benchmark_data/class-i/pdb/7nme_pmhc_tcr.pdb	../pred_pdb/intellifold2/pmhc_tcr/classI/classI_v2_no_msa/ranked_1/7nme_pmhc_tcr.pdb	after	ranked_1
77	7nmf	0.02	0.0	17.221	36.045	39.95545454545454	40.384	37.14461538461539	40.776999999999994	38.14818181818182	34.777272727272724	36.05958333333333	39.79849382716049	37.57232044198895	23.256666666666668	36.89421052631579	42.36506976744186	2.4280274	4.5917506	3.32933	1.7921156	5.9128857	3.9918523	5.6546474	19.308975	13.023823	3.32628	13.341527	14.814014	../../benchmark_data/class-i/pdb/7nmf_pmhc_tcr.pdb	../pred_pdb/intellifold2/pmhc_tcr/classI/classI_v2_no_msa/ranked_1/7nmf_pmhc_tcr.pdb	after	ranked_1
78	7nmg	0.035	0.028	16.703	31.119	44.71454545454546	44.366	42.67230769230769	46.239999999999995	39.10999999999999	42.58454545454546	42.632083333333334	42.8255061728395	37.53298342541437	23.37333333333333	36.86226315789474	48.0953488372093	2.945585	4.0830073	1.7104337	1.6680527	3.7230923	3.1387117	7.5166698	19.35701	17.010002	2.4484606	17.083193	13.032847	../../benchmark_data/class-i/pdb/7nmg_pmhc_tcr.pdb	../pred_pdb/intellifold2/pmhc_tcr/classI/classI_v2_no_msa/ranked_1/7nmg_pmhc_tcr.pdb	after	ranked_1
79	7ow5	0.026	0.0	13.457	31.662	51.81583333333333	54.67181818181818	56.540625	78.56800000000001	69.941	68.691875	62.61625	55.6438313253012	38.31166666666667	25.824	37.65442105263158	70.83488888888888	1.7026854	1.6244636	1.0479478	0.25083703	1.7426463	1.8015587	1.8998535	16.45761	12.96011	2.4132035	15.135445	3.4827328	../../benchmark_data/class-i/pdb/7ow5_pmhc_tcr.pdb	../pred_pdb/intellifold2/pmhc_tcr/classI/classI_v2_no_msa/ranked_1/7ow5_pmhc_tcr.pdb	after	ranked_1
80	7ow6	0.019	0.015	18.372	45.581	52.873333333333335	53.47090909090909	58.665	86.56799999999998	71.22399999999999	73.459375	66.0621875	56.880312499999995	38.37558011049724	63.11199999999999	39.67068062827225	71.48937777777778	2.1314275	1.5339051	0.99236053	0.19207579	1.3552237	2.7319057	9.786775	21.518955	15.039876	3.1696544	17.553673	16.090574	../../benchmark_data/class-i/pdb/7ow6_pmhc_tcr.pdb	../pred_pdb/intellifold2/pmhc_tcr/classI/classI_v2_no_msa/ranked_1/7ow6_pmhc_tcr.pdb	after	ranked_1
81	7pb2	0.018	0.0	16.653	38.927	48.69583333333333	38.833636363636366	43.164375	46.643	43.267	43.789375	43.47687500000001	42.18392771084338	38.61438888888889	23.564	37.82226315789473	45.86711111111111	0.4787394	2.8920228	1.1238834	1.9005164	2.5578938	2.7193444	6.355529	20.830904	15.46963	2.9782608	16.947054	9.966317	../../benchmark_data/class-i/pdb/7pb2_pmhc_tcr.pdb	../pred_pdb/intellifold2/pmhc_tcr/classI/classI_v2_no_msa/ranked_1/7pb2_pmhc_tcr.pdb	after	ranked_1
82	7pbe	0.042	0.0	17.133	23.111	85.5490909090909	82.74625	69.37416666666667	88.088	78.78090909090909	75.94153846153847	72.7892	61.03286419753087	36.1307182320442	24.27888888888889	35.569315789473684	83.53553488372093	0.39444083	1.0463771	1.5968274	0.48485473	0.27614272	0.71924376	7.5582037	21.955414	14.885978	1.7984713	14.943028	15.736638	../../benchmark_data/class-i/pdb/7pbe_pmhc_tcr.pdb	../pred_pdb/intellifold2/pmhc_tcr/classI/classI_v2_no_msa/ranked_1/7pbe_pmhc_tcr.pdb	after	ranked_1
83	7phr	0.021	0.012	14.897	40.88	89.65400000000001	94.17300000000002	78.52181818181818	80.46900000000001	77.522	50.383076923076935	63.28000000000001	58.886825	35.597348066298345	21.81888888888889	34.944684210526326	80.54876190476189	0.250154	0.3073796	1.542408	0.3331557	0.32426777	8.437004	11.602349	15.916787	11.273864	2.074625	12.117516	14.976677	../../benchmark_data/class-i/pdb/7phr_pmhc_tcr.pdb	../pred_pdb/intellifold2/pmhc_tcr/classI/classI_v2_no_msa/ranked_1/7phr_pmhc_tcr.pdb	after	ranked_1
84	7q99	0.05	0.027	15.212	23.695	86.93363636363637	79.85222222222222	82.21727272727273	80.45363636363638	83.89333333333335	72.01199999999999	76.32961538461538	62.16481572481572	35.93690607734806	22.456000000000003	35.231099476439795	85.98120370370371	0.44355762	0.29739898	0.6072725	0.42034838	1.6292361	1.5315689	1.605554	19.323833	13.8749695	3.9789436	14.224775	1.662855	../../benchmark_data/class-i/pdb/7q99_pmhc_tcr.pdb	../pred_pdb/intellifold2/pmhc_tcr/classI/classI_v2_no_msa/ranked_1/7q99_pmhc_tcr.pdb	after	ranked_1
85	7q9a	0.046	0.04	18.629	26.852	86.02909090909091	80.66000000000001	85.43454545454546	82.97818181818182	85.19555555555557	74.55333333333333	79.15692307692308	64.80592137592139	38.14756906077348	34.672000000000004	37.965602094240836	88.53972222222222	0.2677488	0.24454634	1.078533	0.31834054	1.5805075	1.4299259	1.5613681	20.260275	17.523533	3.3500493	22.102715	1.5174851	../../benchmark_data/class-i/pdb/7q9a_pmhc_tcr.pdb	../pred_pdb/intellifold2/pmhc_tcr/classI/classI_v2_no_msa/ranked_1/7q9a_pmhc_tcr.pdb	after	ranked_1
86	7q9b	0.024	0.013	17.667	35.785	72.61	79.71777777777778	54.79375	52.81300000000001	44.37	46.670625	49.37833333333333	49.693827160493825	34.85331491712707	31.319	34.6682722513089	63.104485981308414	0.50117064	0.24350898	6.626298	2.4418216	2.1688504	7.6613517	8.514795	21.070475	18.981726	3.4884725	18.934628	16.683853	../../benchmark_data/class-i/pdb/7q9b_pmhc_tcr.pdb	../pred_pdb/intellifold2/pmhc_tcr/classI/classI_v2_no_msa/ranked_1/7q9b_pmhc_tcr.pdb	after	ranked_1
87	7qpj	0.056	0.043	12.135	24.35	85.05090909090909	79.86555555555556	74.85538461538462	75.631	60.033	77.41727272727272	76.02958333333333	62.68225806451614	36.51183333333334	24.855555555555558	35.956772486772486	86.28560747663552	0.22159627	0.34240732	1.4011751	1.4589796	1.7314342	0.3905821	1.1621205	14.751824	16.389313	2.4036665	16.26588	2.0047886	../../benchmark_data/class-i/pdb/7qpj_pmhc_tcr.pdb	../pred_pdb/intellifold2/pmhc_tcr/classI/classI_v2_no_msa/ranked_1/7qpj_pmhc_tcr.pdb	after	ranked_1
88	7r80	0.055	0.032	14.0	22.859	71.12636363636364	82.32300000000001	81.68153846153845	76.73100000000001	70.355	78.40866666666668	79.92821428571426	63.992665036674815	39.33646408839779	30.29222222222222	38.908052631578954	85.7555707762557	1.9212106	0.45880944	0.47008318	0.41466716	0.9051326	2.1819525	2.285926	15.59303	12.332417	1.3811154	13.162568	1.7858087	../../benchmark_data/class-i/pdb/7r80_pmhc_tcr.pdb	../pred_pdb/intellifold2/pmhc_tcr/classI/classI_v2_no_msa/ranked_1/7r80_pmhc_tcr.pdb	after	ranked_1
89	7rk7	0.013	0.0	18.955	46.398	61.89666666666667	73.99125000000001	44.614375	77.896	54.69	42.4685	43.42222222222222	57.936457831325306	45.451712707182324	40.44222222222222	45.21442105263158	68.67951111111111	0.66391206	0.55509686	2.044862	0.4388281	3.006202	8.849634	9.562918	22.675852	9.734614	2.5638118	12.553621	11.980491	../../benchmark_data/class-i/pdb/7rk7_pmhc_tcr.pdb	../pred_pdb/intellifold2/pmhc_tcr/classI/classI_v2_no_msa/ranked_1/7rk7_pmhc_tcr.pdb	after	ranked_1
90	7rm4	0.034	0.042	19.163	35.744	85.48818181818183	87.18099999999998	75.47666666666667	71.4	82.8	69.60533333333333	72.21481481481482	63.74154034229829	38.53198895027625	30.489999999999995	38.15105263157895	85.94333333333333	0.70656663	0.5694144	0.6437515	1.9568342	2.0562737	2.151603	2.1361601	18.935984	16.583746	2.068496	16.40239	1.7685806	../../benchmark_data/class-i/pdb/7rm4_pmhc_tcr.pdb	../pred_pdb/intellifold2/pmhc_tcr/classI/classI_v2_no_msa/ranked_1/7rm4_pmhc_tcr.pdb	after	ranked_1
91	7rrg	0.011	0.0	16.553	54.883	68.94583333333333	72.64625	41.798	66.10900000000001	83.60545454545455	46.21071428571429	43.92827586206896	55.079926650366744	38.80657458563536	22.198888888888888	38.01989473684211	69.88086757990868	0.4528173	0.77664715	3.7101052	1.8214306	2.0383635	4.0968647	7.53597	20.350964	14.400679	2.959139	15.295885	14.998393	../../benchmark_data/class-i/pdb/7rrg_pmhc_tcr.pdb	../pred_pdb/intellifold2/pmhc_tcr/classI/classI_v2_no_msa/ranked_1/7rrg_pmhc_tcr.pdb	after	ranked_1
92	7rtr	0.039	0.016	15.04	26.709	79.68363636363637	74.09444444444445	64.89727272727272	71.771	82.70545454545456	51.842727272727274	58.370000000000005	58.29390663390663	34.83187845303867	25.98888888888889	34.413000000000004	79.20345622119817	0.3479691	0.24911784	1.1368237	1.33907	0.15614423	2.729724	9.956749	19.159887	14.360563	2.3611462	14.489853	12.489962	../../benchmark_data/class-i/pdb/7rtr_pmhc_tcr.pdb	../pred_pdb/intellifold2/pmhc_tcr/classI/classI_v2_no_msa/ranked_1/7rtr_pmhc_tcr.pdb	after	ranked_1
93	7su9	0.018	0.017	21.25	45.897	74.38083333333334	80.73249999999999	40.940000000000005	70.64500000000001	61.278999999999996	52.49933333333333	46.719666666666654	67.13664215686275	79.3668888888889	74.9022222222222	79.15428571428572	56.76525114155251	0.5552142	0.42793977	4.224958	0.2852233	2.903823	4.2139425	16.988361	20.521292	4.9985394	1.8394407	4.914652	15.9011135	../../benchmark_data/class-i/pdb/7su9_pmhc_tcr.pdb	../pred_pdb/intellifold2/pmhc_tcr/classI/classI_v2_no_msa/ranked_1/7su9_pmhc_tcr.pdb	after	ranked_1
94	8cx4	0.01	0.0	20.998	53.33	88.53545454545454	88.90800000000002	77.12411764705882	90.659	90.304	67.71266666666666	72.7125	65.77377723970945	42.91911602209945	46.33888888888889	43.081105263157895	85.10834080717487	0.2548165	0.3849874	0.66290647	0.20756191	0.14541493	2.1250603	9.649593	21.11197	17.161531	1.7427423	17.014893	15.071812	../../benchmark_data/class-i/pdb/8cx4_pmhc_tcr.pdb	../pred_pdb/intellifold2/pmhc_tcr/classI/classI_v2_no_msa/ranked_1/8cx4_pmhc_tcr.pdb	after	ranked_1
95	8d5q	0.058	0.0	14.48	19.261	47.620909090909095	58.21300000000001	38.31125	47.27454545454545	75.46727272727274	46.489333333333335	42.26838709677419	64.02000000000001	72.85505681818182	59.475	72.13569892473119	57.22036036036036	2.3677514	2.1150815	3.8769274	2.1740725	0.61881435	4.8821692	10.312644	13.996187	6.15317	3.4135196	8.059356	16.80881	../../benchmark_data/class-i/pdb/8d5q_pmhc_tcr.pdb	../pred_pdb/intellifold2/pmhc_tcr/classI/classI_v2_no_msa/ranked_1/8d5q_pmhc_tcr.pdb	after	ranked_1
96	8dnt	0.048	0.014	12.36	23.474	84.5109090909091	78.91444444444444	76.06416666666667	86.071	85.74454545454546	74.09571428571428	75.00423076923076	63.50277641277641	36.59165745856354	30.074444444444445	36.28294736842105	87.3358064516129	0.5615689	0.390785	0.5978579	0.44444948	0.7028796	0.737926	0.9502461	18.282225	11.790267	4.292087	12.837114	1.3728988	../../benchmark_data/class-i/pdb/8dnt_pmhc_tcr.pdb	../pred_pdb/intellifold2/pmhc_tcr/classI/classI_v2_no_msa/ranked_1/8dnt_pmhc_tcr.pdb	after	ranked_1
97	8en8	0.01	0.0	19.864	53.111	82.79545454545456	51.5	68.38142857142859	77.93727272727273	88.54583333333333	56.574	62.27413793103448	65.22742718446602	47.917722222222224	38.291111111111114	47.45931216931218	80.28650224215247	0.3323665	2.0987499	2.6301703	0.29710013	0.33886942	2.6767764	3.264784	18.69751	11.37068	2.4015393	12.3536	1.8520908	../../benchmark_data/class-i/pdb/8en8_pmhc_tcr.pdb	../pred_pdb/intellifold2/pmhc_tcr/classI/classI_v2_no_msa/ranked_1/8en8_pmhc_tcr.pdb	after	ranked_1
98	8enh	0.008	0.0	22.189	59.141	89.68272727272728	88.271	76.27214285714285	83.35545454545455	90.62333333333333	67.23400000000001	71.59724137931035	63.07231143552312	37.1508938547486	21.691111111111113	36.410797872340424	85.54928251121075	0.4434956	0.19838518	2.4783664	0.2850671	0.3995026	2.5492074	3.3193223	23.713274	13.853561	4.3959765	14.091784	1.8593403	../../benchmark_data/class-i/pdb/8enh_pmhc_tcr.pdb	../pred_pdb/intellifold2/pmhc_tcr/classI/classI_v2_no_msa/ranked_1/8enh_pmhc_tcr.pdb	after	ranked_1
99	8eo8	0.02	0.027	16.697	53.337	83.22454545454546	81.478	61.24857142857143	84.07727272727273	90.93833333333333	72.05	66.8355172413793	62.47231143552312	38.46312849162011	28.986666666666665	38.009468085106384	83.09569506726457	0.55460083	0.19311875	2.7791314	0.43699464	0.24416965	1.6513389	8.400203	20.923498	17.012976	3.0575602	16.68282	10.595073	../../benchmark_data/class-i/pdb/8eo8_pmhc_tcr.pdb	../pred_pdb/intellifold2/pmhc_tcr/classI/classI_v2_no_msa/ranked_1/8eo8_pmhc_tcr.pdb	after	ranked_1
100	8f5a	0.009	0.0	18.529	58.561	86.54818181818182	90.769	67.26533333333333	86.238	76.094	75.615	70.9762962962963	69.80163814180929	55.38486187845304	49.645	55.084345549738224	82.69614678899083	0.36464986	2.1777594	2.8751373	0.89701355	2.8495877	1.4689467	8.71934	15.87615	13.236025	4.2970967	14.120858	16.130945	../../benchmark_data/class-i/pdb/8f5a_pmhc_tcr.pdb	../pred_pdb/intellifold2/pmhc_tcr/classI/classI_v2_no_msa/ranked_1/8f5a_pmhc_tcr.pdb	after	ranked_1
101	8gom	0.036	0.0	15.211	25.551	77.26666666666667	57.583333333333336	68.24272727272728	71.94699999999999	84.6709090909091	58.852666666666664	62.82538461538461	58.79546341463414	35.331049723756905	26.934444444444445	34.93331578947368	79.40368181818181	0.64656657	3.5864666	1.3514702	0.56581664	0.3178794	1.6348013	8.110977	20.266462	17.191137	2.0932324	17.012018	8.138242	../../benchmark_data/class-i/pdb/8gom_pmhc_tcr.pdb	../pred_pdb/intellifold2/pmhc_tcr/classI/classI_v2_no_msa/ranked_1/8gom_pmhc_tcr.pdb	after	ranked_1
102	8gon	0.025	0.029	20.955	41.299	78.35583333333334	57.370000000000005	70.56181818181817	74.23100000000001	84.92545454545456	57.69266666666667	63.13730769230769	59.32412195121951	39.101546961325965	26.029999999999998	38.48236842105263	77.32381818181818	0.87843156	3.5452151	1.2205358	0.2476501	0.17803118	1.1281111	12.710841	22.85742	18.248692	2.091333	18.050299	14.973043	../../benchmark_data/class-i/pdb/8gon_pmhc_tcr.pdb	../pred_pdb/intellifold2/pmhc_tcr/classI/classI_v2_no_msa/ranked_1/8gon_pmhc_tcr.pdb	after	ranked_1
103	8gvb	0.042	0.0	16.272	23.227	75.21272727272726	81.71636363636364	71.70857142857143	76.05699999999999	83.69636363636363	72.78666666666666	72.26620689655172	63.295878048780494	38.85161111111112	24.89875	38.257872340425536	84.49923423423424	1.3542478	0.85596085	1.8574852	1.9023145	0.64965117	0.82898706	2.0711331	15.365739	15.655326	3.9667447	15.586531	1.4502869	../../benchmark_data/class-i/pdb/8gvb_pmhc_tcr.pdb	../pred_pdb/intellifold2/pmhc_tcr/classI/classI_v2_no_msa/ranked_1/8gvb_pmhc_tcr.pdb	after	ranked_1
104	8gvg	0.01	0.0	18.87	55.59	78.41636363636363	86.62363636363636	76.93642857142856	82.731	87.49636363636363	76.62533333333334	76.7755172413793	63.97610705596107	40.16657458563536	23.353749999999998	39.45492063492063	84.85225225225224	1.5105395	0.91467744	1.4341502	2.000006	0.69300026	1.1097041	1.9647323	24.727495	14.470204	4.13637	14.426171	1.3391353	../../benchmark_data/class-i/pdb/8gvg_pmhc_tcr.pdb	../pred_pdb/intellifold2/pmhc_tcr/classI/classI_v2_no_msa/ranked_1/8gvg_pmhc_tcr.pdb	after	ranked_1
105	8gvi	0.035	0.029	18.404	31.586	78.86818181818181	90.08727272727272	74.28285714285714	82.57500000000002	84.79545454545455	67.73733333333332	70.89724137931036	66.20343065693432	47.773480662983424	20.9175	46.63671957671958	82.86157657657657	1.458974	0.8755749	1.7650082	0.71794814	0.45558313	3.902483	10.555487	22.49556	16.661642	3.4451559	16.932924	17.392511	../../benchmark_data/class-i/pdb/8gvi_pmhc_tcr.pdb	../pred_pdb/intellifold2/pmhc_tcr/classI/classI_v2_no_msa/ranked_1/8gvi_pmhc_tcr.pdb	after	ranked_1
106	8i5c	0.07	0.079	12.828	23.238	87.82181818181819	85.22333333333334	80.505	78.97	67.39699999999999	73.79769230769232	77.0172	62.54074074074074	36.44447513812154	23.374444444444443	35.82536842105263	86.14967441860463	0.2927649	0.33382186	0.27684075	0.43370643	2.387926	1.2863559	1.0958077	16.15622	16.47961	2.4050963	16.803837	2.17278	../../benchmark_data/class-i/pdb/8i5c_pmhc_tcr.pdb	../pred_pdb/intellifold2/pmhc_tcr/classI/classI_v2_no_msa/ranked_1/8i5c_pmhc_tcr.pdb	after	ranked_1
107	8i5d	0.015	0.0	21.144	41.368	63.27499999999999	67.81	52.635833333333345	85.53899999999999	91.99727272727272	74.36399999999999	64.70703703703704	58.512029702970295	38.47734806629834	22.985555555555557	37.743526315789474	76.95135514018692	0.3546028	2.3364618	1.8360802	0.5711817	0.24549001	1.2152231	8.878416	21.142294	17.767353	2.1387396	19.190346	14.199835	../../benchmark_data/class-i/pdb/8i5d_pmhc_tcr.pdb	../pred_pdb/intellifold2/pmhc_tcr/classI/classI_v2_no_msa/ranked_1/8i5d_pmhc_tcr.pdb	after	ranked_1
108	8qfy	0.017	0.016	14.978	52.573	84.30909090909091	80.87888888888888	70.96000000000002	78.752	82.95818181818183	68.14583333333333	69.55291666666666	67.34827160493828	50.03198895027625	40.67111111111112	49.58857894736841	83.04288372093023	0.5417129	0.25557178	0.36658466	2.0891018	0.25776163	1.52893	12.667737	18.868214	4.9157767	2.3496263	6.6275277	16.324158	../../benchmark_data/class-i/pdb/8qfy_pmhc_tcr.pdb	../pred_pdb/intellifold2/pmhc_tcr/classI/classI_v2_no_msa/ranked_1/8qfy_pmhc_tcr.pdb	after	ranked_1
109	8shi	0.03	0.0	16.87	28.559	54.68799999999999	52.57899999999999	41.14588235294117	63.423	45.489999999999995	58.17714285714287	48.837419354838715	52.1583910891089	43.535111111111114	20.8975	42.5718085106383	60.50226851851853	0.47766346	1.7123922	5.1676126	1.3777275	1.2814071	1.4541459	8.248368	20.124775	11.309288	2.5536792	12.251146	14.892811	../../benchmark_data/class-i/pdb/8shi_pmhc_tcr.pdb	../pred_pdb/intellifold2/pmhc_tcr/classI/classI_v2_no_msa/ranked_1/8shi_pmhc_tcr.pdb	after	ranked_1
110	8wte	0.045	0.0	16.187	22.333	80.7090909090909	79.51666666666668	62.42230769230768	82.876	68.314	72.32374999999999	67.8851724137931	61.8896577017115	38.83944751381216	56.93777777777778	39.69673684210527	81.14378995433789	0.42397234	0.3839638	1.3958168	1.4362438	0.25344956	2.914008	13.267234	17.876923	17.775385	2.3136256	17.773731	10.400977	../../benchmark_data/class-i/pdb/8wte_pmhc_tcr.pdb	../pred_pdb/intellifold2/pmhc_tcr/classI/classI_v2_no_msa/ranked_1/8wte_pmhc_tcr.pdb	after	ranked_1
111	8wul	0.011	0.0	19.328	50.637	81.56090909090908	80.73666666666666	62.59384615384616	82.229	66.717	65.68187499999999	64.29758620689655	62.385354523227385	42.23629834254144	30.904444444444444	41.69952631578947	80.33196347031964	0.4266673	0.31308958	1.5015905	1.401415	0.3129786	2.650632	9.489501	20.417242	15.062307	2.8859906	16.495983	14.952053	../../benchmark_data/class-i/pdb/8wul_pmhc_tcr.pdb	../pred_pdb/intellifold2/pmhc_tcr/classI/classI_v2_no_msa/ranked_1/8wul_pmhc_tcr.pdb	after	ranked_1
112	6zkw	0.032	0.052	16.73	43.093	71.26727272727273	81.828	48.60153846153845	71.14399999999999	73.957	64.5025	57.37448275862069	59.20643031784841	48.87755555555556	29.10777777777778	47.93613756613757	68.88863636363635	0.46256566	0.3357355	4.242989	0.3184883	1.0077627	6.9853425	12.494907	24.329899	9.28309	2.7427142	10.094597	17.579483	../../benchmark_data/class-i/pdb/6zkw_pmhc_tcr.pdb	../pred_pdb/intellifold2/pmhc_tcr/classI/classI_v2_no_msa/ranked_2/6zkw_pmhc_tcr.pdb	after	ranked_2
113	6zkx	0.025	0.0	17.468	31.868	68.92727272727272	81.95899999999999	45.58538461538462	61.05	57.492	54.0825	50.27344827586207	54.57583941605839	48.107709497206706	25.8075	46.70664921465969	61.40772727272728	0.32291794	0.24429056	2.6481385	0.2929845	1.3042262	7.2636213	6.5678234	19.472605	12.097266	3.1628373	12.703755	14.383362	../../benchmark_data/class-i/pdb/6zkx_pmhc_tcr.pdb	../pred_pdb/intellifold2/pmhc_tcr/classI/classI_v2_no_msa/ranked_2/6zkx_pmhc_tcr.pdb	after	ranked_2
114	6zky	0.024	0.0	20.264	31.957	74.56090909090909	86.08800000000001	52.39615384615384	74.702	58.540000000000006	67.79937500000001	60.89448275862068	60.53024509803921	55.29361111111111	23.89875	53.95765957446809	66.14681818181818	0.34174183	0.38419315	3.2237117	0.38115647	2.5146933	7.0710025	7.438159	16.046314	10.901082	1.8620708	11.653479	15.933447	../../benchmark_data/class-i/pdb/6zky_pmhc_tcr.pdb	../pred_pdb/intellifold2/pmhc_tcr/classI/classI_v2_no_msa/ranked_2/6zky_pmhc_tcr.pdb	after	ranked_2
115	6zkz	0.015	0.0	18.64	42.236	86.66272727272728	92.966	77.34000000000002	76.136	70.623	70.124375	73.35896551724137	68.35485294117647	58.639833333333335	27.9675	57.334627659574465	77.77213636363636	0.42146346	0.18807267	1.2052721	0.57446384	2.1481557	6.8183703	7.642178	21.935486	5.6651864	2.2413924	5.6865144	14.626601	../../benchmark_data/class-i/pdb/6zkz_pmhc_tcr.pdb	../pred_pdb/intellifold2/pmhc_tcr/classI/classI_v2_no_msa/ranked_2/6zkz_pmhc_tcr.pdb	after	ranked_2
116	7dzm	0.044	0.093	17.407	47.663	62.53416666666666	43.915	42.434666666666665	72.691	79.13090909090909	49.07833333333334	45.3874074074074	49.994679802955666	36.680388888888885	22.714444444444446	36.01534391534391	62.17023041474654	1.6384867	4.46003	3.1106074	0.21082154	0.18217254	0.6197159	7.2392063	22.206224	17.108793	3.3697238	17.323082	15.055227	../../benchmark_data/class-i/pdb/7dzm_pmhc_tcr.pdb	../pred_pdb/intellifold2/pmhc_tcr/classI/classI_v2_no_msa/ranked_2/7dzm_pmhc_tcr.pdb	after	ranked_2
117	7dzn	0.019	0.024	15.469	54.735	70.41833333333334	44.625	53.102000000000004	73.076	80.74545454545454	49.58499999999999	51.538888888888884	54.36269135802469	42.096424581005586	23.65888888888889	41.213776595744676	65.75437788018432	1.7248808	4.1126876	3.0214934	0.30054742	0.18977173	1.6617984	5.33161	23.522627	17.854588	3.7607107	17.769163	12.2535715	../../benchmark_data/class-i/pdb/7dzn_pmhc_tcr.pdb	../pred_pdb/intellifold2/pmhc_tcr/classI/classI_v2_no_msa/ranked_2/7dzn_pmhc_tcr.pdb	after	ranked_2
118	7l1d	0.016	0.027	22.759	64.744	84.10545454545455	92.29222222222222	72.87384615384615	91.878	91.33899999999998	65.11947368421052	68.26968749999999	69.56757946210269	50.24044198895028	34.621111111111105	49.50057894736842	86.97730593607305	0.54706943	0.30012622	2.280141	0.26270092	0.2399714	4.1522226	6.2938848	24.684544	12.989184	5.567554	16.358665	3.4539979	../../benchmark_data/class-i/pdb/7l1d_pmhc_tcr.pdb	../pred_pdb/intellifold2/pmhc_tcr/classI/classI_v2_no_msa/ranked_2/7l1d_pmhc_tcr.pdb	after	ranked_2
119	7n2n	0.01	0.0	17.646	56.051	83.67	81.322	65.04235294117646	73.48999999999998	40.29799999999999	65.044	65.04312499999999	54.84384987893463	34.56961325966851	23.439999999999998	34.04242105263158	72.56704035874439	0.20424268	0.3777343	1.1969341	0.4532778	3.844323	1.9724796	9.526789	21.806648	18.74537	1.6295016	18.621483	11.035964	../../benchmark_data/class-i/pdb/7n2n_pmhc_tcr.pdb	../pred_pdb/intellifold2/pmhc_tcr/classI/classI_v2_no_msa/ranked_2/7n2n_pmhc_tcr.pdb	after	ranked_2
120	7n2o	0.022	0.034	21.249	51.838	81.63545454545455	82.138	60.917647058823526	51.605000000000004	50.419	59.07133333333333	60.0521875	57.26406779661016	40.28596685082873	46.44222222222223	40.57757894736842	71.48125560538116	0.17017086	0.37597546	1.7194688	1.8376414	4.2851853	8.019131	10.873096	24.156586	17.099411	2.1053178	16.903791	12.67795	../../benchmark_data/class-i/pdb/7n2o_pmhc_tcr.pdb	../pred_pdb/intellifold2/pmhc_tcr/classI/classI_v2_no_msa/ranked_2/7n2o_pmhc_tcr.pdb	after	ranked_2
121	7n2p	0.044	0.0	14.641	22.945	81.80454545454546	84.381	74.5509090909091	88.596	85.995	75.17000000000002	74.90807692307692	62.01542997542998	35.50309392265193	24.906666666666666	35.00115789473684	85.6684792626728	0.2056101	0.3736177	0.70965666	0.20805077	0.18506704	1.3258684	1.429579	13.82332	15.96435	2.0745962	16.060907	0.9405037	../../benchmark_data/class-i/pdb/7n2p_pmhc_tcr.pdb	../pred_pdb/intellifold2/pmhc_tcr/classI/classI_v2_no_msa/ranked_2/7n2p_pmhc_tcr.pdb	after	ranked_2
122	7n2q	0.054	0.034	11.938	23.736	80.89181818181818	81.498	73.73636363636363	85.79400000000001	82.213	70.38666666666667	71.80384615384614	64.96702702702703	40.372596685082875	42.37333333333333	40.46736842105263	86.4183410138249	0.22197407	0.42178646	1.04362	0.16624103	0.17540471	1.3906136	1.5435486	14.826588	18.81875	2.3831446	18.619148	0.9201301	../../benchmark_data/class-i/pdb/7n2q_pmhc_tcr.pdb	../pred_pdb/intellifold2/pmhc_tcr/classI/classI_v2_no_msa/ranked_2/7n2q_pmhc_tcr.pdb	after	ranked_2
123	7n2r	0.026	0.052	18.244	62.002	81.21454545454546	87.285	68.7309090909091	91.028	90.30199999999999	70.50133333333333	69.7523076923077	62.388009828009835	37.839834254143646	30.15555555555555	37.475842105263155	84.20050691244239	0.15749684	0.36435366	1.0688274	0.1673336	0.22644389	1.4637018	7.3580136	22.887926	13.554141	1.9768044	13.957731	14.692968	../../benchmark_data/class-i/pdb/7n2r_pmhc_tcr.pdb	../pred_pdb/intellifold2/pmhc_tcr/classI/classI_v2_no_msa/ranked_2/7n2r_pmhc_tcr.pdb	after	ranked_2
124	7n2s	0.046	0.076	20.301	34.372	34.85	28.818	38.2375	54.315	51.029	66.78533333333334	52.05096774193548	43.46342233009709	36.19325966850828	22.47222222222222	35.54331578947369	50.241891891891896	1.8667626	4.278826	6.2405224	2.8505974	3.7694075	8.037541	9.937931	22.87175	13.8415365	1.5516348	14.066963	16.070337	../../benchmark_data/class-i/pdb/7n2s_pmhc_tcr.pdb	../pred_pdb/intellifold2/pmhc_tcr/classI/classI_v2_no_msa/ranked_2/7n2s_pmhc_tcr.pdb	after	ranked_2
125	7n4k	0.045	0.0	13.865	22.541	65.89583333333333	28.67875	56.843846153846165	47.63700000000001	36.897	49.52727272727273	53.49041666666667	53.31629999999999	47.94858757062148	31.503999999999998	47.06919786096257	58.800845070422525	1.4934447	3.288602	1.9228536	2.6395216	3.6505497	0.9853234	6.8643856	17.62439	16.060932	3.152773	16.054192	12.274888	../../benchmark_data/class-i/pdb/7n4k_pmhc_tcr.pdb	../pred_pdb/intellifold2/pmhc_tcr/classI/classI_v2_no_msa/ranked_2/7n4k_pmhc_tcr.pdb	after	ranked_2
126	7n5c	0.041	0.088	19.754	48.115	50.296666666666674	31.42375	47.137692307692305	53.599000000000004	45.059999999999995	52.529999999999994	49.60916666666666	44.94787128712872	37.23110497237569	27.657	36.72984293193717	52.31708920187794	1.9309819	4.215457	5.162913	2.2287626	4.3109837	0.7851656	5.4605813	22.661737	16.415339	3.523413	17.947191	12.886859	../../benchmark_data/class-i/pdb/7n5c_pmhc_tcr.pdb	../pred_pdb/intellifold2/pmhc_tcr/classI/classI_v2_no_msa/ranked_2/7n5c_pmhc_tcr.pdb	after	ranked_2
127	7n5p	0.016	0.0	18.098	40.777	65.835	36.92625	58.83461538461539	51.529999999999994	45.90599999999999	50.11272727272728	54.83708333333334	49.9077694235589	37.67835227272727	28.327999999999996	37.175645161290326	61.025962441314554	1.6613506	3.047296	3.430457	1.5883508	4.2831883	0.78007543	3.7179914	21.682486	14.420234	2.6110413	14.912597	12.856445	../../benchmark_data/class-i/pdb/7n5p_pmhc_tcr.pdb	../pred_pdb/intellifold2/pmhc_tcr/classI/classI_v2_no_msa/ranked_2/7n5p_pmhc_tcr.pdb	after	ranked_2
128	7na5	0.028	0.041	19.55	42.489	79.19272727272727	82.87444444444444	75.19545454545454	65.896	45.982	77.29666666666667	76.40769230769232	56.47180246913581	38.21955555555556	44.78999999999999	38.532433862433855	72.16875000000002	0.59507674	0.5025972	0.9256497	1.4849731	8.312741	0.89342916	1.2007471	22.68556	18.683506	2.1629696	18.690485	7.785537	../../benchmark_data/class-i/pdb/7na5_pmhc_tcr.pdb	../pred_pdb/intellifold2/pmhc_tcr/classI/classI_v2_no_msa/ranked_2/7na5_pmhc_tcr.pdb	after	ranked_2
129	7ndq	0.03	0.0	16.203	28.533	80.41916666666668	86.65375	53.58266666666667	63.301	83.84545454545453	48.62615384615385	51.28142857142857	75.45078431372549	81.70839779005526	28.489999999999995	79.18752631578948	72.19399082568808	0.6090725	0.93249273	3.5060246	1.217229	0.44137082	4.509947	5.307053	17.883509	2.3713236	2.6523998	4.059821	7.1021266	../../benchmark_data/class-i/pdb/7ndq_pmhc_tcr.pdb	../pred_pdb/intellifold2/pmhc_tcr/classI/classI_v2_no_msa/ranked_2/7ndq_pmhc_tcr.pdb	after	ranked_2
130	7ndt	0.029	0.049	15.074	50.944	77.34416666666667	43.20125	78.78857142857143	88.29100000000001	93.2218181818182	78.61	78.70615384615385	70.51658415841585	58.35755555555556	26.265	56.99191489361702	82.28805555555556	1.3462708	4.590918	1.8523607	0.15613945	0.20861109	0.84391767	1.905776	15.703624	5.218568	1.746735	8.157519	4.433181	../../benchmark_data/class-i/pdb/7ndt_pmhc_tcr.pdb	../pred_pdb/intellifold2/pmhc_tcr/classI/classI_v2_no_msa/ranked_2/7ndt_pmhc_tcr.pdb	after	ranked_2
131	7ndu	0.034	0.046	17.807	38.008	75.87666666666668	78.4725	44.575999999999986	68.955	84.73454545454545	43.535384615384615	44.09285714285715	61.875847665847665	54.46729281767956	32.35625	53.53137566137566	69.1102752293578	0.585521	0.89476424	3.6617525	1.37084	0.3554297	3.09108	11.123519	24.877312	5.855941	2.3506556	6.793948	15.331608	../../benchmark_data/class-i/pdb/7ndu_pmhc_tcr.pdb	../pred_pdb/intellifold2/pmhc_tcr/classI/classI_v2_no_msa/ranked_2/7ndu_pmhc_tcr.pdb	after	ranked_2
132	7nme	0.051	0.04	18.356	24.524	39.95545454545454	40.384	37.14461538461539	40.776999999999994	38.14818181818182	34.777272727272724	36.05958333333333	39.79849382716049	37.57232044198895	23.256666666666668	36.89421052631579	42.36506976744186	2.8707883	4.548752	2.8495312	1.8157922	5.4518657	3.3840055	7.5281577	16.301224	15.99638	2.4294722	16.183683	15.211401	../../benchmark_data/class-i/pdb/7nme_pmhc_tcr.pdb	../pred_pdb/intellifold2/pmhc_tcr/classI/classI_v2_no_msa/ranked_2/7nme_pmhc_tcr.pdb	after	ranked_2
133	7nmf	0.052	0.042	18.411	24.498	39.95545454545454	40.384	37.14461538461539	40.776999999999994	38.14818181818182	34.777272727272724	36.05958333333333	39.79849382716049	37.57232044198895	23.256666666666668	36.89421052631579	42.36506976744186	2.8625872	4.542664	2.80897	1.79606	5.4749246	3.3982117	7.556835	16.307703	15.980077	2.3389137	16.168758	15.224934	../../benchmark_data/class-i/pdb/7nmf_pmhc_tcr.pdb	../pred_pdb/intellifold2/pmhc_tcr/classI/classI_v2_no_msa/ranked_2/7nmf_pmhc_tcr.pdb	after	ranked_2
134	7nmg	0.04	0.028	15.25	28.096	44.71454545454546	44.366	42.67230769230769	46.239999999999995	39.10999999999999	42.58454545454546	42.632083333333334	42.8255061728395	37.53298342541437	23.37333333333333	36.86226315789474	48.0953488372093	3.040689	3.7010398	4.7973647	1.677771	3.7175617	2.733013	7.4857144	18.325981	15.347906	2.5053592	15.841674	14.183181	../../benchmark_data/class-i/pdb/7nmg_pmhc_tcr.pdb	../pred_pdb/intellifold2/pmhc_tcr/classI/classI_v2_no_msa/ranked_2/7nmg_pmhc_tcr.pdb	after	ranked_2
135	7ow5	0.025	0.016	13.957	37.793	51.81583333333333	54.67181818181818	56.540625	78.56800000000001	69.941	68.691875	62.61625	55.6438313253012	38.31166666666667	25.824	37.65442105263158	70.83488888888888	2.283796	1.4218601	1.3206524	0.24467868	1.8634435	2.4507587	9.721183	17.324156	16.482521	3.359542	16.710934	14.536638	../../benchmark_data/class-i/pdb/7ow5_pmhc_tcr.pdb	../pred_pdb/intellifold2/pmhc_tcr/classI/classI_v2_no_msa/ranked_2/7ow5_pmhc_tcr.pdb	after	ranked_2
136	7ow6	0.035	0.046	19.882	36.35	52.873333333333335	53.47090909090909	58.665	86.56799999999998	71.22399999999999	73.459375	66.0621875	56.880312499999995	38.37558011049724	63.11199999999999	39.67068062827225	71.48937777777778	2.5662904	1.6651429	1.2089698	0.20397814	1.3819467	2.7499847	10.250681	21.110579	16.578812	3.1072898	18.768867	15.836228	../../benchmark_data/class-i/pdb/7ow6_pmhc_tcr.pdb	../pred_pdb/intellifold2/pmhc_tcr/classI/classI_v2_no_msa/ranked_2/7ow6_pmhc_tcr.pdb	after	ranked_2
137	7pb2	0.017	0.0	18.315	39.216	48.69583333333333	38.833636363636366	43.164375	46.643	43.267	43.789375	43.47687500000001	42.18392771084338	38.61438888888889	23.564	37.82226315789473	45.86711111111111	0.7245541	3.2671306	1.3863358	1.7245134	2.665673	2.230242	5.442054	20.457958	15.149402	4.1874504	17.451115	9.4017725	../../benchmark_data/class-i/pdb/7pb2_pmhc_tcr.pdb	../pred_pdb/intellifold2/pmhc_tcr/classI/classI_v2_no_msa/ranked_2/7pb2_pmhc_tcr.pdb	after	ranked_2
138	7pbe	0.046	0.0	17.468	21.965	85.5490909090909	82.74625	69.37416666666667	88.088	78.78090909090909	75.94153846153847	72.7892	61.03286419753087	36.1307182320442	24.27888888888889	35.569315789473684	83.53553488372093	0.4332472	0.8307539	1.3316967	0.469753	0.27943835	0.5431352	7.5005894	18.49847	17.558176	2.0071163	17.617168	15.814648	../../benchmark_data/class-i/pdb/7pbe_pmhc_tcr.pdb	../pred_pdb/intellifold2/pmhc_tcr/classI/classI_v2_no_msa/ranked_2/7pbe_pmhc_tcr.pdb	after	ranked_2
139	7phr	0.012	0.0	18.614	48.165	89.65400000000001	94.17300000000002	78.52181818181818	80.46900000000001	77.522	50.383076923076935	63.28000000000001	58.886825	35.597348066298345	21.81888888888889	34.944684210526326	80.54876190476189	0.24775906	0.34778658	1.4810932	0.31457502	0.31245983	9.088618	12.26272	19.287205	17.222408	2.1654785	17.325743	15.865697	../../benchmark_data/class-i/pdb/7phr_pmhc_tcr.pdb	../pred_pdb/intellifold2/pmhc_tcr/classI/classI_v2_no_msa/ranked_2/7phr_pmhc_tcr.pdb	after	ranked_2
140	7q99	0.032	0.014	16.789	30.197	86.93363636363637	79.85222222222222	82.21727272727273	80.45363636363638	83.89333333333335	72.01199999999999	76.32961538461538	62.16481572481572	35.93690607734806	22.456000000000003	35.231099476439795	85.98120370370371	0.45319822	0.27954608	0.4399756	0.35003635	1.568687	1.4427707	1.2376949	17.70414	14.211875	4.864462	13.973939	0.9226939	../../benchmark_data/class-i/pdb/7q99_pmhc_tcr.pdb	../pred_pdb/intellifold2/pmhc_tcr/classI/classI_v2_no_msa/ranked_2/7q99_pmhc_tcr.pdb	after	ranked_2
141	7q9a	0.037	0.013	19.323	26.994	86.02909090909091	80.66000000000001	85.43454545454546	82.97818181818182	85.19555555555557	74.55333333333333	79.15692307692308	64.80592137592139	38.14756906077348	34.672000000000004	37.965602094240836	88.53972222222222	0.3212699	0.23286308	1.0304289	0.25340146	1.573162	1.4841193	1.6163199	19.899424	17.062193	3.0359986	20.173666	1.466242	../../benchmark_data/class-i/pdb/7q9a_pmhc_tcr.pdb	../pred_pdb/intellifold2/pmhc_tcr/classI/classI_v2_no_msa/ranked_2/7q9a_pmhc_tcr.pdb	after	ranked_2
142	7q9b	0.076	0.05	13.029	19.098	72.61	79.71777777777778	54.79375	52.81300000000001	44.37	46.670625	49.37833333333333	49.693827160493825	34.85331491712707	31.319	34.6682722513089	63.104485981308414	0.47918802	0.25133	5.0728526	2.354371	1.0734017	5.9485407	8.280045	14.960762	15.542491	3.401905	16.287622	11.539954	../../benchmark_data/class-i/pdb/7q9b_pmhc_tcr.pdb	../pred_pdb/intellifold2/pmhc_tcr/classI/classI_v2_no_msa/ranked_2/7q9b_pmhc_tcr.pdb	after	ranked_2
143	7qpj	0.038	0.0	17.031	24.55	85.05090909090909	79.86555555555556	74.85538461538462	75.631	60.033	77.41727272727272	76.02958333333333	62.68225806451614	36.51183333333334	24.855555555555558	35.956772486772486	86.28560747663552	0.20634097	0.3193615	1.2754238	1.4796001	1.9023062	0.41680855	1.186705	15.636482	17.706446	4.4384584	17.377405	1.987999	../../benchmark_data/class-i/pdb/7qpj_pmhc_tcr.pdb	../pred_pdb/intellifold2/pmhc_tcr/classI/classI_v2_no_msa/ranked_2/7qpj_pmhc_tcr.pdb	after	ranked_2
144	7r80	0.055	0.032	13.614	22.824	71.12636363636364	82.32300000000001	81.68153846153845	76.73100000000001	70.355	78.40866666666668	79.92821428571426	63.992665036674815	39.33646408839779	30.29222222222222	38.908052631578954	85.7555707762557	2.2403653	0.4578754	0.38343382	0.46524033	1.0645812	2.36265	2.4284432	14.342376	14.074513	2.5480542	14.779187	1.8743842	../../benchmark_data/class-i/pdb/7r80_pmhc_tcr.pdb	../pred_pdb/intellifold2/pmhc_tcr/classI/classI_v2_no_msa/ranked_2/7r80_pmhc_tcr.pdb	after	ranked_2
145	7rk7	0.01	0.0	17.02	54.689	61.89666666666667	73.99125000000001	44.614375	77.896	54.69	42.4685	43.42222222222222	57.936457831325306	45.451712707182324	40.44222222222222	45.21442105263158	68.67951111111111	0.5909983	0.3753585	2.88886	0.31174025	2.6722362	8.111718	10.000919	20.321249	13.577626	2.2514353	14.829035	12.183188	../../benchmark_data/class-i/pdb/7rk7_pmhc_tcr.pdb	../pred_pdb/intellifold2/pmhc_tcr/classI/classI_v2_no_msa/ranked_2/7rk7_pmhc_tcr.pdb	after	ranked_2
146	7rm4	0.015	0.0	20.787	41.356	85.48818181818183	87.18099999999998	75.47666666666667	71.4	82.8	69.60533333333333	72.21481481481482	63.74154034229829	38.53198895027625	30.489999999999995	38.15105263157895	85.94333333333333	0.75273114	0.53904724	0.41046438	1.8460166	2.0509377	1.9767092	1.8310809	18.98729	19.095413	1.7866471	18.955606	1.7025294	../../benchmark_data/class-i/pdb/7rm4_pmhc_tcr.pdb	../pred_pdb/intellifold2/pmhc_tcr/classI/classI_v2_no_msa/ranked_2/7rm4_pmhc_tcr.pdb	after	ranked_2
147	7rrg	0.04	0.032	17.887	28.686	68.94583333333333	72.64625	41.798	66.10900000000001	83.60545454545455	46.21071428571429	43.92827586206896	55.079926650366744	38.80657458563536	22.198888888888888	38.01989473684211	69.88086757990868	0.45943862	0.674316	2.849791	1.8227676	1.968031	3.9931266	7.030603	19.711016	14.9493685	2.706366	15.93537	15.170875	../../benchmark_data/class-i/pdb/7rrg_pmhc_tcr.pdb	../pred_pdb/intellifold2/pmhc_tcr/classI/classI_v2_no_msa/ranked_2/7rrg_pmhc_tcr.pdb	after	ranked_2
148	7rtr	0.017	0.016	20.951	48.594	79.68363636363637	74.09444444444445	64.89727272727272	71.771	82.70545454545456	51.842727272727274	58.370000000000005	58.29390663390663	34.83187845303867	25.98888888888889	34.413000000000004	79.20345622119817	0.3440299	0.25991356	1.1857433	1.3204954	0.14425121	2.9313154	8.256904	19.120848	17.99617	1.8492086	17.615328	13.091971	../../benchmark_data/class-i/pdb/7rtr_pmhc_tcr.pdb	../pred_pdb/intellifold2/pmhc_tcr/classI/classI_v2_no_msa/ranked_2/7rtr_pmhc_tcr.pdb	after	ranked_2
149	7su9	0.017	0.0	19.195	38.556	74.38083333333334	80.73249999999999	40.940000000000005	70.64500000000001	61.278999999999996	52.49933333333333	46.719666666666654	67.13664215686275	79.3668888888889	74.9022222222222	79.15428571428572	56.76525114155251	0.59132254	0.6825284	3.2786589	0.41759157	3.0337903	4.147986	16.984665	20.11151	5.1788707	1.7007209	5.091104	16.395247	../../benchmark_data/class-i/pdb/7su9_pmhc_tcr.pdb	../pred_pdb/intellifold2/pmhc_tcr/classI/classI_v2_no_msa/ranked_2/7su9_pmhc_tcr.pdb	after	ranked_2
150	8cx4	0.009	0.0	19.63	55.892	88.53545454545454	88.90800000000002	77.12411764705882	90.659	90.304	67.71266666666666	72.7125	65.77377723970945	42.91911602209945	46.33888888888889	43.081105263157895	85.10834080717487	0.23845059	0.40416467	0.5828628	0.19363692	0.16053061	1.640608	8.326442	20.3413	13.480167	1.8465635	13.6944	15.152922	../../benchmark_data/class-i/pdb/8cx4_pmhc_tcr.pdb	../pred_pdb/intellifold2/pmhc_tcr/classI/classI_v2_no_msa/ranked_2/8cx4_pmhc_tcr.pdb	after	ranked_2
151	8d5q	0.049	0.057	15.574	28.456	47.620909090909095	58.21300000000001	38.31125	47.27454545454545	75.46727272727274	46.489333333333335	42.26838709677419	64.02000000000001	72.85505681818182	59.475	72.13569892473119	57.22036036036036	2.8880475	2.6126761	3.2975528	2.3141136	0.67350215	4.806235	11.404128	15.803711	6.8849106	3.293796	8.541271	17.28547	../../benchmark_data/class-i/pdb/8d5q_pmhc_tcr.pdb	../pred_pdb/intellifold2/pmhc_tcr/classI/classI_v2_no_msa/ranked_2/8d5q_pmhc_tcr.pdb	after	ranked_2
152	8dnt	0.028	0.027	19.244	37.327	84.5109090909091	78.91444444444444	76.06416666666667	86.071	85.74454545454546	74.09571428571428	75.00423076923076	63.50277641277641	36.59165745856354	30.074444444444445	36.28294736842105	87.3358064516129	0.5554489	0.38600668	0.5871516	0.47164673	0.68007624	0.719763	0.93719995	18.67244	11.467976	4.4767094	15.03789	1.2015395	../../benchmark_data/class-i/pdb/8dnt_pmhc_tcr.pdb	../pred_pdb/intellifold2/pmhc_tcr/classI/classI_v2_no_msa/ranked_2/8dnt_pmhc_tcr.pdb	after	ranked_2
153	8en8	0.011	0.0	20.053	51.273	82.79545454545456	51.5	68.38142857142859	77.93727272727273	88.54583333333333	56.574	62.27413793103448	65.22742718446602	47.917722222222224	38.291111111111114	47.45931216931218	80.28650224215247	0.38087016	1.9350855	2.913995	0.2707305	0.36893675	2.934119	3.589089	19.096846	12.424712	3.476803	12.549516	1.9534724	../../benchmark_data/class-i/pdb/8en8_pmhc_tcr.pdb	../pred_pdb/intellifold2/pmhc_tcr/classI/classI_v2_no_msa/ranked_2/8en8_pmhc_tcr.pdb	after	ranked_2
154	8enh	0.008	0.0	22.024	60.434	89.68272727272728	88.271	76.27214285714285	83.35545454545455	90.62333333333333	67.23400000000001	71.59724137931035	63.07231143552312	37.1508938547486	21.691111111111113	36.410797872340424	85.54928251121075	0.540356	0.15974209	2.4823823	0.26713127	0.35982198	2.1561494	2.7806163	22.384308	16.561153	2.0965734	16.61899	1.7843152	../../benchmark_data/class-i/pdb/8enh_pmhc_tcr.pdb	../pred_pdb/intellifold2/pmhc_tcr/classI/classI_v2_no_msa/ranked_2/8enh_pmhc_tcr.pdb	after	ranked_2
155	8eo8	0.012	0.0	19.624	48.069	83.22454545454546	81.478	61.24857142857143	84.07727272727273	90.93833333333333	72.05	66.8355172413793	62.47231143552312	38.46312849162011	28.986666666666665	38.009468085106384	83.09569506726457	0.48795053	0.17654397	2.7077475	0.48496243	0.25956616	1.8347182	7.210237	22.13533	17.28987	2.2621675	18.203909	12.903109	../../benchmark_data/class-i/pdb/8eo8_pmhc_tcr.pdb	../pred_pdb/intellifold2/pmhc_tcr/classI/classI_v2_no_msa/ranked_2/8eo8_pmhc_tcr.pdb	after	ranked_2
156	8f5a	0.011	0.0	16.302	55.143	86.54818181818182	90.769	67.26533333333333	86.238	76.094	75.615	70.9762962962963	69.80163814180929	55.38486187845304	49.645	55.084345549738224	82.69614678899083	0.36096245	2.178757	2.6383505	0.86059046	2.8771577	1.3841465	9.436765	17.14629	12.272518	4.3267794	13.359339	15.560852	../../benchmark_data/class-i/pdb/8f5a_pmhc_tcr.pdb	../pred_pdb/intellifold2/pmhc_tcr/classI/classI_v2_no_msa/ranked_2/8f5a_pmhc_tcr.pdb	after	ranked_2
157	8gom	0.045	0.013	14.189	24.03	77.26666666666667	57.583333333333336	68.24272727272728	71.94699999999999	84.6709090909091	58.852666666666664	62.82538461538461	58.79546341463414	35.331049723756905	26.934444444444445	34.93331578947368	79.40368181818181	0.60888714	3.7386885	1.3413489	0.5726153	0.29594085	1.667304	14.956759	20.168285	17.377728	2.1514542	17.17159	11.744049	../../benchmark_data/class-i/pdb/8gom_pmhc_tcr.pdb	../pred_pdb/intellifold2/pmhc_tcr/classI/classI_v2_no_msa/ranked_2/8gom_pmhc_tcr.pdb	after	ranked_2
158	8gon	0.029	0.029	18.043	35.965	78.35583333333334	57.370000000000005	70.56181818181817	74.23100000000001	84.92545454545456	57.69266666666667	63.13730769230769	59.32412195121951	39.101546961325965	26.029999999999998	38.48236842105263	77.32381818181818	0.7663855	3.9764185	1.300499	0.27971587	0.19731908	2.0922399	10.388813	23.790848	18.909658	2.1162043	18.872105	12.8741665	../../benchmark_data/class-i/pdb/8gon_pmhc_tcr.pdb	../pred_pdb/intellifold2/pmhc_tcr/classI/classI_v2_no_msa/ranked_2/8gon_pmhc_tcr.pdb	after	ranked_2
159	8gvb	0.037	0.045	16.827	34.251	75.21272727272726	81.71636363636364	71.70857142857143	76.05699999999999	83.69636363636363	72.78666666666666	72.26620689655172	63.295878048780494	38.85161111111112	24.89875	38.257872340425536	84.49923423423424	1.940898	0.8393604	1.9964815	1.8724791	0.64807683	0.9644113	1.9151266	22.333609	17.153713	2.3948019	17.018381	1.3243563	../../benchmark_data/class-i/pdb/8gvb_pmhc_tcr.pdb	../pred_pdb/intellifold2/pmhc_tcr/classI/classI_v2_no_msa/ranked_2/8gvb_pmhc_tcr.pdb	after	ranked_2
160	8gvg	0.056	0.045	13.896	23.96	78.41636363636363	86.62363636363636	76.93642857142856	82.731	87.49636363636363	76.62533333333334	76.7755172413793	63.97610705596107	40.16657458563536	23.353749999999998	39.45492063492063	84.85225225225224	1.5057936	0.88948417	2.4497023	1.9465802	0.6716956	1.0676605	2.7504246	17.744339	12.232821	2.0743737	12.428643	1.8637934	../../benchmark_data/class-i/pdb/8gvg_pmhc_tcr.pdb	../pred_pdb/intellifold2/pmhc_tcr/classI/classI_v2_no_msa/ranked_2/8gvg_pmhc_tcr.pdb	after	ranked_2
161	8gvi	0.042	0.0	14.141	23.595	78.86818181818181	90.08727272727272	74.28285714285714	82.57500000000002	84.79545454545455	67.73733333333332	70.89724137931036	66.20343065693432	47.773480662983424	20.9175	46.63671957671958	82.86157657657657	1.5009227	0.8604885	1.596804	0.71188956	0.46081883	3.9020102	9.550739	15.733556	16.565351	3.0878959	16.414896	7.7511096	../../benchmark_data/class-i/pdb/8gvi_pmhc_tcr.pdb	../pred_pdb/intellifold2/pmhc_tcr/classI/classI_v2_no_msa/ranked_2/8gvi_pmhc_tcr.pdb	after	ranked_2
162	8i5c	0.046	0.032	14.627	25.962	87.82181818181819	85.22333333333334	80.505	78.97	67.39699999999999	73.79769230769232	77.0172	62.54074074074074	36.44447513812154	23.374444444444443	35.82536842105263	86.14967441860463	0.25893742	0.35792324	0.24813738	0.37019056	2.3822155	1.3881054	1.1628551	15.644486	12.528925	1.6888219	13.286424	2.2074664	../../benchmark_data/class-i/pdb/8i5c_pmhc_tcr.pdb	../pred_pdb/intellifold2/pmhc_tcr/classI/classI_v2_no_msa/ranked_2/8i5c_pmhc_tcr.pdb	after	ranked_2
163	8i5d	0.012	0.0	17.689	48.586	63.27499999999999	67.81	52.635833333333345	85.53899999999999	91.99727272727272	74.36399999999999	64.70703703703704	58.512029702970295	38.47734806629834	22.985555555555557	37.743526315789474	76.95135514018692	0.58715355	1.4886578	1.9059701	0.46966815	0.28692093	1.2445973	9.245323	20.224163	18.6291	1.9002416	18.761711	13.884934	../../benchmark_data/class-i/pdb/8i5d_pmhc_tcr.pdb	../pred_pdb/intellifold2/pmhc_tcr/classI/classI_v2_no_msa/ranked_2/8i5d_pmhc_tcr.pdb	after	ranked_2
164	8qfy	0.016	0.016	17.496	54.572	84.30909090909091	80.87888888888888	70.96000000000002	78.752	82.95818181818183	68.14583333333333	69.55291666666666	67.34827160493828	50.03198895027625	40.67111111111112	49.58857894736841	83.04288372093023	0.5884	0.21829417	0.38523588	2.1146934	0.24097463	1.4789121	13.1825075	20.456192	7.7534504	2.0639195	10.149098	16.338484	../../benchmark_data/class-i/pdb/8qfy_pmhc_tcr.pdb	../pred_pdb/intellifold2/pmhc_tcr/classI/classI_v2_no_msa/ranked_2/8qfy_pmhc_tcr.pdb	after	ranked_2
165	8shi	0.031	0.021	16.699	32.745	54.68799999999999	52.57899999999999	41.14588235294117	63.423	45.489999999999995	58.17714285714287	48.837419354838715	52.1583910891089	43.535111111111114	20.8975	42.5718085106383	60.50226851851853	0.46028063	1.9839059	3.8586853	1.2604223	4.57144	1.3564737	7.6905475	18.779064	11.109871	2.153446	12.49744	16.17519	../../benchmark_data/class-i/pdb/8shi_pmhc_tcr.pdb	../pred_pdb/intellifold2/pmhc_tcr/classI/classI_v2_no_msa/ranked_2/8shi_pmhc_tcr.pdb	after	ranked_2
166	8wte	0.028	0.046	17.788	47.701	80.7090909090909	79.51666666666668	62.42230769230768	82.876	68.314	72.32374999999999	67.8851724137931	61.8896577017115	38.83944751381216	56.93777777777778	39.69673684210527	81.14378995433789	0.37277412	0.3502967	1.356929	1.4589968	0.23143557	2.8722427	11.020177	24.752453	17.529804	2.1290348	18.194353	13.356168	../../benchmark_data/class-i/pdb/8wte_pmhc_tcr.pdb	../pred_pdb/intellifold2/pmhc_tcr/classI/classI_v2_no_msa/ranked_2/8wte_pmhc_tcr.pdb	after	ranked_2
167	8wul	0.02	0.033	18.797	59.191	81.56090909090908	80.73666666666666	62.59384615384616	82.229	66.717	65.68187499999999	64.29758620689655	62.385354523227385	42.23629834254144	30.904444444444444	41.69952631578947	80.33196347031964	0.5673963	0.3288587	1.3958737	1.3680809	0.30700386	2.864733	9.920975	20.428303	15.367645	2.2228506	17.488117	15.62566	../../benchmark_data/class-i/pdb/8wul_pmhc_tcr.pdb	../pred_pdb/intellifold2/pmhc_tcr/classI/classI_v2_no_msa/ranked_2/8wul_pmhc_tcr.pdb	after	ranked_2
168	6zkw	0.024	0.034	15.902	49.896	71.26727272727273	81.828	48.60153846153845	71.14399999999999	73.957	64.5025	57.37448275862069	59.20643031784841	48.87755555555556	29.10777777777778	47.93613756613757	68.88863636363635	0.41517732	0.38800016	2.3658087	0.31350225	0.9701218	7.0238523	12.647906	23.252068	9.197909	1.981937	9.828401	16.547695	../../benchmark_data/class-i/pdb/6zkw_pmhc_tcr.pdb	../pred_pdb/intellifold2/pmhc_tcr/classI/classI_v2_no_msa/ranked_3/6zkw_pmhc_tcr.pdb	after	ranked_3
169	6zkx	0.038	0.043	16.571	32.928	68.92727272727272	81.95899999999999	45.58538461538462	61.05	57.492	54.0825	50.27344827586207	54.57583941605839	48.107709497206706	25.8075	46.70664921465969	61.40772727272728	0.33783484	0.27418357	1.9081935	0.23587511	1.962755	6.9874296	10.999648	21.676546	9.605938	5.6296196	10.920494	11.374298	../../benchmark_data/class-i/pdb/6zkx_pmhc_tcr.pdb	../pred_pdb/intellifold2/pmhc_tcr/classI/classI_v2_no_msa/ranked_3/6zkx_pmhc_tcr.pdb	after	ranked_3
170	6zky	0.046	0.038	17.5	26.632	74.56090909090909	86.08800000000001	52.39615384615384	74.702	58.540000000000006	67.79937500000001	60.89448275862068	60.53024509803921	55.29361111111111	23.89875	53.95765957446809	66.14681818181818	0.43048304	0.36648658	2.4000912	0.33380058	2.1099014	7.0849743	7.4886756	15.010435	14.121064	1.2780478	14.497548	8.488726	../../benchmark_data/class-i/pdb/6zky_pmhc_tcr.pdb	../pred_pdb/intellifold2/pmhc_tcr/classI/classI_v2_no_msa/ranked_3/6zky_pmhc_tcr.pdb	after	ranked_3
171	6zkz	0.015	0.0	18.642	41.69	86.66272727272728	92.966	77.34000000000002	76.136	70.623	70.124375	73.35896551724137	68.35485294117647	58.639833333333335	27.9675	57.334627659574465	77.77213636363636	0.37705764	0.21902345	1.1047944	0.5100563	2.3165822	6.7387676	7.7196946	22.28409	6.0133076	2.464935	6.062729	14.689207	../../benchmark_data/class-i/pdb/6zkz_pmhc_tcr.pdb	../pred_pdb/intellifold2/pmhc_tcr/classI/classI_v2_no_msa/ranked_3/6zkz_pmhc_tcr.pdb	after	ranked_3
172	7dzm	0.01	0.0	17.775	55.96	62.53416666666666	43.915	42.434666666666665	72.691	79.13090909090909	49.07833333333334	45.3874074074074	49.994679802955666	36.680388888888885	22.714444444444446	36.01534391534391	62.17023041474654	1.6283506	4.3091617	3.5311742	0.24134366	0.18883736	0.5093949	6.19816	20.461596	15.604948	4.115835	16.353249	9.20984	../../benchmark_data/class-i/pdb/7dzm_pmhc_tcr.pdb	../pred_pdb/intellifold2/pmhc_tcr/classI/classI_v2_no_msa/ranked_3/7dzm_pmhc_tcr.pdb	after	ranked_3
173	7dzn	0.027	0.048	16.211	52.548	70.41833333333334	44.625	53.102000000000004	73.076	80.74545454545454	49.58499999999999	51.538888888888884	54.36269135802469	42.096424581005586	23.65888888888889	41.213776595744676	65.75437788018432	1.6403474	4.1040397	3.4951336	0.26594174	0.37196335	0.84140694	10.603601	24.206533	17.197819	4.1858826	17.620703	11.842459	../../benchmark_data/class-i/pdb/7dzn_pmhc_tcr.pdb	../pred_pdb/intellifold2/pmhc_tcr/classI/classI_v2_no_msa/ranked_3/7dzn_pmhc_tcr.pdb	after	ranked_3
174	7l1d	0.007	0.0	26.78	60.876	84.10545454545455	92.29222222222222	72.87384615384615	91.878	91.33899999999998	65.11947368421052	68.26968749999999	69.56757946210269	50.24044198895028	34.621111111111105	49.50057894736842	86.97730593607305	0.57988197	0.2904153	2.1264977	0.28782317	0.23459664	4.47312	5.3585567	24.62261	13.031925	1.8965565	16.918066	3.1342223	../../benchmark_data/class-i/pdb/7l1d_pmhc_tcr.pdb	../pred_pdb/intellifold2/pmhc_tcr/classI/classI_v2_no_msa/ranked_3/7l1d_pmhc_tcr.pdb	after	ranked_3
175	7n2n	0.032	0.0	21.929	27.049	83.67	81.322	65.04235294117646	73.48999999999998	40.29799999999999	65.044	65.04312499999999	54.84384987893463	34.56961325966851	23.439999999999998	34.04242105263158	72.56704035874439	0.19402368	0.3614644	1.443671	0.4559422	3.8558543	1.9350976	17.273046	21.250278	16.89083	2.1682804	16.820757	16.931871	../../benchmark_data/class-i/pdb/7n2n_pmhc_tcr.pdb	../pred_pdb/intellifold2/pmhc_tcr/classI/classI_v2_no_msa/ranked_3/7n2n_pmhc_tcr.pdb	after	ranked_3
176	7n2o	0.044	0.034	18.274	26.734	81.63545454545455	82.138	60.917647058823526	51.605000000000004	50.419	59.07133333333333	60.0521875	57.26406779661016	40.28596685082873	46.44222222222223	40.57757894736842	71.48125560538116	0.17455481	0.35880423	1.5730315	2.9583123	4.5482373	8.27647	8.178665	19.285656	18.567677	1.829712	18.576056	11.426479	../../benchmark_data/class-i/pdb/7n2o_pmhc_tcr.pdb	../pred_pdb/intellifold2/pmhc_tcr/classI/classI_v2_no_msa/ranked_3/7n2o_pmhc_tcr.pdb	after	ranked_3
177	7n2p	0.083	0.048	9.379	18.313	81.80454545454546	84.381	74.5509090909091	88.596	85.995	75.17000000000002	74.90807692307692	62.01542997542998	35.50309392265193	24.906666666666666	35.00115789473684	85.6684792626728	0.23075293	0.36048493	0.60089827	0.18101719	0.11667579	0.63634866	0.82862216	11.931329	15.819195	2.1607807	15.856882	0.70564026	../../benchmark_data/class-i/pdb/7n2p_pmhc_tcr.pdb	../pred_pdb/intellifold2/pmhc_tcr/classI/classI_v2_no_msa/ranked_3/7n2p_pmhc_tcr.pdb	after	ranked_3
178	7n2q	0.068	0.085	13.198	24.749	80.89181818181818	81.498	73.73636363636363	85.79400000000001	82.213	70.38666666666667	71.80384615384614	64.96702702702703	40.372596685082875	42.37333333333333	40.46736842105263	86.4183410138249	0.1433631	0.45260432	0.66323817	0.20449382	0.2026477	1.0087355	1.0562702	15.162331	16.40226	2.0467966	16.443775	0.7552865	../../benchmark_data/class-i/pdb/7n2q_pmhc_tcr.pdb	../pred_pdb/intellifold2/pmhc_tcr/classI/classI_v2_no_msa/ranked_3/7n2q_pmhc_tcr.pdb	after	ranked_3
179	7n2r	0.01	0.0	18.154	54.525	81.21454545454546	87.285	68.7309090909091	91.028	90.30199999999999	70.50133333333333	69.7523076923077	62.388009828009835	37.839834254143646	30.15555555555555	37.475842105263155	84.20050691244239	0.17514637	0.39045706	0.6186643	0.17462331	0.2077115	0.7353397	7.129369	18.495665	14.525832	1.7578162	14.604538	14.80956	../../benchmark_data/class-i/pdb/7n2r_pmhc_tcr.pdb	../pred_pdb/intellifold2/pmhc_tcr/classI/classI_v2_no_msa/ranked_3/7n2r_pmhc_tcr.pdb	after	ranked_3
180	7n2s	0.035	0.0	15.243	26.225	34.85	28.818	38.2375	54.315	51.029	66.78533333333334	52.05096774193548	43.46342233009709	36.19325966850828	22.47222222222222	35.54331578947369	50.241891891891896	2.592787	4.4154153	7.1003156	2.5954492	4.9950113	8.272548	10.780269	21.054129	16.16056	2.1384454	17.070148	13.238611	../../benchmark_data/class-i/pdb/7n2s_pmhc_tcr.pdb	../pred_pdb/intellifold2/pmhc_tcr/classI/classI_v2_no_msa/ranked_3/7n2s_pmhc_tcr.pdb	after	ranked_3
181	7n4k	0.056	0.036	14.235	22.914	65.89583333333333	28.67875	56.843846153846165	47.63700000000001	36.897	49.52727272727273	53.49041666666667	53.31629999999999	47.94858757062148	31.503999999999998	47.06919786096257	58.800845070422525	1.3451703	2.7748103	0.9205544	2.1089647	6.172744	0.9226457	3.3831491	16.250063	17.358862	3.9901311	17.990704	10.910112	../../benchmark_data/class-i/pdb/7n4k_pmhc_tcr.pdb	../pred_pdb/intellifold2/pmhc_tcr/classI/classI_v2_no_msa/ranked_3/7n4k_pmhc_tcr.pdb	after	ranked_3
182	7n5c	0.049	0.105	19.126	43.97	50.296666666666674	31.42375	47.137692307692305	53.599000000000004	45.059999999999995	52.529999999999994	49.60916666666666	44.94787128712872	37.23110497237569	27.657	36.72984293193717	52.31708920187794	1.9907084	3.5115087	5.173794	2.426847	4.6853523	0.8886025	5.473074	21.156761	16.724768	3.0705042	18.280123	13.257927	../../benchmark_data/class-i/pdb/7n5c_pmhc_tcr.pdb	../pred_pdb/intellifold2/pmhc_tcr/classI/classI_v2_no_msa/ranked_3/7n5c_pmhc_tcr.pdb	after	ranked_3
183	7n5p	0.021	0.017	15.438	43.395	65.835	36.92625	58.83461538461539	51.529999999999994	45.90599999999999	50.11272727272728	54.83708333333334	49.9077694235589	37.67835227272727	28.327999999999996	37.175645161290326	61.025962441314554	1.3971125	3.9597178	1.3489761	1.5023097	3.860417	0.745387	2.683976	18.557228	15.95832	3.282934	16.098291	11.77273	../../benchmark_data/class-i/pdb/7n5p_pmhc_tcr.pdb	../pred_pdb/intellifold2/pmhc_tcr/classI/classI_v2_no_msa/ranked_3/7n5p_pmhc_tcr.pdb	after	ranked_3
184	7na5	0.046	0.041	15.498	27.162	79.19272727272727	82.87444444444444	75.19545454545454	65.896	45.982	77.29666666666667	76.40769230769232	56.47180246913581	38.21955555555556	44.78999999999999	38.532433862433855	72.16875000000002	0.7540952	0.7222419	0.63629293	1.4876684	8.470188	0.91063046	0.99908245	18.401587	18.73173	2.2638793	19.571804	7.731489	../../benchmark_data/class-i/pdb/7na5_pmhc_tcr.pdb	../pred_pdb/intellifold2/pmhc_tcr/classI/classI_v2_no_msa/ranked_3/7na5_pmhc_tcr.pdb	after	ranked_3
185	7ndq	0.028	0.0	16.322	29.433	80.41916666666668	86.65375	53.58266666666667	63.301	83.84545454545453	48.62615384615385	51.28142857142857	75.45078431372549	81.70839779005526	28.489999999999995	79.18752631578948	72.19399082568808	0.6784699	0.94708264	4.4701867	1.6656893	0.3713509	4.178044	5.3101187	18.258383	2.6889334	2.8215885	3.9441903	6.888097	../../benchmark_data/class-i/pdb/7ndq_pmhc_tcr.pdb	../pred_pdb/intellifold2/pmhc_tcr/classI/classI_v2_no_msa/ranked_3/7ndq_pmhc_tcr.pdb	after	ranked_3
186	7ndt	0.03	0.049	17.171	45.291	77.34416666666667	43.20125	78.78857142857143	88.29100000000001	93.2218181818182	78.61	78.70615384615385	70.51658415841585	58.35755555555556	26.265	56.99191489361702	82.28805555555556	1.3557276	4.3896494	1.8000296	0.18378074	0.2277928	0.8201252	1.5508562	20.198376	5.9609575	2.187599	7.747198	3.7833722	../../benchmark_data/class-i/pdb/7ndt_pmhc_tcr.pdb	../pred_pdb/intellifold2/pmhc_tcr/classI/classI_v2_no_msa/ranked_3/7ndt_pmhc_tcr.pdb	after	ranked_3
187	7ndu	0.022	0.0	15.291	34.83	75.87666666666668	78.4725	44.575999999999986	68.955	84.73454545454545	43.535384615384615	44.09285714285715	61.875847665847665	54.46729281767956	32.35625	53.53137566137566	69.1102752293578	0.70183784	0.8988333	3.876492	1.3790073	0.37661013	2.3710032	9.973023	25.51032	6.3634963	2.1680593	6.964777	16.38324	../../benchmark_data/class-i/pdb/7ndu_pmhc_tcr.pdb	../pred_pdb/intellifold2/pmhc_tcr/classI/classI_v2_no_msa/ranked_3/7ndu_pmhc_tcr.pdb	after	ranked_3
188	7nme	0.042	0.04	16.273	29.321	39.95545454545454	40.384	37.14461538461539	40.776999999999994	38.14818181818182	34.777272727272724	36.05958333333333	39.79849382716049	37.57232044198895	23.256666666666668	36.89421052631579	42.36506976744186	2.9700546	3.756266	1.2291731	1.7906832	5.308598	3.969198	7.5070157	16.994019	15.477654	3.8661058	15.222974	13.147861	../../benchmark_data/class-i/pdb/7nme_pmhc_tcr.pdb	../pred_pdb/intellifold2/pmhc_tcr/classI/classI_v2_no_msa/ranked_3/7nme_pmhc_tcr.pdb	after	ranked_3
189	7nmf	0.042	0.042	16.082	29.556	39.95545454545454	40.384	37.14461538461539	40.776999999999994	38.14818181818182	34.777272727272724	36.05958333333333	39.79849382716049	37.57232044198895	23.256666666666668	36.89421052631579	42.36506976744186	2.952198	3.7536228	1.1841509	1.780621	5.328228	3.963046	7.5151153	16.999823	15.458825	3.8781638	15.206918	13.142003	../../benchmark_data/class-i/pdb/7nmf_pmhc_tcr.pdb	../pred_pdb/intellifold2/pmhc_tcr/classI/classI_v2_no_msa/ranked_3/7nmf_pmhc_tcr.pdb	after	ranked_3
190	7nmg	0.027	0.014	21.601	32.594	44.71454545454546	44.366	42.67230769230769	46.239999999999995	39.10999999999999	42.58454545454546	42.632083333333334	42.8255061728395	37.53298342541437	23.37333333333333	36.86226315789474	48.0953488372093	2.863944	3.9256008	1.3552392	1.6866207	4.303699	2.7873964	11.6363325	20.486374	18.338593	2.2305017	19.881851	12.142614	../../benchmark_data/class-i/pdb/7nmg_pmhc_tcr.pdb	../pred_pdb/intellifold2/pmhc_tcr/classI/classI_v2_no_msa/ranked_3/7nmg_pmhc_tcr.pdb	after	ranked_3
191	7ow5	0.025	0.0	14.2	32.341	51.81583333333333	54.67181818181818	56.540625	78.56800000000001	69.941	68.691875	62.61625	55.6438313253012	38.31166666666667	25.824	37.65442105263158	70.83488888888888	1.9770517	1.2814804	1.074508	0.25174662	2.1960683	2.6150684	11.673441	22.666193	14.133927	2.178783	14.609497	16.563713	../../benchmark_data/class-i/pdb/7ow5_pmhc_tcr.pdb	../pred_pdb/intellifold2/pmhc_tcr/classI/classI_v2_no_msa/ranked_3/7ow5_pmhc_tcr.pdb	after	ranked_3
192	7ow6	0.045	0.046	16.29	29.008	52.873333333333335	53.47090909090909	58.665	86.56799999999998	71.22399999999999	73.459375	66.0621875	56.880312499999995	38.37558011049724	63.11199999999999	39.67068062827225	71.48937777777778	2.1468685	1.3480188	1.3868512	0.20804869	1.4131734	2.6888783	10.562817	21.043812	15.736934	2.901189	17.904848	15.60134	../../benchmark_data/class-i/pdb/7ow6_pmhc_tcr.pdb	../pred_pdb/intellifold2/pmhc_tcr/classI/classI_v2_no_msa/ranked_3/7ow6_pmhc_tcr.pdb	after	ranked_3
193	7pb2	0.019	0.016	17.269	46.061	48.69583333333333	38.833636363636366	43.164375	46.643	43.267	43.789375	43.47687500000001	42.18392771084338	38.61438888888889	23.564	37.82226315789473	45.86711111111111	0.59650856	2.053674	1.4348329	1.7804087	2.7074242	2.72889	5.8822246	17.901104	12.4088745	6.296447	13.026181	8.445471	../../benchmark_data/class-i/pdb/7pb2_pmhc_tcr.pdb	../pred_pdb/intellifold2/pmhc_tcr/classI/classI_v2_no_msa/ranked_3/7pb2_pmhc_tcr.pdb	after	ranked_3
194	7pbe	0.03	0.0	17.781	28.039	85.5490909090909	82.74625	69.37416666666667	88.088	78.78090909090909	75.94153846153847	72.7892	61.03286419753087	36.1307182320442	24.27888888888889	35.569315789473684	83.53553488372093	0.46372885	1.4652914	2.5666077	0.47224888	0.29026678	0.56928307	7.448318	19.278826	14.823666	2.207156	15.551	15.624342	../../benchmark_data/class-i/pdb/7pbe_pmhc_tcr.pdb	../pred_pdb/intellifold2/pmhc_tcr/classI/classI_v2_no_msa/ranked_3/7pbe_pmhc_tcr.pdb	after	ranked_3
195	7phr	0.014	0.012	19.235	53.32	89.65400000000001	94.17300000000002	78.52181818181818	80.46900000000001	77.522	50.383076923076935	63.28000000000001	58.886825	35.597348066298345	21.81888888888889	34.944684210526326	80.54876190476189	0.24068776	0.33266762	1.5440878	0.34959012	0.37325096	7.3312163	10.54714	20.387745	13.290635	2.3236423	13.905631	14.932518	../../benchmark_data/class-i/pdb/7phr_pmhc_tcr.pdb	../pred_pdb/intellifold2/pmhc_tcr/classI/classI_v2_no_msa/ranked_3/7phr_pmhc_tcr.pdb	after	ranked_3
196	7q99	0.049	0.027	15.928	23.916	86.93363636363637	79.85222222222222	82.21727272727273	80.45363636363638	83.89333333333335	72.01199999999999	76.32961538461538	62.16481572481572	35.93690607734806	22.456000000000003	35.231099476439795	85.98120370370371	0.48954237	0.28866535	0.44447032	0.4132898	1.6224087	1.5733691	1.451827	13.799403	16.425753	4.362218	16.91561	1.2657496	../../benchmark_data/class-i/pdb/7q99_pmhc_tcr.pdb	../pred_pdb/intellifold2/pmhc_tcr/classI/classI_v2_no_msa/ranked_3/7q99_pmhc_tcr.pdb	after	ranked_3
197	7q9a	0.023	0.0	16.801	33.019	86.02909090909091	80.66000000000001	85.43454545454546	82.97818181818182	85.19555555555557	74.55333333333333	79.15692307692308	64.80592137592139	38.14756906077348	34.672000000000004	37.965602094240836	88.53972222222222	0.27089858	0.2439622	1.1466205	0.32045853	1.5624604	1.3166751	1.573292	19.913036	15.8597765	3.0395253	16.66566	1.5403996	../../benchmark_data/class-i/pdb/7q9a_pmhc_tcr.pdb	../pred_pdb/intellifold2/pmhc_tcr/classI/classI_v2_no_msa/ranked_3/7q9a_pmhc_tcr.pdb	after	ranked_3
198	7q9b	0.076	0.025	15.412	17.4	72.61	79.71777777777778	54.79375	52.81300000000001	44.37	46.670625	49.37833333333333	49.693827160493825	34.85331491712707	31.319	34.6682722513089	63.104485981308414	0.55438864	0.24222985	6.5122414	2.2034888	1.0057628	7.1900373	8.243839	23.157843	11.077874	2.884709	11.971689	16.670885	../../benchmark_data/class-i/pdb/7q9b_pmhc_tcr.pdb	../pred_pdb/intellifold2/pmhc_tcr/classI/classI_v2_no_msa/ranked_3/7q9b_pmhc_tcr.pdb	after	ranked_3
199	7qpj	0.077	0.101	10.348	24.182	85.05090909090909	79.86555555555556	74.85538461538462	75.631	60.033	77.41727272727272	76.02958333333333	62.68225806451614	36.51183333333334	24.855555555555558	35.956772486772486	86.28560747663552	0.29467073	0.29341525	0.54159534	1.4763352	2.5329514	0.43104652	1.0366449	14.439215	14.7215605	2.4202504	15.665715	2.04252	../../benchmark_data/class-i/pdb/7qpj_pmhc_tcr.pdb	../pred_pdb/intellifold2/pmhc_tcr/classI/classI_v2_no_msa/ranked_3/7qpj_pmhc_tcr.pdb	after	ranked_3
200	7r80	0.059	0.048	13.677	23.313	71.12636363636364	82.32300000000001	81.68153846153845	76.73100000000001	70.355	78.40866666666668	79.92821428571426	63.992665036674815	39.33646408839779	30.29222222222222	38.908052631578954	85.7555707762557	1.7618237	0.47324547	0.36944374	0.6170497	0.9198544	2.4013183	2.458652	15.730259	14.665416	1.7415899	18.389282	1.7201179	../../benchmark_data/class-i/pdb/7r80_pmhc_tcr.pdb	../pred_pdb/intellifold2/pmhc_tcr/classI/classI_v2_no_msa/ranked_3/7r80_pmhc_tcr.pdb	after	ranked_3
201	7rk7	0.019	0.0	15.554	37.682	61.89666666666667	73.99125000000001	44.614375	77.896	54.69	42.4685	43.42222222222222	57.936457831325306	45.451712707182324	40.44222222222222	45.21442105263158	68.67951111111111	0.36959407	0.844368	2.5694344	0.24224885	3.5824172	8.307055	8.796573	17.126682	12.25145	2.6792302	14.35755	13.293314	../../benchmark_data/class-i/pdb/7rk7_pmhc_tcr.pdb	../pred_pdb/intellifold2/pmhc_tcr/classI/classI_v2_no_msa/ranked_3/7rk7_pmhc_tcr.pdb	after	ranked_3
202	7rm4	0.022	0.0	17.864	34.407	85.48818181818183	87.18099999999998	75.47666666666667	71.4	82.8	69.60533333333333	72.21481481481482	63.74154034229829	38.53198895027625	30.489999999999995	38.15105263157895	85.94333333333333	0.5828388	0.66709	0.7107472	1.7960739	2.0040395	1.7040278	1.8785237	18.392315	17.09963	2.0791843	17.013418	1.6037604	../../benchmark_data/class-i/pdb/7rm4_pmhc_tcr.pdb	../pred_pdb/intellifold2/pmhc_tcr/classI/classI_v2_no_msa/ranked_3/7rm4_pmhc_tcr.pdb	after	ranked_3
203	7rrg	0.031	0.048	18.139	42.152	68.94583333333333	72.64625	41.798	66.10900000000001	83.60545454545455	46.21071428571429	43.92827586206896	55.079926650366744	38.80657458563536	22.198888888888888	38.01989473684211	69.88086757990868	0.4606474	0.70359725	3.7037115	1.8458163	1.9850423	3.971836	6.836274	18.93539	16.62931	2.8275473	17.909143	12.296648	../../benchmark_data/class-i/pdb/7rrg_pmhc_tcr.pdb	../pred_pdb/intellifold2/pmhc_tcr/classI/classI_v2_no_msa/ranked_3/7rrg_pmhc_tcr.pdb	after	ranked_3
204	7rtr	0.05	0.0	14.23	21.134	79.68363636363637	74.09444444444445	64.89727272727272	71.771	82.70545454545456	51.842727272727274	58.370000000000005	58.29390663390663	34.83187845303867	25.98888888888889	34.413000000000004	79.20345622119817	0.35213938	0.2576691	0.93793434	1.3737109	0.21820886	3.1220722	13.415867	20.918535	17.180565	1.9183762	16.872608	11.632322	../../benchmark_data/class-i/pdb/7rtr_pmhc_tcr.pdb	../pred_pdb/intellifold2/pmhc_tcr/classI/classI_v2_no_msa/ranked_3/7rtr_pmhc_tcr.pdb	after	ranked_3
205	7su9	0.016	0.0	20.075	40.117	74.38083333333334	80.73249999999999	40.940000000000005	70.64500000000001	61.278999999999996	52.49933333333333	46.719666666666654	67.13664215686275	79.3668888888889	74.9022222222222	79.15428571428572	56.76525114155251	0.6204902	0.70191306	5.1653047	0.31509483	2.717178	4.245853	12.492704	22.12208	5.164414	1.8454354	5.0796056	16.91896	../../benchmark_data/class-i/pdb/7su9_pmhc_tcr.pdb	../pred_pdb/intellifold2/pmhc_tcr/classI/classI_v2_no_msa/ranked_3/7su9_pmhc_tcr.pdb	after	ranked_3
206	8cx4	0.01	0.0	17.748	55.519	88.53545454545454	88.90800000000002	77.12411764705882	90.659	90.304	67.71266666666666	72.7125	65.77377723970945	42.91911602209945	46.33888888888889	43.081105263157895	85.10834080717487	0.24950428	0.39268988	0.5573359	0.19613032	0.17187576	0.73844695	8.731082	19.441532	13.712573	1.9709084	13.817975	15.081945	../../benchmark_data/class-i/pdb/8cx4_pmhc_tcr.pdb	../pred_pdb/intellifold2/pmhc_tcr/classI/classI_v2_no_msa/ranked_3/8cx4_pmhc_tcr.pdb	after	ranked_3
207	8d5q	0.11	0.019	15.321	12.953	47.620909090909095	58.21300000000001	38.31125	47.27454545454545	75.46727272727274	46.489333333333335	42.26838709677419	64.02000000000001	72.85505681818182	59.475	72.13569892473119	57.22036036036036	2.759687	2.241116	3.5481715	2.6246085	0.6005571	4.6578274	15.961066	14.830074	6.1137652	3.3591864	8.05048	18.019735	../../benchmark_data/class-i/pdb/8d5q_pmhc_tcr.pdb	../pred_pdb/intellifold2/pmhc_tcr/classI/classI_v2_no_msa/ranked_3/8d5q_pmhc_tcr.pdb	after	ranked_3
208	8dnt	0.044	0.014	15.291	24.281	84.5109090909091	78.91444444444444	76.06416666666667	86.071	85.74454545454546	74.09571428571428	75.00423076923076	63.50277641277641	36.59165745856354	30.074444444444445	36.28294736842105	87.3358064516129	0.52752835	0.38435683	0.67482495	0.46078575	0.70471287	0.79622465	0.9972887	17.633825	14.438445	4.4655523	14.910852	1.2685539	../../benchmark_data/class-i/pdb/8dnt_pmhc_tcr.pdb	../pred_pdb/intellifold2/pmhc_tcr/classI/classI_v2_no_msa/ranked_3/8dnt_pmhc_tcr.pdb	after	ranked_3
209	8en8	0.014	0.0	17.398	45.74	82.79545454545456	51.5	68.38142857142859	77.93727272727273	88.54583333333333	56.574	62.27413793103448	65.22742718446602	47.917722222222224	38.291111111111114	47.45931216931218	80.28650224215247	0.37852946	0.8593481	2.497005	0.48855436	0.35093606	2.9869068	3.454503	17.022291	13.401834	3.8816373	13.449068	1.7699649	../../benchmark_data/class-i/pdb/8en8_pmhc_tcr.pdb	../pred_pdb/intellifold2/pmhc_tcr/classI/classI_v2_no_msa/ranked_3/8en8_pmhc_tcr.pdb	after	ranked_3
210	8enh	0.009	0.0	19.999	56.258	89.68272727272728	88.271	76.27214285714285	83.35545454545455	90.62333333333333	67.23400000000001	71.59724137931035	63.07231143552312	37.1508938547486	21.691111111111113	36.410797872340424	85.54928251121075	0.47101903	0.1521655	2.6784215	0.3817546	0.40391597	2.927658	3.4699378	21.533636	13.247267	2.4096231	13.367201	1.8142391	../../benchmark_data/class-i/pdb/8enh_pmhc_tcr.pdb	../pred_pdb/intellifold2/pmhc_tcr/classI/classI_v2_no_msa/ranked_3/8enh_pmhc_tcr.pdb	after	ranked_3
211	8eo8	0.015	0.0	17.854	42.735	83.22454545454546	81.478	61.24857142857143	84.07727272727273	90.93833333333333	72.05	66.8355172413793	62.47231143552312	38.46312849162011	28.986666666666665	38.009468085106384	83.09569506726457	0.45377493	0.20031703	2.9975755	0.49517122	0.24544354	1.8215747	9.452529	20.743511	14.731086	2.2988865	15.334625	13.972854	../../benchmark_data/class-i/pdb/8eo8_pmhc_tcr.pdb	../pred_pdb/intellifold2/pmhc_tcr/classI/classI_v2_no_msa/ranked_3/8eo8_pmhc_tcr.pdb	after	ranked_3
212	8f5a	0.01	0.0	21.241	52.304	86.54818181818182	90.769	67.26533333333333	86.238	76.094	75.615	70.9762962962963	69.80163814180929	55.38486187845304	49.645	55.084345549738224	82.69614678899083	0.41694102	2.1550357	2.940721	1.023247	2.8781235	1.4344981	9.831127	20.310858	13.476201	4.36784	14.249387	15.709756	../../benchmark_data/class-i/pdb/8f5a_pmhc_tcr.pdb	../pred_pdb/intellifold2/pmhc_tcr/classI/classI_v2_no_msa/ranked_3/8f5a_pmhc_tcr.pdb	after	ranked_3
213	8gom	0.018	0.013	18.69	44.536	77.26666666666667	57.583333333333336	68.24272727272728	71.94699999999999	84.6709090909091	58.852666666666664	62.82538461538461	58.79546341463414	35.331049723756905	26.934444444444445	34.93331578947368	79.40368181818181	0.6114156	3.947918	1.2888901	0.59134686	0.34050286	1.6732638	9.691507	24.978142	19.071144	1.9485058	19.016617	12.709849	../../benchmark_data/class-i/pdb/8gom_pmhc_tcr.pdb	../pred_pdb/intellifold2/pmhc_tcr/classI/classI_v2_no_msa/ranked_3/8gom_pmhc_tcr.pdb	after	ranked_3
214	8gon	0.017	0.014	20.334	47.329	78.35583333333334	57.370000000000005	70.56181818181817	74.23100000000001	84.92545454545456	57.69266666666667	63.13730769230769	59.32412195121951	39.101546961325965	26.029999999999998	38.48236842105263	77.32381818181818	0.6962147	4.0053906	1.2997826	0.14783168	0.18107866	1.9033296	11.335614	23.211197	16.223455	2.430715	16.464846	18.83252	../../benchmark_data/class-i/pdb/8gon_pmhc_tcr.pdb	../pred_pdb/intellifold2/pmhc_tcr/classI/classI_v2_no_msa/ranked_3/8gon_pmhc_tcr.pdb	after	ranked_3
215	8gvb	0.009	0.0	19.353	58.201	75.21272727272726	81.71636363636364	71.70857142857143	76.05699999999999	83.69636363636363	72.78666666666666	72.26620689655172	63.295878048780494	38.85161111111112	24.89875	38.257872340425536	84.49923423423424	1.5108165	0.8506838	1.2881362	1.9252434	0.66363853	2.040056	2.0723412	21.232874	15.808196	2.2944996	15.629161	1.3490875	../../benchmark_data/class-i/pdb/8gvb_pmhc_tcr.pdb	../pred_pdb/intellifold2/pmhc_tcr/classI/classI_v2_no_msa/ranked_3/8gvb_pmhc_tcr.pdb	after	ranked_3
216	8gvg	0.009	0.0	20.514	58.966	78.41636363636363	86.62363636363636	76.93642857142856	82.731	87.49636363636363	76.62533333333334	76.7755172413793	63.97610705596107	40.16657458563536	23.353749999999998	39.45492063492063	84.85225225225224	1.4135312	0.9072553	1.192897	1.9419705	0.6907983	2.243601	2.093265	21.274261	15.122431	2.321932	14.868592	1.3571112	../../benchmark_data/class-i/pdb/8gvg_pmhc_tcr.pdb	../pred_pdb/intellifold2/pmhc_tcr/classI/classI_v2_no_msa/ranked_3/8gvg_pmhc_tcr.pdb	after	ranked_3
217	8gvi	0.023	0.029	18.04	47.221	78.86818181818181	90.08727272727272	74.28285714285714	82.57500000000002	84.79545454545455	67.73733333333332	70.89724137931036	66.20343065693432	47.773480662983424	20.9175	46.63671957671958	82.86157657657657	1.5176076	0.8819427	1.684232	0.7259731	0.46352786	3.715891	9.132008	23.58667	16.192095	3.113326	16.229294	14.144144	../../benchmark_data/class-i/pdb/8gvi_pmhc_tcr.pdb	../pred_pdb/intellifold2/pmhc_tcr/classI/classI_v2_no_msa/ranked_3/8gvi_pmhc_tcr.pdb	after	ranked_3
218	8i5c	0.043	0.048	16.881	30.225	87.82181818181819	85.22333333333334	80.505	78.97	67.39699999999999	73.79769230769232	77.0172	62.54074074074074	36.44447513812154	23.374444444444443	35.82536842105263	86.14967441860463	0.3251536	0.32446203	0.22335842	0.42475286	2.4133906	1.1860735	0.9924594	14.863989	15.603857	2.4325702	15.884688	2.1923342	../../benchmark_data/class-i/pdb/8i5c_pmhc_tcr.pdb	../pred_pdb/intellifold2/pmhc_tcr/classI/classI_v2_no_msa/ranked_3/8i5c_pmhc_tcr.pdb	after	ranked_3
219	8i5d	0.045	0.0	15.995	22.289	63.27499999999999	67.81	52.635833333333345	85.53899999999999	91.99727272727272	74.36399999999999	64.70703703703704	58.512029702970295	38.47734806629834	22.985555555555557	37.743526315789474	76.95135514018692	0.40518552	1.9590759	1.910064	0.4556874	0.22591977	1.1415837	9.078119	19.461714	13.72639	1.966043	15.275795	14.754997	../../benchmark_data/class-i/pdb/8i5d_pmhc_tcr.pdb	../pred_pdb/intellifold2/pmhc_tcr/classI/classI_v2_no_msa/ranked_3/8i5d_pmhc_tcr.pdb	after	ranked_3
220	8qfy	0.03	0.066	20.816	60.373	84.30909090909091	80.87888888888888	70.96000000000002	78.752	82.95818181818183	68.14583333333333	69.55291666666666	67.34827160493828	50.03198895027625	40.67111111111112	49.58857894736841	83.04288372093023	0.4876925	0.28290832	0.4966395	2.1415071	0.24430524	1.4954793	13.388899	18.21853	4.3172007	2.0680273	6.151627	16.165363	../../benchmark_data/class-i/pdb/8qfy_pmhc_tcr.pdb	../pred_pdb/intellifold2/pmhc_tcr/classI/classI_v2_no_msa/ranked_3/8qfy_pmhc_tcr.pdb	after	ranked_3
221	8shi	0.033	0.0	18.185	26.673	54.68799999999999	52.57899999999999	41.14588235294117	63.423	45.489999999999995	58.17714285714287	48.837419354838715	52.1583910891089	43.535111111111114	20.8975	42.5718085106383	60.50226851851853	0.3193862	2.705268	4.040025	1.1855507	1.7211403	1.7391903	8.049718	17.371403	11.425171	1.8596706	11.874861	14.601518	../../benchmark_data/class-i/pdb/8shi_pmhc_tcr.pdb	../pred_pdb/intellifold2/pmhc_tcr/classI/classI_v2_no_msa/ranked_3/8shi_pmhc_tcr.pdb	after	ranked_3
222	8wte	0.056	0.015	16.708	20.619	80.7090909090909	79.51666666666668	62.42230769230768	82.876	68.314	72.32374999999999	67.8851724137931	61.8896577017115	38.83944751381216	56.93777777777778	39.69673684210527	81.14378995433789	0.41109058	0.39200675	1.3083286	1.451941	0.21285413	2.860659	13.361441	14.650052	12.138804	2.17872	12.705536	11.627755	../../benchmark_data/class-i/pdb/8wte_pmhc_tcr.pdb	../pred_pdb/intellifold2/pmhc_tcr/classI/classI_v2_no_msa/ranked_3/8wte_pmhc_tcr.pdb	after	ranked_3
223	8wul	0.025	0.033	21.691	43.611	81.56090909090908	80.73666666666666	62.59384615384616	82.229	66.717	65.68187499999999	64.29758620689655	62.385354523227385	42.23629834254144	30.904444444444444	41.69952631578947	80.33196347031964	0.5688602	0.28229034	1.4838812	1.4476748	0.37608418	2.718654	19.343977	21.489506	11.469368	2.3460906	14.617329	17.740942	../../benchmark_data/class-i/pdb/8wul_pmhc_tcr.pdb	../pred_pdb/intellifold2/pmhc_tcr/classI/classI_v2_no_msa/ranked_3/8wul_pmhc_tcr.pdb	after	ranked_3
224	6zkw	0.041	0.086	13.655	52.409	71.26727272727273	81.828	48.60153846153845	71.14399999999999	73.957	64.5025	57.37448275862069	59.20643031784841	48.87755555555556	29.10777777777778	47.93613756613757	68.88863636363635	0.4415145	0.32615504	2.213315	0.3783778	1.0185926	7.0288196	11.606713	20.814413	6.6185713	2.431621	7.7921963	16.434608	../../benchmark_data/class-i/pdb/6zkw_pmhc_tcr.pdb	../pred_pdb/intellifold2/pmhc_tcr/classI/classI_v2_no_msa/ranked_4/6zkw_pmhc_tcr.pdb	after	ranked_4
225	6zkx	0.024	0.029	19.16	42.671	68.92727272727272	81.95899999999999	45.58538461538462	61.05	57.492	54.0825	50.27344827586207	54.57583941605839	48.107709497206706	25.8075	46.70664921465969	61.40772727272728	0.34078988	0.30145004	2.242139	0.36494744	2.2483413	6.991591	10.776814	20.723118	7.725496	2.9232826	8.5549965	14.4246645	../../benchmark_data/class-i/pdb/6zkx_pmhc_tcr.pdb	../pred_pdb/intellifold2/pmhc_tcr/classI/classI_v2_no_msa/ranked_4/6zkx_pmhc_tcr.pdb	after	ranked_4
226	6zky	0.027	0.019	15.65	36.245	74.56090909090909	86.08800000000001	52.39615384615384	74.702	58.540000000000006	67.79937500000001	60.89448275862068	60.53024509803921	55.29361111111111	23.89875	53.95765957446809	66.14681818181818	0.4407943	0.38438424	2.8503387	0.27614984	1.2830548	7.2282014	7.3294015	16.829908	12.796451	1.6164354	13.03448	15.617448	../../benchmark_data/class-i/pdb/6zky_pmhc_tcr.pdb	../pred_pdb/intellifold2/pmhc_tcr/classI/classI_v2_no_msa/ranked_4/6zky_pmhc_tcr.pdb	after	ranked_4
227	6zkz	0.013	0.0	16.93	46.54	86.66272727272728	92.966	77.34000000000002	76.136	70.623	70.124375	73.35896551724137	68.35485294117647	58.639833333333335	27.9675	57.334627659574465	77.77213636363636	0.3822451	0.20713353	1.0929286	0.6261658	2.293805	6.882336	7.811314	23.009266	9.172196	1.3336277	9.258071	14.306154	../../benchmark_data/class-i/pdb/6zkz_pmhc_tcr.pdb	../pred_pdb/intellifold2/pmhc_tcr/classI/classI_v2_no_msa/ranked_4/6zkz_pmhc_tcr.pdb	after	ranked_4
228	7dzm	0.031	0.023	17.707	32.524	62.53416666666666	43.915	42.434666666666665	72.691	79.13090909090909	49.07833333333334	45.3874074074074	49.994679802955666	36.680388888888885	22.714444444444446	36.01534391534391	62.17023041474654	1.6931981	4.173417	3.5888574	0.3710171	0.17972557	0.90786636	7.993298	20.463652	18.588892	4.0971785	18.437574	13.326786	../../benchmark_data/class-i/pdb/7dzm_pmhc_tcr.pdb	../pred_pdb/intellifold2/pmhc_tcr/classI/classI_v2_no_msa/ranked_4/7dzm_pmhc_tcr.pdb	after	ranked_4
229	7dzn	0.01	0.0	18.049	54.016	70.41833333333334	44.625	53.102000000000004	73.076	80.74545454545454	49.58499999999999	51.538888888888884	54.36269135802469	42.096424581005586	23.65888888888889	41.213776595744676	65.75437788018432	1.704357	4.4022636	3.282946	0.26773924	0.29774132	1.8687102	8.930586	25.05024	16.938404	4.2887197	18.113531	11.852465	../../benchmark_data/class-i/pdb/7dzn_pmhc_tcr.pdb	../pred_pdb/intellifold2/pmhc_tcr/classI/classI_v2_no_msa/ranked_4/7dzn_pmhc_tcr.pdb	after	ranked_4
230	7l1d	0.016	0.027	22.048	64.264	84.10545454545455	92.29222222222222	72.87384615384615	91.878	91.33899999999998	65.11947368421052	68.26968749999999	69.56757946210269	50.24044198895028	34.621111111111105	49.50057894736842	86.97730593607305	0.5199195	0.2958415	1.8824452	0.2539679	0.2224329	3.349777	5.600325	24.192059	13.214768	5.2659745	16.278004	3.2814825	../../benchmark_data/class-i/pdb/7l1d_pmhc_tcr.pdb	../pred_pdb/intellifold2/pmhc_tcr/classI/classI_v2_no_msa/ranked_4/7l1d_pmhc_tcr.pdb	after	ranked_4
231	7n2n	0.037	0.07	21.316	44.485	83.67	81.322	65.04235294117646	73.48999999999998	40.29799999999999	65.044	65.04312499999999	54.84384987893463	34.56961325966851	23.439999999999998	34.04242105263158	72.56704035874439	0.22553258	0.36607927	1.3469698	0.46827483	3.907225	1.9468579	11.691795	23.992079	13.4284315	1.5223323	13.527235	14.060127	../../benchmark_data/class-i/pdb/7n2n_pmhc_tcr.pdb	../pred_pdb/intellifold2/pmhc_tcr/classI/classI_v2_no_msa/ranked_4/7n2n_pmhc_tcr.pdb	after	ranked_4
232	7n2o	0.044	0.017	15.046	24.852	81.63545454545455	82.138	60.917647058823526	51.605000000000004	50.419	59.07133333333333	60.0521875	57.26406779661016	40.28596685082873	46.44222222222223	40.57757894736842	71.48125560538116	0.16964677	0.32605314	1.3479657	1.684779	4.3222895	8.170148	11.274902	18.853712	15.662255	1.7861705	15.918054	12.309245	../../benchmark_data/class-i/pdb/7n2o_pmhc_tcr.pdb	../pred_pdb/intellifold2/pmhc_tcr/classI/classI_v2_no_msa/ranked_4/7n2o_pmhc_tcr.pdb	after	ranked_4
233	7n2p	0.007	0.0	22.847	66.743	81.80454545454546	84.381	74.5509090909091	88.596	85.995	75.17000000000002	74.90807692307692	62.01542997542998	35.50309392265193	24.906666666666666	35.00115789473684	85.6684792626728	0.21380396	0.35058957	0.554703	0.22961825	0.21565156	1.4696939	1.3456626	22.033651	15.086658	1.93693	15.140962	1.0108161	../../benchmark_data/class-i/pdb/7n2p_pmhc_tcr.pdb	../pred_pdb/intellifold2/pmhc_tcr/classI/classI_v2_no_msa/ranked_4/7n2p_pmhc_tcr.pdb	after	ranked_4
234	7n2q	0.056	0.034	12.979	22.834	80.89181818181818	81.498	73.73636363636363	85.79400000000001	82.213	70.38666666666667	71.80384615384614	64.96702702702703	40.372596685082875	42.37333333333333	40.46736842105263	86.4183410138249	0.18793152	0.41063038	0.5176001	0.19452816	0.15027703	1.4490473	1.2336802	14.494454	16.279896	1.6845717	16.364882	0.9097348	../../benchmark_data/class-i/pdb/7n2q_pmhc_tcr.pdb	../pred_pdb/intellifold2/pmhc_tcr/classI/classI_v2_no_msa/ranked_4/7n2q_pmhc_tcr.pdb	after	ranked_4
235	7n2r	0.027	0.052	18.673	55.849	81.21454545454546	87.285	68.7309090909091	91.028	90.30199999999999	70.50133333333333	69.7523076923077	62.388009828009835	37.839834254143646	30.15555555555555	37.475842105263155	84.20050691244239	0.19779252	0.33995244	0.6432335	0.15243135	0.24575807	2.5734885	6.7928395	19.809048	19.322874	1.9680063	19.161158	15.450394	../../benchmark_data/class-i/pdb/7n2r_pmhc_tcr.pdb	../pred_pdb/intellifold2/pmhc_tcr/classI/classI_v2_no_msa/ranked_4/7n2r_pmhc_tcr.pdb	after	ranked_4
236	7n2s	0.04	0.03	18.385	28.232	34.85	28.818	38.2375	54.315	51.029	66.78533333333334	52.05096774193548	43.46342233009709	36.19325966850828	22.47222222222222	35.54331578947369	50.241891891891896	1.609697	5.2371955	6.7952857	2.1444771	3.7911432	8.260377	10.478038	16.799425	13.364044	4.212163	13.411593	12.133626	../../benchmark_data/class-i/pdb/7n2s_pmhc_tcr.pdb	../pred_pdb/intellifold2/pmhc_tcr/classI/classI_v2_no_msa/ranked_4/7n2s_pmhc_tcr.pdb	after	ranked_4
237	7n4k	0.027	0.0	17.783	29.801	65.89583333333333	28.67875	56.843846153846165	47.63700000000001	36.897	49.52727272727273	53.49041666666667	53.31629999999999	47.94858757062148	31.503999999999998	47.06919786096257	58.800845070422525	1.3813441	4.355892	1.8048801	2.6148045	5.0952578	0.91150105	6.524255	18.974266	18.174696	2.938736	18.991318	12.326996	../../benchmark_data/class-i/pdb/7n4k_pmhc_tcr.pdb	../pred_pdb/intellifold2/pmhc_tcr/classI/classI_v2_no_msa/ranked_4/7n4k_pmhc_tcr.pdb	after	ranked_4
238	7n5c	0.025	0.035	16.939	46.681	50.296666666666674	31.42375	47.137692307692305	53.599000000000004	45.059999999999995	52.529999999999994	49.60916666666666	44.94787128712872	37.23110497237569	27.657	36.72984293193717	52.31708920187794	0.9430882	2.4341176	5.102084	2.249347	7.1387835	0.75962293	6.2922273	21.44669	20.322926	2.595482	20.654734	14.365543	../../benchmark_data/class-i/pdb/7n5c_pmhc_tcr.pdb	../pred_pdb/intellifold2/pmhc_tcr/classI/classI_v2_no_msa/ranked_4/7n5c_pmhc_tcr.pdb	after	ranked_4
239	7n5p	0.014	0.0	15.255	47.399	65.835	36.92625	58.83461538461539	51.529999999999994	45.90599999999999	50.11272727272728	54.83708333333334	49.9077694235589	37.67835227272727	28.327999999999996	37.175645161290326	61.025962441314554	1.3915879	2.741404	1.4651986	1.6913605	6.810315	0.9443742	2.335306	18.758692	17.160442	2.8133845	17.400564	11.68795	../../benchmark_data/class-i/pdb/7n5p_pmhc_tcr.pdb	../pred_pdb/intellifold2/pmhc_tcr/classI/classI_v2_no_msa/ranked_4/7n5p_pmhc_tcr.pdb	after	ranked_4
240	7na5	0.067	0.102	13.194	27.575	79.19272727272727	82.87444444444444	75.19545454545454	65.896	45.982	77.29666666666667	76.40769230769232	56.47180246913581	38.21955555555556	44.78999999999999	38.532433862433855	72.16875000000002	0.7221525	0.43356076	0.7595335	1.5137699	2.2813828	0.7645262	1.1355594	14.441875	15.643915	2.1094677	16.400566	3.9535072	../../benchmark_data/class-i/pdb/7na5_pmhc_tcr.pdb	../pred_pdb/intellifold2/pmhc_tcr/classI/classI_v2_no_msa/ranked_4/7na5_pmhc_tcr.pdb	after	ranked_4
241	7ndq	0.025	0.0	16.98	31.852	80.41916666666668	86.65375	53.58266666666667	63.301	83.84545454545453	48.62615384615385	51.28142857142857	75.45078431372549	81.70839779005526	28.489999999999995	79.18752631578948	72.19399082568808	0.49322528	0.91570085	3.5284047	1.8908544	0.37740684	4.013723	5.133977	18.853716	2.4907622	2.2757418	2.6925588	7.8504376	../../benchmark_data/class-i/pdb/7ndq_pmhc_tcr.pdb	../pred_pdb/intellifold2/pmhc_tcr/classI/classI_v2_no_msa/ranked_4/7ndq_pmhc_tcr.pdb	after	ranked_4
242	7ndt	0.017	0.0	16.245	40.924	77.34416666666667	43.20125	78.78857142857143	88.29100000000001	93.2218181818182	78.61	78.70615384615385	70.51658415841585	58.35755555555556	26.265	56.99191489361702	82.28805555555556	1.4488289	4.7736325	1.8641522	0.1855873	0.21152987	0.6589361	1.6127794	22.13338	5.1208477	2.1824212	5.1094866	3.876497	../../benchmark_data/class-i/pdb/7ndt_pmhc_tcr.pdb	../pred_pdb/intellifold2/pmhc_tcr/classI/classI_v2_no_msa/ranked_4/7ndt_pmhc_tcr.pdb	after	ranked_4
243	7ndu	0.062	0.123	16.748	35.248	75.87666666666668	78.4725	44.575999999999986	68.955	84.73454545454545	43.535384615384615	44.09285714285715	61.875847665847665	54.46729281767956	32.35625	53.53137566137566	69.1102752293578	0.58163106	0.8561058	4.5310397	1.2676407	0.34233	3.7172508	8.980395	20.075945	6.0933113	1.8176275	6.8601284	11.468003	../../benchmark_data/class-i/pdb/7ndu_pmhc_tcr.pdb	../pred_pdb/intellifold2/pmhc_tcr/classI/classI_v2_no_msa/ranked_4/7ndu_pmhc_tcr.pdb	after	ranked_4
244	7nme	0.024	0.013	17.147	36.138	39.95545454545454	40.384	37.14461538461539	40.776999999999994	38.14818181818182	34.777272727272724	36.05958333333333	39.79849382716049	37.57232044198895	23.256666666666668	36.89421052631579	42.36506976744186	2.3581662	4.7124577	1.3073112	1.8372484	4.186437	3.2097526	7.024705	18.292055	15.872769	2.233201	16.326717	15.055077	../../benchmark_data/class-i/pdb/7nme_pmhc_tcr.pdb	../pred_pdb/intellifold2/pmhc_tcr/classI/classI_v2_no_msa/ranked_4/7nme_pmhc_tcr.pdb	after	ranked_4
245	7nmf	0.025	0.014	17.177	36.062	39.95545454545454	40.384	37.14461538461539	40.776999999999994	38.14818181818182	34.777272727272724	36.05958333333333	39.79849382716049	37.57232044198895	23.256666666666668	36.89421052631579	42.36506976744186	2.3647256	4.719118	1.2323265	1.8316222	4.1975574	3.2322924	7.0355015	18.31211	15.853361	2.2321768	16.309692	15.062281	../../benchmark_data/class-i/pdb/7nmf_pmhc_tcr.pdb	../pred_pdb/intellifold2/pmhc_tcr/classI/classI_v2_no_msa/ranked_4/7nmf_pmhc_tcr.pdb	after	ranked_4
246	7nmg	0.027	0.014	17.631	33.92	44.71454545454546	44.366	42.67230769230769	46.239999999999995	39.10999999999999	42.58454545454546	42.632083333333334	42.8255061728395	37.53298342541437	23.37333333333333	36.86226315789474	48.0953488372093	2.556241	3.8242266	2.3228576	1.7392273	3.2194448	3.1939154	7.1753635	17.920755	16.120718	2.4048343	16.606392	10.212965	../../benchmark_data/class-i/pdb/7nmg_pmhc_tcr.pdb	../pred_pdb/intellifold2/pmhc_tcr/classI/classI_v2_no_msa/ranked_4/7nmg_pmhc_tcr.pdb	after	ranked_4
247	7ow5	0.026	0.016	17.137	34.899	51.81583333333333	54.67181818181818	56.540625	78.56800000000001	69.941	68.691875	62.61625	55.6438313253012	38.31166666666667	25.824	37.65442105263158	70.83488888888888	1.7926517	1.2690767	1.2797987	0.22853738	2.1102908	2.619549	9.02714	21.751715	13.984434	2.6535952	16.111526	11.573021	../../benchmark_data/class-i/pdb/7ow5_pmhc_tcr.pdb	../pred_pdb/intellifold2/pmhc_tcr/classI/classI_v2_no_msa/ranked_4/7ow5_pmhc_tcr.pdb	after	ranked_4
248	7ow6	0.028	0.015	17.109	33.602	52.873333333333335	53.47090909090909	58.665	86.56799999999998	71.22399999999999	73.459375	66.0621875	56.880312499999995	38.37558011049724	63.11199999999999	39.67068062827225	71.48937777777778	2.2323773	1.8693233	1.4362209	0.18044019	0.92753947	1.1739845	10.813454	16.226831	11.061891	3.1106734	12.83975	15.278406	../../benchmark_data/class-i/pdb/7ow6_pmhc_tcr.pdb	../pred_pdb/intellifold2/pmhc_tcr/classI/classI_v2_no_msa/ranked_4/7ow6_pmhc_tcr.pdb	after	ranked_4
249	7pb2	0.05	0.098	19.029	39.356	48.69583333333333	38.833636363636366	43.164375	46.643	43.267	43.789375	43.47687500000001	42.18392771084338	38.61438888888889	23.564	37.82226315789473	45.86711111111111	0.7212371	3.3442824	1.3631483	1.6266811	4.99032	1.6940434	9.564268	20.688086	17.596497	2.7974784	18.978888	12.922246	../../benchmark_data/class-i/pdb/7pb2_pmhc_tcr.pdb	../pred_pdb/intellifold2/pmhc_tcr/classI/classI_v2_no_msa/ranked_4/7pb2_pmhc_tcr.pdb	after	ranked_4
250	7pbe	0.038	0.0	16.922	24.58	85.5490909090909	82.74625	69.37416666666667	88.088	78.78090909090909	75.94153846153847	72.7892	61.03286419753087	36.1307182320442	24.27888888888889	35.569315789473684	83.53553488372093	0.4710417	0.8029831	1.4960297	0.4272834	0.27232778	1.0676938	7.6879115	20.839178	18.568293	2.1110883	18.666143	15.682502	../../benchmark_data/class-i/pdb/7pbe_pmhc_tcr.pdb	../pred_pdb/intellifold2/pmhc_tcr/classI/classI_v2_no_msa/ranked_4/7pbe_pmhc_tcr.pdb	after	ranked_4
251	7phr	0.016	0.012	19.961	48.785	89.65400000000001	94.17300000000002	78.52181818181818	80.46900000000001	77.522	50.383076923076935	63.28000000000001	58.886825	35.597348066298345	21.81888888888889	34.944684210526326	80.54876190476189	0.25978035	0.37063387	1.5263983	0.29330543	0.354313	6.584758	10.415762	21.127485	14.375492	2.2156267	16.07058	15.02031	../../benchmark_data/class-i/pdb/7phr_pmhc_tcr.pdb	../pred_pdb/intellifold2/pmhc_tcr/classI/classI_v2_no_msa/ranked_4/7phr_pmhc_tcr.pdb	after	ranked_4
252	7q99	0.031	0.041	15.995	39.358	86.93363636363637	79.85222222222222	82.21727272727273	80.45363636363638	83.89333333333335	72.01199999999999	76.32961538461538	62.16481572481572	35.93690607734806	22.456000000000003	35.231099476439795	85.98120370370371	0.45646077	0.27472192	0.50430274	0.38161597	1.6339232	1.2506269	1.4098731	16.197523	17.412844	3.4986854	17.443405	1.5960902	../../benchmark_data/class-i/pdb/7q99_pmhc_tcr.pdb	../pred_pdb/intellifold2/pmhc_tcr/classI/classI_v2_no_msa/ranked_4/7q99_pmhc_tcr.pdb	after	ranked_4
253	7q9a	0.048	0.04	13.43	26.582	86.02909090909091	80.66000000000001	85.43454545454546	82.97818181818182	85.19555555555557	74.55333333333333	79.15692307692308	64.80592137592139	38.14756906077348	34.672000000000004	37.965602094240836	88.53972222222222	0.27275723	0.2791091	1.1761155	0.26716775	1.5881393	1.2101139	1.542558	15.029331	13.474878	3.1557891	14.119849	1.4241623	../../benchmark_data/class-i/pdb/7q9a_pmhc_tcr.pdb	../pred_pdb/intellifold2/pmhc_tcr/classI/classI_v2_no_msa/ranked_4/7q9a_pmhc_tcr.pdb	after	ranked_4
254	7q9b	0.047	0.037	16.655	26.154	72.61	79.71777777777778	54.79375	52.81300000000001	44.37	46.670625	49.37833333333333	49.693827160493825	34.85331491712707	31.319	34.6682722513089	63.104485981308414	0.46256807	0.25572407	6.6118975	2.2443433	1.9819134	5.9732285	8.304387	20.229856	14.529447	3.3379629	15.615778	12.3286915	../../benchmark_data/class-i/pdb/7q9b_pmhc_tcr.pdb	../pred_pdb/intellifold2/pmhc_tcr/classI/classI_v2_no_msa/ranked_4/7q9b_pmhc_tcr.pdb	after	ranked_4
255	7qpj	0.033	0.0	13.889	27.542	85.05090909090909	79.86555555555556	74.85538461538462	75.631	60.033	77.41727272727272	76.02958333333333	62.68225806451614	36.51183333333334	24.855555555555558	35.956772486772486	86.28560747663552	0.20247018	0.3345909	1.2502759	1.4739785	2.4103956	0.51496625	1.2068269	16.351315	16.841219	2.081982	17.14994	2.099388	../../benchmark_data/class-i/pdb/7qpj_pmhc_tcr.pdb	../pred_pdb/intellifold2/pmhc_tcr/classI/classI_v2_no_msa/ranked_4/7qpj_pmhc_tcr.pdb	after	ranked_4
256	7r80	0.051	0.048	16.474	26.007	71.12636363636364	82.32300000000001	81.68153846153845	76.73100000000001	70.355	78.40866666666668	79.92821428571426	63.992665036674815	39.33646408839779	30.29222222222222	38.908052631578954	85.7555707762557	2.1775973	0.47297692	0.39841694	0.44406277	0.84015334	2.464919	2.4682288	17.051472	15.347715	2.0562685	17.425682	1.9410548	../../benchmark_data/class-i/pdb/7r80_pmhc_tcr.pdb	../pred_pdb/intellifold2/pmhc_tcr/classI/classI_v2_no_msa/ranked_4/7r80_pmhc_tcr.pdb	after	ranked_4
257	7rk7	0.016	0.015	20.387	51.324	61.89666666666667	73.99125000000001	44.614375	77.896	54.69	42.4685	43.42222222222222	57.936457831325306	45.451712707182324	40.44222222222222	45.21442105263158	68.67951111111111	0.628762	0.37709758	3.4327028	0.31528455	2.8511946	9.050349	13.15414	21.804026	11.614334	2.6675332	13.85225	13.514893	../../benchmark_data/class-i/pdb/7rk7_pmhc_tcr.pdb	../pred_pdb/intellifold2/pmhc_tcr/classI/classI_v2_no_msa/ranked_4/7rk7_pmhc_tcr.pdb	after	ranked_4
258	7rm4	0.015	0.0	17.697	43.185	85.48818181818183	87.18099999999998	75.47666666666667	71.4	82.8	69.60533333333333	72.21481481481482	63.74154034229829	38.53198895027625	30.489999999999995	38.15105263157895	85.94333333333333	0.58563143	0.5822932	0.27485517	1.8211461	2.0761127	3.034699	2.877261	21.040707	17.654408	2.1971033	17.502998	1.8416098	../../benchmark_data/class-i/pdb/7rm4_pmhc_tcr.pdb	../pred_pdb/intellifold2/pmhc_tcr/classI/classI_v2_no_msa/ranked_4/7rm4_pmhc_tcr.pdb	after	ranked_4
259	7rrg	0.028	0.048	17.976	49.665	68.94583333333333	72.64625	41.798	66.10900000000001	83.60545454545455	46.21071428571429	43.92827586206896	55.079926650366744	38.80657458563536	22.198888888888888	38.01989473684211	69.88086757990868	0.44372538	0.7220524	4.0020146	1.7803959	1.999008	3.900603	15.999658	23.361752	13.428975	2.8979814	13.74178	19.730003	../../benchmark_data/class-i/pdb/7rrg_pmhc_tcr.pdb	../pred_pdb/intellifold2/pmhc_tcr/classI/classI_v2_no_msa/ranked_4/7rrg_pmhc_tcr.pdb	after	ranked_4
260	7rtr	0.021	0.032	18.488	53.421	79.68363636363637	74.09444444444445	64.89727272727272	71.771	82.70545454545456	51.842727272727274	58.370000000000005	58.29390663390663	34.83187845303867	25.98888888888889	34.413000000000004	79.20345622119817	0.34095737	0.27764112	0.9137304	1.4065535	0.17230605	3.2373247	12.069506	20.987589	15.771013	1.7697299	15.85526	16.399662	../../benchmark_data/class-i/pdb/7rtr_pmhc_tcr.pdb	../pred_pdb/intellifold2/pmhc_tcr/classI/classI_v2_no_msa/ranked_4/7rtr_pmhc_tcr.pdb	after	ranked_4
261	7su9	0.011	0.0	19.7	51.947	74.38083333333334	80.73249999999999	40.940000000000005	70.64500000000001	61.278999999999996	52.49933333333333	46.719666666666654	67.13664215686275	79.3668888888889	74.9022222222222	79.15428571428572	56.76525114155251	0.547715	0.750899	3.538118	0.36116844	3.185699	3.8510172	10.947961	23.333195	5.112635	1.7476456	5.028527	15.48619	../../benchmark_data/class-i/pdb/7su9_pmhc_tcr.pdb	../pred_pdb/intellifold2/pmhc_tcr/classI/classI_v2_no_msa/ranked_4/7su9_pmhc_tcr.pdb	after	ranked_4
262	8cx4	0.014	0.0	19.92	43.41	88.53545454545454	88.90800000000002	77.12411764705882	90.659	90.304	67.71266666666666	72.7125	65.77377723970945	42.91911602209945	46.33888888888889	43.081105263157895	85.10834080717487	0.30983812	0.3719715	0.7762053	0.19460747	0.13101794	1.6593901	8.124337	21.14567	16.18862	1.4765323	16.181843	14.542295	../../benchmark_data/class-i/pdb/8cx4_pmhc_tcr.pdb	../pred_pdb/intellifold2/pmhc_tcr/classI/classI_v2_no_msa/ranked_4/8cx4_pmhc_tcr.pdb	after	ranked_4
263	8d5q	0.034	0.0	16.446	26.392	47.620909090909095	58.21300000000001	38.31125	47.27454545454545	75.46727272727274	46.489333333333335	42.26838709677419	64.02000000000001	72.85505681818182	59.475	72.13569892473119	57.22036036036036	2.1334217	2.307611	3.9213831	2.6049209	0.54805124	4.7986217	10.871982	16.932192	5.965927	3.4026904	7.9011817	16.757166	../../benchmark_data/class-i/pdb/8d5q_pmhc_tcr.pdb	../pred_pdb/intellifold2/pmhc_tcr/classI/classI_v2_no_msa/ranked_4/8d5q_pmhc_tcr.pdb	after	ranked_4
264	8dnt	0.036	0.0	13.957	26.072	84.5109090909091	78.91444444444444	76.06416666666667	86.071	85.74454545454546	74.09571428571428	75.00423076923076	63.50277641277641	36.59165745856354	30.074444444444445	36.28294736842105	87.3358064516129	0.53772384	0.429831	0.8955524	0.46535257	0.6923951	0.87132126	1.4075531	19.471788	11.563435	4.5790524	12.480947	1.2227863	../../benchmark_data/class-i/pdb/8dnt_pmhc_tcr.pdb	../pred_pdb/intellifold2/pmhc_tcr/classI/classI_v2_no_msa/ranked_4/8dnt_pmhc_tcr.pdb	after	ranked_4
265	8en8	0.016	0.014	20.253	50.088	82.79545454545456	51.5	68.38142857142859	77.93727272727273	88.54583333333333	56.574	62.27413793103448	65.22742718446602	47.917722222222224	38.291111111111114	47.45931216931218	80.28650224215247	0.43768263	2.0245337	2.5399263	0.26210108	0.36649424	3.1730797	3.4670131	17.369785	14.994863	3.2909803	14.811317	1.8288059	../../benchmark_data/class-i/pdb/8en8_pmhc_tcr.pdb	../pred_pdb/intellifold2/pmhc_tcr/classI/classI_v2_no_msa/ranked_4/8en8_pmhc_tcr.pdb	after	ranked_4
266	8enh	0.008	0.0	20.544	61.537	89.68272727272728	88.271	76.27214285714285	83.35545454545455	90.62333333333333	67.23400000000001	71.59724137931035	63.07231143552312	37.1508938547486	21.691111111111113	36.410797872340424	85.54928251121075	0.48231688	1.3819062	2.5865963	0.30405036	0.35161772	2.7386699	3.3367362	20.903528	16.855574	1.861337	16.964005	1.9879271	../../benchmark_data/class-i/pdb/8enh_pmhc_tcr.pdb	../pred_pdb/intellifold2/pmhc_tcr/classI/classI_v2_no_msa/ranked_4/8enh_pmhc_tcr.pdb	after	ranked_4
267	8eo8	0.011	0.0	17.532	51.606	83.22454545454546	81.478	61.24857142857143	84.07727272727273	90.93833333333333	72.05	66.8355172413793	62.47231143552312	38.46312849162011	28.986666666666665	38.009468085106384	83.09569506726457	0.55894214	0.23608047	2.7975285	0.3596486	0.27814534	1.8671309	10.66624	22.826153	15.970559	2.55359	16.484413	15.635637	../../benchmark_data/class-i/pdb/8eo8_pmhc_tcr.pdb	../pred_pdb/intellifold2/pmhc_tcr/classI/classI_v2_no_msa/ranked_4/8eo8_pmhc_tcr.pdb	after	ranked_4
268	8f5a	0.011	0.0	20.166	51.739	86.54818181818182	90.769	67.26533333333333	86.238	76.094	75.615	70.9762962962963	69.80163814180929	55.38486187845304	49.645	55.084345549738224	82.69614678899083	0.4215715	2.1705666	2.823096	0.9438644	2.8687925	1.3096067	9.865777	20.04997	13.607001	4.2510247	14.60079	15.317481	../../benchmark_data/class-i/pdb/8f5a_pmhc_tcr.pdb	../pred_pdb/intellifold2/pmhc_tcr/classI/classI_v2_no_msa/ranked_4/8f5a_pmhc_tcr.pdb	after	ranked_4
269	8gom	0.017	0.013	17.941	46.542	77.26666666666667	57.583333333333336	68.24272727272728	71.94699999999999	84.6709090909091	58.852666666666664	62.82538461538461	58.79546341463414	35.331049723756905	26.934444444444445	34.93331578947368	79.40368181818181	0.6924848	3.4696147	1.2713126	0.56919634	0.3095593	1.6072428	11.303705	22.543306	14.718745	2.2112358	14.92496	12.057454	../../benchmark_data/class-i/pdb/8gom_pmhc_tcr.pdb	../pred_pdb/intellifold2/pmhc_tcr/classI/classI_v2_no_msa/ranked_4/8gom_pmhc_tcr.pdb	after	ranked_4
270	8gon	0.038	0.014	16.519	26.963	78.35583333333334	57.370000000000005	70.56181818181817	74.23100000000001	84.92545454545456	57.69266666666667	63.13730769230769	59.32412195121951	39.101546961325965	26.029999999999998	38.48236842105263	77.32381818181818	0.779694	3.5487738	1.2949594	0.15822953	0.1997517	1.5884743	10.861035	20.61037	18.023619	1.951551	18.996445	12.01765	../../benchmark_data/class-i/pdb/8gon_pmhc_tcr.pdb	../pred_pdb/intellifold2/pmhc_tcr/classI/classI_v2_no_msa/ranked_4/8gon_pmhc_tcr.pdb	after	ranked_4
271	8gvb	0.009	0.0	19.217	59.94	75.21272727272726	81.71636363636364	71.70857142857143	76.05699999999999	83.69636363636363	72.78666666666666	72.26620689655172	63.295878048780494	38.85161111111112	24.89875	38.257872340425536	84.49923423423424	1.5802021	0.81474215	0.9595337	1.8989425	0.647999	1.0995998	1.4731454	24.448103	14.586235	2.3042479	14.367216	1.2819927	../../benchmark_data/class-i/pdb/8gvb_pmhc_tcr.pdb	../pred_pdb/intellifold2/pmhc_tcr/classI/classI_v2_no_msa/ranked_4/8gvb_pmhc_tcr.pdb	after	ranked_4
272	8gvg	0.018	0.0	15.703	39.395	78.41636363636363	86.62363636363636	76.93642857142856	82.731	87.49636363636363	76.62533333333334	76.7755172413793	63.97610705596107	40.16657458563536	23.353749999999998	39.45492063492063	84.85225225225224	1.349005	0.89764434	1.0443459	2.1070728	0.663302	2.22099	2.0678606	19.909636	12.870622	4.3376613	12.95883	1.301691	../../benchmark_data/class-i/pdb/8gvg_pmhc_tcr.pdb	../pred_pdb/intellifold2/pmhc_tcr/classI/classI_v2_no_msa/ranked_4/8gvg_pmhc_tcr.pdb	after	ranked_4
273	8gvi	0.022	0.029	16.999	50.061	78.86818181818181	90.08727272727272	74.28285714285714	82.57500000000002	84.79545454545455	67.73733333333332	70.89724137931036	66.20343065693432	47.773480662983424	20.9175	46.63671957671958	82.86157657657657	1.4108295	0.84662867	1.4150578	0.6852414	0.50211185	4.038685	11.887313	21.906977	14.648707	2.9811535	14.641362	17.289507	../../benchmark_data/class-i/pdb/8gvi_pmhc_tcr.pdb	../pred_pdb/intellifold2/pmhc_tcr/classI/classI_v2_no_msa/ranked_4/8gvi_pmhc_tcr.pdb	after	ranked_4
274	8i5c	0.061	0.0	12.008	18.994	87.82181818181819	85.22333333333334	80.505	78.97	67.39699999999999	73.79769230769232	77.0172	62.54074074074074	36.44447513812154	23.374444444444443	35.82536842105263	86.14967441860463	0.33520126	0.30477828	0.20870379	0.45542565	2.402771	1.4713762	1.3512857	18.51877	15.237135	2.160562	15.476137	2.3016279	../../benchmark_data/class-i/pdb/8i5c_pmhc_tcr.pdb	../pred_pdb/intellifold2/pmhc_tcr/classI/classI_v2_no_msa/ranked_4/8i5c_pmhc_tcr.pdb	after	ranked_4
275	8i5d	0.016	0.017	16.338	56.132	63.27499999999999	67.81	52.635833333333345	85.53899999999999	91.99727272727272	74.36399999999999	64.70703703703704	58.512029702970295	38.47734806629834	22.985555555555557	37.743526315789474	76.95135514018692	0.4834251	2.2700145	2.0433776	0.42695433	0.30815417	0.55612624	2.028711	23.593712	15.56548	3.6410995	15.439092	2.9934042	../../benchmark_data/class-i/pdb/8i5d_pmhc_tcr.pdb	../pred_pdb/intellifold2/pmhc_tcr/classI/classI_v2_no_msa/ranked_4/8i5d_pmhc_tcr.pdb	after	ranked_4
276	8qfy	0.015	0.016	19.819	56.05	84.30909090909091	80.87888888888888	70.96000000000002	78.752	82.95818181818183	68.14583333333333	69.55291666666666	67.34827160493828	50.03198895027625	40.67111111111112	49.58857894736841	83.04288372093023	0.53516346	0.21512148	0.40227973	2.0195415	0.23233925	1.2407875	13.33388	21.518042	5.072937	2.3692472	8.879491	16.25692	../../benchmark_data/class-i/pdb/8qfy_pmhc_tcr.pdb	../pred_pdb/intellifold2/pmhc_tcr/classI/classI_v2_no_msa/ranked_4/8qfy_pmhc_tcr.pdb	after	ranked_4
277	8shi	0.057	0.021	14.8	20.939	54.68799999999999	52.57899999999999	41.14588235294117	63.423	45.489999999999995	58.17714285714287	48.837419354838715	52.1583910891089	43.535111111111114	20.8975	42.5718085106383	60.50226851851853	0.9929879	1.8624741	3.463595	1.7189127	0.6915507	1.1541046	7.853589	23.217836	12.356816	2.676925	13.163357	15.972651	../../benchmark_data/class-i/pdb/8shi_pmhc_tcr.pdb	../pred_pdb/intellifold2/pmhc_tcr/classI/classI_v2_no_msa/ranked_4/8shi_pmhc_tcr.pdb	after	ranked_4
278	8wte	0.022	0.031	18.12	48.937	80.7090909090909	79.51666666666668	62.42230769230768	82.876	68.314	72.32374999999999	67.8851724137931	61.8896577017115	38.83944751381216	56.93777777777778	39.69673684210527	81.14378995433789	0.39618182	0.44002947	1.2941316	1.483385	0.18931231	3.4957516	15.605406	22.93827	15.003225	2.2222261	15.108203	18.210445	../../benchmark_data/class-i/pdb/8wte_pmhc_tcr.pdb	../pred_pdb/intellifold2/pmhc_tcr/classI/classI_v2_no_msa/ranked_4/8wte_pmhc_tcr.pdb	after	ranked_4
279	8wul	0.025	0.05	19.601	59.311	81.56090909090908	80.73666666666666	62.59384615384616	82.229	66.717	65.68187499999999	64.29758620689655	62.385354523227385	42.23629834254144	30.904444444444444	41.69952631578947	80.33196347031964	0.45537743	0.21222888	1.5210012	1.4226261	0.19963855	2.7432168	9.961825	19.529684	18.15898	3.4177701	18.835855	15.615448	../../benchmark_data/class-i/pdb/8wul_pmhc_tcr.pdb	../pred_pdb/intellifold2/pmhc_tcr/classI/classI_v2_no_msa/ranked_4/8wul_pmhc_tcr.pdb	after	ranked_4
