	id	DockQ	Fnat	iRMS	LRMS	pLDDT-cdr1a	pLDDT-cdr2a	pLDDT-cdr3a	pLDDT-cdr1b	pLDDT-cdr2b	pLDDT-cdr3b	pLDDT-cdr3a+cdr3b	pLDDT	pLDDT-mhc	pLDDT-pep	pLDDT-pmhc	pLDDT-tcr	RMSD-cdr1a	RMSD-cdr2a	RMSD-cdr3a	RMSD-cdr1b	RMSD-cdr2b	RMSD-cdr3b	RMSD-cdr3a+cdr3b	RMSD	RMSD-mhc	RMSD-pep	RMSD-pmhc	RMSD-tcr	true_pdb_path	pred_pdb_path	2021-09-30	rank
0	6zkw	0.283	0.431	4.875	12.039	89.31090909090909	90.43100000000001	85.04923076923076	91.99100000000001	84.449	81.356875	83.01206896551724	92.41799511002445	92.87583333333335	88.59555555555556	92.67201058201059	92.19977272727272	0.30940178	0.20833653	0.876374	0.15496118	0.16785528	0.6092863	1.1587312	5.685784	0.486289	0.19773792	0.47837314	1.2114742	../../benchmark_data/class-i/pdb/6zkw_pmhc_tcr.pdb	../pred_pdb/intellifold2/pmhc_tcr/classI/classI_v2_with_template/ranked_0/6zkw_pmhc_tcr.pdb	after	ranked_0
1	6zkx	0.187	0.217	5.687	13.645	88.29545454545456	90.16499999999999	86.07615384615383	91.154	84.939	77.44375	81.31344827586207	90.68034063260342	89.88927374301676	78.74666666666667	89.18921465968586	91.9749090909091	0.29801995	0.18211819	0.97355235	0.21704426	0.14287002	0.6660145	1.6019812	6.5595407	1.5626113	1.2800379	1.5877273	1.2215648	../../benchmark_data/class-i/pdb/6zkx_pmhc_tcr.pdb	../pred_pdb/intellifold2/pmhc_tcr/classI/classI_v2_with_template/ranked_0/6zkx_pmhc_tcr.pdb	after	ranked_0
2	6zky	0.482	0.528	2.611	5.975	93.53272727272726	93.065	93.92461538461538	95.64099999999999	94.47	85.453125	89.25068965517245	95.0097794117647	95.12244444444445	93.86500000000001	95.06893617021277	94.95922727272729	0.3593309	0.3331616	1.1011621	0.19241552	0.20469643	1.1559217	1.7384397	2.5077598	0.61429876	2.358398	0.8854972	1.0948057	../../benchmark_data/class-i/pdb/6zky_pmhc_tcr.pdb	../pred_pdb/intellifold2/pmhc_tcr/classI/classI_v2_with_template/ranked_0/6zky_pmhc_tcr.pdb	after	ranked_0
3	6zkz	0.482	0.542	2.483	6.429	93.7781818181818	93.144	93.79230769230769	95.455	94.54	83.739375	88.24586206896552	95.01786764705882	95.25622222222222	93.57249999999999	95.18457446808509	94.8754090909091	0.3922388	0.1877473	1.0661355	0.1884418	0.16009001	0.8129924	1.6026064	2.4234786	0.6675298	2.4096112	0.9075579	1.0741223	../../benchmark_data/class-i/pdb/6zkz_pmhc_tcr.pdb	../pred_pdb/intellifold2/pmhc_tcr/classI/classI_v2_with_template/ranked_0/6zkz_pmhc_tcr.pdb	after	ranked_0
4	7dzm	0.044	0.023	17.568	25.305	82.01333333333334	85.69875	69.83266666666668	87.89200000000001	80.8609090909091	82.34166666666667	75.39222222222223	89.89391625615764	90.59038888888888	84.92999999999999	90.32084656084656	89.5220737327189	0.17266771	0.10811023	1.4511702	0.22671674	0.2514053	0.45592678	1.3778458	15.041575	1.1139492	0.4597783	1.0950726	0.99471945	../../benchmark_data/class-i/pdb/7dzm_pmhc_tcr.pdb	../pred_pdb/intellifold2/pmhc_tcr/classI/classI_v2_with_template/ranked_0/7dzm_pmhc_tcr.pdb	after	ranked_0
5	7dzn	0.905	0.881	0.618	1.207	93.89416666666666	96.19	93.324	97.009	95.71454545454544	95.62833333333333	94.34814814814814	96.54814814814814	96.95782122905027	95.9188888888889	96.90808510638298	96.23631336405529	0.14482397	0.20677274	1.0380683	0.19103812	0.29737788	0.18988946	0.86591995	0.8108147	0.42367923	0.23444413	0.422486	0.71930987	../../benchmark_data/class-i/pdb/7dzn_pmhc_tcr.pdb	../pred_pdb/intellifold2/pmhc_tcr/classI/classI_v2_with_template/ranked_0/7dzn_pmhc_tcr.pdb	after	ranked_0
6	7l1d	0.657	0.635	1.474	3.879	83.95545454545454	86.20333333333333	75.5153846153846	85.967	85.52	60.8878947368421	66.83031249999999	90.20202933985331	93.27955801104972	79.37444444444445	92.62089473684212	88.10347031963468	0.5389416	0.3009118	0.58858544	0.3254956	0.26823363	1.7156656	1.5094646	1.7095274	0.618568	0.89816165	0.6546149	1.1727608	../../benchmark_data/class-i/pdb/7l1d_pmhc_tcr.pdb	../pred_pdb/intellifold2/pmhc_tcr/classI/classI_v2_with_template/ranked_0/7l1d_pmhc_tcr.pdb	after	ranked_0
7	7n2n	0.037	0.0	17.129	24.844	87.61090909090909	89.73299999999999	82.21882352941178	93.337	86.56	80.04666666666665	81.200625	92.72467312348668	94.28900552486186	95.57444444444444	94.34989473684212	91.33995515695068	0.46969765	0.32159692	1.2942107	0.21115242	0.13251953	1.4518405	2.260843	18.96618	0.3374004	0.13142209	0.3382349	1.4098102	../../benchmark_data/class-i/pdb/7n2n_pmhc_tcr.pdb	../pred_pdb/intellifold2/pmhc_tcr/classI/classI_v2_with_template/ranked_0/7n2n_pmhc_tcr.pdb	after	ranked_0
8	7n2o	0.039	0.0	16.355	24.255	86.11272727272727	86.76500000000001	83.1029411764706	89.197	85.87500000000001	74.35733333333334	79.00343749999999	91.78665859564164	93.4097237569061	90.3111111111111	93.26294736842105	90.52883408071747	0.2798255	0.31979728	1.4205956	0.16020541	0.13497528	1.3207695	1.7656974	19.152552	0.37202513	0.3342553	0.37555364	1.1631582	../../benchmark_data/class-i/pdb/7n2o_pmhc_tcr.pdb	../pred_pdb/intellifold2/pmhc_tcr/classI/classI_v2_with_template/ranked_0/7n2o_pmhc_tcr.pdb	after	ranked_0
9	7n2p	0.034	0.0	14.88	26.824	79.14363636363636	82.45700000000001	74.38363636363637	82.986	81.733	69.16733333333335	71.37423076923076	89.83611793611793	92.33270718232045	90.20444444444445	92.2318947368421	87.73843317972351	0.27267435	0.39032906	1.2420901	0.20362471	0.15302122	0.69296324	2.6703422	17.293463	0.44214928	0.237469	0.4457786	2.1795237	../../benchmark_data/class-i/pdb/7n2p_pmhc_tcr.pdb	../pred_pdb/intellifold2/pmhc_tcr/classI/classI_v2_with_template/ranked_0/7n2p_pmhc_tcr.pdb	after	ranked_0
10	7n2q	0.053	0.017	14.28	21.818	77.49636363636364	79.63899999999998	72.64999999999999	83.715	82.664	68.46466666666667	70.23538461538462	89.35164619164618	92.04486187845305	87.78444444444443	91.84305263157894	87.17023041474654	0.2674022	0.4169055	0.83993596	0.1991881	0.19900613	1.6018945	2.3941073	17.17318	0.4370207	0.54486424	0.44501388	1.3500739	../../benchmark_data/class-i/pdb/7n2q_pmhc_tcr.pdb	../pred_pdb/intellifold2/pmhc_tcr/classI/classI_v2_with_template/ranked_0/7n2q_pmhc_tcr.pdb	after	ranked_0
11	7n2r	0.053	0.017	14.457	21.998	77.69545454545455	80.17999999999999	71.68636363636364	82.45899999999999	81.29499999999999	66.52933333333334	68.71115384615385	89.02324324324326	91.78403314917126	88.52666666666667	91.62973684210525	86.74105990783409	0.26697543	0.36186534	0.8648363	0.1101693	0.3195376	1.091646	2.0503006	17.58467	0.36573943	0.18860641	0.36681214	1.3367821	../../benchmark_data/class-i/pdb/7n2r_pmhc_tcr.pdb	../pred_pdb/intellifold2/pmhc_tcr/classI/classI_v2_with_template/ranked_0/7n2r_pmhc_tcr.pdb	after	ranked_0
12	7n2s	0.693	0.682	1.381	3.502	91.02090909090909	92.036	86.3625	95.593	93.421	90.93799999999997	88.57645161290323	94.91432038834952	96.17983425414364	94.27444444444444	96.08957894736841	93.90846846846847	1.2618945	0.31276718	1.0131378	0.58645827	0.18218584	0.50211865	1.4128597	1.3916087	0.3724773	0.24698016	0.3790525	0.99868256	../../benchmark_data/class-i/pdb/7n2s_pmhc_tcr.pdb	../pred_pdb/intellifold2/pmhc_tcr/classI/classI_v2_with_template/ranked_0/7n2s_pmhc_tcr.pdb	after	ranked_0
13	7n4k	0.837	0.927	1.031	2.753	93.72083333333335	94.15375	91.59230769230771	95.933	94.457	94.4709090909091	92.91166666666668	95.91284999999999	95.94158192090393	96.326	95.96213903743315	95.86957746478873	0.105334066	0.72720575	0.47705877	0.3950815	0.15499808	0.27179092	0.43223724	1.4162321	1.4167701	0.20079309	1.3816373	0.7415114	../../benchmark_data/class-i/pdb/7n4k_pmhc_tcr.pdb	../pred_pdb/intellifold2/pmhc_tcr/classI/classI_v2_with_template/ranked_0/7n4k_pmhc_tcr.pdb	after	ranked_0
14	7n5c	0.749	0.719	1.049	3.475	89.6925	92.17625000000001	82.11538461538461	94.07000000000001	91.041	91.82818181818182	86.56708333333331	93.95042079207921	93.95397790055247	92.417	93.87350785340315	94.0193896713615	0.16109705	0.29101557	1.663481	0.4378404	0.1362355	0.28129825	1.5119946	1.795021	1.581241	0.22020817	1.5408707	0.81484413	../../benchmark_data/class-i/pdb/7n5c_pmhc_tcr.pdb	../pred_pdb/intellifold2/pmhc_tcr/classI/classI_v2_with_template/ranked_0/7n5c_pmhc_tcr.pdb	after	ranked_0
15	7n5p	0.845	0.864	0.874	2.414	94.5175	94.8275	94.13384615384615	96.562	95.348	95.40727272727273	94.71750000000002	96.47756892230578	96.54267045454547	97.167	96.57623655913979	96.39140845070423	0.14221299	0.29964143	0.49211082	0.41870323	0.13999897	0.30458933	0.46211836	1.1357629	1.0969051	0.25120696	1.0746647	0.59972435	../../benchmark_data/class-i/pdb/7n5p_pmhc_tcr.pdb	../pred_pdb/intellifold2/pmhc_tcr/classI/classI_v2_with_template/ranked_0/7n5p_pmhc_tcr.pdb	after	ranked_0
16	7na5	0.295	0.224	3.747	8.135	94.62727272727274	96.37	91.4718181818182	95.87199999999999	91.134	94.72466666666666	93.34846153846155	94.86434567901235	94.1377777777778	95.79666666666667	94.2167724867725	95.43097222222224	0.49622512	0.18174954	0.7868561	0.22793043	0.32666892	0.42414895	0.8339432	3.9674351	1.6923139	0.33561018	1.6552173	0.6301275	../../benchmark_data/class-i/pdb/7na5_pmhc_tcr.pdb	../pred_pdb/intellifold2/pmhc_tcr/classI/classI_v2_with_template/ranked_0/7na5_pmhc_tcr.pdb	after	ranked_0
17	7ndq	0.563	0.55	1.95	4.674	88.57416666666666	87.92375	81.194	92.625	91.31636363636363	82.92153846153846	81.99607142857143	92.87973039215684	93.32154696132596	88.47888888888889	93.09215789473686	92.69458715596329	0.5281602	0.38213143	1.0060017	0.31731737	0.38087517	1.5427877	1.7827294	1.8462324	1.1530716	2.2198536	1.2587066	0.93830836	../../benchmark_data/class-i/pdb/7ndq_pmhc_tcr.pdb	../pred_pdb/intellifold2/pmhc_tcr/classI/classI_v2_with_template/ranked_0/7ndq_pmhc_tcr.pdb	after	ranked_0
18	7ndt	0.648	0.541	1.35	3.569	83.88166666666667	88.1625	79.43000000000002	94.34200000000001	89.65999999999998	88.35416666666664	83.54884615384616	92.97883663366338	93.10877777777776	87.85249999999999	92.88510638297873	93.06041666666667	0.3445441	0.26136497	0.720167	0.1370889	0.20771262	1.2132916	1.1719544	1.5454284	0.6956133	2.1159577	0.8933892	0.85461783	../../benchmark_data/class-i/pdb/7ndt_pmhc_tcr.pdb	../pred_pdb/intellifold2/pmhc_tcr/classI/classI_v2_with_template/ranked_0/7ndt_pmhc_tcr.pdb	after	ranked_0
19	7ndu	0.557	0.569	2.169	4.533	88.73916666666668	89.06	77.20666666666666	94.44299999999998	92.46181818181819	82.59692307692308	79.70928571428571	92.35800982800983	92.66071823204422	82.375	92.22534391534394	92.4730275229358	0.50254583	0.4508486	1.1739033	0.24752024	0.31221247	1.8562241	2.111358	1.8966393	1.2862564	1.6093866	1.3913982	1.0334731	../../benchmark_data/class-i/pdb/7ndu_pmhc_tcr.pdb	../pred_pdb/intellifold2/pmhc_tcr/classI/classI_v2_with_template/ranked_0/7ndu_pmhc_tcr.pdb	after	ranked_0
20	7nme	0.562	0.573	2.089	4.595	89.13454545454546	92.039	90.2476923076923	94.73800000000001	91.52272727272727	93.38636363636364	91.68625000000002	94.56167901234569	95.3431491712707	90.73777777777778	95.125	94.06386046511629	0.36725253	0.21834147	0.57931995	0.26043114	0.19009964	0.5309846	0.7152857	2.523546	0.5040692	0.21629487	0.5018814	0.83513135	../../benchmark_data/class-i/pdb/7nme_pmhc_tcr.pdb	../pred_pdb/intellifold2/pmhc_tcr/classI/classI_v2_with_template/ranked_0/7nme_pmhc_tcr.pdb	after	ranked_0
21	7nmf	0.559	0.563	2.122	4.508	89.13454545454546	92.039	90.2476923076923	94.73800000000001	91.52272727272727	93.38636363636364	91.68625000000002	94.56167901234569	95.3431491712707	90.73777777777778	95.125	94.06386046511629	0.39486673	0.17804873	0.6511743	0.15510513	0.20451368	0.51293856	0.7824334	2.4462314	0.44712123	0.333057	0.45143265	0.7824636	../../benchmark_data/class-i/pdb/7nmf_pmhc_tcr.pdb	../pred_pdb/intellifold2/pmhc_tcr/classI/classI_v2_with_template/ranked_0/7nmf_pmhc_tcr.pdb	after	ranked_0
22	7nmg	0.559	0.569	2.187	4.413	88.09454545454545	91.358	88.47076923076922	94.32399999999998	90.55727272727273	92.59727272727272	90.36208333333333	94.05422222222224	94.9282872928177	88.11888888888889	94.60573684210526	93.56683720930234	0.28433836	0.21978767	0.73622864	0.28422335	0.18565826	0.51235074	0.8123187	2.5218847	0.47978473	0.6002831	0.49689662	0.8043484	../../benchmark_data/class-i/pdb/7nmg_pmhc_tcr.pdb	../pred_pdb/intellifold2/pmhc_tcr/classI/classI_v2_with_template/ranked_0/7nmg_pmhc_tcr.pdb	after	ranked_0
23	7ow5	0.738	0.797	1.314	3.563	90.35000000000001	83.88363636363636	84.12875	91.68800000000002	91.15400000000001	77.655	80.891875	93.01318072289158	94.78616666666667	82.24999999999999	94.12636842105265	92.07315555555556	0.3626253	0.41005382	0.6370493	0.21420169	0.1894965	1.0844364	1.2052394	1.5936887	0.37247556	1.4436097	0.5135221	0.7824197	../../benchmark_data/class-i/pdb/7ow5_pmhc_tcr.pdb	../pred_pdb/intellifold2/pmhc_tcr/classI/classI_v2_with_template/ranked_0/7ow5_pmhc_tcr.pdb	after	ranked_0
24	7ow6	0.717	0.646	1.209	2.875	90.76333333333332	85.16545454545457	83.638125	92.156	91.22	80.1975	81.9178125	93.43649038461538	95.1585082872928	84.39500000000001	94.59497382198953	92.45306666666664	0.41851395	0.28597757	0.78431374	0.22189878	0.34082025	0.80507916	1.128155	1.40596	0.35990858	1.8203169	0.56337464	0.8969085	../../benchmark_data/class-i/pdb/7ow6_pmhc_tcr.pdb	../pred_pdb/intellifold2/pmhc_tcr/classI/classI_v2_with_template/ranked_0/7ow6_pmhc_tcr.pdb	after	ranked_0
25	7pb2	0.23	0.164	5.209	9.406	88.61666666666667	81.1490909090909	74.56437500000001	91.027	87.928	79.7125	77.1384375	92.2261686746988	94.61411111111111	79.72	93.83021052631578	90.87164444444446	0.2984994	1.4625463	2.251045	0.16479068	0.13840364	2.8241153	2.8340018	19.500538	0.43308082	1.1606737	0.5179989	1.823464	../../benchmark_data/class-i/pdb/7pb2_pmhc_tcr.pdb	../pred_pdb/intellifold2/pmhc_tcr/classI/classI_v2_with_template/ranked_0/7pb2_pmhc_tcr.pdb	after	ranked_0
26	7pbe	0.815	0.883	1.165	2.18	96.23181818181818	93.27	96.25916666666666	95.59799999999998	95.5281818181818	94.91846153846154	95.56199999999998	96.38224691358025	96.91005524861879	96.39777777777778	96.88578947368423	95.9372558139535	0.47141066	0.8282402	0.29112133	0.4536182	0.23882002	0.56500065	0.6956372	1.1770117	0.67341435	0.16897097	0.6598755	0.81432897	../../benchmark_data/class-i/pdb/7pbe_pmhc_tcr.pdb	../pred_pdb/intellifold2/pmhc_tcr/classI/classI_v2_with_template/ranked_0/7pbe_pmhc_tcr.pdb	after	ranked_0
27	7phr	0.887	0.78	0.505	1.156	94.601	95.32999999999998	94.69727272727273	96.30300000000001	95.273	97.06384615384617	95.97916666666667	96.204925	96.91933701657459	94.49111111111112	96.80431578947368	95.66261904761906	0.21199949	0.27474523	0.39408645	0.22369105	0.3856733	0.19219175	0.3457744	0.71138144	0.46317437	0.6500338	0.48044223	0.63967925	../../benchmark_data/class-i/pdb/7phr_pmhc_tcr.pdb	../pred_pdb/intellifold2/pmhc_tcr/classI/classI_v2_with_template/ranked_0/7phr_pmhc_tcr.pdb	after	ranked_0
28	7q99	0.871	0.863	0.765	1.841	94.23636363636363	94.53777777777779	89.76363636363637	91.94999999999999	88.24333333333333	86.47666666666666	87.8673076923077	94.62402948402949	96.31193370165745	94.217	96.20225130890051	93.22847222222221	0.38870847	0.24297443	0.36037982	0.3450848	0.26561266	0.41531146	0.54164463	0.8662245	0.35320908	0.24683465	0.35064346	0.6531067	../../benchmark_data/class-i/pdb/7q99_pmhc_tcr.pdb	../pred_pdb/intellifold2/pmhc_tcr/classI/classI_v2_with_template/ranked_0/7q99_pmhc_tcr.pdb	after	ranked_0
29	7q9a	0.728	0.747	1.289	3.419	96.6409090909091	96.69555555555556	92.2309090909091	93.18727272727273	90.36333333333334	92.05600000000001	92.13000000000002	95.51584766584766	96.80469613259669	95.494	96.73607329842932	94.43685185185186	0.2928551	0.21019295	0.95977783	0.2653727	0.2540592	0.22703816	0.82052004	1.4848583	0.33993638	0.19768716	0.33671722	0.673521	../../benchmark_data/class-i/pdb/7q9a_pmhc_tcr.pdb	../pred_pdb/intellifold2/pmhc_tcr/classI/classI_v2_with_template/ranked_0/7q9a_pmhc_tcr.pdb	after	ranked_0
30	7q9b	0.538	0.537	2.244	4.663	91.94454545454545	95.17777777777779	83.44	90.99600000000001	88.659	75.598125	78.21208333333333	93.7319012345679	95.87491712707183	92.316	95.68858638743454	91.98551401869157	0.51177794	0.25572282	1.5716705	0.25779915	0.29513717	1.128894	2.000646	2.3476796	0.66265124	0.31959245	0.6548948	1.2676427	../../benchmark_data/class-i/pdb/7q9b_pmhc_tcr.pdb	../pred_pdb/intellifold2/pmhc_tcr/classI/classI_v2_with_template/ranked_0/7q9b_pmhc_tcr.pdb	after	ranked_0
31	7qpj	0.878	0.768	0.549	1.107	97.46636363636362	98.05888888888889	97.52076923076923	96.23800000000001	95.265	97.16818181818181	97.35916666666667	97.39243176178661	97.48555555555555	97.13	97.46862433862434	97.3251401869159	0.21848464	0.38406107	0.25746772	0.23811294	0.09761292	0.5461995	0.70316255	0.65859616	0.34052768	0.26678494	0.34695685	0.72117037	../../benchmark_data/class-i/pdb/7qpj_pmhc_tcr.pdb	../pred_pdb/intellifold2/pmhc_tcr/classI/classI_v2_with_template/ranked_0/7qpj_pmhc_tcr.pdb	after	ranked_0
32	7r80	0.758	0.677	1.049	2.4	77.18545454545455	88.139	87.32076923076923	92.807	92.769	87.30133333333333	87.31035714285716	93.48217603911982	95.2349723756906	89.35555555555555	94.95647368421051	92.20310502283105	1.8338671	0.38219407	0.27658758	0.24389565	0.2409032	0.4943932	0.5003596	1.2919793	0.49845904	0.7352074	0.5194072	0.8565541	../../benchmark_data/class-i/pdb/7r80_pmhc_tcr.pdb	../pred_pdb/intellifold2/pmhc_tcr/classI/classI_v2_with_template/ranked_0/7r80_pmhc_tcr.pdb	after	ranked_0
33	7rk7	0.207	0.167	5.861	10.595	76.83083333333333	81.3075	51.8	83.56800000000001	80.436	58.463	55.501666666666665	86.9572530120482	90.8647513812155	86.23444444444443	90.64542105263156	83.84279999999998	0.44055146	0.5990867	2.9258125	0.4384668	0.25737473	4.7688293	5.4593496	5.473484	0.54632217	0.70145243	0.55797476	2.455336	../../benchmark_data/class-i/pdb/7rk7_pmhc_tcr.pdb	../pred_pdb/intellifold2/pmhc_tcr/classI/classI_v2_with_template/ranked_0/7rk7_pmhc_tcr.pdb	after	ranked_0
34	7rm4	0.428	0.354	2.548	5.922	81.82454545454546	86.18699999999998	74.75416666666666	91.881	85.88000000000001	82.84066666666668	79.24666666666666	92.49317848410756	94.30955801104972	89.59333333333332	94.08615789473684	91.11114155251143	0.41989553	0.56634843	1.4510994	0.1549221	0.18116893	2.1190653	2.2848606	2.8430305	0.33347666	0.41095805	0.34274557	1.3774407	../../benchmark_data/class-i/pdb/7rm4_pmhc_tcr.pdb	../pred_pdb/intellifold2/pmhc_tcr/classI/classI_v2_with_template/ranked_0/7rm4_pmhc_tcr.pdb	after	ranked_0
35	7rrg	0.033	0.0	16.701	26.75	81.31833333333333	83.92875000000001	65.94866666666665	86.77199999999999	80.77727272727272	79.14214285714286	72.31793103448275	90.06599022004889	91.11668508287292	80.29111111111109	90.60389473684211	89.59931506849315	0.46696004	0.26701206	2.7459073	0.17005663	0.40065676	0.26074967	2.106895	18.547276	0.5461505	0.60923344	0.560522	1.0980445	../../benchmark_data/class-i/pdb/7rrg_pmhc_tcr.pdb	../pred_pdb/intellifold2/pmhc_tcr/classI/classI_v2_with_template/ranked_0/7rrg_pmhc_tcr.pdb	after	ranked_0
36	7rtr	0.547	0.635	2.106	5.964	85.80636363636364	88.00555555555555	82.34272727272729	89.39200000000001	86.15727272727273	85.63272727272727	83.98772727272727	93.07449631449632	93.90718232044199	86.78888888888889	93.57	92.64064516129034	0.32049546	0.24260014	0.449478	0.30817842	0.23214747	0.2282132	0.59421	2.2451656	0.45057485	0.3119403	0.44827846	1.0063022	../../benchmark_data/class-i/pdb/7rtr_pmhc_tcr.pdb	../pred_pdb/intellifold2/pmhc_tcr/classI/classI_v2_with_template/ranked_0/7rtr_pmhc_tcr.pdb	after	ranked_0
37	7su9	0.519	0.5	2.206	5.041	88.21583333333332	92.1575	78.57466666666667	91.941	90.31400000000001	78.79599999999999	78.68533333333335	93.37789215686274	94.38233333333334	89.73333333333333	94.16095238095237	92.70210045662101	0.4691614	0.2762435	2.744391	0.20138744	0.25873086	2.3564088	2.8325098	2.5259264	0.52758163	0.31830382	0.52228665	1.3889314	../../benchmark_data/class-i/pdb/7su9_pmhc_tcr.pdb	../pred_pdb/intellifold2/pmhc_tcr/classI/classI_v2_with_template/ranked_0/7su9_pmhc_tcr.pdb	after	ranked_0
38	8cx4	0.856	0.746	0.663	1.079	95.0	93.14900000000002	90.57941176470588	96.279	94.887	93.12400000000002	91.7721875	95.90285714285716	96.80154696132595	96.0611111111111	96.76647368421051	95.1670403587444	0.26407486	0.24371555	0.5480233	0.27575663	0.18561727	0.63870895	0.67661816	0.7221639	0.359165	0.32185385	0.36752433	0.63656485	../../benchmark_data/class-i/pdb/8cx4_pmhc_tcr.pdb	../pred_pdb/intellifold2/pmhc_tcr/classI/classI_v2_with_template/ranked_0/8cx4_pmhc_tcr.pdb	after	ranked_0
39	8d5q	0.77	0.679	1.084	1.417	90.12545454545453	94.662	78.18437500000002	93.41090909090909	93.63181818181819	90.91	84.34193548387097	94.60497549019608	95.15215909090911	90.60499999999999	94.90768817204302	94.35135135135135	0.6208689	0.19008835	1.8347536	0.18362418	0.21970299	0.20045513	1.5247297	1.0063069	0.6368897	0.55022186	0.6399843	0.8525502	../../benchmark_data/class-i/pdb/8d5q_pmhc_tcr.pdb	../pred_pdb/intellifold2/pmhc_tcr/classI/classI_v2_with_template/ranked_0/8d5q_pmhc_tcr.pdb	after	ranked_0
40	8dnt	0.783	0.767	1.001	2.984	96.10727272727273	97.24111111111112	90.40750000000001	95.66900000000001	89.52090909090909	93.06285714285715	91.83730769230769	95.65169533169535	96.50475138121547	93.42888888888889	96.35905263157895	95.03235023041475	0.45012635	0.35680708	0.6089875	0.4317374	0.72030985	0.6153014	1.0074223	1.4782058	0.7219834	0.6803683	0.7362571	1.1967779	../../benchmark_data/class-i/pdb/8dnt_pmhc_tcr.pdb	../pred_pdb/intellifold2/pmhc_tcr/classI/classI_v2_with_template/ranked_0/8dnt_pmhc_tcr.pdb	after	ranked_0
41	8en8	0.604	0.644	1.718	5.115	86.86727272727272	90.804	69.21785714285714	85.7	85.81416666666667	71.37133333333333	70.33172413793103	91.84759708737862	94.32922222222223	86.87333333333333	93.97417989417991	90.0452466367713	0.40054533	0.1498929	2.009156	0.32027334	0.40182513	1.5829811	2.1023104	2.211248	0.4358635	0.3978239	0.44263297	1.2929236	../../benchmark_data/class-i/pdb/8en8_pmhc_tcr.pdb	../pred_pdb/intellifold2/pmhc_tcr/classI/classI_v2_with_template/ranked_0/8en8_pmhc_tcr.pdb	after	ranked_0
42	8enh	0.591	0.63	2.084	4.237	86.16727272727273	90.00800000000001	69.52499999999999	85.21545454545456	85.83749999999999	69.356	69.43758620689655	91.57673965936738	94.15625698324023	86.93222222222222	93.8104255319149	89.69363228699552	0.4538935	0.12710717	2.203691	0.34480605	0.39891094	1.5102283	2.721893	2.3326058	0.5401847	0.39340043	0.5356579	1.7277318	../../benchmark_data/class-i/pdb/8enh_pmhc_tcr.pdb	../pred_pdb/intellifold2/pmhc_tcr/classI/classI_v2_with_template/ranked_0/8enh_pmhc_tcr.pdb	after	ranked_0
43	8eo8	0.609	0.676	1.716	5.34	85.69545454545454	89.19800000000001	68.27857142857142	83.72636363636364	85.11916666666666	68.99266666666666	68.64793103448275	90.92778588807788	93.72754189944136	85.54333333333334	93.33574468085108	88.89775784753365	0.49138054	0.14675458	1.6077449	0.47918177	0.24902442	1.530638	1.903058	2.3507364	0.55503184	0.45954302	0.55285543	1.3764838	../../benchmark_data/class-i/pdb/8eo8_pmhc_tcr.pdb	../pred_pdb/intellifold2/pmhc_tcr/classI/classI_v2_with_template/ranked_0/8eo8_pmhc_tcr.pdb	after	ranked_0
44	8f5a	0.27	0.3	3.783	11.016	86.11363636363636	86.453	79.11866666666667	87.241	85.25200000000001	82.6675	80.69592592592592	91.89665036674816	93.13116022099446	86.702	92.794554973822	91.10995412844038	0.24968281	2.1756349	1.6570426	0.32439274	0.32383642	1.6814426	2.4881766	4.0795174	0.35320434	1.441953	0.49067545	1.5128618	../../benchmark_data/class-i/pdb/8f5a_pmhc_tcr.pdb	../pred_pdb/intellifold2/pmhc_tcr/classI/classI_v2_with_template/ranked_0/8f5a_pmhc_tcr.pdb	after	ranked_0
45	8gom	0.441	0.438	2.134	7.599	82.26916666666666	80.2188888888889	79.78636363636362	86.751	84.88636363636363	73.82866666666668	76.34923076923077	91.00414634146341	92.74679558011049	83.27666666666669	92.29821052631578	89.88654545454546	0.3519062	0.26236105	1.0901175	0.11419976	0.285463	1.3730862	1.6733111	2.1933439	0.44137427	0.6833279	0.4636374	0.77660865	../../benchmark_data/class-i/pdb/8gom_pmhc_tcr.pdb	../pred_pdb/intellifold2/pmhc_tcr/classI/classI_v2_with_template/ranked_0/8gom_pmhc_tcr.pdb	after	ranked_0
46	8gon	0.113	0.114	5.177	20.512	82.59083333333332	81.81	79.46363636363637	87.90599999999999	84.26454545454546	75.466	77.15730769230768	91.23556097560976	92.77751381215468	89.28222222222222	92.61194736842104	90.04686363636364	0.47129947	0.31404823	1.1160359	0.23287672	0.2119184	1.5933118	1.7345953	6.5851383	0.49813443	0.34663245	0.49839172	0.86794263	../../benchmark_data/class-i/pdb/8gon_pmhc_tcr.pdb	../pred_pdb/intellifold2/pmhc_tcr/classI/classI_v2_with_template/ranked_0/8gon_pmhc_tcr.pdb	after	ranked_0
47	8gvb	0.757	0.742	1.213	2.421	82.93818181818182	91.31	84.11928571428572	93.579	92.6809090909091	84.09266666666666	84.1055172413793	93.70568292682927	95.52949999999998	92.86625	95.41617021276599	92.25716216216216	1.5721542	0.8344685	0.7819271	0.52380353	0.6676736	0.99850357	1.0856606	1.1992654	0.531757	0.36939698	0.53801095	1.0981565	../../benchmark_data/class-i/pdb/8gvb_pmhc_tcr.pdb	../pred_pdb/intellifold2/pmhc_tcr/classI/classI_v2_with_template/ranked_0/8gvb_pmhc_tcr.pdb	after	ranked_0
48	8gvg	0.783	0.776	1.111	2.358	84.39818181818183	93.12818181818183	88.6257142857143	96.15799999999999	95.01454545454544	92.41066666666669	90.58344827586207	95.00919708029197	96.29723756906078	94.965	96.24084656084658	93.96063063063065	1.2692312	0.92829853	0.81564367	0.49798575	0.68491524	0.43096006	0.8128154	1.0556958	0.6220041	0.42554423	0.6259555	0.90581924	../../benchmark_data/class-i/pdb/8gvg_pmhc_tcr.pdb	../pred_pdb/intellifold2/pmhc_tcr/classI/classI_v2_with_template/ranked_0/8gvg_pmhc_tcr.pdb	after	ranked_0
49	8gvi	0.783	0.809	1.085	3.101	82.38181818181819	90.72000000000001	85.95785714285715	94.966	93.45181818181818	85.594	85.76965517241379	94.02345498783455	95.67011049723757	92.9675	95.55571428571427	92.71896396396397	1.5791783	0.88309443	0.6895683	0.5612233	0.36644283	0.751344	0.88652384	1.278542	0.58778644	0.39794862	0.5893191	1.1568501	../../benchmark_data/class-i/pdb/8gvi_pmhc_tcr.pdb	../pred_pdb/intellifold2/pmhc_tcr/classI/classI_v2_with_template/ranked_0/8gvi_pmhc_tcr.pdb	after	ranked_0
50	8i5c	0.381	0.27	2.931	6.008	85.64	84.39555555555555	84.92250000000001	89.99	86.684	84.27307692307691	84.5848	92.79711111111112	93.02392265193372	84.45111111111112	92.61784210526315	92.95553488372093	0.2829231	0.31777823	0.27154475	0.28226978	0.33463144	1.3858372	1.516639	2.9280686	0.33690116	1.8500799	0.55884254	0.81446797	../../benchmark_data/class-i/pdb/8i5c_pmhc_tcr.pdb	../pred_pdb/intellifold2/pmhc_tcr/classI/classI_v2_with_template/ranked_0/8i5c_pmhc_tcr.pdb	after	ranked_0
51	8i5d	0.436	0.39	2.336	6.574	87.127	91.25800000000001	85.86583333333333	94.19399999999999	89.79363636363637	88.06133333333334	87.08555555555557	94.1369801980198	95.08524861878453	89.11888888888888	94.80263157894737	93.5459813084112	0.23139931	0.1686423	1.2015525	0.33734873	0.28849438	1.1402345	1.4369968	2.7511613	0.38161504	1.9720091	0.61139995	1.2193621	../../benchmark_data/class-i/pdb/8i5d_pmhc_tcr.pdb	../pred_pdb/intellifold2/pmhc_tcr/classI/classI_v2_with_template/ranked_0/8i5d_pmhc_tcr.pdb	after	ranked_0
52	8qfy	0.863	0.738	0.594	0.987	94.50545454545454	93.72	93.17083333333333	97.805	95.98	96.83916666666669	95.005	95.76254320987655	95.3246408839779	95.26777777777778	95.32194736842105	96.15190697674419	0.414159	0.24045873	0.31485724	0.19091167	0.22398783	0.20119104	0.35169953	0.74711007	0.696169	0.36111087	0.68770516	0.6471607	../../benchmark_data/class-i/pdb/8qfy_pmhc_tcr.pdb	../pred_pdb/intellifold2/pmhc_tcr/classI/classI_v2_with_template/ranked_0/8qfy_pmhc_tcr.pdb	after	ranked_0
53	8shi	0.249	0.312	4.267	12.231	87.499	92.81199999999998	67.45235294117646	91.263	86.20599999999999	83.10071428571428	74.51935483870967	92.06898514851486	93.76105555555559	81.76124999999999	93.2504255319149	91.04069444444445	0.50767493	0.39689243	3.3890016	0.2794706	0.20951994	0.4258776	3.0192366	4.4080276	0.6234196	2.1406598	0.7939043	1.9386579	../../benchmark_data/class-i/pdb/8shi_pmhc_tcr.pdb	../pred_pdb/intellifold2/pmhc_tcr/classI/classI_v2_with_template/ranked_0/8shi_pmhc_tcr.pdb	after	ranked_0
54	8wte	0.275	0.2	3.305	9.3	91.41181818181818	91.33	91.43692307692308	92.18199999999999	90.11999999999999	88.479375	89.8051724137931	93.91990220048899	93.9903867403315	88.97666666666666	93.75289473684212	94.06479452054795	0.22474	0.33479008	0.60734934	0.26050657	0.11783382	2.575121	2.2013314	3.198614	0.41546124	1.8773117	0.64027864	1.118801	../../benchmark_data/class-i/pdb/8wte_pmhc_tcr.pdb	../pred_pdb/intellifold2/pmhc_tcr/classI/classI_v2_with_template/ranked_0/8wte_pmhc_tcr.pdb	after	ranked_0
55	8wul	0.038	0.0	15.686	24.692	88.81181818181818	89.52111111111111	86.46076923076923	89.529	79.279	82.69062500000001	84.3806896551724	91.56493887530561	91.98381215469612	86.88000000000001	91.74205263157894	91.41127853881278	0.47153085	0.3848505	0.77853495	0.2321522	0.18512517	2.615216	2.5740845	17.135355	0.3516067	1.9944737	0.62045616	1.2530457	../../benchmark_data/class-i/pdb/8wul_pmhc_tcr.pdb	../pred_pdb/intellifold2/pmhc_tcr/classI/classI_v2_with_template/ranked_0/8wul_pmhc_tcr.pdb	after	ranked_0
56	6zkw	0.35	0.483	4.052	9.473	89.31090909090909	90.43100000000001	85.04923076923076	91.99100000000001	84.449	81.356875	83.01206896551724	92.41799511002445	92.87583333333335	88.59555555555556	92.67201058201059	92.19977272727272	0.38037896	0.26947734	0.78465366	0.21513608	0.15619856	0.77933884	1.2085928	4.4993405	0.5839884	0.26665843	0.5757404	1.3401217	../../benchmark_data/class-i/pdb/6zkw_pmhc_tcr.pdb	../pred_pdb/intellifold2/pmhc_tcr/classI/classI_v2_with_template/ranked_1/6zkw_pmhc_tcr.pdb	after	ranked_1
57	6zkx	0.19	0.232	5.713	13.874	88.29545454545456	90.16499999999999	86.07615384615383	91.154	84.939	77.44375	81.31344827586207	90.68034063260342	89.88927374301676	78.74666666666667	89.18921465968586	91.9749090909091	0.27085793	0.19300134	1.060205	0.24141452	0.14531346	0.79682523	1.5865643	6.5640154	1.5863438	0.9775314	1.5934876	1.3094072	../../benchmark_data/class-i/pdb/6zkx_pmhc_tcr.pdb	../pred_pdb/intellifold2/pmhc_tcr/classI/classI_v2_with_template/ranked_1/6zkx_pmhc_tcr.pdb	after	ranked_1
58	6zky	0.489	0.547	2.512	6.126	93.53272727272726	93.065	93.92461538461538	95.64099999999999	94.47	85.453125	89.25068965517245	95.0097794117647	95.12244444444445	93.86500000000001	95.06893617021277	94.95922727272729	0.3408327	0.34405884	1.0857009	0.23614196	0.19045694	1.1591963	1.7512958	2.3899493	0.6284129	2.366714	0.9089997	1.043434	../../benchmark_data/class-i/pdb/6zky_pmhc_tcr.pdb	../pred_pdb/intellifold2/pmhc_tcr/classI/classI_v2_with_template/ranked_1/6zky_pmhc_tcr.pdb	after	ranked_1
59	6zkz	0.494	0.542	2.392	6.136	93.7781818181818	93.144	93.79230769230769	95.455	94.54	83.739375	88.24586206896552	95.01786764705882	95.25622222222222	93.57249999999999	95.18457446808509	94.8754090909091	0.38993782	0.20587523	1.0397859	0.170388	0.15449789	1.1645919	1.7252579	2.2488086	0.7601494	2.3767788	0.9845759	1.11549	../../benchmark_data/class-i/pdb/6zkz_pmhc_tcr.pdb	../pred_pdb/intellifold2/pmhc_tcr/classI/classI_v2_with_template/ranked_1/6zkz_pmhc_tcr.pdb	after	ranked_1
60	7dzm	0.163	0.047	6.238	10.647	82.01333333333334	85.69875	69.83266666666668	87.89200000000001	80.8609090909091	82.34166666666667	75.39222222222223	89.89391625615764	90.59038888888888	84.92999999999999	90.32084656084656	89.5220737327189	0.15359914	0.14079697	1.1469326	0.20667636	0.25854182	0.23159808	1.0300567	21.06382	0.7792787	0.674905	0.78652143	0.6120737	../../benchmark_data/class-i/pdb/7dzm_pmhc_tcr.pdb	../pred_pdb/intellifold2/pmhc_tcr/classI/classI_v2_with_template/ranked_1/7dzm_pmhc_tcr.pdb	after	ranked_1
61	7dzn	0.899	0.881	0.656	1.355	93.89416666666666	96.19	93.324	97.009	95.71454545454544	95.62833333333333	94.34814814814814	96.54814814814814	96.95782122905027	95.9188888888889	96.90808510638298	96.23631336405529	0.16617352	0.15950544	1.1161102	0.19706695	0.33195907	0.20795	0.933552	0.815713	0.41969886	0.19319583	0.41727784	0.63917917	../../benchmark_data/class-i/pdb/7dzn_pmhc_tcr.pdb	../pred_pdb/intellifold2/pmhc_tcr/classI/classI_v2_with_template/ranked_1/7dzn_pmhc_tcr.pdb	after	ranked_1
62	7l1d	0.472	0.405	2.676	4.607	83.95545454545454	86.20333333333333	75.5153846153846	85.967	85.52	60.8878947368421	66.83031249999999	90.20202933985331	93.27955801104972	79.37444444444445	92.62089473684212	88.10347031963468	0.5301808	0.2787349	0.8455646	0.30496058	0.24555749	3.6405563	4.0625677	2.207754	0.560996	0.5445451	0.5742598	2.2230153	../../benchmark_data/class-i/pdb/7l1d_pmhc_tcr.pdb	../pred_pdb/intellifold2/pmhc_tcr/classI/classI_v2_with_template/ranked_1/7l1d_pmhc_tcr.pdb	after	ranked_1
63	7n2n	0.038	0.0	17.108	24.507	87.61090909090909	89.73299999999999	82.21882352941178	93.337	86.56	80.04666666666665	81.200625	92.72467312348668	94.28900552486186	95.57444444444444	94.34989473684212	91.33995515695068	0.49475485	0.30505088	1.3464226	0.17744234	0.14637001	1.427039	2.2926557	18.90421	0.3515647	0.1855055	0.35536495	1.4475818	../../benchmark_data/class-i/pdb/7n2n_pmhc_tcr.pdb	../pred_pdb/intellifold2/pmhc_tcr/classI/classI_v2_with_template/ranked_1/7n2n_pmhc_tcr.pdb	after	ranked_1
64	7n2o	0.041	0.0	16.359	23.678	86.11272727272727	86.76500000000001	83.1029411764706	89.197	85.87500000000001	74.35733333333334	79.00343749999999	91.78665859564164	93.4097237569061	90.3111111111111	93.26294736842105	90.52883408071747	0.36865714	0.33321947	1.4342285	0.17479892	0.12394283	1.4082991	1.834411	18.961857	0.33264315	0.23151137	0.3334651	1.4093882	../../benchmark_data/class-i/pdb/7n2o_pmhc_tcr.pdb	../pred_pdb/intellifold2/pmhc_tcr/classI/classI_v2_with_template/ranked_1/7n2o_pmhc_tcr.pdb	after	ranked_1
65	7n2p	0.033	0.0	14.818	27.028	79.14363636363636	82.45700000000001	74.38363636363637	82.986	81.733	69.16733333333335	71.37423076923076	89.83611793611793	92.33270718232045	90.20444444444445	92.2318947368421	87.73843317972351	0.34610876	0.3508431	1.0392865	0.18673338	0.1464818	0.6447812	1.9925379	17.669409	0.43863374	0.25372878	0.44525182	1.9228336	../../benchmark_data/class-i/pdb/7n2p_pmhc_tcr.pdb	../pred_pdb/intellifold2/pmhc_tcr/classI/classI_v2_with_template/ranked_1/7n2p_pmhc_tcr.pdb	after	ranked_1
66	7n2q	0.263	0.237	3.933	9.922	77.49636363636364	79.63899999999998	72.64999999999999	83.715	82.664	68.46466666666667	70.23538461538462	89.35164619164618	92.04486187845305	87.78444444444443	91.84305263157894	87.17023041474654	0.32177886	0.4086239	0.9470301	0.23333916	0.1387799	2.368705	2.8730602	4.018992	0.38401893	0.4676404	0.39056572	1.3138752	../../benchmark_data/class-i/pdb/7n2q_pmhc_tcr.pdb	../pred_pdb/intellifold2/pmhc_tcr/classI/classI_v2_with_template/ranked_1/7n2q_pmhc_tcr.pdb	after	ranked_1
67	7n2r	0.163	0.121	5.718	12.908	77.69545454545455	80.17999999999999	71.68636363636364	82.45899999999999	81.29499999999999	66.52933333333334	68.71115384615385	89.02324324324326	91.78403314917126	88.52666666666667	91.62973684210525	86.74105990783409	0.36164007	0.37329784	1.2726716	0.15057836	0.21852489	1.5394137	2.3260458	20.584284	0.3333358	0.4212274	0.34203908	1.2272558	../../benchmark_data/class-i/pdb/7n2r_pmhc_tcr.pdb	../pred_pdb/intellifold2/pmhc_tcr/classI/classI_v2_with_template/ranked_1/7n2r_pmhc_tcr.pdb	after	ranked_1
68	7n2s	0.748	0.697	1.165	2.457	91.02090909090909	92.036	86.3625	95.593	93.421	90.93799999999997	88.57645161290323	94.91432038834952	96.17983425414364	94.27444444444444	96.08957894736841	93.90846846846847	1.2761623	0.30539736	0.98429024	0.569055	0.17192689	0.48046106	1.2703123	1.1225148	0.37806836	0.24502976	0.3817826	1.0043871	../../benchmark_data/class-i/pdb/7n2s_pmhc_tcr.pdb	../pred_pdb/intellifold2/pmhc_tcr/classI/classI_v2_with_template/ranked_1/7n2s_pmhc_tcr.pdb	after	ranked_1
69	7n4k	0.842	0.909	1.035	2.158	93.72083333333335	94.15375	91.59230769230771	95.933	94.457	94.4709090909091	92.91166666666668	95.91284999999999	95.94158192090393	96.326	95.96213903743315	95.86957746478873	0.099931665	0.74769336	0.4997596	0.3916756	0.15152162	0.3129506	0.45627406	1.1851678	1.3371463	0.21547353	1.3056673	0.6352418	../../benchmark_data/class-i/pdb/7n4k_pmhc_tcr.pdb	../pred_pdb/intellifold2/pmhc_tcr/classI/classI_v2_with_template/ranked_1/7n4k_pmhc_tcr.pdb	after	ranked_1
70	7n5c	0.797	0.737	0.816	3.105	89.6925	92.17625000000001	82.11538461538461	94.07000000000001	91.041	91.82818181818182	86.56708333333331	93.95042079207921	93.95397790055247	92.417	93.87350785340315	94.0193896713615	0.15445675	0.253554	0.7604568	0.4371483	0.12447752	0.37090403	0.8095163	1.7009393	1.666608	0.1475751	1.6236848	0.89538705	../../benchmark_data/class-i/pdb/7n5c_pmhc_tcr.pdb	../pred_pdb/intellifold2/pmhc_tcr/classI/classI_v2_with_template/ranked_1/7n5c_pmhc_tcr.pdb	after	ranked_1
71	7n5p	0.863	0.898	0.809	2.577	94.5175	94.8275	94.13384615384615	96.562	95.348	95.40727272727273	94.71750000000002	96.47756892230578	96.54267045454547	97.167	96.57623655913979	96.39140845070423	0.14298534	0.3203375	0.45128152	0.39897692	0.13089772	0.23990642	0.43102145	1.2002487	1.0643909	0.25494793	1.0420583	0.7266356	../../benchmark_data/class-i/pdb/7n5p_pmhc_tcr.pdb	../pred_pdb/intellifold2/pmhc_tcr/classI/classI_v2_with_template/ranked_1/7n5p_pmhc_tcr.pdb	after	ranked_1
72	7na5	0.294	0.224	3.593	8.334	94.62727272727274	96.37	91.4718181818182	95.87199999999999	91.134	94.72466666666666	93.34846153846155	94.86434567901235	94.1377777777778	95.79666666666667	94.2167724867725	95.43097222222224	0.49990192	0.20411947	0.77271825	0.22788899	0.35020268	0.37247664	0.9066922	3.809302	1.6837254	0.33767357	1.6466709	0.6147329	../../benchmark_data/class-i/pdb/7na5_pmhc_tcr.pdb	../pred_pdb/intellifold2/pmhc_tcr/classI/classI_v2_with_template/ranked_1/7na5_pmhc_tcr.pdb	after	ranked_1
73	7ndq	0.638	0.667	1.783	3.795	88.57416666666666	87.92375	81.194	92.625	91.31636363636363	82.92153846153846	81.99607142857143	92.87973039215684	93.32154696132596	88.47888888888889	93.09215789473686	92.69458715596329	0.30247375	0.39060038	0.7405317	0.40454608	0.36826417	1.5207268	1.5676749	1.7160716	1.2005509	2.1755602	1.3015654	0.81684804	../../benchmark_data/class-i/pdb/7ndq_pmhc_tcr.pdb	../pred_pdb/intellifold2/pmhc_tcr/classI/classI_v2_with_template/ranked_1/7ndq_pmhc_tcr.pdb	after	ranked_1
74	7ndt	0.65	0.557	1.393	3.502	83.88166666666667	88.1625	79.43000000000002	94.34200000000001	89.65999999999998	88.35416666666664	83.54884615384616	92.97883663366338	93.10877777777776	87.85249999999999	92.88510638297873	93.06041666666667	0.33980715	0.22308587	0.5753481	0.14031258	0.17881362	1.239076	1.047261	1.469768	0.7903477	2.140615	0.96958303	0.73194814	../../benchmark_data/class-i/pdb/7ndt_pmhc_tcr.pdb	../pred_pdb/intellifold2/pmhc_tcr/classI/classI_v2_with_template/ranked_1/7ndt_pmhc_tcr.pdb	after	ranked_1
75	7ndu	0.578	0.631	2.202	4.445	88.73916666666668	89.06	77.20666666666666	94.44299999999998	92.46181818181819	82.59692307692308	79.70928571428571	92.35800982800983	92.66071823204422	82.375	92.22534391534394	92.4730275229358	0.40546268	0.4163796	1.316031	0.21696216	0.31483456	1.7036991	1.9520028	2.0534644	1.3293725	1.5491402	1.4353507	0.8828441	../../benchmark_data/class-i/pdb/7ndu_pmhc_tcr.pdb	../pred_pdb/intellifold2/pmhc_tcr/classI/classI_v2_with_template/ranked_1/7ndu_pmhc_tcr.pdb	after	ranked_1
76	7nme	0.615	0.68	1.947	4.346	89.13454545454546	92.039	90.2476923076923	94.73800000000001	91.52272727272727	93.38636363636364	91.68625000000002	94.56167901234569	95.3431491712707	90.73777777777778	95.125	94.06386046511629	0.39173925	0.19368611	0.6019178	0.2503471	0.19489384	0.45866174	0.6575484	2.3547754	0.50883234	0.21232973	0.50698394	0.8513195	../../benchmark_data/class-i/pdb/7nme_pmhc_tcr.pdb	../pred_pdb/intellifold2/pmhc_tcr/classI/classI_v2_with_template/ranked_1/7nme_pmhc_tcr.pdb	after	ranked_1
77	7nmf	0.604	0.648	1.981	4.256	89.13454545454546	92.039	90.2476923076923	94.73800000000001	91.52272727272727	93.38636363636364	91.68625000000002	94.56167901234569	95.3431491712707	90.73777777777778	95.125	94.06386046511629	0.41392353	0.18352589	0.6725703	0.16442604	0.20510095	0.44689265	0.7289256	2.274931	0.45416608	0.32378662	0.45858017	0.7922034	../../benchmark_data/class-i/pdb/7nmf_pmhc_tcr.pdb	../pred_pdb/intellifold2/pmhc_tcr/classI/classI_v2_with_template/ranked_1/7nmf_pmhc_tcr.pdb	after	ranked_1
78	7nmg	0.562	0.583	2.08	4.786	88.09454545454545	91.358	88.47076923076922	94.32399999999998	90.55727272727273	92.59727272727272	90.36208333333333	94.05422222222224	94.9282872928177	88.11888888888889	94.60573684210526	93.56683720930234	0.29902712	0.13373373	0.49925172	0.5455055	0.16170157	0.51361287	0.60785764	2.4397054	0.458706	0.5893477	0.47158876	0.8091366	../../benchmark_data/class-i/pdb/7nmg_pmhc_tcr.pdb	../pred_pdb/intellifold2/pmhc_tcr/classI/classI_v2_with_template/ranked_1/7nmg_pmhc_tcr.pdb	after	ranked_1
79	7ow5	0.71	0.797	1.49	3.872	90.35000000000001	83.88363636363636	84.12875	91.68800000000002	91.15400000000001	77.655	80.891875	93.01318072289158	94.78616666666667	82.24999999999999	94.12636842105265	92.07315555555556	0.36032134	1.1141825	0.88975096	0.25736684	0.20896168	1.0115991	1.3052267	1.9343771	0.66770947	1.5360178	0.7486798	0.90387714	../../benchmark_data/class-i/pdb/7ow5_pmhc_tcr.pdb	../pred_pdb/intellifold2/pmhc_tcr/classI/classI_v2_with_template/ranked_1/7ow5_pmhc_tcr.pdb	after	ranked_1
80	7ow6	0.716	0.692	1.22	3.53	90.76333333333332	85.16545454545457	83.638125	92.156	91.22	80.1975	81.9178125	93.43649038461538	95.1585082872928	84.39500000000001	94.59497382198953	92.45306666666664	0.27327007	1.1315199	0.7744522	0.2514693	0.3192906	0.68696976	0.9929263	1.5340084	0.34570962	1.7449056	0.5478515	0.8940186	../../benchmark_data/class-i/pdb/7ow6_pmhc_tcr.pdb	../pred_pdb/intellifold2/pmhc_tcr/classI/classI_v2_with_template/ranked_1/7ow6_pmhc_tcr.pdb	after	ranked_1
81	7pb2	0.227	0.131	5.326	8.898	88.61666666666667	81.1490909090909	74.56437500000001	91.027	87.928	79.7125	77.1384375	92.2261686746988	94.61411111111111	79.72	93.83021052631578	90.87164444444446	0.2760651	1.4191176	2.717998	0.21097386	0.12827422	2.8949063	3.1154957	19.652735	0.42557007	1.416108	0.54545474	1.8728455	../../benchmark_data/class-i/pdb/7pb2_pmhc_tcr.pdb	../pred_pdb/intellifold2/pmhc_tcr/classI/classI_v2_with_template/ranked_1/7pb2_pmhc_tcr.pdb	after	ranked_1
82	7pbe	0.845	0.909	1.042	1.927	96.23181818181818	93.27	96.25916666666666	95.59799999999998	95.5281818181818	94.91846153846154	95.56199999999998	96.38224691358025	96.91005524861879	96.39777777777778	96.88578947368423	95.9372558139535	0.45392781	0.79855746	0.302444	0.43759453	0.25778234	0.4924164	0.62261516	1.1126791	0.615599	0.1315161	0.6030541	0.76502347	../../benchmark_data/class-i/pdb/7pbe_pmhc_tcr.pdb	../pred_pdb/intellifold2/pmhc_tcr/classI/classI_v2_with_template/ranked_1/7pbe_pmhc_tcr.pdb	after	ranked_1
83	7phr	0.899	0.793	0.455	0.901	94.601	95.32999999999998	94.69727272727273	96.30300000000001	95.273	97.06384615384617	95.97916666666667	96.204925	96.91933701657459	94.49111111111112	96.80431578947368	95.66261904761906	0.19854836	0.28681806	0.4452885	0.18602754	0.37765023	0.17804962	0.36788726	0.62677926	0.5051157	0.58045036	0.5137017	0.5831529	../../benchmark_data/class-i/pdb/7phr_pmhc_tcr.pdb	../pred_pdb/intellifold2/pmhc_tcr/classI/classI_v2_with_template/ranked_1/7phr_pmhc_tcr.pdb	after	ranked_1
84	7q99	0.878	0.904	0.865	1.235	94.23636363636363	94.53777777777779	89.76363636363637	91.94999999999999	88.24333333333333	86.47666666666666	87.8673076923077	94.62402948402949	96.31193370165745	94.217	96.20225130890051	93.22847222222221	0.3586199	0.2454526	0.3695395	0.39340907	0.5804725	1.1953913	1.0481025	0.86664087	0.3925642	0.30401158	0.39400056	0.94239897	../../benchmark_data/class-i/pdb/7q99_pmhc_tcr.pdb	../pred_pdb/intellifold2/pmhc_tcr/classI/classI_v2_with_template/ranked_1/7q99_pmhc_tcr.pdb	after	ranked_1
85	7q9a	0.731	0.773	1.317	3.496	96.6409090909091	96.69555555555556	92.2309090909091	93.18727272727273	90.36333333333334	92.05600000000001	92.13000000000002	95.51584766584766	96.80469613259669	95.494	96.73607329842932	94.43685185185186	0.26191774	0.20818612	0.9240179	0.27436778	0.374258	0.24277118	0.78746927	1.4850239	0.38522512	0.23025598	0.3818012	0.7313529	../../benchmark_data/class-i/pdb/7q9a_pmhc_tcr.pdb	../pred_pdb/intellifold2/pmhc_tcr/classI/classI_v2_with_template/ranked_1/7q9a_pmhc_tcr.pdb	after	ranked_1
86	7q9b	0.477	0.5	2.766	5.509	91.94454545454545	95.17777777777779	83.44	90.99600000000001	88.659	75.598125	78.21208333333333	93.7319012345679	95.87491712707183	92.316	95.68858638743454	91.98551401869157	0.4982182	0.24448895	1.7170897	0.28765908	0.29891834	1.6720088	2.5270035	2.8399117	0.6665621	0.33954546	0.6598111	1.4521855	../../benchmark_data/class-i/pdb/7q9b_pmhc_tcr.pdb	../pred_pdb/intellifold2/pmhc_tcr/classI/classI_v2_with_template/ranked_1/7q9b_pmhc_tcr.pdb	after	ranked_1
87	7qpj	0.854	0.71	0.587	1.111	97.46636363636362	98.05888888888889	97.52076923076923	96.23800000000001	95.265	97.16818181818181	97.35916666666667	97.39243176178661	97.48555555555555	97.13	97.46862433862434	97.3251401869159	0.22936697	0.3721972	0.2024121	0.21659704	0.09852987	0.5449879	0.7361946	0.72068363	0.38951272	0.26833215	0.39292106	0.7474522	../../benchmark_data/class-i/pdb/7qpj_pmhc_tcr.pdb	../pred_pdb/intellifold2/pmhc_tcr/classI/classI_v2_with_template/ranked_1/7qpj_pmhc_tcr.pdb	after	ranked_1
88	7r80	0.749	0.726	1.19	2.696	77.18545454545455	88.139	87.32076923076923	92.807	92.769	87.30133333333333	87.31035714285716	93.48217603911982	95.2349723756906	89.35555555555555	94.95647368421051	92.20310502283105	1.9449505	0.39148852	0.33755657	0.21610413	0.25284514	0.34618533	0.511282	1.4409701	0.5999878	0.7480701	0.61764467	0.9847281	../../benchmark_data/class-i/pdb/7r80_pmhc_tcr.pdb	../pred_pdb/intellifold2/pmhc_tcr/classI/classI_v2_with_template/ranked_1/7r80_pmhc_tcr.pdb	after	ranked_1
89	7rk7	0.171	0.106	6.472	11.416	76.83083333333333	81.3075	51.8	83.56800000000001	80.436	58.463	55.501666666666665	86.9572530120482	90.8647513812155	86.23444444444443	90.64542105263156	83.84279999999998	0.40904412	0.6255224	2.2428265	0.43936196	0.23264195	5.0459456	5.539275	20.371336	0.5280817	0.77033406	0.5464003	2.455946	../../benchmark_data/class-i/pdb/7rk7_pmhc_tcr.pdb	../pred_pdb/intellifold2/pmhc_tcr/classI/classI_v2_with_template/ranked_1/7rk7_pmhc_tcr.pdb	after	ranked_1
90	7rm4	0.474	0.479	2.564	5.707	81.82454545454546	86.18699999999998	74.75416666666666	91.881	85.88000000000001	82.84066666666668	79.24666666666666	92.49317848410756	94.30955801104972	89.59333333333332	94.08615789473684	91.11114155251143	0.55401075	0.52489024	1.3129481	0.15143618	0.1744001	2.0496352	2.254389	2.7398934	0.40488586	0.43130204	0.41090292	1.3681	../../benchmark_data/class-i/pdb/7rm4_pmhc_tcr.pdb	../pred_pdb/intellifold2/pmhc_tcr/classI/classI_v2_with_template/ranked_1/7rm4_pmhc_tcr.pdb	after	ranked_1
91	7rrg	0.033	0.0	15.756	26.997	81.31833333333333	83.92875000000001	65.94866666666665	86.77199999999999	80.77727272727272	79.14214285714286	72.31793103448275	90.06599022004889	91.11668508287292	80.29111111111109	90.60389473684211	89.59931506849315	0.45373732	0.27614293	2.7465465	0.18307115	0.4095411	0.31918883	2.1886015	18.561565	0.6136743	0.885036	0.6469768	1.1364832	../../benchmark_data/class-i/pdb/7rrg_pmhc_tcr.pdb	../pred_pdb/intellifold2/pmhc_tcr/classI/classI_v2_with_template/ranked_1/7rrg_pmhc_tcr.pdb	after	ranked_1
92	7rtr	0.566	0.667	2.081	5.72	85.80636363636364	88.00555555555555	82.34272727272729	89.39200000000001	86.15727272727273	85.63272727272727	83.98772727272727	93.07449631449632	93.90718232044199	86.78888888888889	93.57	92.64064516129034	0.3122778	0.25379026	0.25470588	0.2557871	0.25960314	0.5673535	0.71699727	2.4457648	0.39172965	0.2971204	0.39403102	1.0721625	../../benchmark_data/class-i/pdb/7rtr_pmhc_tcr.pdb	../pred_pdb/intellifold2/pmhc_tcr/classI/classI_v2_with_template/ranked_1/7rtr_pmhc_tcr.pdb	after	ranked_1
93	7su9	0.498	0.5	2.251	5.743	88.21583333333332	92.1575	78.57466666666667	91.941	90.31400000000001	78.79599999999999	78.68533333333335	93.37789215686274	94.38233333333334	89.73333333333333	94.16095238095237	92.70210045662101	0.46677345	0.2709955	2.6750813	0.1808182	0.27256417	2.3840196	2.795105	2.7377303	0.4053403	0.15436926	0.39804816	1.3990816	../../benchmark_data/class-i/pdb/7su9_pmhc_tcr.pdb	../pred_pdb/intellifold2/pmhc_tcr/classI/classI_v2_with_template/ranked_1/7su9_pmhc_tcr.pdb	after	ranked_1
94	8cx4	0.854	0.797	0.787	1.16	95.0	93.14900000000002	90.57941176470588	96.279	94.887	93.12400000000002	91.7721875	95.90285714285716	96.80154696132595	96.0611111111111	96.76647368421051	95.1670403587444	0.31413886	0.23118587	0.605683	0.26103356	0.18295406	0.66151816	0.81215954	0.81576383	0.37065455	0.272387	0.37472793	0.6969377	../../benchmark_data/class-i/pdb/8cx4_pmhc_tcr.pdb	../pred_pdb/intellifold2/pmhc_tcr/classI/classI_v2_with_template/ranked_1/8cx4_pmhc_tcr.pdb	after	ranked_1
95	8d5q	0.75	0.679	1.208	1.654	90.12545454545453	94.662	78.18437500000002	93.41090909090909	93.63181818181819	90.91	84.34193548387097	94.60497549019608	95.15215909090911	90.60499999999999	94.90768817204302	94.35135135135135	0.41764176	0.18341151	1.9631002	0.17035103	0.26717207	0.20581843	1.6453879	1.1434501	0.60441834	0.5504084	0.61102915	0.8926807	../../benchmark_data/class-i/pdb/8d5q_pmhc_tcr.pdb	../pred_pdb/intellifold2/pmhc_tcr/classI/classI_v2_with_template/ranked_1/8d5q_pmhc_tcr.pdb	after	ranked_1
96	8dnt	0.791	0.726	0.945	2.32	96.10727272727273	97.24111111111112	90.40750000000001	95.66900000000001	89.52090909090909	93.06285714285715	91.83730769230769	95.65169533169535	96.50475138121547	93.42888888888889	96.35905263157895	95.03235023041475	0.45238882	0.3532395	0.4710535	0.46139747	0.6853612	0.62346613	1.0460709	1.2966738	0.7015974	0.64263827	0.71342176	1.1496224	../../benchmark_data/class-i/pdb/8dnt_pmhc_tcr.pdb	../pred_pdb/intellifold2/pmhc_tcr/classI/classI_v2_with_template/ranked_1/8dnt_pmhc_tcr.pdb	after	ranked_1
97	8en8	0.602	0.685	1.708	5.774	86.86727272727272	90.804	69.21785714285714	85.7	85.81416666666667	71.37133333333333	70.33172413793103	91.84759708737862	94.32922222222223	86.87333333333333	93.97417989417991	90.0452466367713	0.42716634	0.24770778	1.9134997	0.34402838	0.40426895	1.4001535	1.9875294	2.2842643	0.4304138	0.4438821	0.4374703	1.2929205	../../benchmark_data/class-i/pdb/8en8_pmhc_tcr.pdb	../pred_pdb/intellifold2/pmhc_tcr/classI/classI_v2_with_template/ranked_1/8en8_pmhc_tcr.pdb	after	ranked_1
98	8enh	0.611	0.654	1.839	4.54	86.16727272727273	90.00800000000001	69.52499999999999	85.21545454545456	85.83749999999999	69.356	69.43758620689655	91.57673965936738	94.15625698324023	86.93222222222222	93.8104255319149	89.69363228699552	0.44092664	0.16555184	1.9821991	0.33694193	0.41287273	1.4058229	2.2600837	2.2444985	0.64973706	0.44887304	0.64328754	1.5176455	../../benchmark_data/class-i/pdb/8enh_pmhc_tcr.pdb	../pred_pdb/intellifold2/pmhc_tcr/classI/classI_v2_with_template/ranked_1/8enh_pmhc_tcr.pdb	after	ranked_1
99	8eo8	0.632	0.622	1.574	4.288	85.69545454545454	89.19800000000001	68.27857142857142	83.72636363636364	85.11916666666666	68.99266666666666	68.64793103448275	90.92778588807788	93.72754189944136	85.54333333333334	93.33574468085108	88.89775784753365	0.4037882	0.14156914	1.6632388	0.36614385	0.23118792	1.5735188	1.8757348	1.9993824	0.57357365	0.54416174	0.57495284	1.1998175	../../benchmark_data/class-i/pdb/8eo8_pmhc_tcr.pdb	../pred_pdb/intellifold2/pmhc_tcr/classI/classI_v2_with_template/ranked_1/8eo8_pmhc_tcr.pdb	after	ranked_1
100	8f5a	0.286	0.271	3.539	9.724	86.11363636363636	86.453	79.11866666666667	87.241	85.25200000000001	82.6675	80.69592592592592	91.89665036674816	93.13116022099446	86.702	92.794554973822	91.10995412844038	0.28680232	2.1250687	1.5523632	0.28465626	0.31928244	1.5366305	2.387942	3.6184928	0.35814902	1.2909776	0.466713	1.6223053	../../benchmark_data/class-i/pdb/8f5a_pmhc_tcr.pdb	../pred_pdb/intellifold2/pmhc_tcr/classI/classI_v2_with_template/ranked_1/8f5a_pmhc_tcr.pdb	after	ranked_1
101	8gom	0.471	0.425	2.146	6.102	82.26916666666666	80.2188888888889	79.78636363636362	86.751	84.88636363636363	73.82866666666668	76.34923076923077	91.00414634146341	92.74679558011049	83.27666666666669	92.29821052631578	89.88654545454546	0.4043677	0.23610143	1.2931094	0.17029631	0.2661028	1.2976446	1.7174937	2.052736	0.44068825	0.8340627	0.4726759	0.8063431	../../benchmark_data/class-i/pdb/8gom_pmhc_tcr.pdb	../pred_pdb/intellifold2/pmhc_tcr/classI/classI_v2_with_template/ranked_1/8gom_pmhc_tcr.pdb	after	ranked_1
102	8gon	0.101	0.086	5.295	20.827	82.59083333333332	81.81	79.46363636363637	87.90599999999999	84.26454545454546	75.466	77.15730769230768	91.23556097560976	92.77751381215468	89.28222222222222	92.61194736842104	90.04686363636364	0.77298903	0.32707256	1.1656721	0.23801073	0.20527829	1.5340627	1.6862504	6.4557257	0.38031444	0.38392675	0.3874608	0.75601786	../../benchmark_data/class-i/pdb/8gon_pmhc_tcr.pdb	../pred_pdb/intellifold2/pmhc_tcr/classI/classI_v2_with_template/ranked_1/8gon_pmhc_tcr.pdb	after	ranked_1
103	8gvb	0.804	0.773	0.978	2.184	82.93818181818182	91.31	84.11928571428572	93.579	92.6809090909091	84.09266666666666	84.1055172413793	93.70568292682927	95.52949999999998	92.86625	95.41617021276599	92.25716216216216	1.4745603	0.81094974	0.6192708	0.49808225	0.67635274	0.4241907	0.7194768	1.03745	0.5458861	0.40798324	0.5549919	0.9114546	../../benchmark_data/class-i/pdb/8gvb_pmhc_tcr.pdb	../pred_pdb/intellifold2/pmhc_tcr/classI/classI_v2_with_template/ranked_1/8gvb_pmhc_tcr.pdb	after	ranked_1
104	8gvg	0.812	0.836	1.057	2.294	84.39818181818183	93.12818181818183	88.6257142857143	96.15799999999999	95.01454545454544	92.41066666666669	90.58344827586207	95.00919708029197	96.29723756906078	94.965	96.24084656084658	93.96063063063065	1.3980312	0.92013043	0.6201612	0.5052959	0.66276413	0.41848814	0.6857108	1.0159446	0.6308842	0.4129499	0.6361048	0.9438662	../../benchmark_data/class-i/pdb/8gvg_pmhc_tcr.pdb	../pred_pdb/intellifold2/pmhc_tcr/classI/classI_v2_with_template/ranked_1/8gvg_pmhc_tcr.pdb	after	ranked_1
105	8gvi	0.762	0.779	1.156	3.167	82.38181818181819	90.72000000000001	85.95785714285715	94.966	93.45181818181818	85.594	85.76965517241379	94.02345498783455	95.67011049723757	92.9675	95.55571428571427	92.71896396396397	1.3290908	0.8957309	0.6868067	0.38293585	0.35804385	0.6213506	0.7777956	1.2530518	0.5708884	0.40075746	0.5710492	1.0065538	../../benchmark_data/class-i/pdb/8gvi_pmhc_tcr.pdb	../pred_pdb/intellifold2/pmhc_tcr/classI/classI_v2_with_template/ranked_1/8gvi_pmhc_tcr.pdb	after	ranked_1
106	8i5c	0.382	0.333	2.972	6.783	85.64	84.39555555555555	84.92250000000001	89.99	86.684	84.27307692307691	84.5848	92.79711111111112	93.02392265193372	84.45111111111112	92.61784210526315	92.95553488372093	0.503535	0.3833195	0.2957736	0.28870466	0.3052338	1.4258713	1.5553209	3.099422	0.43804893	1.8288764	0.6179217	0.98200965	../../benchmark_data/class-i/pdb/8i5c_pmhc_tcr.pdb	../pred_pdb/intellifold2/pmhc_tcr/classI/classI_v2_with_template/ranked_1/8i5c_pmhc_tcr.pdb	after	ranked_1
107	8i5d	0.482	0.441	2.067	6.115	87.127	91.25800000000001	85.86583333333333	94.19399999999999	89.79363636363637	88.06133333333334	87.08555555555557	94.1369801980198	95.08524861878453	89.11888888888888	94.80263157894737	93.5459813084112	0.27069858	0.15221582	1.2209468	0.3194424	0.2822858	1.1380299	1.4217447	2.4799225	0.41676763	1.9932618	0.63845766	1.25622	../../benchmark_data/class-i/pdb/8i5d_pmhc_tcr.pdb	../pred_pdb/intellifold2/pmhc_tcr/classI/classI_v2_with_template/ranked_1/8i5d_pmhc_tcr.pdb	after	ranked_1
108	8qfy	0.827	0.705	0.731	1.522	94.50545454545454	93.72	93.17083333333333	97.805	95.98	96.83916666666669	95.005	95.76254320987655	95.3246408839779	95.26777777777778	95.32194736842105	96.15190697674419	0.43551144	0.25850618	0.30016297	0.1863291	0.21136728	0.20641288	0.37653315	0.86443126	0.71214515	0.33358145	0.70173657	0.6785454	../../benchmark_data/class-i/pdb/8qfy_pmhc_tcr.pdb	../pred_pdb/intellifold2/pmhc_tcr/classI/classI_v2_with_template/ranked_1/8qfy_pmhc_tcr.pdb	after	ranked_1
109	8shi	0.272	0.375	4.156	12.207	87.499	92.81199999999998	67.45235294117646	91.263	86.20599999999999	83.10071428571428	74.51935483870967	92.06898514851486	93.76105555555559	81.76124999999999	93.2504255319149	91.04069444444445	0.45342776	0.41055906	3.3787048	0.2994787	0.23943868	0.40269658	3.0741582	4.5463986	0.58992165	2.1832054	0.7845161	2.0623417	../../benchmark_data/class-i/pdb/8shi_pmhc_tcr.pdb	../pred_pdb/intellifold2/pmhc_tcr/classI/classI_v2_with_template/ranked_1/8shi_pmhc_tcr.pdb	after	ranked_1
110	8wte	0.254	0.2	3.282	10.66	91.41181818181818	91.33	91.43692307692308	92.18199999999999	90.11999999999999	88.479375	89.8051724137931	93.91990220048899	93.9903867403315	88.97666666666666	93.75289473684212	94.06479452054795	0.22881143	0.3213779	0.6070843	0.28264964	0.13390803	2.5780525	2.1884792	3.2858214	0.38745686	1.893187	0.6243953	1.061237	../../benchmark_data/class-i/pdb/8wte_pmhc_tcr.pdb	../pred_pdb/intellifold2/pmhc_tcr/classI/classI_v2_with_template/ranked_1/8wte_pmhc_tcr.pdb	after	ranked_1
111	8wul	0.037	0.0	15.751	25.143	88.81181818181818	89.52111111111111	86.46076923076923	89.529	79.279	82.69062500000001	84.3806896551724	91.56493887530561	91.98381215469612	86.88000000000001	91.74205263157894	91.41127853881278	0.48078975	0.3284553	0.808049	0.2146672	0.19699839	2.6141453	2.59483	17.094532	0.36027008	1.9113574	0.6107341	1.2915494	../../benchmark_data/class-i/pdb/8wul_pmhc_tcr.pdb	../pred_pdb/intellifold2/pmhc_tcr/classI/classI_v2_with_template/ranked_1/8wul_pmhc_tcr.pdb	after	ranked_1
112	6zkw	0.274	0.397	4.809	11.924	89.31090909090909	90.43100000000001	85.04923076923076	91.99100000000001	84.449	81.356875	83.01206896551724	92.41799511002445	92.87583333333335	88.59555555555556	92.67201058201059	92.19977272727272	0.36055315	0.22399789	0.8605669	0.21570979	0.14123397	0.6933504	1.1835636	5.582916	0.8497956	0.22058402	0.83586574	1.0116862	../../benchmark_data/class-i/pdb/6zkw_pmhc_tcr.pdb	../pred_pdb/intellifold2/pmhc_tcr/classI/classI_v2_with_template/ranked_2/6zkw_pmhc_tcr.pdb	after	ranked_2
113	6zkx	0.192	0.232	5.616	13.753	88.29545454545456	90.16499999999999	86.07615384615383	91.154	84.939	77.44375	81.31344827586207	90.68034063260342	89.88927374301676	78.74666666666667	89.18921465968586	91.9749090909091	0.27274948	0.18484548	1.0496988	0.16796884	0.13153419	0.6883986	1.5134113	6.541635	1.570427	0.94053847	1.5768493	1.1626893	../../benchmark_data/class-i/pdb/6zkx_pmhc_tcr.pdb	../pred_pdb/intellifold2/pmhc_tcr/classI/classI_v2_with_template/ranked_2/6zkx_pmhc_tcr.pdb	after	ranked_2
114	6zky	0.514	0.547	2.52	5.145	93.53272727272726	93.065	93.92461538461538	95.64099999999999	94.47	85.453125	89.25068965517245	95.0097794117647	95.12244444444445	93.86500000000001	95.06893617021277	94.95922727272729	0.3433475	0.3155553	1.007856	0.24267644	0.22282213	1.044499	1.7091328	2.4225864	0.67479694	2.3884213	0.93987596	1.0328748	../../benchmark_data/class-i/pdb/6zky_pmhc_tcr.pdb	../pred_pdb/intellifold2/pmhc_tcr/classI/classI_v2_with_template/ranked_2/6zky_pmhc_tcr.pdb	after	ranked_2
115	6zkz	0.504	0.542	2.412	5.688	93.7781818181818	93.144	93.79230769230769	95.455	94.54	83.739375	88.24586206896552	95.01786764705882	95.25622222222222	93.57249999999999	95.18457446808509	94.8754090909091	0.4125394	0.19672619	1.0116872	0.18263562	0.17326914	0.7869859	1.6062014	2.2892	0.64334	2.3338661	0.88361037	1.0875462	../../benchmark_data/class-i/pdb/6zkz_pmhc_tcr.pdb	../pred_pdb/intellifold2/pmhc_tcr/classI/classI_v2_with_template/ranked_2/6zkz_pmhc_tcr.pdb	after	ranked_2
116	7dzm	0.54	0.442	2.089	3.722	82.01333333333334	85.69875	69.83266666666668	87.89200000000001	80.8609090909091	82.34166666666667	75.39222222222223	89.89391625615764	90.59038888888888	84.92999999999999	90.32084656084656	89.5220737327189	0.18939629	0.14312868	1.066317	0.21941873	0.26438108	0.23906086	0.9230857	2.1334555	0.7623277	0.47612652	0.7570585	0.8747015	../../benchmark_data/class-i/pdb/7dzm_pmhc_tcr.pdb	../pred_pdb/intellifold2/pmhc_tcr/classI/classI_v2_with_template/ranked_2/7dzm_pmhc_tcr.pdb	after	ranked_2
117	7dzn	0.893	0.881	0.649	1.807	93.89416666666666	96.19	93.324	97.009	95.71454545454544	95.62833333333333	94.34814814814814	96.54814814814814	96.95782122905027	95.9188888888889	96.90808510638298	96.23631336405529	0.20128222	0.16464603	1.1012821	0.19522911	0.32442257	0.20373538	0.90957004	0.89587486	0.45694274	0.21061972	0.45344695	0.62544113	../../benchmark_data/class-i/pdb/7dzn_pmhc_tcr.pdb	../pred_pdb/intellifold2/pmhc_tcr/classI/classI_v2_with_template/ranked_2/7dzn_pmhc_tcr.pdb	after	ranked_2
118	7l1d	0.451	0.419	4.001	4.11	83.95545454545454	86.20333333333333	75.5153846153846	85.967	85.52	60.8878947368421	66.83031249999999	90.20202933985331	93.27955801104972	79.37444444444445	92.62089473684212	88.10347031963468	0.5616786	0.3081905	0.83523506	0.31243646	0.24817549	3.6062238	5.1591134	2.9364123	0.5345994	0.88640165	0.5796804	3.1358964	../../benchmark_data/class-i/pdb/7l1d_pmhc_tcr.pdb	../pred_pdb/intellifold2/pmhc_tcr/classI/classI_v2_with_template/ranked_2/7l1d_pmhc_tcr.pdb	after	ranked_2
119	7n2n	0.038	0.0	17.034	24.49	87.61090909090909	89.73299999999999	82.21882352941178	93.337	86.56	80.04666666666665	81.200625	92.72467312348668	94.28900552486186	95.57444444444444	94.34989473684212	91.33995515695068	0.51966107	0.31088826	1.3215328	0.21406336	0.15303539	1.4365815	2.3468697	18.968231	0.38000473	0.12826459	0.37719747	1.4121684	../../benchmark_data/class-i/pdb/7n2n_pmhc_tcr.pdb	../pred_pdb/intellifold2/pmhc_tcr/classI/classI_v2_with_template/ranked_2/7n2n_pmhc_tcr.pdb	after	ranked_2
120	7n2o	0.041	0.0	16.266	23.712	86.11272727272727	86.76500000000001	83.1029411764706	89.197	85.87500000000001	74.35733333333334	79.00343749999999	91.78665859564164	93.4097237569061	90.3111111111111	93.26294736842105	90.52883408071747	0.46373808	0.32513717	1.4183738	0.20627603	0.12582338	1.4409083	1.86827	19.028126	0.35886157	0.52116853	0.37823367	1.1813945	../../benchmark_data/class-i/pdb/7n2o_pmhc_tcr.pdb	../pred_pdb/intellifold2/pmhc_tcr/classI/classI_v2_with_template/ranked_2/7n2o_pmhc_tcr.pdb	after	ranked_2
121	7n2p	0.132	0.048	6.636	12.992	79.14363636363636	82.45700000000001	74.38363636363637	82.986	81.733	69.16733333333335	71.37423076923076	89.83611793611793	92.33270718232045	90.20444444444445	92.2318947368421	87.73843317972351	0.5128381	0.35900813	0.6324262	0.18344927	0.14206742	1.6710598	2.458747	6.168954	0.41728815	0.38150972	0.43453082	1.6027384	../../benchmark_data/class-i/pdb/7n2p_pmhc_tcr.pdb	../pred_pdb/intellifold2/pmhc_tcr/classI/classI_v2_with_template/ranked_2/7n2p_pmhc_tcr.pdb	after	ranked_2
122	7n2q	0.225	0.186	5.59	9.979	77.49636363636364	79.63899999999998	72.64999999999999	83.715	82.664	68.46466666666667	70.23538461538462	89.35164619164618	92.04486187845305	87.78444444444443	91.84305263157894	87.17023041474654	0.32228395	0.46732497	0.9026908	0.23475732	0.19557008	1.4337012	1.8958216	19.389776	0.42325678	0.42827556	0.42642134	1.0596862	../../benchmark_data/class-i/pdb/7n2q_pmhc_tcr.pdb	../pred_pdb/intellifold2/pmhc_tcr/classI/classI_v2_with_template/ranked_2/7n2q_pmhc_tcr.pdb	after	ranked_2
123	7n2r	0.04	0.0	15.016	24.108	77.69545454545455	80.17999999999999	71.68636363636364	82.45899999999999	81.29499999999999	66.52933333333334	68.71115384615385	89.02324324324326	91.78403314917126	88.52666666666667	91.62973684210525	86.74105990783409	0.35840556	0.39091712	0.6446929	0.2065588	0.24983023	2.2365215	2.718319	15.169788	0.3508816	0.21669148	0.35219157	1.5682181	../../benchmark_data/class-i/pdb/7n2r_pmhc_tcr.pdb	../pred_pdb/intellifold2/pmhc_tcr/classI/classI_v2_with_template/ranked_2/7n2r_pmhc_tcr.pdb	after	ranked_2
124	7n2s	0.706	0.667	1.323	2.997	91.02090909090909	92.036	86.3625	95.593	93.421	90.93799999999997	88.57645161290323	94.91432038834952	96.17983425414364	94.27444444444444	96.08957894736841	93.90846846846847	1.3012183	0.34468144	0.97215897	0.5932856	0.19457194	0.50198156	1.4911985	1.5523819	0.39056033	0.25470477	0.3942818	1.2055125	../../benchmark_data/class-i/pdb/7n2s_pmhc_tcr.pdb	../pred_pdb/intellifold2/pmhc_tcr/classI/classI_v2_with_template/ranked_2/7n2s_pmhc_tcr.pdb	after	ranked_2
125	7n4k	0.86	0.945	0.922	2.699	93.72083333333335	94.15375	91.59230769230771	95.933	94.457	94.4709090909091	92.91166666666668	95.91284999999999	95.94158192090393	96.326	95.96213903743315	95.86957746478873	0.104895435	0.73205936	0.47111475	0.38761422	0.13367225	0.24351159	0.4246315	1.4116262	1.4384592	0.19964494	1.4021719	0.8324091	../../benchmark_data/class-i/pdb/7n4k_pmhc_tcr.pdb	../pred_pdb/intellifold2/pmhc_tcr/classI/classI_v2_with_template/ranked_2/7n4k_pmhc_tcr.pdb	after	ranked_2
126	7n5c	0.795	0.789	0.898	3.434	89.6925	92.17625000000001	82.11538461538461	94.07000000000001	91.041	91.82818181818182	86.56708333333331	93.95042079207921	93.95397790055247	92.417	93.87350785340315	94.0193896713615	0.2237585	0.19209996	1.4362255	0.43230283	0.11226696	0.26447305	1.1762407	1.5829248	1.4271146	0.21493717	1.3906587	0.89030457	../../benchmark_data/class-i/pdb/7n5c_pmhc_tcr.pdb	../pred_pdb/intellifold2/pmhc_tcr/classI/classI_v2_with_template/ranked_2/7n5c_pmhc_tcr.pdb	after	ranked_2
127	7n5p	0.851	0.881	0.838	2.669	94.5175	94.8275	94.13384615384615	96.562	95.348	95.40727272727273	94.71750000000002	96.47756892230578	96.54267045454547	97.167	96.57623655913979	96.39140845070423	0.18751606	0.32762435	0.44390073	0.42024234	0.1568386	0.2042017	0.39270696	1.257938	1.1662691	0.23842546	1.1405865	0.63429475	../../benchmark_data/class-i/pdb/7n5p_pmhc_tcr.pdb	../pred_pdb/intellifold2/pmhc_tcr/classI/classI_v2_with_template/ranked_2/7n5p_pmhc_tcr.pdb	after	ranked_2
128	7na5	0.264	0.204	3.874	9.262	94.62727272727274	96.37	91.4718181818182	95.87199999999999	91.134	94.72466666666666	93.34846153846155	94.86434567901235	94.1377777777778	95.79666666666667	94.2167724867725	95.43097222222224	0.54507023	0.19894722	0.79359424	0.22109175	0.33276114	0.41442406	0.9409531	3.9460807	1.6744677	0.32009947	1.6380305	0.76106995	../../benchmark_data/class-i/pdb/7na5_pmhc_tcr.pdb	../pred_pdb/intellifold2/pmhc_tcr/classI/classI_v2_with_template/ranked_2/7na5_pmhc_tcr.pdb	after	ranked_2
129	7ndq	0.608	0.65	1.903	4.389	88.57416666666666	87.92375	81.194	92.625	91.31636363636363	82.92153846153846	81.99607142857143	92.87973039215684	93.32154696132596	88.47888888888889	93.09215789473686	92.69458715596329	0.37402335	0.4014739	0.70091707	0.31287387	0.38535887	1.54872	1.5466067	1.8343952	1.0849588	2.1893353	1.2047442	0.8341773	../../benchmark_data/class-i/pdb/7ndq_pmhc_tcr.pdb	../pred_pdb/intellifold2/pmhc_tcr/classI/classI_v2_with_template/ranked_2/7ndq_pmhc_tcr.pdb	after	ranked_2
130	7ndt	0.679	0.623	1.368	3.319	83.88166666666667	88.1625	79.43000000000002	94.34200000000001	89.65999999999998	88.35416666666664	83.54884615384616	92.97883663366338	93.10877777777776	87.85249999999999	92.88510638297873	93.06041666666667	0.32281014	0.23951368	0.71602535	0.1384557	0.18968171	1.2528033	1.1042428	1.4256823	0.77334565	2.1513972	0.95592666	0.75468624	../../benchmark_data/class-i/pdb/7ndt_pmhc_tcr.pdb	../pred_pdb/intellifold2/pmhc_tcr/classI/classI_v2_with_template/ranked_2/7ndt_pmhc_tcr.pdb	after	ranked_2
131	7ndu	0.564	0.569	2.115	4.422	88.73916666666668	89.06	77.20666666666666	94.44299999999998	92.46181818181819	82.59692307692308	79.70928571428571	92.35800982800983	92.66071823204422	82.375	92.22534391534394	92.4730275229358	0.42486718	0.46175563	1.2369715	0.2825082	0.30736384	1.3039434	1.5901421	1.9572027	1.3506551	1.5970238	1.4515071	0.7917969	../../benchmark_data/class-i/pdb/7ndu_pmhc_tcr.pdb	../pred_pdb/intellifold2/pmhc_tcr/classI/classI_v2_with_template/ranked_2/7ndu_pmhc_tcr.pdb	after	ranked_2
132	7nme	0.585	0.613	1.92	4.75	89.13454545454546	92.039	90.2476923076923	94.73800000000001	91.52272727272727	93.38636363636364	91.68625000000002	94.56167901234569	95.3431491712707	90.73777777777778	95.125	94.06386046511629	0.37792918	0.27145022	0.3328826	0.2652961	0.1870153	0.50522405	0.462126	2.3153193	0.49417508	0.19973618	0.49088398	0.9688993	../../benchmark_data/class-i/pdb/7nme_pmhc_tcr.pdb	../pred_pdb/intellifold2/pmhc_tcr/classI/classI_v2_with_template/ranked_2/7nme_pmhc_tcr.pdb	after	ranked_2
133	7nmf	0.581	0.606	1.947	4.73	89.13454545454546	92.039	90.2476923076923	94.73800000000001	91.52272727272727	93.38636363636364	91.68625000000002	94.56167901234569	95.3431491712707	90.73777777777778	95.125	94.06386046511629	0.3921507	0.19452232	0.4241861	0.16384776	0.1937173	0.4844455	0.5201322	2.238848	0.43457755	0.29130188	0.43575236	0.88993037	../../benchmark_data/class-i/pdb/7nmf_pmhc_tcr.pdb	../pred_pdb/intellifold2/pmhc_tcr/classI/classI_v2_with_template/ranked_2/7nmf_pmhc_tcr.pdb	after	ranked_2
134	7nmg	0.602	0.597	1.955	3.716	88.09454545454545	91.358	88.47076923076922	94.32399999999998	90.55727272727273	92.59727272727272	90.36208333333333	94.05422222222224	94.9282872928177	88.11888888888889	94.60573684210526	93.56683720930234	0.29062757	0.15177493	0.7158897	0.22331394	0.18045108	0.50588393	0.7794899	2.1087928	0.47491157	0.5865975	0.48915264	0.6943831	../../benchmark_data/class-i/pdb/7nmg_pmhc_tcr.pdb	../pred_pdb/intellifold2/pmhc_tcr/classI/classI_v2_with_template/ranked_2/7nmg_pmhc_tcr.pdb	after	ranked_2
135	7ow5	0.744	0.812	1.355	3.305	90.35000000000001	83.88363636363636	84.12875	91.68800000000002	91.15400000000001	77.655	80.891875	93.01318072289158	94.78616666666667	82.24999999999999	94.12636842105265	92.07315555555556	0.34679922	0.33918247	0.8744186	0.25603634	0.22642018	1.2259578	1.4692767	1.5747453	0.37315515	1.2988279	0.48787832	0.91370183	../../benchmark_data/class-i/pdb/7ow5_pmhc_tcr.pdb	../pred_pdb/intellifold2/pmhc_tcr/classI/classI_v2_with_template/ranked_2/7ow5_pmhc_tcr.pdb	after	ranked_2
136	7ow6	0.737	0.723	1.224	3.041	90.76333333333332	85.16545454545457	83.638125	92.156	91.22	80.1975	81.9178125	93.43649038461538	95.1585082872928	84.39500000000001	94.59497382198953	92.45306666666664	0.35076243	0.3298573	0.7687351	0.23957533	0.36688837	0.79193705	1.0168755	1.4676406	0.3498376	1.7263266	0.5434344	0.80805576	../../benchmark_data/class-i/pdb/7ow6_pmhc_tcr.pdb	../pred_pdb/intellifold2/pmhc_tcr/classI/classI_v2_with_template/ranked_2/7ow6_pmhc_tcr.pdb	after	ranked_2
137	7pb2	0.232	0.131	5.213	8.725	88.61666666666667	81.1490909090909	74.56437500000001	91.027	87.928	79.7125	77.1384375	92.2261686746988	94.61411111111111	79.72	93.83021052631578	90.87164444444446	0.29296672	1.426645	2.3676388	0.191309	0.19454	2.8808353	3.0525908	19.6863	0.48092672	1.3804497	0.5973736	1.814308	../../benchmark_data/class-i/pdb/7pb2_pmhc_tcr.pdb	../pred_pdb/intellifold2/pmhc_tcr/classI/classI_v2_with_template/ranked_2/7pb2_pmhc_tcr.pdb	after	ranked_2
138	7pbe	0.812	0.87	1.165	2.087	96.23181818181818	93.27	96.25916666666666	95.59799999999998	95.5281818181818	94.91846153846154	95.56199999999998	96.38224691358025	96.91005524861879	96.39777777777778	96.88578947368423	95.9372558139535	0.4404328	0.9349036	0.3197134	0.46819243	0.2461815	0.56250113	0.70493764	1.1574739	0.68653417	0.14107127	0.67203933	0.8401214	../../benchmark_data/class-i/pdb/7pbe_pmhc_tcr.pdb	../pred_pdb/intellifold2/pmhc_tcr/classI/classI_v2_with_template/ranked_2/7pbe_pmhc_tcr.pdb	after	ranked_2
139	7phr	0.884	0.817	0.599	1.427	94.601	95.32999999999998	94.69727272727273	96.30300000000001	95.273	97.06384615384617	95.97916666666667	96.204925	96.91933701657459	94.49111111111112	96.80431578947368	95.66261904761906	0.22549996	0.27936003	0.45986554	0.21238175	0.39123335	0.18598416	0.3741291	0.72690153	0.42960286	0.6557676	0.45270362	0.59014684	../../benchmark_data/class-i/pdb/7phr_pmhc_tcr.pdb	../pred_pdb/intellifold2/pmhc_tcr/classI/classI_v2_with_template/ranked_2/7phr_pmhc_tcr.pdb	after	ranked_2
140	7q99	0.836	0.863	0.961	2.234	94.23636363636363	94.53777777777779	89.76363636363637	91.94999999999999	88.24333333333333	86.47666666666666	87.8673076923077	94.62402948402949	96.31193370165745	94.217	96.20225130890051	93.22847222222221	0.34371826	0.25350982	0.2196508	0.3708244	0.40956116	1.168792	1.0085741	1.0623387	0.41528407	0.29314676	0.41269395	0.8234251	../../benchmark_data/class-i/pdb/7q99_pmhc_tcr.pdb	../pred_pdb/intellifold2/pmhc_tcr/classI/classI_v2_with_template/ranked_2/7q99_pmhc_tcr.pdb	after	ranked_2
141	7q9a	0.711	0.733	1.362	3.568	96.6409090909091	96.69555555555556	92.2309090909091	93.18727272727273	90.36333333333334	92.05600000000001	92.13000000000002	95.51584766584766	96.80469613259669	95.494	96.73607329842932	94.43685185185186	0.30405712	0.29384685	0.9561341	0.26647243	0.25060016	0.24223806	0.8214311	1.5445107	0.3327388	0.2204965	0.3327142	0.8636164	../../benchmark_data/class-i/pdb/7q9a_pmhc_tcr.pdb	../pred_pdb/intellifold2/pmhc_tcr/classI/classI_v2_with_template/ranked_2/7q9a_pmhc_tcr.pdb	after	ranked_2
142	7q9b	0.482	0.5	2.712	5.425	91.94454545454545	95.17777777777779	83.44	90.99600000000001	88.659	75.598125	78.21208333333333	93.7319012345679	95.87491712707183	92.316	95.68858638743454	91.98551401869157	0.49184272	0.24075751	1.6980383	0.32390827	0.29050657	1.5729439	2.4900842	2.7275586	0.596184	0.33934075	0.59213984	1.4572681	../../benchmark_data/class-i/pdb/7q9b_pmhc_tcr.pdb	../pred_pdb/intellifold2/pmhc_tcr/classI/classI_v2_with_template/ranked_2/7q9b_pmhc_tcr.pdb	after	ranked_2
143	7qpj	0.882	0.783	0.565	0.938	97.46636363636362	98.05888888888889	97.52076923076923	96.23800000000001	95.265	97.16818181818181	97.35916666666667	97.39243176178661	97.48555555555555	97.13	97.46862433862434	97.3251401869159	0.16767892	0.34458825	0.18394071	0.22611003	0.10283888	0.5848215	0.74311167	0.6677207	0.33940187	0.22970891	0.34502605	0.74412626	../../benchmark_data/class-i/pdb/7qpj_pmhc_tcr.pdb	../pred_pdb/intellifold2/pmhc_tcr/classI/classI_v2_with_template/ranked_2/7qpj_pmhc_tcr.pdb	after	ranked_2
144	7r80	0.785	0.806	1.129	2.668	77.18545454545455	88.139	87.32076923076923	92.807	92.769	87.30133333333333	87.31035714285716	93.48217603911982	95.2349723756906	89.35555555555555	94.95647368421051	92.20310502283105	1.6811846	0.43594778	0.37174445	0.1769132	0.24402754	0.5684645	0.57889676	1.2802911	0.5871204	0.7336074	0.59899986	0.9220444	../../benchmark_data/class-i/pdb/7r80_pmhc_tcr.pdb	../pred_pdb/intellifold2/pmhc_tcr/classI/classI_v2_with_template/ranked_2/7r80_pmhc_tcr.pdb	after	ranked_2
145	7rk7	0.195	0.03	6.849	8.351	76.83083333333333	81.3075	51.8	83.56800000000001	80.436	58.463	55.501666666666665	86.9572530120482	90.8647513812155	86.23444444444443	90.64542105263156	83.84279999999998	0.48553395	0.5740781	3.3090427	0.29610333	0.2470383	4.14341	5.4075494	20.759575	0.5553989	0.9988412	0.5969249	2.2877996	../../benchmark_data/class-i/pdb/7rk7_pmhc_tcr.pdb	../pred_pdb/intellifold2/pmhc_tcr/classI/classI_v2_with_template/ranked_2/7rk7_pmhc_tcr.pdb	after	ranked_2
146	7rm4	0.544	0.5	2.199	4.07	81.82454545454546	86.18699999999998	74.75416666666666	91.881	85.88000000000001	82.84066666666668	79.24666666666666	92.49317848410756	94.30955801104972	89.59333333333332	94.08615789473684	91.11114155251143	0.52113587	0.5431103	1.1787214	0.14424472	0.18404543	2.0798383	2.1839163	2.1710923	0.35549286	0.50879526	0.36946866	1.3030795	../../benchmark_data/class-i/pdb/7rm4_pmhc_tcr.pdb	../pred_pdb/intellifold2/pmhc_tcr/classI/classI_v2_with_template/ranked_2/7rm4_pmhc_tcr.pdb	after	ranked_2
147	7rrg	0.034	0.0	16.716	26.551	81.31833333333333	83.92875000000001	65.94866666666665	86.77199999999999	80.77727272727272	79.14214285714286	72.31793103448275	90.06599022004889	91.11668508287292	80.29111111111109	90.60389473684211	89.59931506849315	0.70016354	0.2884121	2.6509526	0.15925615	0.3975083	0.2689089	2.0383468	18.472866	0.5451306	0.52939	0.5545904	1.0149359	../../benchmark_data/class-i/pdb/7rrg_pmhc_tcr.pdb	../pred_pdb/intellifold2/pmhc_tcr/classI/classI_v2_with_template/ranked_2/7rrg_pmhc_tcr.pdb	after	ranked_2
148	7rtr	0.589	0.635	1.884	4.979	85.80636363636364	88.00555555555555	82.34272727272729	89.39200000000001	86.15727272727273	85.63272727272727	83.98772727272727	93.07449631449632	93.90718232044199	86.78888888888889	93.57	92.64064516129034	0.34023893	0.24953163	0.3474243	0.2557258	0.2605688	0.8083676	0.83568066	2.137971	0.43372166	0.30092472	0.4304141	0.92709816	../../benchmark_data/class-i/pdb/7rtr_pmhc_tcr.pdb	../pred_pdb/intellifold2/pmhc_tcr/classI/classI_v2_with_template/ranked_2/7rtr_pmhc_tcr.pdb	after	ranked_2
149	7su9	0.48	0.397	2.339	4.872	88.21583333333332	92.1575	78.57466666666667	91.941	90.31400000000001	78.79599999999999	78.68533333333335	93.37789215686274	94.38233333333334	89.73333333333333	94.16095238095237	92.70210045662101	0.5512487	0.26038638	2.971943	0.2334012	0.23880953	2.2277882	2.8679967	2.6301882	0.38790628	0.2492896	0.3838328	1.4540908	../../benchmark_data/class-i/pdb/7su9_pmhc_tcr.pdb	../pred_pdb/intellifold2/pmhc_tcr/classI/classI_v2_with_template/ranked_2/7su9_pmhc_tcr.pdb	after	ranked_2
150	8cx4	0.832	0.847	0.952	2.225	95.0	93.14900000000002	90.57941176470588	96.279	94.887	93.12400000000002	91.7721875	95.90285714285716	96.80154696132595	96.0611111111111	96.76647368421051	95.1670403587444	0.24629298	0.33088097	0.63635904	0.27074635	0.1832445	0.59355766	0.78508747	1.1917692	0.39688703	0.2697542	0.3994471	0.6549581	../../benchmark_data/class-i/pdb/8cx4_pmhc_tcr.pdb	../pred_pdb/intellifold2/pmhc_tcr/classI/classI_v2_with_template/ranked_2/8cx4_pmhc_tcr.pdb	after	ranked_2
151	8d5q	0.76	0.698	1.196	1.505	90.12545454545453	94.662	78.18437500000002	93.41090909090909	93.63181818181819	90.91	84.34193548387097	94.60497549019608	95.15215909090911	90.60499999999999	94.90768817204302	94.35135135135135	0.4817655	0.18460795	2.270475	0.19668865	0.2197169	0.28214264	1.7694378	1.0915427	0.66428554	0.529518	0.6625857	0.93276083	../../benchmark_data/class-i/pdb/8d5q_pmhc_tcr.pdb	../pred_pdb/intellifold2/pmhc_tcr/classI/classI_v2_with_template/ranked_2/8d5q_pmhc_tcr.pdb	after	ranked_2
152	8dnt	0.773	0.74	1.069	2.587	96.10727272727273	97.24111111111112	90.40750000000001	95.66900000000001	89.52090909090909	93.06285714285715	91.83730769230769	95.65169533169535	96.50475138121547	93.42888888888889	96.35905263157895	95.03235023041475	0.48004282	0.37920728	0.58313894	0.4477827	0.70925677	0.62955856	1.0223752	1.4771813	0.7351922	0.6805858	0.7516652	1.1724752	../../benchmark_data/class-i/pdb/8dnt_pmhc_tcr.pdb	../pred_pdb/intellifold2/pmhc_tcr/classI/classI_v2_with_template/ranked_2/8dnt_pmhc_tcr.pdb	after	ranked_2
153	8en8	0.594	0.603	1.637	5.276	86.86727272727272	90.804	69.21785714285714	85.7	85.81416666666667	71.37133333333333	70.33172413793103	91.84759708737862	94.32922222222223	86.87333333333333	93.97417989417991	90.0452466367713	0.443769	0.14281636	1.3928269	0.33181453	0.4106181	1.5302052	1.6981987	2.28394	0.52393407	0.56247175	0.5350336	1.2961793	../../benchmark_data/class-i/pdb/8en8_pmhc_tcr.pdb	../pred_pdb/intellifold2/pmhc_tcr/classI/classI_v2_with_template/ranked_2/8en8_pmhc_tcr.pdb	after	ranked_2
154	8enh	0.618	0.716	1.8	5.183	86.16727272727273	90.00800000000001	69.52499999999999	85.21545454545456	85.83749999999999	69.356	69.43758620689655	91.57673965936738	94.15625698324023	86.93222222222222	93.8104255319149	89.69363228699552	0.38735357	0.17202184	2.1808543	0.32365516	0.40532747	1.4220388	2.266561	2.3573127	0.57013315	0.3814345	0.5633045	1.6212437	../../benchmark_data/class-i/pdb/8enh_pmhc_tcr.pdb	../pred_pdb/intellifold2/pmhc_tcr/classI/classI_v2_with_template/ranked_2/8enh_pmhc_tcr.pdb	after	ranked_2
155	8eo8	0.582	0.635	1.938	5.086	85.69545454545454	89.19800000000001	68.27857142857142	83.72636363636364	85.11916666666666	68.99266666666666	68.64793103448275	90.92778588807788	93.72754189944136	85.54333333333334	93.33574468085108	88.89775784753365	0.4657648	0.13149258	2.2926323	0.3787817	0.23674831	1.6677341	2.4463053	2.459468	0.54410917	0.4712611	0.54356134	1.5819523	../../benchmark_data/class-i/pdb/8eo8_pmhc_tcr.pdb	../pred_pdb/intellifold2/pmhc_tcr/classI/classI_v2_with_template/ranked_2/8eo8_pmhc_tcr.pdb	after	ranked_2
156	8f5a	0.276	0.3	3.732	10.665	86.11363636363636	86.453	79.11866666666667	87.241	85.25200000000001	82.6675	80.69592592592592	91.89665036674816	93.13116022099446	86.702	92.794554973822	91.10995412844038	0.2722135	2.160892	1.4971755	0.31752807	0.25693807	1.6399349	2.2926817	4.0279665	0.30536962	1.4430821	0.46311095	1.44952	../../benchmark_data/class-i/pdb/8f5a_pmhc_tcr.pdb	../pred_pdb/intellifold2/pmhc_tcr/classI/classI_v2_with_template/ranked_2/8f5a_pmhc_tcr.pdb	after	ranked_2
157	8gom	0.455	0.438	2.103	7.099	82.26916666666666	80.2188888888889	79.78636363636362	86.751	84.88636363636363	73.82866666666668	76.34923076923077	91.00414634146341	92.74679558011049	83.27666666666669	92.29821052631578	89.88654545454546	0.3255641	0.3069656	1.0498437	0.16849107	0.29298055	1.8026853	1.8722674	2.1801	0.35165325	0.9132479	0.40603313	0.8270119	../../benchmark_data/class-i/pdb/8gom_pmhc_tcr.pdb	../pred_pdb/intellifold2/pmhc_tcr/classI/classI_v2_with_template/ranked_2/8gom_pmhc_tcr.pdb	after	ranked_2
158	8gon	0.099	0.086	5.461	21.089	82.59083333333332	81.81	79.46363636363637	87.90599999999999	84.26454545454546	75.466	77.15730769230768	91.23556097560976	92.77751381215468	89.28222222222222	92.61194736842104	90.04686363636364	0.7208104	0.27326593	1.1172464	0.26751572	0.2201584	1.5764575	1.6648301	6.7487445	0.35395312	0.37377894	0.36306712	0.7489231	../../benchmark_data/class-i/pdb/8gon_pmhc_tcr.pdb	../pred_pdb/intellifold2/pmhc_tcr/classI/classI_v2_with_template/ranked_2/8gon_pmhc_tcr.pdb	after	ranked_2
159	8gvb	0.809	0.788	0.921	2.626	82.93818181818182	91.31	84.11928571428572	93.579	92.6809090909091	84.09266666666666	84.1055172413793	93.70568292682927	95.52949999999998	92.86625	95.41617021276599	92.25716216216216	1.5880449	0.8130081	0.6503258	0.4842628	0.6684393	0.48417467	0.7029326	1.0876119	0.5324593	0.36588275	0.53932494	0.9976212	../../benchmark_data/class-i/pdb/8gvb_pmhc_tcr.pdb	../pred_pdb/intellifold2/pmhc_tcr/classI/classI_v2_with_template/ranked_2/8gvb_pmhc_tcr.pdb	after	ranked_2
160	8gvg	0.805	0.806	1.062	2.109	84.39818181818183	93.12818181818183	88.6257142857143	96.15799999999999	95.01454545454544	92.41066666666669	90.58344827586207	95.00919708029197	96.29723756906078	94.965	96.24084656084658	93.96063063063065	1.1281878	0.9132965	0.7594203	0.5036671	0.6593384	0.43423906	0.7389393	1.0480988	0.65549964	0.41500208	0.6604701	0.9577529	../../benchmark_data/class-i/pdb/8gvg_pmhc_tcr.pdb	../pred_pdb/intellifold2/pmhc_tcr/classI/classI_v2_with_template/ranked_2/8gvg_pmhc_tcr.pdb	after	ranked_2
161	8gvi	0.807	0.794	0.972	2.442	82.38181818181819	90.72000000000001	85.95785714285715	94.966	93.45181818181818	85.594	85.76965517241379	94.02345498783455	95.67011049723757	92.9675	95.55571428571427	92.71896396396397	0.9221611	0.8625982	0.64922714	0.580087	0.3721041	0.88625497	0.92744	1.1803461	0.5868431	0.37913272	0.5869444	1.1783618	../../benchmark_data/class-i/pdb/8gvi_pmhc_tcr.pdb	../pred_pdb/intellifold2/pmhc_tcr/classI/classI_v2_with_template/ranked_2/8gvi_pmhc_tcr.pdb	after	ranked_2
162	8i5c	0.038	0.0	13.509	25.325	85.64	84.39555555555555	84.92250000000001	89.99	86.684	84.27307692307691	84.5848	92.79711111111112	93.02392265193372	84.45111111111112	92.61784210526315	92.95553488372093	0.28884983	0.30577514	0.26596016	0.25433123	0.32959256	1.4262568	1.5640334	14.438164	0.38128167	1.9081597	0.6049311	0.8824713	../../benchmark_data/class-i/pdb/8i5c_pmhc_tcr.pdb	../pred_pdb/intellifold2/pmhc_tcr/classI/classI_v2_with_template/ranked_2/8i5c_pmhc_tcr.pdb	after	ranked_2
163	8i5d	0.51	0.475	1.955	5.752	87.127	91.25800000000001	85.86583333333333	94.19399999999999	89.79363636363637	88.06133333333334	87.08555555555557	94.1369801980198	95.08524861878453	89.11888888888888	94.80263157894737	93.5459813084112	0.2533115	0.16054875	1.2265317	0.31800032	0.29400575	1.1476774	1.4227734	2.1942987	0.428885	2.0106912	0.6479773	1.2108697	../../benchmark_data/class-i/pdb/8i5d_pmhc_tcr.pdb	../pred_pdb/intellifold2/pmhc_tcr/classI/classI_v2_with_template/ranked_2/8i5d_pmhc_tcr.pdb	after	ranked_2
164	8qfy	0.861	0.738	0.595	1.204	94.50545454545454	93.72	93.17083333333333	97.805	95.98	96.83916666666669	95.005	95.76254320987655	95.3246408839779	95.26777777777778	95.32194736842105	96.15190697674419	0.29111904	0.23150411	0.25704724	0.15204819	0.20902957	0.20062633	0.3073378	0.77984923	0.7973308	0.3545118	0.78406215	0.5197474	../../benchmark_data/class-i/pdb/8qfy_pmhc_tcr.pdb	../pred_pdb/intellifold2/pmhc_tcr/classI/classI_v2_with_template/ranked_2/8qfy_pmhc_tcr.pdb	after	ranked_2
165	8shi	0.284	0.396	4.033	12.015	87.499	92.81199999999998	67.45235294117646	91.263	86.20599999999999	83.10071428571428	74.51935483870967	92.06898514851486	93.76105555555559	81.76124999999999	93.2504255319149	91.04069444444445	0.5043747	0.3903507	3.6028478	0.2870412	0.20015264	0.6200338	2.958504	4.3777995	0.55430585	2.119219	0.7489112	1.8641373	../../benchmark_data/class-i/pdb/8shi_pmhc_tcr.pdb	../pred_pdb/intellifold2/pmhc_tcr/classI/classI_v2_with_template/ranked_2/8shi_pmhc_tcr.pdb	after	ranked_2
166	8wte	0.283	0.2	3.069	9.279	91.41181818181818	91.33	91.43692307692308	92.18199999999999	90.11999999999999	88.479375	89.8051724137931	93.91990220048899	93.9903867403315	88.97666666666666	93.75289473684212	94.06479452054795	0.2349543	0.32371813	0.5888393	0.26123846	0.13225211	2.5390205	2.1610987	2.9729433	0.425889	1.8636692	0.63241875	1.1112053	../../benchmark_data/class-i/pdb/8wte_pmhc_tcr.pdb	../pred_pdb/intellifold2/pmhc_tcr/classI/classI_v2_with_template/ranked_2/8wte_pmhc_tcr.pdb	after	ranked_2
167	8wul	0.589	0.467	1.842	2.794	88.81181818181818	89.52111111111111	86.46076923076923	89.529	79.279	82.69062500000001	84.3806896551724	91.56493887530561	91.98381215469612	86.88000000000001	91.74205263157894	91.41127853881278	0.48261556	0.38069937	0.79961807	0.2160487	0.16655493	2.6414518	2.5737576	1.3141925	0.2980233	2.038164	0.6041394	1.2432112	../../benchmark_data/class-i/pdb/8wul_pmhc_tcr.pdb	../pred_pdb/intellifold2/pmhc_tcr/classI/classI_v2_with_template/ranked_2/8wul_pmhc_tcr.pdb	after	ranked_2
168	6zkw	0.486	0.621	2.306	7.86	89.31090909090909	90.43100000000001	85.04923076923076	91.99100000000001	84.449	81.356875	83.01206896551724	92.41799511002445	92.87583333333335	88.59555555555556	92.67201058201059	92.19977272727272	0.31058028	0.21949391	0.9345571	0.22684601	0.18605003	0.8837275	1.1820316	2.7221365	0.5133788	0.3335226	0.50788295	0.9238314	../../benchmark_data/class-i/pdb/6zkw_pmhc_tcr.pdb	../pred_pdb/intellifold2/pmhc_tcr/classI/classI_v2_with_template/ranked_3/6zkw_pmhc_tcr.pdb	after	ranked_3
169	6zkx	0.198	0.203	5.471	12.396	88.29545454545456	90.16499999999999	86.07615384615383	91.154	84.939	77.44375	81.31344827586207	90.68034063260342	89.88927374301676	78.74666666666667	89.18921465968586	91.9749090909091	0.31217474	0.17725599	0.9727631	0.22387785	0.14871387	0.6141281	1.4911444	6.1596355	1.6642984	0.9770761	1.6638765	1.3122926	../../benchmark_data/class-i/pdb/6zkx_pmhc_tcr.pdb	../pred_pdb/intellifold2/pmhc_tcr/classI/classI_v2_with_template/ranked_3/6zkx_pmhc_tcr.pdb	after	ranked_3
170	6zky	0.475	0.547	2.68	6.395	93.53272727272726	93.065	93.92461538461538	95.64099999999999	94.47	85.453125	89.25068965517245	95.0097794117647	95.12244444444445	93.86500000000001	95.06893617021277	94.95922727272729	0.36584938	0.32356617	1.0512382	0.20748572	0.21059434	1.2082229	1.783024	2.7817469	0.65870404	2.4004853	0.93546635	1.0160176	../../benchmark_data/class-i/pdb/6zky_pmhc_tcr.pdb	../pred_pdb/intellifold2/pmhc_tcr/classI/classI_v2_with_template/ranked_3/6zky_pmhc_tcr.pdb	after	ranked_3
171	6zkz	0.52	0.525	2.286	5.134	93.7781818181818	93.144	93.79230769230769	95.455	94.54	83.739375	88.24586206896552	95.01786764705882	95.25622222222222	93.57249999999999	95.18457446808509	94.8754090909091	0.3557995	0.19306025	0.94051033	0.18933818	0.16060734	0.9462188	1.6727623	2.176553	0.67815644	2.3812938	0.9240297	1.0772204	../../benchmark_data/class-i/pdb/6zkz_pmhc_tcr.pdb	../pred_pdb/intellifold2/pmhc_tcr/classI/classI_v2_with_template/ranked_3/6zkz_pmhc_tcr.pdb	after	ranked_3
172	7dzm	0.42	0.372	2.801	6.012	82.01333333333334	85.69875	69.83266666666668	87.89200000000001	80.8609090909091	82.34166666666667	75.39222222222223	89.89391625615764	90.59038888888888	84.92999999999999	90.32084656084656	89.5220737327189	0.23065719	0.1372919	3.1709785	0.23868759	0.26935425	0.4551449	2.8104897	2.5147655	0.75578654	0.56131136	0.7563336	1.4781034	../../benchmark_data/class-i/pdb/7dzm_pmhc_tcr.pdb	../pred_pdb/intellifold2/pmhc_tcr/classI/classI_v2_with_template/ranked_3/7dzm_pmhc_tcr.pdb	after	ranked_3
173	7dzn	0.903	0.905	0.669	1.451	93.89416666666666	96.19	93.324	97.009	95.71454545454544	95.62833333333333	94.34814814814814	96.54814814814814	96.95782122905027	95.9188888888889	96.90808510638298	96.23631336405529	0.17563216	0.17720525	1.0837615	0.20634563	0.3348549	0.19602771	0.90644103	0.8137238	0.4423406	0.17447215	0.43901977	0.6144683	../../benchmark_data/class-i/pdb/7dzn_pmhc_tcr.pdb	../pred_pdb/intellifold2/pmhc_tcr/classI/classI_v2_with_template/ranked_3/7dzn_pmhc_tcr.pdb	after	ranked_3
174	7l1d	0.462	0.419	3.568	4.008	83.95545454545454	86.20333333333333	75.5153846153846	85.967	85.52	60.8878947368421	66.83031249999999	90.20202933985331	93.27955801104972	79.37444444444445	92.62089473684212	88.10347031963468	0.5910005	0.28758007	0.81001824	0.30493075	0.26224008	3.6913486	5.1091714	2.710535	0.7535886	0.8244889	0.7726265	2.9081569	../../benchmark_data/class-i/pdb/7l1d_pmhc_tcr.pdb	../pred_pdb/intellifold2/pmhc_tcr/classI/classI_v2_with_template/ranked_3/7l1d_pmhc_tcr.pdb	after	ranked_3
175	7n2n	0.038	0.0	17.102	24.609	87.61090909090909	89.73299999999999	82.21882352941178	93.337	86.56	80.04666666666665	81.200625	92.72467312348668	94.28900552486186	95.57444444444444	94.34989473684212	91.33995515695068	0.8501269	0.30817768	1.2885402	0.19573146	0.15618517	1.4468654	2.2894778	19.058268	0.33877438	0.1534401	0.3411111	1.4043385	../../benchmark_data/class-i/pdb/7n2n_pmhc_tcr.pdb	../pred_pdb/intellifold2/pmhc_tcr/classI/classI_v2_with_template/ranked_3/7n2n_pmhc_tcr.pdb	after	ranked_3
176	7n2o	0.105	0.017	7.29	14.392	86.11272727272727	86.76500000000001	83.1029411764706	89.197	85.87500000000001	74.35733333333334	79.00343749999999	91.78665859564164	93.4097237569061	90.3111111111111	93.26294736842105	90.52883408071747	0.44766077	0.30513895	1.6057966	0.18482053	0.1695655	1.1703683	1.9460039	21.129652	0.34978998	1.4024136	0.47728315	1.1938537	../../benchmark_data/class-i/pdb/7n2o_pmhc_tcr.pdb	../pred_pdb/intellifold2/pmhc_tcr/classI/classI_v2_with_template/ranked_3/7n2o_pmhc_tcr.pdb	after	ranked_3
177	7n2p	0.118	0.016	7.481	12.958	79.14363636363636	82.45700000000001	74.38363636363637	82.986	81.733	69.16733333333335	71.37423076923076	89.83611793611793	92.33270718232045	90.20444444444445	92.2318947368421	87.73843317972351	0.35013166	0.33533007	1.3730279	0.18065637	0.13096584	2.0782247	2.4430625	6.9892817	0.39227536	0.2838934	0.39497265	1.4394228	../../benchmark_data/class-i/pdb/7n2p_pmhc_tcr.pdb	../pred_pdb/intellifold2/pmhc_tcr/classI/classI_v2_with_template/ranked_3/7n2p_pmhc_tcr.pdb	after	ranked_3
178	7n2q	0.038	0.0	15.326	25.001	77.49636363636364	79.63899999999998	72.64999999999999	83.715	82.664	68.46466666666667	70.23538461538462	89.35164619164618	92.04486187845305	87.78444444444443	91.84305263157894	87.17023041474654	0.22416681	0.40146005	1.1976708	0.23941483	0.14566676	0.6377383	2.51231	17.334139	0.39437175	0.5417638	0.40636837	2.0484028	../../benchmark_data/class-i/pdb/7n2q_pmhc_tcr.pdb	../pred_pdb/intellifold2/pmhc_tcr/classI/classI_v2_with_template/ranked_3/7n2q_pmhc_tcr.pdb	after	ranked_3
179	7n2r	0.042	0.0	15.747	23.51	77.69545454545455	80.17999999999999	71.68636363636364	82.45899999999999	81.29499999999999	66.52933333333334	68.71115384615385	89.02324324324326	91.78403314917126	88.52666666666667	91.62973684210525	86.74105990783409	0.38671514	0.2825429	0.82185787	0.15320164	0.1586093	1.9356235	2.384374	16.926723	0.3799843	0.2149808	0.37796178	1.1050066	../../benchmark_data/class-i/pdb/7n2r_pmhc_tcr.pdb	../pred_pdb/intellifold2/pmhc_tcr/classI/classI_v2_with_template/ranked_3/7n2r_pmhc_tcr.pdb	after	ranked_3
180	7n2s	0.793	0.727	1.029	1.425	91.02090909090909	92.036	86.3625	95.593	93.421	90.93799999999997	88.57645161290323	94.91432038834952	96.17983425414364	94.27444444444444	96.08957894736841	93.90846846846847	1.263165	0.33025962	1.0613394	0.5839873	0.15794007	0.4916126	1.2502713	0.89548534	0.3651817	0.24926595	0.3709931	0.9653412	../../benchmark_data/class-i/pdb/7n2s_pmhc_tcr.pdb	../pred_pdb/intellifold2/pmhc_tcr/classI/classI_v2_with_template/ranked_3/7n2s_pmhc_tcr.pdb	after	ranked_3
181	7n4k	0.835	0.945	1.117	2.578	93.72083333333335	94.15375	91.59230769230771	95.933	94.457	94.4709090909091	92.91166666666668	95.91284999999999	95.94158192090393	96.326	95.96213903743315	95.86957746478873	0.11088566	0.7281357	0.5133706	0.43493822	0.1451577	0.28160504	0.45998293	1.3833042	1.5748979	0.22151546	1.5362428	0.68167466	../../benchmark_data/class-i/pdb/7n4k_pmhc_tcr.pdb	../pred_pdb/intellifold2/pmhc_tcr/classI/classI_v2_with_template/ranked_3/7n4k_pmhc_tcr.pdb	after	ranked_3
182	7n5c	0.855	0.877	0.859	2.265	89.6925	92.17625000000001	82.11538461538461	94.07000000000001	91.041	91.82818181818182	86.56708333333331	93.95042079207921	93.95397790055247	92.417	93.87350785340315	94.0193896713615	0.18656157	0.24146983	0.8389579	0.40434104	0.11087622	0.32025298	0.76776224	1.239673	0.7176867	0.22224376	0.7015984	0.8962665	../../benchmark_data/class-i/pdb/7n5c_pmhc_tcr.pdb	../pred_pdb/intellifold2/pmhc_tcr/classI/classI_v2_with_template/ranked_3/7n5c_pmhc_tcr.pdb	after	ranked_3
183	7n5p	0.817	0.881	1.064	2.755	94.5175	94.8275	94.13384615384615	96.562	95.348	95.40727272727273	94.71750000000002	96.47756892230578	96.54267045454547	97.167	96.57623655913979	96.39140845070423	0.1238088	0.3045394	0.4585215	0.4260923	0.1413178	0.19293089	0.4031775	1.310748	1.2713218	0.24405399	1.2434384	0.55480707	../../benchmark_data/class-i/pdb/7n5p_pmhc_tcr.pdb	../pred_pdb/intellifold2/pmhc_tcr/classI/classI_v2_with_template/ranked_3/7n5p_pmhc_tcr.pdb	after	ranked_3
184	7na5	0.287	0.224	3.806	8.474	94.62727272727274	96.37	91.4718181818182	95.87199999999999	91.134	94.72466666666666	93.34846153846155	94.86434567901235	94.1377777777778	95.79666666666667	94.2167724867725	95.43097222222224	0.5675763	0.21709472	0.79773563	0.2329	0.33908188	0.3592284	0.8077279	4.014692	1.6537461	0.33525172	1.6181754	0.61076367	../../benchmark_data/class-i/pdb/7na5_pmhc_tcr.pdb	../pred_pdb/intellifold2/pmhc_tcr/classI/classI_v2_with_template/ranked_3/7na5_pmhc_tcr.pdb	after	ranked_3
185	7ndq	0.593	0.633	1.953	4.582	88.57416666666666	87.92375	81.194	92.625	91.31636363636363	82.92153846153846	81.99607142857143	92.87973039215684	93.32154696132596	88.47888888888889	93.09215789473686	92.69458715596329	0.4120338	0.403094	0.6763717	0.30448297	0.37736776	1.6211659	1.5835257	1.9072535	1.0803618	2.1674798	1.1958365	0.93091446	../../benchmark_data/class-i/pdb/7ndq_pmhc_tcr.pdb	../pred_pdb/intellifold2/pmhc_tcr/classI/classI_v2_with_template/ranked_3/7ndq_pmhc_tcr.pdb	after	ranked_3
186	7ndt	0.653	0.557	1.481	2.905	83.88166666666667	88.1625	79.43000000000002	94.34200000000001	89.65999999999998	88.35416666666664	83.54884615384616	92.97883663366338	93.10877777777776	87.85249999999999	92.88510638297873	93.06041666666667	0.27226254	0.21741003	0.69978076	0.13350433	0.22004896	1.159168	1.0537791	1.556048	0.8409616	2.1231766	1.0072529	0.70721567	../../benchmark_data/class-i/pdb/7ndt_pmhc_tcr.pdb	../pred_pdb/intellifold2/pmhc_tcr/classI/classI_v2_with_template/ranked_3/7ndt_pmhc_tcr.pdb	after	ranked_3
187	7ndu	0.564	0.662	2.24	5.295	88.73916666666668	89.06	77.20666666666666	94.44299999999998	92.46181818181819	82.59692307692308	79.70928571428571	92.35800982800983	92.66071823204422	82.375	92.22534391534394	92.4730275229358	0.4797611	0.51656824	1.1381134	0.26634166	0.32054076	1.3887646	1.6311245	2.2236156	1.3122064	1.6275426	1.4262578	0.86089146	../../benchmark_data/class-i/pdb/7ndu_pmhc_tcr.pdb	../pred_pdb/intellifold2/pmhc_tcr/classI/classI_v2_with_template/ranked_3/7ndu_pmhc_tcr.pdb	after	ranked_3
188	7nme	0.558	0.6	2.122	5.04	89.13454545454546	92.039	90.2476923076923	94.73800000000001	91.52272727272727	93.38636363636364	91.68625000000002	94.56167901234569	95.3431491712707	90.73777777777778	95.125	94.06386046511629	0.39834458	0.19451608	0.53876466	0.27438432	0.18454383	0.51780176	0.65741915	2.594479	0.4674572	0.20492688	0.46253452	0.9177015	../../benchmark_data/class-i/pdb/7nme_pmhc_tcr.pdb	../pred_pdb/intellifold2/pmhc_tcr/classI/classI_v2_with_template/ranked_3/7nme_pmhc_tcr.pdb	after	ranked_3
189	7nmf	0.56	0.606	2.151	4.96	89.13454545454546	92.039	90.2476923076923	94.73800000000001	91.52272727272727	93.38636363636364	91.68625000000002	94.56167901234569	95.3431491712707	90.73777777777778	95.125	94.06386046511629	0.40146667	0.16011286	0.59722245	0.16778678	0.19422378	0.5040452	0.7215957	2.5114412	0.41596004	0.29864874	0.41549096	0.85155094	../../benchmark_data/class-i/pdb/7nmf_pmhc_tcr.pdb	../pred_pdb/intellifold2/pmhc_tcr/classI/classI_v2_with_template/ranked_3/7nmf_pmhc_tcr.pdb	after	ranked_3
190	7nmg	0.583	0.611	2.055	4.379	88.09454545454545	91.358	88.47076923076922	94.32399999999998	90.55727272727273	92.59727272727272	90.36208333333333	94.05422222222224	94.9282872928177	88.11888888888889	94.60573684210526	93.56683720930234	0.28217933	0.13304971	0.6947467	0.283408	0.1715147	0.5231934	0.81756353	2.374967	0.49634755	0.581024	0.5063704	0.7951511	../../benchmark_data/class-i/pdb/7nmg_pmhc_tcr.pdb	../pred_pdb/intellifold2/pmhc_tcr/classI/classI_v2_with_template/ranked_3/7nmg_pmhc_tcr.pdb	after	ranked_3
191	7ow5	0.677	0.719	1.609	3.607	90.35000000000001	83.88363636363636	84.12875	91.68800000000002	91.15400000000001	77.655	80.891875	93.01318072289158	94.78616666666667	82.24999999999999	94.12636842105265	92.07315555555556	0.34510204	1.2318447	0.6654297	0.25365356	0.20962161	2.0829039	2.0079045	1.6068877	0.36691505	1.7449608	0.55741113	1.0897721	../../benchmark_data/class-i/pdb/7ow5_pmhc_tcr.pdb	../pred_pdb/intellifold2/pmhc_tcr/classI/classI_v2_with_template/ranked_3/7ow5_pmhc_tcr.pdb	after	ranked_3
192	7ow6	0.691	0.692	1.355	3.856	90.76333333333332	85.16545454545457	83.638125	92.156	91.22	80.1975	81.9178125	93.43649038461538	95.1585082872928	84.39500000000001	94.59497382198953	92.45306666666664	0.27241883	0.37124833	0.88580245	0.21927786	0.35607633	0.664723	1.1378448	1.8242362	0.3352322	1.6198256	0.5149803	1.0529748	../../benchmark_data/class-i/pdb/7ow6_pmhc_tcr.pdb	../pred_pdb/intellifold2/pmhc_tcr/classI/classI_v2_with_template/ranked_3/7ow6_pmhc_tcr.pdb	after	ranked_3
193	7pb2	0.245	0.18	5.182	8.899	88.61666666666667	81.1490909090909	74.56437500000001	91.027	87.928	79.7125	77.1384375	92.2261686746988	94.61411111111111	79.72	93.83021052631578	90.87164444444446	0.32976633	1.5264659	2.4124181	0.17022268	0.12756535	2.7717333	3.0437465	19.676498	0.40186703	2.0572386	0.6391443	1.804395	../../benchmark_data/class-i/pdb/7pb2_pmhc_tcr.pdb	../pred_pdb/intellifold2/pmhc_tcr/classI/classI_v2_with_template/ranked_3/7pb2_pmhc_tcr.pdb	after	ranked_3
194	7pbe	0.808	0.883	1.2	2.331	96.23181818181818	93.27	96.25916666666666	95.59799999999998	95.5281818181818	94.91846153846154	95.56199999999998	96.38224691358025	96.91005524861879	96.39777777777778	96.88578947368423	95.9372558139535	0.46363688	0.97288024	0.28524032	0.47814968	0.2303399	0.50142795	0.6392515	1.1949528	0.66771215	0.12922025	0.653344	0.92722076	../../benchmark_data/class-i/pdb/7pbe_pmhc_tcr.pdb	../pred_pdb/intellifold2/pmhc_tcr/classI/classI_v2_with_template/ranked_3/7pbe_pmhc_tcr.pdb	after	ranked_3
195	7phr	0.901	0.805	0.463	1.045	94.601	95.32999999999998	94.69727272727273	96.30300000000001	95.273	97.06384615384617	95.97916666666667	96.204925	96.91933701657459	94.49111111111112	96.80431578947368	95.66261904761906	0.20463692	0.26810873	0.44520622	0.19550592	0.36971155	0.1771417	0.35588095	0.7189144	0.38747683	0.63050866	0.408599	0.66591275	../../benchmark_data/class-i/pdb/7phr_pmhc_tcr.pdb	../pred_pdb/intellifold2/pmhc_tcr/classI/classI_v2_with_template/ranked_3/7phr_pmhc_tcr.pdb	after	ranked_3
196	7q99	0.853	0.849	0.852	1.878	94.23636363636363	94.53777777777779	89.76363636363637	91.94999999999999	88.24333333333333	86.47666666666666	87.8673076923077	94.62402948402949	96.31193370165745	94.217	96.20225130890051	93.22847222222221	0.36506593	0.27083498	0.30946183	0.35106245	0.25330153	1.0827298	0.96195626	0.88486946	0.4031617	0.32203662	0.40276963	0.8081807	../../benchmark_data/class-i/pdb/7q99_pmhc_tcr.pdb	../pred_pdb/intellifold2/pmhc_tcr/classI/classI_v2_with_template/ranked_3/7q99_pmhc_tcr.pdb	after	ranked_3
197	7q9a	0.742	0.76	1.227	3.31	96.6409090909091	96.69555555555556	92.2309090909091	93.18727272727273	90.36333333333334	92.05600000000001	92.13000000000002	95.51584766584766	96.80469613259669	95.494	96.73607329842932	94.43685185185186	0.2705302	0.23041752	1.0179874	0.28279018	0.24818693	0.21057253	0.83526194	1.3535236	0.33943763	0.23631875	0.33800137	0.6587648	../../benchmark_data/class-i/pdb/7q9a_pmhc_tcr.pdb	../pred_pdb/intellifold2/pmhc_tcr/classI/classI_v2_with_template/ranked_3/7q9a_pmhc_tcr.pdb	after	ranked_3
198	7q9b	0.478	0.5	2.643	5.709	91.94454545454545	95.17777777777779	83.44	90.99600000000001	88.659	75.598125	78.21208333333333	93.7319012345679	95.87491712707183	92.316	95.68858638743454	91.98551401869157	0.47296345	0.26137534	1.4867657	0.30779654	0.2971133	1.5768989	2.3881104	2.8082027	0.60138875	0.31784415	0.59612167	1.3528901	../../benchmark_data/class-i/pdb/7q9b_pmhc_tcr.pdb	../pred_pdb/intellifold2/pmhc_tcr/classI/classI_v2_with_template/ranked_3/7q9b_pmhc_tcr.pdb	after	ranked_3
199	7qpj	0.869	0.739	0.566	0.74	97.46636363636362	98.05888888888889	97.52076923076923	96.23800000000001	95.265	97.16818181818181	97.35916666666667	97.39243176178661	97.48555555555555	97.13	97.46862433862434	97.3251401869159	0.21675225	0.34817633	0.18972126	0.20757322	0.105952956	0.5669788	0.7062032	0.72885895	0.34902567	0.24430889	0.35347754	0.8437621	../../benchmark_data/class-i/pdb/7qpj_pmhc_tcr.pdb	../pred_pdb/intellifold2/pmhc_tcr/classI/classI_v2_with_template/ranked_3/7qpj_pmhc_tcr.pdb	after	ranked_3
200	7r80	0.649	0.597	1.476	3.678	77.18545454545455	88.139	87.32076923076923	92.807	92.769	87.30133333333333	87.31035714285716	93.48217603911982	95.2349723756906	89.35555555555555	94.95647368421051	92.20310502283105	1.8467615	0.5306743	0.36071378	0.21322158	0.27161178	0.6122577	0.75949013	1.7967087	0.6930716	0.7183855	0.6987832	1.0456542	../../benchmark_data/class-i/pdb/7r80_pmhc_tcr.pdb	../pred_pdb/intellifold2/pmhc_tcr/classI/classI_v2_with_template/ranked_3/7r80_pmhc_tcr.pdb	after	ranked_3
201	7rk7	0.054	0.045	12.579	24.95	76.83083333333333	81.3075	51.8	83.56800000000001	80.436	58.463	55.501666666666665	86.9572530120482	90.8647513812155	86.23444444444443	90.64542105263156	83.84279999999998	0.35230783	0.67318743	3.8217404	0.41768518	0.24651878	4.8586183	5.946112	18.216389	0.56372786	0.68945634	0.5745594	2.656101	../../benchmark_data/class-i/pdb/7rk7_pmhc_tcr.pdb	../pred_pdb/intellifold2/pmhc_tcr/classI/classI_v2_with_template/ranked_3/7rk7_pmhc_tcr.pdb	after	ranked_3
202	7rm4	0.504	0.604	2.688	5.974	81.82454545454546	86.18699999999998	74.75416666666666	91.881	85.88000000000001	82.84066666666668	79.24666666666666	92.49317848410756	94.30955801104972	89.59333333333332	94.08615789473684	91.11114155251143	0.3991959	0.5589085	0.7797144	0.14588673	0.17918116	2.158356	2.305168	2.9157531	0.35127056	0.45634922	0.361026	1.396437	../../benchmark_data/class-i/pdb/7rm4_pmhc_tcr.pdb	../pred_pdb/intellifold2/pmhc_tcr/classI/classI_v2_with_template/ranked_3/7rm4_pmhc_tcr.pdb	after	ranked_3
203	7rrg	0.043	0.0	15.241	23.02	81.31833333333333	83.92875000000001	65.94866666666665	86.77199999999999	80.77727272727272	79.14214285714286	72.31793103448275	90.06599022004889	91.11668508287292	80.29111111111109	90.60389473684211	89.59931506849315	0.42672515	0.25218505	2.6863427	0.16151066	0.37762105	0.3025771	2.1348584	17.1756	0.5472325	0.61969227	0.56001556	0.9437262	../../benchmark_data/class-i/pdb/7rrg_pmhc_tcr.pdb	../pred_pdb/intellifold2/pmhc_tcr/classI/classI_v2_with_template/ranked_3/7rrg_pmhc_tcr.pdb	after	ranked_3
204	7rtr	0.525	0.556	2.124	5.74	85.80636363636364	88.00555555555555	82.34272727272729	89.39200000000001	86.15727272727273	85.63272727272727	83.98772727272727	93.07449631449632	93.90718232044199	86.78888888888889	93.57	92.64064516129034	0.34534475	0.2546453	0.9106287	0.27471143	0.20559491	0.6781001	1.1308476	2.2323925	0.38514927	0.29681486	0.3874504	1.0522629	../../benchmark_data/class-i/pdb/7rtr_pmhc_tcr.pdb	../pred_pdb/intellifold2/pmhc_tcr/classI/classI_v2_with_template/ranked_3/7rtr_pmhc_tcr.pdb	after	ranked_3
205	7su9	0.4	0.31	2.693	6.204	88.21583333333332	92.1575	78.57466666666667	91.941	90.31400000000001	78.79599999999999	78.68533333333335	93.37789215686274	94.38233333333334	89.73333333333333	94.16095238095237	92.70210045662101	0.4213582	0.26348487	2.8150475	0.19668531	0.17150961	2.2459888	2.7888255	3.1106226	0.5383399	0.18279827	0.5289301	1.4203225	../../benchmark_data/class-i/pdb/7su9_pmhc_tcr.pdb	../pred_pdb/intellifold2/pmhc_tcr/classI/classI_v2_with_template/ranked_3/7su9_pmhc_tcr.pdb	after	ranked_3
206	8cx4	0.839	0.864	0.933	2.32	95.0	93.14900000000002	90.57941176470588	96.279	94.887	93.12400000000002	91.7721875	95.90285714285716	96.80154696132595	96.0611111111111	96.76647368421051	95.1670403587444	0.22545591	0.27329394	0.44968593	0.27151763	0.18908519	0.6088294	0.6790742	1.152605	0.39557746	0.30350918	0.39955354	0.6439842	../../benchmark_data/class-i/pdb/8cx4_pmhc_tcr.pdb	../pred_pdb/intellifold2/pmhc_tcr/classI/classI_v2_with_template/ranked_3/8cx4_pmhc_tcr.pdb	after	ranked_3
207	8d5q	0.726	0.642	1.238	2.101	90.12545454545453	94.662	78.18437500000002	93.41090909090909	93.63181818181819	90.91	84.34193548387097	94.60497549019608	95.15215909090911	90.60499999999999	94.90768817204302	94.35135135135135	0.49049196	0.18177754	1.8796161	0.19490427	0.2624534	0.20998056	1.5748595	1.2358373	0.71897286	0.59038526	0.72300667	0.8958245	../../benchmark_data/class-i/pdb/8d5q_pmhc_tcr.pdb	../pred_pdb/intellifold2/pmhc_tcr/classI/classI_v2_with_template/ranked_3/8d5q_pmhc_tcr.pdb	after	ranked_3
208	8dnt	0.768	0.753	1.091	2.871	96.10727272727273	97.24111111111112	90.40750000000001	95.66900000000001	89.52090909090909	93.06285714285715	91.83730769230769	95.65169533169535	96.50475138121547	93.42888888888889	96.35905263157895	95.03235023041475	0.46623302	0.34620565	0.59424144	0.4450549	0.6736145	0.6299144	1.1033161	1.520876	0.73561966	0.6825116	0.75307584	1.1805146	../../benchmark_data/class-i/pdb/8dnt_pmhc_tcr.pdb	../pred_pdb/intellifold2/pmhc_tcr/classI/classI_v2_with_template/ranked_3/8dnt_pmhc_tcr.pdb	after	ranked_3
209	8en8	0.657	0.658	1.512	3.998	86.86727272727272	90.804	69.21785714285714	85.7	85.81416666666667	71.37133333333333	70.33172413793103	91.84759708737862	94.32922222222223	86.87333333333333	93.97417989417991	90.0452466367713	0.5367973	0.19348384	1.3316852	0.29453644	0.42146027	1.503314	1.5858687	1.818087	0.4935552	0.458598	0.4996116	0.9109177	../../benchmark_data/class-i/pdb/8en8_pmhc_tcr.pdb	../pred_pdb/intellifold2/pmhc_tcr/classI/classI_v2_with_template/ranked_3/8en8_pmhc_tcr.pdb	after	ranked_3
210	8enh	0.585	0.654	1.951	5.183	86.16727272727273	90.00800000000001	69.52499999999999	85.21545454545456	85.83749999999999	69.356	69.43758620689655	91.57673965936738	94.15625698324023	86.93222222222222	93.8104255319149	89.69363228699552	0.37943205	0.14130938	2.4522314	0.3281812	0.38656896	1.7303551	2.3851728	2.3872283	0.54516387	0.39964214	0.5398611	1.4939255	../../benchmark_data/class-i/pdb/8enh_pmhc_tcr.pdb	../pred_pdb/intellifold2/pmhc_tcr/classI/classI_v2_with_template/ranked_3/8enh_pmhc_tcr.pdb	after	ranked_3
211	8eo8	0.614	0.73	1.849	5.353	85.69545454545454	89.19800000000001	68.27857142857142	83.72636363636364	85.11916666666666	68.99266666666666	68.64793103448275	90.92778588807788	93.72754189944136	85.54333333333334	93.33574468085108	88.89775784753365	0.48802862	0.15169601	1.8468047	0.35123342	0.24831653	1.6371826	2.0651362	2.4119434	0.62103426	0.61634266	0.62383133	1.4126848	../../benchmark_data/class-i/pdb/8eo8_pmhc_tcr.pdb	../pred_pdb/intellifold2/pmhc_tcr/classI/classI_v2_with_template/ranked_3/8eo8_pmhc_tcr.pdb	after	ranked_3
212	8f5a	0.291	0.3	3.594	9.872	86.11363636363636	86.453	79.11866666666667	87.241	85.25200000000001	82.6675	80.69592592592592	91.89665036674816	93.13116022099446	86.702	92.794554973822	91.10995412844038	0.27030256	2.162627	1.6726685	0.30995283	0.2734512	1.5807804	2.4319906	3.7411823	0.31392437	1.3721575	0.45431322	1.4325114	../../benchmark_data/class-i/pdb/8f5a_pmhc_tcr.pdb	../pred_pdb/intellifold2/pmhc_tcr/classI/classI_v2_with_template/ranked_3/8f5a_pmhc_tcr.pdb	after	ranked_3
213	8gom	0.462	0.438	2.236	6.382	82.26916666666666	80.2188888888889	79.78636363636362	86.751	84.88636363636363	73.82866666666668	76.34923076923077	91.00414634146341	92.74679558011049	83.27666666666669	92.29821052631578	89.88654545454546	0.35732394	0.2510391	1.012489	0.14341272	0.28922522	1.4361141	1.6183524	2.1436903	0.3931429	0.7358927	0.42416787	0.8230482	../../benchmark_data/class-i/pdb/8gom_pmhc_tcr.pdb	../pred_pdb/intellifold2/pmhc_tcr/classI/classI_v2_with_template/ranked_3/8gom_pmhc_tcr.pdb	after	ranked_3
214	8gon	0.045	0.0	14.438	22.413	82.59083333333332	81.81	79.46363636363637	87.90599999999999	84.26454545454546	75.466	77.15730769230768	91.23556097560976	92.77751381215468	89.28222222222222	92.61194736842104	90.04686363636364	0.5154723	0.3527065	0.78253376	0.2759994	0.23398624	1.5439305	1.5002697	20.543047	0.34150144	0.42131177	0.3513812	0.91155815	../../benchmark_data/class-i/pdb/8gon_pmhc_tcr.pdb	../pred_pdb/intellifold2/pmhc_tcr/classI/classI_v2_with_template/ranked_3/8gon_pmhc_tcr.pdb	after	ranked_3
215	8gvb	0.789	0.788	1.088	2.462	82.93818181818182	91.31	84.11928571428572	93.579	92.6809090909091	84.09266666666666	84.1055172413793	93.70568292682927	95.52949999999998	92.86625	95.41617021276599	92.25716216216216	1.6537892	0.82772887	0.70934963	0.38753483	0.6459795	0.97775716	1.0070248	1.1658552	0.5344573	0.39923337	0.542008	1.1187013	../../benchmark_data/class-i/pdb/8gvb_pmhc_tcr.pdb	../pred_pdb/intellifold2/pmhc_tcr/classI/classI_v2_with_template/ranked_3/8gvb_pmhc_tcr.pdb	after	ranked_3
216	8gvg	0.802	0.806	1.082	2.107	84.39818181818183	93.12818181818183	88.6257142857143	96.15799999999999	95.01454545454544	92.41066666666669	90.58344827586207	95.00919708029197	96.29723756906078	94.965	96.24084656084658	93.96063063063065	1.3255589	0.91998315	0.740675	0.5146555	0.67220634	0.45169872	0.7182419	0.9735387	0.670444	0.4139074	0.6717258	0.9142752	../../benchmark_data/class-i/pdb/8gvg_pmhc_tcr.pdb	../pred_pdb/intellifold2/pmhc_tcr/classI/classI_v2_with_template/ranked_3/8gvg_pmhc_tcr.pdb	after	ranked_3
217	8gvi	0.789	0.809	1.164	2.255	82.38181818181819	90.72000000000001	85.95785714285715	94.966	93.45181818181818	85.594	85.76965517241379	94.02345498783455	95.67011049723757	92.9675	95.55571428571427	92.71896396396397	1.5687436	0.879333	0.6051571	0.54937065	0.36495832	1.0696858	1.1158652	1.1732615	0.61627626	0.37481403	0.6153706	1.2436914	../../benchmark_data/class-i/pdb/8gvi_pmhc_tcr.pdb	../pred_pdb/intellifold2/pmhc_tcr/classI/classI_v2_with_template/ranked_3/8gvi_pmhc_tcr.pdb	after	ranked_3
218	8i5c	0.036	0.0	13.391	26.127	85.64	84.39555555555555	84.92250000000001	89.99	86.684	84.27307692307691	84.5848	92.79711111111112	93.02392265193372	84.45111111111112	92.61784210526315	92.95553488372093	0.2654593	0.32809225	0.26959828	0.25655124	0.3300637	1.3835912	1.4899116	14.464673	0.37331575	1.9131378	0.5976068	0.8255982	../../benchmark_data/class-i/pdb/8i5c_pmhc_tcr.pdb	../pred_pdb/intellifold2/pmhc_tcr/classI/classI_v2_with_template/ranked_3/8i5c_pmhc_tcr.pdb	after	ranked_3
219	8i5d	0.436	0.407	2.356	6.75	87.127	91.25800000000001	85.86583333333333	94.19399999999999	89.79363636363637	88.06133333333334	87.08555555555557	94.1369801980198	95.08524861878453	89.11888888888888	94.80263157894737	93.5459813084112	0.24677657	0.15415542	1.2366729	0.34920663	0.27892795	1.2676809	1.4668362	2.5838072	0.4076724	1.9807384	0.6252336	1.1987382	../../benchmark_data/class-i/pdb/8i5d_pmhc_tcr.pdb	../pred_pdb/intellifold2/pmhc_tcr/classI/classI_v2_with_template/ranked_3/8i5d_pmhc_tcr.pdb	after	ranked_3
220	8qfy	0.884	0.803	0.588	1.11	94.50545454545454	93.72	93.17083333333333	97.805	95.98	96.83916666666669	95.005	95.76254320987655	95.3246408839779	95.26777777777778	95.32194736842105	96.15190697674419	0.43119934	0.26343316	0.24001136	0.35560578	0.22004786	0.19607791	0.31470588	0.7515786	0.8504882	0.33858174	0.83526284	0.4880073	../../benchmark_data/class-i/pdb/8qfy_pmhc_tcr.pdb	../pred_pdb/intellifold2/pmhc_tcr/classI/classI_v2_with_template/ranked_3/8qfy_pmhc_tcr.pdb	after	ranked_3
221	8shi	0.28	0.375	3.712	12.298	87.499	92.81199999999998	67.45235294117646	91.263	86.20599999999999	83.10071428571428	74.51935483870967	92.06898514851486	93.76105555555559	81.76124999999999	93.2504255319149	91.04069444444445	0.486731	0.4084128	2.9806805	0.27831545	0.20038821	0.49904636	2.5101533	4.1014705	0.67033356	2.074776	0.82316476	1.616999	../../benchmark_data/class-i/pdb/8shi_pmhc_tcr.pdb	../pred_pdb/intellifold2/pmhc_tcr/classI/classI_v2_with_template/ranked_3/8shi_pmhc_tcr.pdb	after	ranked_3
222	8wte	0.265	0.215	3.35	10.124	91.41181818181818	91.33	91.43692307692308	92.18199999999999	90.11999999999999	88.479375	89.8051724137931	93.91990220048899	93.9903867403315	88.97666666666666	93.75289473684212	94.06479452054795	0.2205312	0.31362116	0.6342631	0.2939892	0.11705987	2.5297084	2.1662836	3.3098068	0.3391925	1.7990373	0.5886704	1.0681962	../../benchmark_data/class-i/pdb/8wte_pmhc_tcr.pdb	../pred_pdb/intellifold2/pmhc_tcr/classI/classI_v2_with_template/ranked_3/8wte_pmhc_tcr.pdb	after	ranked_3
223	8wul	0.622	0.55	1.868	2.414	88.81181818181818	89.52111111111111	86.46076923076923	89.529	79.279	82.69062500000001	84.3806896551724	91.56493887530561	91.98381215469612	86.88000000000001	91.74205263157894	91.41127853881278	0.47547784	0.26984078	0.7309368	0.21842815	0.1730653	2.6729538	2.6338162	1.3245113	0.4084011	2.042857	0.66277254	1.3221613	../../benchmark_data/class-i/pdb/8wul_pmhc_tcr.pdb	../pred_pdb/intellifold2/pmhc_tcr/classI/classI_v2_with_template/ranked_3/8wul_pmhc_tcr.pdb	after	ranked_3
224	6zkw	0.56	0.69	2.055	6.319	89.31090909090909	90.43100000000001	85.04923076923076	91.99100000000001	84.449	81.356875	83.01206896551724	92.41799511002445	92.87583333333335	88.59555555555556	92.67201058201059	92.19977272727272	0.32688266	0.26487142	0.8131808	0.23356733	0.1785341	0.7975103	1.0706831	2.3559332	0.6028673	0.309958	0.59637547	0.96059895	../../benchmark_data/class-i/pdb/6zkw_pmhc_tcr.pdb	../pred_pdb/intellifold2/pmhc_tcr/classI/classI_v2_with_template/ranked_4/6zkw_pmhc_tcr.pdb	after	ranked_4
225	6zkx	0.206	0.232	5.458	12.52	88.29545454545456	90.16499999999999	86.07615384615383	91.154	84.939	77.44375	81.31344827586207	90.68034063260342	89.88927374301676	78.74666666666667	89.18921465968586	91.9749090909091	0.28406554	0.1846017	0.88039607	0.18191896	0.13959688	0.5911252	1.3010033	6.2171097	1.6213433	1.0829666	1.6491807	1.3761448	../../benchmark_data/class-i/pdb/6zkx_pmhc_tcr.pdb	../pred_pdb/intellifold2/pmhc_tcr/classI/classI_v2_with_template/ranked_4/6zkx_pmhc_tcr.pdb	after	ranked_4
226	6zky	0.512	0.547	2.509	5.23	93.53272727272726	93.065	93.92461538461538	95.64099999999999	94.47	85.453125	89.25068965517245	95.0097794117647	95.12244444444445	93.86500000000001	95.06893617021277	94.95922727272729	0.36915258	0.3162863	1.0636938	0.20103703	0.20102146	1.211949	1.7953568	2.3778806	0.7749955	2.345508	1.0083953	1.0872338	../../benchmark_data/class-i/pdb/6zky_pmhc_tcr.pdb	../pred_pdb/intellifold2/pmhc_tcr/classI/classI_v2_with_template/ranked_4/6zky_pmhc_tcr.pdb	after	ranked_4
227	6zkz	0.487	0.525	2.448	6.074	93.7781818181818	93.144	93.79230769230769	95.455	94.54	83.739375	88.24586206896552	95.01786764705882	95.25622222222222	93.57249999999999	95.18457446808509	94.8754090909091	0.37926036	0.2226164	1.0005106	0.19702819	0.17358571	1.2849185	1.7592396	2.359385	0.7270003	2.3599582	0.9526094	1.0858289	../../benchmark_data/class-i/pdb/6zkz_pmhc_tcr.pdb	../pred_pdb/intellifold2/pmhc_tcr/classI/classI_v2_with_template/ranked_4/6zkz_pmhc_tcr.pdb	after	ranked_4
228	7dzm	0.122	0.186	6.838	21.585	82.01333333333334	85.69875	69.83266666666668	87.89200000000001	80.8609090909091	82.34166666666667	75.39222222222223	89.89391625615764	90.59038888888888	84.92999999999999	90.32084656084656	89.5220737327189	0.22875413	0.14909452	1.1988535	0.22143795	0.19191805	0.33901832	1.0832304	8.849602	0.7718425	0.72320604	0.783303	0.90347725	../../benchmark_data/class-i/pdb/7dzm_pmhc_tcr.pdb	../pred_pdb/intellifold2/pmhc_tcr/classI/classI_v2_with_template/ranked_4/7dzm_pmhc_tcr.pdb	after	ranked_4
229	7dzn	0.891	0.857	0.648	1.439	93.89416666666666	96.19	93.324	97.009	95.71454545454544	95.62833333333333	94.34814814814814	96.54814814814814	96.95782122905027	95.9188888888889	96.90808510638298	96.23631336405529	0.16384993	0.15609336	1.0922179	0.20366938	0.32152134	0.19610639	0.91986966	0.8084194	0.4336518	0.19747257	0.43177566	0.66274357	../../benchmark_data/class-i/pdb/7dzn_pmhc_tcr.pdb	../pred_pdb/intellifold2/pmhc_tcr/classI/classI_v2_with_template/ranked_4/7dzn_pmhc_tcr.pdb	after	ranked_4
230	7l1d	0.395	0.311	3.354	5.465	83.95545454545454	86.20333333333333	75.5153846153846	85.967	85.52	60.8878947368421	66.83031249999999	90.20202933985331	93.27955801104972	79.37444444444445	92.62089473684212	88.10347031963468	0.5744443	0.2600103	0.863665	0.3354784	0.2554823	3.527131	4.90523	2.624732	0.52059484	0.7348701	0.55998963	2.8630364	../../benchmark_data/class-i/pdb/7l1d_pmhc_tcr.pdb	../pred_pdb/intellifold2/pmhc_tcr/classI/classI_v2_with_template/ranked_4/7l1d_pmhc_tcr.pdb	after	ranked_4
231	7n2n	0.037	0.0	17.094	24.933	87.61090909090909	89.73299999999999	82.21882352941178	93.337	86.56	80.04666666666665	81.200625	92.72467312348668	94.28900552486186	95.57444444444444	94.34989473684212	91.33995515695068	0.38326538	0.2978665	1.3134925	0.20330933	0.16349661	1.3839989	2.165449	18.798725	0.40171608	0.15656596	0.40189698	1.311899	../../benchmark_data/class-i/pdb/7n2n_pmhc_tcr.pdb	../pred_pdb/intellifold2/pmhc_tcr/classI/classI_v2_with_template/ranked_4/7n2n_pmhc_tcr.pdb	after	ranked_4
232	7n2o	0.435	0.475	2.639	7.129	86.11272727272727	86.76500000000001	83.1029411764706	89.197	85.87500000000001	74.35733333333334	79.00343749999999	91.78665859564164	93.4097237569061	90.3111111111111	93.26294736842105	90.52883408071747	0.82326317	0.28361687	1.103795	0.20233162	0.14254864	0.8362275	1.5872327	2.9239275	0.33774	0.3823566	0.346535	1.2072479	../../benchmark_data/class-i/pdb/7n2o_pmhc_tcr.pdb	../pred_pdb/intellifold2/pmhc_tcr/classI/classI_v2_with_template/ranked_4/7n2o_pmhc_tcr.pdb	after	ranked_4
233	7n2p	0.126	0.032	7.046	12.87	79.14363636363636	82.45700000000001	74.38363636363637	82.986	81.733	69.16733333333335	71.37423076923076	89.83611793611793	92.33270718232045	90.20444444444445	92.2318947368421	87.73843317972351	0.51396805	0.37171227	1.0352272	0.18324141	0.13682702	2.2751088	2.5390954	6.346669	0.44222483	0.31143075	0.4526801	1.5851089	../../benchmark_data/class-i/pdb/7n2p_pmhc_tcr.pdb	../pred_pdb/intellifold2/pmhc_tcr/classI/classI_v2_with_template/ranked_4/7n2p_pmhc_tcr.pdb	after	ranked_4
234	7n2q	0.038	0.0	15.287	24.9	77.49636363636364	79.63899999999998	72.64999999999999	83.715	82.664	68.46466666666667	70.23538461538462	89.35164619164618	92.04486187845305	87.78444444444443	91.84305263157894	87.17023041474654	0.20544732	0.4224985	0.9856179	0.19587956	0.16536136	0.607321	2.645425	17.50997	0.45653316	0.53790355	0.46442524	2.7695935	../../benchmark_data/class-i/pdb/7n2q_pmhc_tcr.pdb	../pred_pdb/intellifold2/pmhc_tcr/classI/classI_v2_with_template/ranked_4/7n2q_pmhc_tcr.pdb	after	ranked_4
235	7n2r	0.036	0.0	16.038	25.551	77.69545454545455	80.17999999999999	71.68636363636364	82.45899999999999	81.29499999999999	66.52933333333334	68.71115384615385	89.02324324324326	91.78403314917126	88.52666666666667	91.62973684210525	86.74105990783409	0.3427754	0.2851772	0.70559925	0.13624148	0.19719584	0.6282463	2.5206234	17.318476	0.35535103	0.21323322	0.35472518	2.3468938	../../benchmark_data/class-i/pdb/7n2r_pmhc_tcr.pdb	../pred_pdb/intellifold2/pmhc_tcr/classI/classI_v2_with_template/ranked_4/7n2r_pmhc_tcr.pdb	after	ranked_4
236	7n2s	0.789	0.682	0.977	1.156	91.02090909090909	92.036	86.3625	95.593	93.421	90.93799999999997	88.57645161290323	94.91432038834952	96.17983425414364	94.27444444444444	96.08957894736841	93.90846846846847	1.274333	0.33685434	1.0093571	0.5721454	0.1905713	0.5416948	1.0286722	0.90994835	0.35867286	0.21170835	0.3605082	1.0006387	../../benchmark_data/class-i/pdb/7n2s_pmhc_tcr.pdb	../pred_pdb/intellifold2/pmhc_tcr/classI/classI_v2_with_template/ranked_4/7n2s_pmhc_tcr.pdb	after	ranked_4
237	7n4k	0.829	0.927	1.072	2.871	93.72083333333335	94.15375	91.59230769230771	95.933	94.457	94.4709090909091	92.91166666666668	95.91284999999999	95.94158192090393	96.326	95.96213903743315	95.86957746478873	0.12197233	0.7017789	0.5080944	0.37552133	0.12390795	0.3027358	0.45847723	1.3953086	1.3077147	0.15440091	1.2745045	0.7591348	../../benchmark_data/class-i/pdb/7n4k_pmhc_tcr.pdb	../pred_pdb/intellifold2/pmhc_tcr/classI/classI_v2_with_template/ranked_4/7n4k_pmhc_tcr.pdb	after	ranked_4
238	7n5c	0.856	0.912	0.817	3.08	89.6925	92.17625000000001	82.11538461538461	94.07000000000001	91.041	91.82818181818182	86.56708333333331	93.95042079207921	93.95397790055247	92.417	93.87350785340315	94.0193896713615	0.20886852	0.21527265	0.69218016	0.41652972	0.10945642	0.27369508	0.6193463	1.3974963	0.6988179	0.15608303	0.6830901	0.925002	../../benchmark_data/class-i/pdb/7n5c_pmhc_tcr.pdb	../pred_pdb/intellifold2/pmhc_tcr/classI/classI_v2_with_template/ranked_4/7n5c_pmhc_tcr.pdb	after	ranked_4
239	7n5p	0.848	0.864	0.838	2.57	94.5175	94.8275	94.13384615384615	96.562	95.348	95.40727272727273	94.71750000000002	96.47756892230578	96.54267045454547	97.167	96.57623655913979	96.39140845070423	0.13721214	0.29902595	0.48937976	0.397463	0.13499941	0.29380178	0.47002622	1.1770002	1.0099374	0.22861333	0.98674	0.6889539	../../benchmark_data/class-i/pdb/7n5p_pmhc_tcr.pdb	../pred_pdb/intellifold2/pmhc_tcr/classI/classI_v2_with_template/ranked_4/7n5p_pmhc_tcr.pdb	after	ranked_4
240	7na5	0.28	0.204	3.645	8.679	94.62727272727274	96.37	91.4718181818182	95.87199999999999	91.134	94.72466666666666	93.34846153846155	94.86434567901235	94.1377777777778	95.79666666666667	94.2167724867725	95.43097222222224	0.5443056	0.19158141	0.71279883	0.23233855	0.3423449	0.37233004	0.8550428	3.5714526	1.0254029	0.4176862	1.0063875	0.61764383	../../benchmark_data/class-i/pdb/7na5_pmhc_tcr.pdb	../pred_pdb/intellifold2/pmhc_tcr/classI/classI_v2_with_template/ranked_4/7na5_pmhc_tcr.pdb	after	ranked_4
241	7ndq	0.61	0.667	1.908	4.485	88.57416666666666	87.92375	81.194	92.625	91.31636363636363	82.92153846153846	81.99607142857143	92.87973039215684	93.32154696132596	88.47888888888889	93.09215789473686	92.69458715596329	0.33173203	0.41250336	0.5928645	0.31591526	0.39286292	1.5872344	1.6243173	1.9224988	1.1255174	2.1504672	1.2321774	0.91697836	../../benchmark_data/class-i/pdb/7ndq_pmhc_tcr.pdb	../pred_pdb/intellifold2/pmhc_tcr/classI/classI_v2_with_template/ranked_4/7ndq_pmhc_tcr.pdb	after	ranked_4
242	7ndt	0.644	0.59	1.459	3.864	83.88166666666667	88.1625	79.43000000000002	94.34200000000001	89.65999999999998	88.35416666666664	83.54884615384616	92.97883663366338	93.10877777777776	87.85249999999999	92.88510638297873	93.06041666666667	0.36737978	0.21514328	1.3544489	0.14617833	0.17294408	1.2669039	1.3980702	1.5342717	0.81257564	2.163464	0.98408085	0.8561188	../../benchmark_data/class-i/pdb/7ndt_pmhc_tcr.pdb	../pred_pdb/intellifold2/pmhc_tcr/classI/classI_v2_with_template/ranked_4/7ndt_pmhc_tcr.pdb	after	ranked_4
243	7ndu	0.573	0.646	2.227	4.758	88.73916666666668	89.06	77.20666666666666	94.44299999999998	92.46181818181819	82.59692307692308	79.70928571428571	92.35800982800983	92.66071823204422	82.375	92.22534391534394	92.4730275229358	0.5980437	0.420416	1.1277999	0.3344586	0.3298108	1.8034288	1.8520305	2.2032645	1.2454572	1.5666158	1.3423011	0.89061016	../../benchmark_data/class-i/pdb/7ndu_pmhc_tcr.pdb	../pred_pdb/intellifold2/pmhc_tcr/classI/classI_v2_with_template/ranked_4/7ndu_pmhc_tcr.pdb	after	ranked_4
244	7nme	0.589	0.653	2.092	4.578	89.13454545454546	92.039	90.2476923076923	94.73800000000001	91.52272727272727	93.38636363636364	91.68625000000002	94.56167901234569	95.3431491712707	90.73777777777778	95.125	94.06386046511629	0.37851787	0.1932948	0.57684857	0.38429785	0.18883544	0.45756757	0.6158442	2.5160348	0.5624568	0.24751797	0.5569124	0.8185615	../../benchmark_data/class-i/pdb/7nme_pmhc_tcr.pdb	../pred_pdb/intellifold2/pmhc_tcr/classI/classI_v2_with_template/ranked_4/7nme_pmhc_tcr.pdb	after	ranked_4
245	7nmf	0.583	0.634	2.121	4.474	89.13454545454546	92.039	90.2476923076923	94.73800000000001	91.52272727272727	93.38636363636364	91.68625000000002	94.56167901234569	95.3431491712707	90.73777777777778	95.125	94.06386046511629	0.39344376	0.13071802	0.6239	0.3988135	0.1993154	0.44457594	0.6763904	2.4367244	0.5086909	0.3236164	0.50730455	0.75153524	../../benchmark_data/class-i/pdb/7nmf_pmhc_tcr.pdb	../pred_pdb/intellifold2/pmhc_tcr/classI/classI_v2_with_template/ranked_4/7nmf_pmhc_tcr.pdb	after	ranked_4
246	7nmg	0.596	0.639	1.968	4.492	88.09454545454545	91.358	88.47076923076922	94.32399999999998	90.55727272727273	92.59727272727272	90.36208333333333	94.05422222222224	94.9282872928177	88.11888888888889	94.60573684210526	93.56683720930234	0.29995713	0.18797542	0.6687079	0.53672093	0.17957123	0.45098084	0.6604303	2.3975575	0.47117302	0.64952135	0.4907612	0.7835845	../../benchmark_data/class-i/pdb/7nmg_pmhc_tcr.pdb	../pred_pdb/intellifold2/pmhc_tcr/classI/classI_v2_with_template/ranked_4/7nmg_pmhc_tcr.pdb	after	ranked_4
247	7ow5	0.671	0.734	1.632	3.984	90.35000000000001	83.88363636363636	84.12875	91.68800000000002	91.15400000000001	77.655	80.891875	93.01318072289158	94.78616666666667	82.24999999999999	94.12636842105265	92.07315555555556	0.37331444	1.1521621	1.017004	0.26361614	0.21613789	1.3925203	1.6587646	1.9915942	0.38223356	1.6043396	0.54404634	1.1516777	../../benchmark_data/class-i/pdb/7ow5_pmhc_tcr.pdb	../pred_pdb/intellifold2/pmhc_tcr/classI/classI_v2_with_template/ranked_4/7ow5_pmhc_tcr.pdb	after	ranked_4
248	7ow6	0.672	0.646	1.32	4.165	90.76333333333332	85.16545454545457	83.638125	92.156	91.22	80.1975	81.9178125	93.43649038461538	95.1585082872928	84.39500000000001	94.59497382198953	92.45306666666664	0.38884076	1.2161294	0.79153526	0.21785253	0.3616965	0.9727003	1.0853457	1.6173387	0.36120704	1.778284	0.5539256	1.0052655	../../benchmark_data/class-i/pdb/7ow6_pmhc_tcr.pdb	../pred_pdb/intellifold2/pmhc_tcr/classI/classI_v2_with_template/ranked_4/7ow6_pmhc_tcr.pdb	after	ranked_4
249	7pb2	0.223	0.131	5.208	9.179	88.61666666666667	81.1490909090909	74.56437500000001	91.027	87.928	79.7125	77.1384375	92.2261686746988	94.61411111111111	79.72	93.83021052631578	90.87164444444446	0.3361662	2.0759354	2.9954243	0.21886261	0.15340604	2.779069	3.2629077	19.414001	0.51816744	1.5496653	0.63124144	1.9462452	../../benchmark_data/class-i/pdb/7pb2_pmhc_tcr.pdb	../pred_pdb/intellifold2/pmhc_tcr/classI/classI_v2_with_template/ranked_4/7pb2_pmhc_tcr.pdb	after	ranked_4
250	7pbe	0.814	0.831	1.099	1.761	96.23181818181818	93.27	96.25916666666666	95.59799999999998	95.5281818181818	94.91846153846154	95.56199999999998	96.38224691358025	96.91005524861879	96.39777777777778	96.88578947368423	95.9372558139535	0.46514568	0.88130045	0.31000832	0.4669682	0.2593512	0.5784575	0.7144513	1.1060053	0.5607875	0.16042103	0.5498113	0.9327786	../../benchmark_data/class-i/pdb/7pbe_pmhc_tcr.pdb	../pred_pdb/intellifold2/pmhc_tcr/classI/classI_v2_with_template/ranked_4/7pbe_pmhc_tcr.pdb	after	ranked_4
251	7phr	0.898	0.817	0.506	1.246	94.601	95.32999999999998	94.69727272727273	96.30300000000001	95.273	97.06384615384617	95.97916666666667	96.204925	96.91933701657459	94.49111111111112	96.80431578947368	95.66261904761906	0.2111572	0.27814138	0.44455507	0.22113393	0.38671902	0.20251545	0.3776887	0.6760187	0.35950956	0.43488613	0.36868697	0.6227597	../../benchmark_data/class-i/pdb/7phr_pmhc_tcr.pdb	../pred_pdb/intellifold2/pmhc_tcr/classI/classI_v2_with_template/ranked_4/7phr_pmhc_tcr.pdb	after	ranked_4
252	7q99	0.812	0.836	1.047	2.371	94.23636363636363	94.53777777777779	89.76363636363637	91.94999999999999	88.24333333333333	86.47666666666666	87.8673076923077	94.62402948402949	96.31193370165745	94.217	96.20225130890051	93.22847222222221	0.37700975	0.3156078	0.23366676	0.38081852	0.26582542	1.2998208	1.1090695	1.1918052	0.3785583	0.27641827	0.38006222	0.9604049	../../benchmark_data/class-i/pdb/7q99_pmhc_tcr.pdb	../pred_pdb/intellifold2/pmhc_tcr/classI/classI_v2_with_template/ranked_4/7q99_pmhc_tcr.pdb	after	ranked_4
253	7q9a	0.743	0.747	1.286	2.759	96.6409090909091	96.69555555555556	92.2309090909091	93.18727272727273	90.36333333333334	92.05600000000001	92.13000000000002	95.51584766584766	96.80469613259669	95.494	96.73607329842932	94.43685185185186	0.28056803	0.30419677	1.0297717	0.26699638	0.48373643	0.2957932	0.8580215	1.3082995	0.3434967	0.24746576	0.34531233	0.8479113	../../benchmark_data/class-i/pdb/7q9a_pmhc_tcr.pdb	../pred_pdb/intellifold2/pmhc_tcr/classI/classI_v2_with_template/ranked_4/7q9a_pmhc_tcr.pdb	after	ranked_4
254	7q9b	0.488	0.5	2.693	5.216	91.94454545454545	95.17777777777779	83.44	90.99600000000001	88.659	75.598125	78.21208333333333	93.7319012345679	95.87491712707183	92.316	95.68858638743454	91.98551401869157	0.49074718	0.22711296	1.6568985	0.2647586	0.29115617	1.7733619	2.5882256	2.7519875	0.6181893	0.34148338	0.61302114	1.4512261	../../benchmark_data/class-i/pdb/7q9b_pmhc_tcr.pdb	../pred_pdb/intellifold2/pmhc_tcr/classI/classI_v2_with_template/ranked_4/7q9b_pmhc_tcr.pdb	after	ranked_4
255	7qpj	0.891	0.812	0.559	1.14	97.46636363636362	98.05888888888889	97.52076923076923	96.23800000000001	95.265	97.16818181818181	97.35916666666667	97.39243176178661	97.48555555555555	97.13	97.46862433862434	97.3251401869159	0.24951564	0.39085433	0.20048912	0.246096	0.11634512	0.57317704	0.7296318	0.67750406	0.41176873	0.24622278	0.4126277	0.72534096	../../benchmark_data/class-i/pdb/7qpj_pmhc_tcr.pdb	../pred_pdb/intellifold2/pmhc_tcr/classI/classI_v2_with_template/ranked_4/7qpj_pmhc_tcr.pdb	after	ranked_4
256	7r80	0.803	0.742	0.945	1.916	77.18545454545455	88.139	87.32076923076923	92.807	92.769	87.30133333333333	87.31035714285716	93.48217603911982	95.2349723756906	89.35555555555555	94.95647368421051	92.20310502283105	1.8685577	0.37841144	0.39108106	0.20209688	0.25388506	0.48813897	0.5739251	1.093476	0.54356945	0.68518084	0.5592172	0.81381387	../../benchmark_data/class-i/pdb/7r80_pmhc_tcr.pdb	../pred_pdb/intellifold2/pmhc_tcr/classI/classI_v2_with_template/ranked_4/7r80_pmhc_tcr.pdb	after	ranked_4
257	7rk7	0.044	0.0	15.876	22.616	76.83083333333333	81.3075	51.8	83.56800000000001	80.436	58.463	55.501666666666665	86.9572530120482	90.8647513812155	86.23444444444443	90.64542105263156	83.84279999999998	0.3362104	0.6392691	4.144428	0.2635067	0.2609166	4.9858575	5.5556507	18.452328	0.5643836	0.6961305	0.5785812	2.5137854	../../benchmark_data/class-i/pdb/7rk7_pmhc_tcr.pdb	../pred_pdb/intellifold2/pmhc_tcr/classI/classI_v2_with_template/ranked_4/7rk7_pmhc_tcr.pdb	after	ranked_4
258	7rm4	0.532	0.521	2.299	4.547	81.82454545454546	86.18699999999998	74.75416666666666	91.881	85.88000000000001	82.84066666666668	79.24666666666666	92.49317848410756	94.30955801104972	89.59333333333332	94.08615789473684	91.11114155251143	0.4336672	0.56254935	0.91733587	0.14894508	0.18026759	2.0976858	1.9845636	2.3647087	0.33491462	0.42653242	0.34477198	1.3112851	../../benchmark_data/class-i/pdb/7rm4_pmhc_tcr.pdb	../pred_pdb/intellifold2/pmhc_tcr/classI/classI_v2_with_template/ranked_4/7rm4_pmhc_tcr.pdb	after	ranked_4
259	7rrg	0.056	0.063	18.736	25.943	81.31833333333333	83.92875000000001	65.94866666666665	86.77199999999999	80.77727272727272	79.14214285714286	72.31793103448275	90.06599022004889	91.11668508287292	80.29111111111109	90.60389473684211	89.59931506849315	0.30126634	0.2602724	2.6096013	0.15696207	0.3707592	0.22469656	2.013996	16.426422	0.5296691	0.48773757	0.5457328	0.92970455	../../benchmark_data/class-i/pdb/7rrg_pmhc_tcr.pdb	../pred_pdb/intellifold2/pmhc_tcr/classI/classI_v2_with_template/ranked_4/7rrg_pmhc_tcr.pdb	after	ranked_4
260	7rtr	0.567	0.603	1.965	5.188	85.80636363636364	88.00555555555555	82.34272727272729	89.39200000000001	86.15727272727273	85.63272727272727	83.98772727272727	93.07449631449632	93.90718232044199	86.78888888888889	93.57	92.64064516129034	0.3503186	0.2656073	0.3246883	0.20286389	0.23607425	0.7354685	0.8497784	2.1717002	0.42761293	0.35888344	0.42984125	1.0119473	../../benchmark_data/class-i/pdb/7rtr_pmhc_tcr.pdb	../pred_pdb/intellifold2/pmhc_tcr/classI/classI_v2_with_template/ranked_4/7rtr_pmhc_tcr.pdb	after	ranked_4
261	7su9	0.487	0.448	2.381	5.169	88.21583333333332	92.1575	78.57466666666667	91.941	90.31400000000001	78.79599999999999	78.68533333333335	93.37789215686274	94.38233333333334	89.73333333333333	94.16095238095237	92.70210045662101	0.7392539	0.29989535	2.7564967	0.20119531	0.17240621	2.1917775	2.9298158	2.6924374	0.45144206	0.2982731	0.4463753	1.314319	../../benchmark_data/class-i/pdb/7su9_pmhc_tcr.pdb	../pred_pdb/intellifold2/pmhc_tcr/classI/classI_v2_with_template/ranked_4/7su9_pmhc_tcr.pdb	after	ranked_4
262	8cx4	0.844	0.797	0.824	1.581	95.0	93.14900000000002	90.57941176470588	96.279	94.887	93.12400000000002	91.7721875	95.90285714285716	96.80154696132595	96.0611111111111	96.76647368421051	95.1670403587444	0.2868506	0.23826814	0.5475785	0.2643663	0.18507402	0.62163407	0.7510152	0.93551767	0.40879062	0.26089072	0.40859103	0.66459745	../../benchmark_data/class-i/pdb/8cx4_pmhc_tcr.pdb	../pred_pdb/intellifold2/pmhc_tcr/classI/classI_v2_with_template/ranked_4/8cx4_pmhc_tcr.pdb	after	ranked_4
263	8d5q	0.775	0.698	1.048	1.82	90.12545454545453	94.662	78.18437500000002	93.41090909090909	93.63181818181819	90.91	84.34193548387097	94.60497549019608	95.15215909090911	90.60499999999999	94.90768817204302	94.35135135135135	0.49939117	0.19532701	1.8708998	0.18573913	0.2427977	0.2849962	1.459312	1.0416812	0.71911246	0.56450564	0.71924937	0.8041866	../../benchmark_data/class-i/pdb/8d5q_pmhc_tcr.pdb	../pred_pdb/intellifold2/pmhc_tcr/classI/classI_v2_with_template/ranked_4/8d5q_pmhc_tcr.pdb	after	ranked_4
264	8dnt	0.786	0.753	1.033	2.391	96.10727272727273	97.24111111111112	90.40750000000001	95.66900000000001	89.52090909090909	93.06285714285715	91.83730769230769	95.65169533169535	96.50475138121547	93.42888888888889	96.35905263157895	95.03235023041475	0.45298165	0.36404866	0.5973305	0.44683534	0.68702614	0.6306291	1.0853202	1.3831432	0.7526003	0.74335116	0.76964736	1.1008208	../../benchmark_data/class-i/pdb/8dnt_pmhc_tcr.pdb	../pred_pdb/intellifold2/pmhc_tcr/classI/classI_v2_with_template/ranked_4/8dnt_pmhc_tcr.pdb	after	ranked_4
265	8en8	0.631	0.644	1.603	4.475	86.86727272727272	90.804	69.21785714285714	85.7	85.81416666666667	71.37133333333333	70.33172413793103	91.84759708737862	94.32922222222223	86.87333333333333	93.97417989417991	90.0452466367713	0.46339744	0.14085132	1.7858121	0.30391327	0.42967892	1.5194806	1.9648708	2.0389783	0.41215026	0.401117	0.41924104	1.2487355	../../benchmark_data/class-i/pdb/8en8_pmhc_tcr.pdb	../pred_pdb/intellifold2/pmhc_tcr/classI/classI_v2_with_template/ranked_4/8en8_pmhc_tcr.pdb	after	ranked_4
266	8enh	0.64	0.716	1.738	4.559	86.16727272727273	90.00800000000001	69.52499999999999	85.21545454545456	85.83749999999999	69.356	69.43758620689655	91.57673965936738	94.15625698324023	86.93222222222222	93.8104255319149	89.69363228699552	0.47503307	0.23835051	1.6380067	0.3361993	0.36123073	1.5576669	1.8685511	2.175817	0.6392127	0.43555143	0.6321264	1.332467	../../benchmark_data/class-i/pdb/8enh_pmhc_tcr.pdb	../pred_pdb/intellifold2/pmhc_tcr/classI/classI_v2_with_template/ranked_4/8enh_pmhc_tcr.pdb	after	ranked_4
267	8eo8	0.582	0.662	1.903	5.57	85.69545454545454	89.19800000000001	68.27857142857142	83.72636363636364	85.11916666666666	68.99266666666666	68.64793103448275	90.92778588807788	93.72754189944136	85.54333333333334	93.33574468085108	88.89775784753365	0.35452035	0.23641793	1.8273065	0.35545418	0.23388653	1.5941498	2.1673422	2.4804373	0.7382164	0.32833242	0.726942	1.442724	../../benchmark_data/class-i/pdb/8eo8_pmhc_tcr.pdb	../pred_pdb/intellifold2/pmhc_tcr/classI/classI_v2_with_template/ranked_4/8eo8_pmhc_tcr.pdb	after	ranked_4
268	8f5a	0.317	0.343	3.459	9.374	86.11363636363636	86.453	79.11866666666667	87.241	85.25200000000001	82.6675	80.69592592592592	91.89665036674816	93.13116022099446	86.702	92.794554973822	91.10995412844038	0.25781885	2.1397386	1.5249084	0.3107358	0.30496562	1.6187938	2.449742	3.550933	0.34564075	1.5161263	0.5058639	1.6531389	../../benchmark_data/class-i/pdb/8f5a_pmhc_tcr.pdb	../pred_pdb/intellifold2/pmhc_tcr/classI/classI_v2_with_template/ranked_4/8f5a_pmhc_tcr.pdb	after	ranked_4
269	8gom	0.49	0.463	2.201	5.674	82.26916666666666	80.2188888888889	79.78636363636362	86.751	84.88636363636363	73.82866666666668	76.34923076923077	91.00414634146341	92.74679558011049	83.27666666666669	92.29821052631578	89.88654545454546	0.4117202	0.14620903	1.099826	0.14710794	0.29290777	1.5219758	1.7276074	1.9782759	0.39173007	0.6975731	0.41804004	0.8107029	../../benchmark_data/class-i/pdb/8gom_pmhc_tcr.pdb	../pred_pdb/intellifold2/pmhc_tcr/classI/classI_v2_with_template/ranked_4/8gom_pmhc_tcr.pdb	after	ranked_4
270	8gon	0.041	0.0	17.507	23.347	82.59083333333332	81.81	79.46363636363637	87.90599999999999	84.26454545454546	75.466	77.15730769230768	91.23556097560976	92.77751381215468	89.28222222222222	92.61194736842104	90.04686363636364	0.7602041	0.30456236	1.052344	0.16364181	0.23085046	1.5305216	1.6398064	18.295815	0.371016	0.4600101	0.38176137	0.7391586	../../benchmark_data/class-i/pdb/8gon_pmhc_tcr.pdb	../pred_pdb/intellifold2/pmhc_tcr/classI/classI_v2_with_template/ranked_4/8gon_pmhc_tcr.pdb	after	ranked_4
271	8gvb	0.795	0.773	1.08	1.851	82.93818181818182	91.31	84.11928571428572	93.579	92.6809090909091	84.09266666666666	84.1055172413793	93.70568292682927	95.52949999999998	92.86625	95.41617021276599	92.25716216216216	1.6581483	0.83691764	0.58107483	0.39843002	0.65153784	1.0419066	1.0992388	0.96670085	0.5350284	0.39311963	0.54273933	1.0083482	../../benchmark_data/class-i/pdb/8gvb_pmhc_tcr.pdb	../pred_pdb/intellifold2/pmhc_tcr/classI/classI_v2_with_template/ranked_4/8gvb_pmhc_tcr.pdb	after	ranked_4
272	8gvg	0.816	0.821	1.046	1.883	84.39818181818183	93.12818181818183	88.6257142857143	96.15799999999999	95.01454545454544	92.41066666666669	90.58344827586207	95.00919708029197	96.29723756906078	94.965	96.24084656084658	93.96063063063065	1.3001701	0.9185352	0.6936872	0.55357975	0.67934287	0.44788283	0.71518314	0.933643	0.6421573	0.4194705	0.64684504	0.89392626	../../benchmark_data/class-i/pdb/8gvg_pmhc_tcr.pdb	../pred_pdb/intellifold2/pmhc_tcr/classI/classI_v2_with_template/ranked_4/8gvg_pmhc_tcr.pdb	after	ranked_4
273	8gvi	0.807	0.794	0.97	2.494	82.38181818181819	90.72000000000001	85.95785714285715	94.966	93.45181818181818	85.594	85.76965517241379	94.02345498783455	95.67011049723757	92.9675	95.55571428571427	92.71896396396397	1.4687481	0.85965323	0.6500402	0.6074979	0.378268	0.54550004	0.7466874	1.0638566	0.5807329	0.37753493	0.5814241	1.0404365	../../benchmark_data/class-i/pdb/8gvi_pmhc_tcr.pdb	../pred_pdb/intellifold2/pmhc_tcr/classI/classI_v2_with_template/ranked_4/8gvi_pmhc_tcr.pdb	after	ranked_4
274	8i5c	0.042	0.016	13.439	26.008	85.64	84.39555555555555	84.92250000000001	89.99	86.684	84.27307692307691	84.5848	92.79711111111112	93.02392265193372	84.45111111111112	92.61784210526315	92.95553488372093	0.33212975	0.28793135	0.26916426	0.2521661	0.34005162	1.3857206	1.5403988	14.52889	0.39566147	1.9334047	0.6199563	0.92540354	../../benchmark_data/class-i/pdb/8i5c_pmhc_tcr.pdb	../pred_pdb/intellifold2/pmhc_tcr/classI/classI_v2_with_template/ranked_4/8i5c_pmhc_tcr.pdb	after	ranked_4
275	8i5d	0.625	0.559	1.476	4.156	87.127	91.25800000000001	85.86583333333333	94.19399999999999	89.79363636363637	88.06133333333334	87.08555555555557	94.1369801980198	95.08524861878453	89.11888888888888	94.80263157894737	93.5459813084112	0.23895694	0.16855009	1.2011467	0.373053	0.27196094	1.1673816	1.4544022	1.5514323	0.4301257	1.9917296	0.6432809	1.1466415	../../benchmark_data/class-i/pdb/8i5d_pmhc_tcr.pdb	../pred_pdb/intellifold2/pmhc_tcr/classI/classI_v2_with_template/ranked_4/8i5d_pmhc_tcr.pdb	after	ranked_4
276	8qfy	0.861	0.77	0.681	1.135	94.50545454545454	93.72	93.17083333333333	97.805	95.98	96.83916666666669	95.005	95.76254320987655	95.3246408839779	95.26777777777778	95.32194736842105	96.15190697674419	0.4949813	0.22964726	0.31555378	0.30786505	0.22738338	0.20208181	0.45742077	0.81328803	0.730957	0.33642593	0.71993387	0.70128834	../../benchmark_data/class-i/pdb/8qfy_pmhc_tcr.pdb	../pred_pdb/intellifold2/pmhc_tcr/classI/classI_v2_with_template/ranked_4/8qfy_pmhc_tcr.pdb	after	ranked_4
277	8shi	0.296	0.375	3.569	11.236	87.499	92.81199999999998	67.45235294117646	91.263	86.20599999999999	83.10071428571428	74.51935483870967	92.06898514851486	93.76105555555559	81.76124999999999	93.2504255319149	91.04069444444445	0.46438068	0.40682825	2.6887417	0.2196022	0.19991532	0.49778038	2.2682316	3.9077153	0.6268517	2.1057043	0.7981033	1.4477599	../../benchmark_data/class-i/pdb/8shi_pmhc_tcr.pdb	../pred_pdb/intellifold2/pmhc_tcr/classI/classI_v2_with_template/ranked_4/8shi_pmhc_tcr.pdb	after	ranked_4
278	8wte	0.288	0.246	3.195	9.671	91.41181818181818	91.33	91.43692307692308	92.18199999999999	90.11999999999999	88.479375	89.8051724137931	93.91990220048899	93.9903867403315	88.97666666666666	93.75289473684212	94.06479452054795	0.25376856	0.3076413	0.59081817	0.30906573	0.10673603	2.5531745	2.1865091	3.1185586	0.3860716	1.9365491	0.6203557	1.1752372	../../benchmark_data/class-i/pdb/8wte_pmhc_tcr.pdb	../pred_pdb/intellifold2/pmhc_tcr/classI/classI_v2_with_template/ranked_4/8wte_pmhc_tcr.pdb	after	ranked_4
279	8wul	0.04	0.0	13.655	24.38	88.81181818181818	89.52111111111111	86.46076923076923	89.529	79.279	82.69062500000001	84.3806896551724	91.56493887530561	91.98381215469612	86.88000000000001	91.74205263157894	91.41127853881278	0.44165027	0.36982358	0.81638616	0.23456424	0.17644478	2.616572	2.621931	15.099955	0.42013726	2.0118968	0.66650814	1.3042427	../../benchmark_data/class-i/pdb/8wul_pmhc_tcr.pdb	../pred_pdb/intellifold2/pmhc_tcr/classI/classI_v2_with_template/ranked_4/8wul_pmhc_tcr.pdb	after	ranked_4
