	id	DockQ	Fnat	iRMS	LRMS	pLDDT-cdr1a	pLDDT-cdr2a	pLDDT-cdr3a	pLDDT-cdr1b	pLDDT-cdr2b	pLDDT-cdr3b	pLDDT-cdr3a+cdr3b	pLDDT	pLDDT-mhc	pLDDT-pep	pLDDT-pmhc	pLDDT-tcr	RMSD-cdr1a	RMSD-cdr2a	RMSD-cdr3a	RMSD-cdr1b	RMSD-cdr2b	RMSD-cdr3b	RMSD-cdr3a+cdr3b	RMSD	RMSD-mhc	RMSD-pep	RMSD-pmhc	RMSD-tcr	true_pdb_path	pred_pdb_path	2021-09-30	rank
0	6zkw	0.417	0.448	2.713	7.415	89.04727272727274	90.002	84.63307692307693	91.41399999999999	84.767	77.790625	80.85793103448276	92.69210268948655	93.59222222222222	88.11444444444444	93.33137566137565	92.14290909090909	0.35555825	0.18018487	0.94056636	0.17404707	0.17685448	0.6925899	1.4952013	2.9727125	0.50618595	0.16691329	0.4969784	0.910788	../../benchmark_data/class-i/pdb/6zkw_pmhc_tcr.pdb	../pred_pdb/intellifold2/pmhc_tcr/classI/classI_v2_with_msa/ranked_0/6zkw_pmhc_tcr.pdb	after	ranked_0
1	6zkx	0.569	0.58	2.233	4.042	89.21000000000002	90.96400000000001	87.53769230769231	92.683	88.495	77.69875	82.10931034482758	91.83194647201948	90.84055865921788	85.2775	90.49104712041886	92.99609090909091	0.26952904	0.17927404	1.0653589	0.16486731	0.14884354	1.7756817	2.159928	2.27095	0.9396562	0.55012256	0.9283591	1.0817871	../../benchmark_data/class-i/pdb/6zkx_pmhc_tcr.pdb	../pred_pdb/intellifold2/pmhc_tcr/classI/classI_v2_with_msa/ranked_0/6zkx_pmhc_tcr.pdb	after	ranked_0
2	6zky	0.501	0.547	2.54	5.613	92.5109090909091	92.353	92.92538461538462	95.161	93.916	84.1175	88.0658620689655	95.00220588235294	95.51722222222222	93.12125	95.4152659574468	94.64922727272726	0.36120096	0.34879938	1.0824431	0.1922818	0.20606686	1.230749	1.768768	2.3886855	0.6457197	2.331572	0.905491	1.0742093	../../benchmark_data/class-i/pdb/6zky_pmhc_tcr.pdb	../pred_pdb/intellifold2/pmhc_tcr/classI/classI_v2_with_msa/ranked_0/6zky_pmhc_tcr.pdb	after	ranked_0
3	6zkz	0.522	0.542	2.326	5.173	93.46454545454547	92.81800000000001	93.10846153846154	95.176	93.76200000000001	83.020625	87.54275862068965	95.26200980392157	95.80755555555555	92.77875	95.67867021276597	94.90595454545455	0.3851657	0.20880418	0.9519466	0.18891953	0.1662567	1.1375321	1.7016077	2.1723878	0.8221145	2.2389972	1.0079077	1.0331973	../../benchmark_data/class-i/pdb/6zkz_pmhc_tcr.pdb	../pred_pdb/intellifold2/pmhc_tcr/classI/classI_v2_with_msa/ranked_0/6zkz_pmhc_tcr.pdb	after	ranked_0
4	7dzm	0.043	0.023	17.61	25.72	82.71166666666666	88.295	63.15533333333333	90.76199999999999	83.50272727272726	84.08833333333334	72.4588888888889	90.53046798029557	91.8798888888889	86.7611111111111	91.63613756613758	89.56746543778802	0.24339934	0.16680993	3.0833142	0.21724056	0.2080456	0.3845656	2.483736	15.147475	1.4672936	0.49565157	1.4387877	1.2135704	../../benchmark_data/class-i/pdb/7dzm_pmhc_tcr.pdb	../pred_pdb/intellifold2/pmhc_tcr/classI/classI_v2_with_msa/ranked_0/7dzm_pmhc_tcr.pdb	after	ranked_0
5	7dzn	0.906	0.857	0.555	1.211	94.2475	96.6325	94.04333333333334	97.387	96.08272727272725	95.93083333333333	94.88222222222221	97.07466666666666	97.55368715083799	96.63777777777779	97.5098404255319	96.69764976958525	0.1233394	0.1804857	0.808765	0.16562776	0.21401215	0.21008193	0.7073399	0.75779486	0.41669154	0.20491455	0.41343325	0.587348	../../benchmark_data/class-i/pdb/7dzn_pmhc_tcr.pdb	../pred_pdb/intellifold2/pmhc_tcr/classI/classI_v2_with_msa/ranked_0/7dzn_pmhc_tcr.pdb	after	ranked_0
6	7l1d	0.501	0.446	2.587	4.188	85.16727272727272	87.23888888888888	77.07153846153845	86.513	85.679	61.81263157894737	68.0115625	90.7657946210269	93.60856353591161	80.65444444444444	92.99494736842105	88.83182648401825	0.5519884	0.29644078	0.8827996	0.2831345	0.2529908	3.6535769	3.980785	2.116347	0.53972	0.6520698	0.5648358	2.2036726	../../benchmark_data/class-i/pdb/7l1d_pmhc_tcr.pdb	../pred_pdb/intellifold2/pmhc_tcr/classI/classI_v2_with_msa/ranked_0/7l1d_pmhc_tcr.pdb	after	ranked_0
7	7n2n	0.038	0.0	17.085	24.537	88.11909090909091	88.997	81.74411764705883	92.498	86.372	79.29933333333334	80.59812500000001	93.01108958837773	94.63116022099446	93.58666666666666	94.58168421052632	91.6729147982063	0.55091006	0.33428067	1.3240967	0.1516828	0.16260423	1.4555727	2.3558526	18.936289	0.3373885	0.16354205	0.33745998	1.4496137	../../benchmark_data/class-i/pdb/7n2n_pmhc_tcr.pdb	../pred_pdb/intellifold2/pmhc_tcr/classI/classI_v2_with_msa/ranked_0/7n2n_pmhc_tcr.pdb	after	ranked_0
8	7n2o	0.038	0.0	16.442	24.646	87.94999999999999	88.965	85.6129411764706	92.179	88.586	78.98733333333334	82.50718749999999	93.23125907990315	94.553591160221	91.22777777777779	94.39605263157897	92.2388340807175	0.3625333	0.3419534	1.3768693	0.1586818	0.15900846	1.2688339	1.8303485	19.102633	0.34941164	0.2545976	0.35089567	1.270128	../../benchmark_data/class-i/pdb/7n2o_pmhc_tcr.pdb	../pred_pdb/intellifold2/pmhc_tcr/classI/classI_v2_with_msa/ranked_0/7n2o_pmhc_tcr.pdb	after	ranked_0
9	7n2p	0.034	0.0	14.77	26.83	84.41181818181818	85.4	80.75727272727273	87.24300000000001	88.878	76.05400000000002	78.04384615384616	91.68872235872236	93.03027624309394	91.0311111111111	92.93557894736843	90.59700460829494	0.34826574	0.41001174	1.0521435	0.2198735	0.14222482	0.5943454	2.8741608	17.400507	0.42298016	0.38049945	0.43377286	2.8841264	../../benchmark_data/class-i/pdb/7n2p_pmhc_tcr.pdb	../pred_pdb/intellifold2/pmhc_tcr/classI/classI_v2_with_msa/ranked_0/7n2p_pmhc_tcr.pdb	after	ranked_0
10	7n2q	0.134	0.102	7.199	14.377	81.01363636363637	83.126	74.83545454545455	84.49	85.775	72.30533333333334	73.37576923076924	90.46705159705161	92.67790055248618	87.29666666666667	92.42300000000002	88.75447004608296	0.22806692	0.38678637	0.50255185	0.16803251	0.1666035	1.6545551	2.463125	20.474672	0.353668	0.43141416	0.3611819	1.7162852	../../benchmark_data/class-i/pdb/7n2q_pmhc_tcr.pdb	../pred_pdb/intellifold2/pmhc_tcr/classI/classI_v2_with_msa/ranked_0/7n2q_pmhc_tcr.pdb	after	ranked_0
11	7n2r	0.177	0.121	5.753	11.668	80.4309090909091	79.273	73.45363636363636	81.85599999999998	83.621	68.70400000000001	70.71346153846153	90.15724815724816	92.69165745856355	81.62222222222222	92.16731578947368	88.39728110599079	0.32361832	0.34748945	0.6619439	0.14960404	0.17495108	1.3338919	2.3553455	20.297611	0.35540453	0.35626203	0.35849524	1.8658502	../../benchmark_data/class-i/pdb/7n2r_pmhc_tcr.pdb	../pred_pdb/intellifold2/pmhc_tcr/classI/classI_v2_with_msa/ranked_0/7n2r_pmhc_tcr.pdb	after	ranked_0
12	7n2s	0.042	0.0	15.294	23.554	91.37090909090911	89.78900000000002	86.72062500000001	91.739	92.148	88.29799999999999	87.48387096774194	94.41752427184467	95.4803314917127	94.54888888888888	95.43621052631579	93.54567567567567	1.3024607	0.4025761	1.0300953	0.5719133	0.16552153	0.61722326	1.8330251	18.204779	0.3856822	0.24593543	0.38736013	1.3187634	../../benchmark_data/class-i/pdb/7n2s_pmhc_tcr.pdb	../pred_pdb/intellifold2/pmhc_tcr/classI/classI_v2_with_msa/ranked_0/7n2s_pmhc_tcr.pdb	after	ranked_0
13	7n4k	0.834	0.945	1.079	2.865	94.3075	94.7575	93.18307692307692	96.806	95.564	95.34636363636363	94.17458333333333	96.54647499999999	96.62338983050847	97.046	96.64598930481283	96.45910798122064	0.09213451	0.72259825	0.4778685	0.3984945	0.15559846	0.27634528	0.43208477	1.4456166	1.4223669	0.15671551	1.3869954	0.67456174	../../benchmark_data/class-i/pdb/7n4k_pmhc_tcr.pdb	../pred_pdb/intellifold2/pmhc_tcr/classI/classI_v2_with_msa/ranked_0/7n4k_pmhc_tcr.pdb	after	ranked_0
14	7n5c	0.753	0.702	1.036	3.127	89.96083333333335	92.4225	83.75076923076924	95.26	92.956	92.82727272727271	87.91083333333331	94.68485148514851	94.57867403314916	92.98300000000002	94.49513089005235	94.8549765258216	0.16431962	0.23628902	0.69196224	0.4468085	0.12193853	0.69340664	0.9322701	1.7689182	1.5337107	0.25097176	1.4947714	0.7882736	../../benchmark_data/class-i/pdb/7n5c_pmhc_tcr.pdb	../pred_pdb/intellifold2/pmhc_tcr/classI/classI_v2_with_msa/ranked_0/7n5c_pmhc_tcr.pdb	after	ranked_0
15	7n5p	0.864	0.898	0.808	2.535	94.79916666666666	95.30625	94.33153846153846	96.994	95.787	95.61181818181818	94.91833333333334	96.76501253132834	96.84806818181819	97.33200000000001	96.87408602150539	96.66976525821596	0.11956024	0.2996472	0.4755863	0.42341	0.14009212	0.3266292	0.45249245	1.1461262	1.06866	0.26330832	1.0478879	0.5254412	../../benchmark_data/class-i/pdb/7n5p_pmhc_tcr.pdb	../pred_pdb/intellifold2/pmhc_tcr/classI/classI_v2_with_msa/ranked_0/7n5p_pmhc_tcr.pdb	after	ranked_0
16	7na5	0.277	0.204	3.656	8.773	94.09818181818181	95.90888888888888	90.32545454545453	95.318	90.214	93.74066666666667	92.29576923076924	94.73602469135801	93.86644444444444	94.59444444444445	93.90111111111109	95.46657407407407	0.5667259	0.22125186	0.7350066	0.24052961	0.32568738	0.3619405	0.837738	3.837917	1.6161942	0.421558	1.5823383	0.5791085	../../benchmark_data/class-i/pdb/7na5_pmhc_tcr.pdb	../pred_pdb/intellifold2/pmhc_tcr/classI/classI_v2_with_msa/ranked_0/7na5_pmhc_tcr.pdb	after	ranked_0
17	7ndq	0.645	0.6	1.686	2.963	90.75333333333333	90.01249999999999	77.60866666666668	95.85800000000002	93.74363636363636	89.84461538461538	83.28964285714287	94.4297794117647	95.15303867403316	91.2188888888889	94.96668421052632	93.96183486238532	0.37369224	0.36708117	0.7401928	0.20089704	0.36390734	0.31761473	0.6553851	1.4572669	0.95720214	2.1967468	1.0962317	0.606901	../../benchmark_data/class-i/pdb/7ndq_pmhc_tcr.pdb	../pred_pdb/intellifold2/pmhc_tcr/classI/classI_v2_with_msa/ranked_0/7ndq_pmhc_tcr.pdb	after	ranked_0
18	7ndt	0.226	0.098	5.177	8.458	82.515	79.5275	77.24642857142858	90.53299999999999	90.61727272727272	81.33416666666666	79.13307692307693	90.28358910891087	90.25038888888889	80.73875	89.84563829787236	90.6647685185185	0.33787408	0.19680148	1.4614935	0.14303517	0.18777807	1.2655659	1.6291249	21.341835	0.68248355	2.1287823	0.87822336	1.0479075	../../benchmark_data/class-i/pdb/7ndt_pmhc_tcr.pdb	../pred_pdb/intellifold2/pmhc_tcr/classI/classI_v2_with_msa/ranked_0/7ndt_pmhc_tcr.pdb	after	ranked_0
19	7ndu	0.599	0.646	2.084	4.142	96.29583333333333	96.11875	94.536	97.92000000000002	97.32818181818183	96.87769230769231	95.6232142857143	96.37103194103194	95.8696132596685	93.32124999999999	95.76174603174604	96.89926605504587	0.44217047	0.43073353	0.45217463	0.32011104	0.30036488	0.27684662	0.47197327	1.9900861	1.3183508	1.6651891	1.4414153	0.5805714	../../benchmark_data/class-i/pdb/7ndu_pmhc_tcr.pdb	../pred_pdb/intellifold2/pmhc_tcr/classI/classI_v2_with_msa/ranked_0/7ndu_pmhc_tcr.pdb	after	ranked_0
20	7nme	0.587	0.613	2.009	4.377	89.43727272727274	92.69200000000001	90.61076923076922	94.72099999999999	90.9090909090909	93.7409090909091	92.04541666666667	94.93311111111112	95.66651933701657	90.61666666666666	95.4273157894737	94.49637209302327	0.3645243	0.21425173	0.45145425	0.2538391	0.19316193	0.5238376	0.6137255	2.3549182	0.48972687	0.20512365	0.48708442	0.78794175	../../benchmark_data/class-i/pdb/7nme_pmhc_tcr.pdb	../pred_pdb/intellifold2/pmhc_tcr/classI/classI_v2_with_msa/ranked_0/7nme_pmhc_tcr.pdb	after	ranked_0
21	7nmf	0.579	0.592	2.044	4.314	89.4709090909091	92.76299999999999	90.6276923076923	94.774	90.95181818181817	93.81181818181817	92.08708333333334	94.94528395061728	95.67850828729283	90.67222222222223	95.44136842105263	94.50688372093022	0.38656878	0.16679119	0.53776646	0.1428671	0.21403247	0.50646037	0.6883785	2.283437	0.43092996	0.31701434	0.4349516	0.73669964	../../benchmark_data/class-i/pdb/7nmf_pmhc_tcr.pdb	../pred_pdb/intellifold2/pmhc_tcr/classI/classI_v2_with_msa/ranked_0/7nmf_pmhc_tcr.pdb	after	ranked_0
22	7nmg	0.572	0.611	2.19	4.425	88.60545454545455	92.281	88.73769230769231	94.39599999999999	90.00363636363636	93.1709090909091	90.76958333333334	94.21328395061728	95.0450276243094	87.86	94.70468421052631	93.77902325581394	0.29128692	0.1906615	0.66105163	0.2508221	0.19718532	0.5142958	0.7791289	2.5059824	0.47765607	0.5714417	0.49165544	0.76670676	../../benchmark_data/class-i/pdb/7nmg_pmhc_tcr.pdb	../pred_pdb/intellifold2/pmhc_tcr/classI/classI_v2_with_msa/ranked_0/7nmg_pmhc_tcr.pdb	after	ranked_0
23	7ow5	0.759	0.797	1.213	3.208	90.38583333333332	83.65454545454546	85.02499999999999	92.149	91.51599999999999	79.184375	82.10468750000001	93.58732530120483	95.37138888888889	85.558	94.85489473684211	92.51693333333334	0.29371655	0.3638287	0.82346654	0.20625062	0.22789101	0.75904596	1.0782154	1.5101206	0.3515485	1.4668148	0.49683237	0.7931537	../../benchmark_data/class-i/pdb/7ow5_pmhc_tcr.pdb	../pred_pdb/intellifold2/pmhc_tcr/classI/classI_v2_with_msa/ranked_0/7ow5_pmhc_tcr.pdb	after	ranked_0
24	7ow6	0.714	0.646	1.168	3.222	89.98666666666668	83.87727272727273	84.005625	92.283	91.59200000000001	80.65625	82.33093749999999	93.56122596153847	95.16491712707182	83.75400000000002	94.56748691099476	92.70702222222224	0.27563286	1.1915193	0.7503702	0.22055027	0.31650564	0.6998442	0.96473885	1.4710954	0.34361675	1.7149523	0.5419041	0.8977515	../../benchmark_data/class-i/pdb/7ow6_pmhc_tcr.pdb	../pred_pdb/intellifold2/pmhc_tcr/classI/classI_v2_with_msa/ranked_0/7ow6_pmhc_tcr.pdb	after	ranked_0
25	7pb2	0.224	0.115	5.475	8.703	86.81333333333333	81.45181818181818	74.26	90.38300000000001	86.191	77.7925	76.02625	92.02004819277109	94.15333333333332	80.94500000000001	93.45815789473684	90.80564444444444	0.24059005	1.3970486	2.7951548	0.20340748	0.14372483	2.860612	3.0454364	19.689978	0.42995638	1.49522	0.5538876	1.7284019	../../benchmark_data/class-i/pdb/7pb2_pmhc_tcr.pdb	../pred_pdb/intellifold2/pmhc_tcr/classI/classI_v2_with_msa/ranked_0/7pb2_pmhc_tcr.pdb	after	ranked_0
26	7pbe	0.804	0.883	1.221	2.375	94.28363636363635	89.41250000000001	92.7075	94.613	92.43909090909092	94.19769230769232	93.4824	95.91091358024691	96.84303867403315	94.36666666666667	96.72573684210526	95.19083720930232	0.48618922	1.1506286	0.63495845	0.47344127	0.23679446	0.45578465	0.7781827	1.0995476	0.67218363	0.21394339	0.6596257	0.86721945	../../benchmark_data/class-i/pdb/7pbe_pmhc_tcr.pdb	../pred_pdb/intellifold2/pmhc_tcr/classI/classI_v2_with_msa/ranked_0/7pbe_pmhc_tcr.pdb	after	ranked_0
27	7phr	0.901	0.793	0.438	0.904	95.45599999999999	95.90100000000001	95.14636363636365	96.251	94.634	96.9323076923077	96.11374999999998	96.36675	97.2060220994475	93.88555555555556	97.04873684210524	95.74971428571428	0.22060731	0.2764766	0.4013743	0.16400173	0.36609715	0.18486057	0.34556475	0.6595788	0.44845173	0.6178879	0.46338964	0.63660425	../../benchmark_data/class-i/pdb/7phr_pmhc_tcr.pdb	../pred_pdb/intellifold2/pmhc_tcr/classI/classI_v2_with_msa/ranked_0/7phr_pmhc_tcr.pdb	after	ranked_0
28	7q99	0.873	0.877	0.77	1.915	92.80636363636363	93.91555555555554	89.95818181818181	92.89090909090909	89.68	86.874	88.17884615384615	95.00894348894349	96.53966850828729	93.55199999999999	96.38324607329845	93.79370370370371	0.3879249	0.29559463	0.3392679	0.3484319	0.2803813	0.39482707	0.5556067	0.8766108	0.34666416	0.23448913	0.3437373	0.69016457	../../benchmark_data/class-i/pdb/7q99_pmhc_tcr.pdb	../pred_pdb/intellifold2/pmhc_tcr/classI/classI_v2_with_msa/ranked_0/7q99_pmhc_tcr.pdb	after	ranked_0
29	7q9a	0.73	0.747	1.267	3.421	97.00181818181818	97.0488888888889	93.02181818181818	93.97272727272728	91.33333333333333	93.12266666666666	93.08	95.94557739557739	97.07425414364639	96.02000000000001	97.01905759162304	94.99634259259258	0.2834274	0.20864375	0.9645219	0.23745725	0.22624373	0.2237049	0.8163005	1.4737831	0.3750032	0.18859932	0.36974236	0.6735244	../../benchmark_data/class-i/pdb/7q9a_pmhc_tcr.pdb	../pred_pdb/intellifold2/pmhc_tcr/classI/classI_v2_with_msa/ranked_0/7q9a_pmhc_tcr.pdb	after	ranked_0
30	7q9b	0.273	0.312	4.174	10.608	92.95181818181818	96.42444444444445	91.11375000000001	94.771	93.34299999999999	88.760625	89.545	96.32874074074074	97.02243093922651	94.86	96.90921465968586	95.81065420560749	0.4320247	0.27488086	1.6186792	0.25795722	0.31045535	1.8599287	2.5125618	4.8437085	0.6554932	0.3472471	0.64851934	1.6233631	../../benchmark_data/class-i/pdb/7q9b_pmhc_tcr.pdb	../pred_pdb/intellifold2/pmhc_tcr/classI/classI_v2_with_msa/ranked_0/7q9b_pmhc_tcr.pdb	after	ranked_0
31	7qpj	0.879	0.768	0.539	1.105	97.50545454545454	98.09555555555556	97.50384615384615	96.287	95.199	97.17181818181817	97.35166666666665	97.35295285359803	97.4855	97.25666666666667	97.47460317460317	97.2455140186916	0.21002232	0.34711683	0.25567922	0.2278533	0.099420376	0.5442775	0.69928694	0.6469098	0.3428517	0.26095903	0.34843886	0.70183	../../benchmark_data/class-i/pdb/7qpj_pmhc_tcr.pdb	../pred_pdb/intellifold2/pmhc_tcr/classI/classI_v2_with_msa/ranked_0/7qpj_pmhc_tcr.pdb	after	ranked_0
32	7r80	0.534	0.613	2.247	5.836	83.61454545454545	91.701	88.34384615384614	93.71199999999999	92.212	89.58800000000001	89.01035714285716	94.93080684596576	96.24928176795582	89.79444444444444	95.94352631578947	94.05219178082191	1.823614	0.39644662	0.34561485	0.17856844	0.2506487	2.061555	1.7174546	2.741264	0.48770094	0.40637732	0.49085897	1.1311687	../../benchmark_data/class-i/pdb/7r80_pmhc_tcr.pdb	../pred_pdb/intellifold2/pmhc_tcr/classI/classI_v2_with_msa/ranked_0/7r80_pmhc_tcr.pdb	after	ranked_0
33	7rk7	0.445	0.424	2.69	5.907	84.51833333333333	87.12124999999999	62.845625	86.998	88.511	62.51750000000002	62.66333333333333	90.83701204819278	94.3121546961326	85.55444444444446	93.89731578947368	88.25275555555557	0.30920416	0.6619134	2.9895322	0.19325422	0.20829587	2.3469188	3.0699785	2.9276986	0.5065169	0.5758297	0.51602674	1.4791183	../../benchmark_data/class-i/pdb/7rk7_pmhc_tcr.pdb	../pred_pdb/intellifold2/pmhc_tcr/classI/classI_v2_with_msa/ranked_0/7rk7_pmhc_tcr.pdb	after	ranked_0
34	7rm4	0.46	0.396	2.431	5.47	84.47818181818182	88.503	76.83749999999999	92.96499999999999	86.21818181818183	83.81333333333333	80.71296296296295	93.73110024449879	95.11060773480665	90.42777777777779	94.88878947368423	92.7267123287671	0.45784786	0.6085032	1.4407824	0.15845583	0.18264298	2.148794	2.2909577	2.6511025	0.3329816	0.4312265	0.34454405	1.3829852	../../benchmark_data/class-i/pdb/7rm4_pmhc_tcr.pdb	../pred_pdb/intellifold2/pmhc_tcr/classI/classI_v2_with_msa/ranked_0/7rm4_pmhc_tcr.pdb	after	ranked_0
35	7rrg	0.237	0.222	4.362	10.771	81.09833333333334	85.94125	61.164000000000016	87.785	81.28090909090908	78.32214285714285	69.44724137931036	90.59599022004889	92.06414364640884	81.58555555555557	91.56778947368421	89.75287671232877	0.4502576	0.3055187	2.73712	0.17488623	0.3799418	0.22152834	2.0883675	4.7096095	0.59289026	1.1080626	0.64243764	0.9671483	../../benchmark_data/class-i/pdb/7rrg_pmhc_tcr.pdb	../pred_pdb/intellifold2/pmhc_tcr/classI/classI_v2_with_msa/ranked_0/7rrg_pmhc_tcr.pdb	after	ranked_0
36	7rtr	0.593	0.73	2.031	5.617	86.5690909090909	88.46666666666667	83.57636363636365	90.5	87.24090909090908	86.54181818181819	85.05909090909091	93.69353808353809	94.53	87.17888888888889	94.18178947368419	93.26603686635946	0.32729653	0.27343434	0.42824078	0.30663496	0.2024884	0.4826241	0.8356503	2.3652353	0.39792296	0.3166811	0.3987455	0.99217856	../../benchmark_data/class-i/pdb/7rtr_pmhc_tcr.pdb	../pred_pdb/intellifold2/pmhc_tcr/classI/classI_v2_with_msa/ranked_0/7rtr_pmhc_tcr.pdb	after	ranked_0
37	7su9	0.376	0.276	2.877	6.389	88.55083333333333	92.4175	81.75533333333334	91.95299999999999	90.75200000000001	77.82066666666667	79.788	93.67066176470587	94.72011111111111	89.99999999999999	94.49534391534392	92.95894977168949	0.45410585	0.26960078	2.5517185	0.2111545	0.18506755	2.2632444	2.6027648	3.2644753	0.38996014	0.21499221	0.38533357	1.2432235	../../benchmark_data/class-i/pdb/7su9_pmhc_tcr.pdb	../pred_pdb/intellifold2/pmhc_tcr/classI/classI_v2_with_msa/ranked_0/7su9_pmhc_tcr.pdb	after	ranked_0
38	8cx4	0.861	0.78	0.711	1.01	96.02545454545454	94.053	93.89764705882352	97.176	96.357	94.404	94.135	96.76251815980629	97.41883977900551	96.96	97.39710526315788	96.22183856502242	0.30974382	0.24703303	0.5765196	0.2616001	0.1648472	0.6806697	0.76658845	0.71922976	0.36876222	0.32290024	0.3779279	0.6768831	../../benchmark_data/class-i/pdb/8cx4_pmhc_tcr.pdb	../pred_pdb/intellifold2/pmhc_tcr/classI/classI_v2_with_msa/ranked_0/8cx4_pmhc_tcr.pdb	after	ranked_0
39	8d5q	0.771	0.698	1.117	1.416	90.80454545454545	94.732	78.86812499999999	94.41545454545454	93.85909090909091	91.72600000000001	85.08967741935484	95.14269607843137	95.63267045454545	91.91	95.43252688172042	94.89986486486488	0.5191982	0.15414406	2.1684408	0.18866779	0.20458837	0.29508796	1.698014	0.9996795	0.66253847	0.5452495	0.66392815	0.88866186	../../benchmark_data/class-i/pdb/8d5q_pmhc_tcr.pdb	../pred_pdb/intellifold2/pmhc_tcr/classI/classI_v2_with_msa/ranked_0/8d5q_pmhc_tcr.pdb	after	ranked_0
40	8dnt	0.794	0.767	0.969	2.709	96.37818181818183	97.42777777777778	90.82666666666665	95.74	89.2690909090909	93.36428571428573	92.19307692307692	95.84233415233413	96.66099447513812	93.65777777777777	96.51873684210527	95.25009216589862	0.44648936	0.35130528	0.6282086	0.437103	0.7163672	0.6333975	1.0127573	1.3861988	0.72326624	0.6408261	0.7326037	1.1493717	../../benchmark_data/class-i/pdb/8dnt_pmhc_tcr.pdb	../pred_pdb/intellifold2/pmhc_tcr/classI/classI_v2_with_msa/ranked_0/8dnt_pmhc_tcr.pdb	after	ranked_0
41	8en8	0.416	0.425	2.376	7.846	87.66090909090909	92.45	72.00285714285714	83.42090909090909	85.80666666666667	73.16133333333333	72.60206896551725	92.57063106796117	94.91088888888888	87.58999999999999	94.56227513227512	90.88264573991032	0.49817154	0.13010894	1.3821393	0.31474248	0.39572728	1.2228787	1.9362035	2.560976	0.4004876	0.28202528	0.40123042	1.6343819	../../benchmark_data/class-i/pdb/8en8_pmhc_tcr.pdb	../pred_pdb/intellifold2/pmhc_tcr/classI/classI_v2_with_msa/ranked_0/8en8_pmhc_tcr.pdb	after	ranked_0
42	8enh	0.646	0.691	1.643	4.338	86.2881818181818	90.833	68.90071428571427	87.15363636363637	86.96166666666666	69.81	69.37103448275863	92.01997566909975	94.53050279329608	87.16333333333334	94.17781914893617	90.20080717488788	0.4235875	0.15850875	1.8560305	0.270787	0.36976257	1.508296	1.8960872	2.0350766	0.6245721	0.38787514	0.61674035	1.2192185	../../benchmark_data/class-i/pdb/8enh_pmhc_tcr.pdb	../pred_pdb/intellifold2/pmhc_tcr/classI/classI_v2_with_msa/ranked_0/8enh_pmhc_tcr.pdb	after	ranked_0
43	8eo8	0.794	0.811	1.098	2.496	87.55	92.134	70.21714285714286	89.09818181818181	88.665	75.72866666666667	73.06793103448275	93.13068126520683	95.47229050279329	89.85444444444445	95.2033510638298	91.38331838565024	0.52177674	0.13570665	1.8799878	0.30519253	0.19966769	0.44053867	1.454938	1.2697392	0.606016	0.28695524	0.5952462	1.0133387	../../benchmark_data/class-i/pdb/8eo8_pmhc_tcr.pdb	../pred_pdb/intellifold2/pmhc_tcr/classI/classI_v2_with_msa/ranked_0/8eo8_pmhc_tcr.pdb	after	ranked_0
44	8f5a	0.303	0.257	3.516	8.535	86.62818181818182	89.483	84.42666666666668	91.15100000000001	88.74100000000001	84.07083333333333	84.26851851851852	93.27298288508555	94.65453038674033	80.213	93.89842931937171	92.725	0.33188254	2.1469815	1.8456702	0.2736242	0.3697653	1.4236592	2.3860438	3.4310672	0.3612863	3.0420063	0.8554854	1.4601719	../../benchmark_data/class-i/pdb/8f5a_pmhc_tcr.pdb	../pred_pdb/intellifold2/pmhc_tcr/classI/classI_v2_with_msa/ranked_0/8f5a_pmhc_tcr.pdb	after	ranked_0
45	8gom	0.464	0.438	2.38	5.964	83.72166666666666	80.49333333333333	80.75636363636363	86.626	85.92636363636365	73.70333333333335	76.6873076923077	91.81319512195122	93.33955801104972	84.9811111111111	92.94363157894738	90.83690909090909	0.3263366	0.25806546	1.2537944	0.20793569	0.2691226	1.7782085	1.9715896	2.1256292	0.39092538	0.33617735	0.3991965	0.91564566	../../benchmark_data/class-i/pdb/8gom_pmhc_tcr.pdb	../pred_pdb/intellifold2/pmhc_tcr/classI/classI_v2_with_msa/ranked_0/8gom_pmhc_tcr.pdb	after	ranked_0
46	8gon	0.046	0.043	16.866	27.501	83.1575	82.23111111111112	80.60636363636364	87.498	84.66636363636364	76.78266666666667	78.40038461538462	91.86865853658536	92.92016574585635	88.14111111111112	92.6937894736842	91.15604545454546	0.57081443	0.20976487	1.1867745	0.22736278	0.2343105	1.4425422	1.6594741	20.891548	0.32009792	0.50914073	0.3401154	0.73545617	../../benchmark_data/class-i/pdb/8gon_pmhc_tcr.pdb	../pred_pdb/intellifold2/pmhc_tcr/classI/classI_v2_with_msa/ranked_0/8gon_pmhc_tcr.pdb	after	ranked_0
47	8gvb	0.809	0.803	1.043	1.975	85.47	94.00999999999999	89.09357142857144	96.826	95.6809090909091	94.36533333333334	91.82034482758621	95.87175609756098	97.10038888888889	95.52250000000001	97.03324468085107	94.88815315315314	1.6200464	0.8446306	0.56815153	0.5215092	0.65704346	0.39675707	0.64238334	0.96970934	0.5089317	0.39398885	0.51528627	0.8610473	../../benchmark_data/class-i/pdb/8gvb_pmhc_tcr.pdb	../pred_pdb/intellifold2/pmhc_tcr/classI/classI_v2_with_msa/ranked_0/8gvb_pmhc_tcr.pdb	after	ranked_0
48	8gvg	0.818	0.836	1.042	2.093	85.10000000000001	94.08363636363637	89.90142857142858	96.96900000000001	95.78363636363638	94.542	92.30172413793103	95.941800486618	97.12878453038675	95.85249999999999	97.07476190476191	94.97725225225226	1.258463	0.92858714	0.66744405	0.4919148	0.6687397	0.43290713	0.7085838	0.9825767	0.6109395	0.43157333	0.6137219	0.87245023	../../benchmark_data/class-i/pdb/8gvg_pmhc_tcr.pdb	../pred_pdb/intellifold2/pmhc_tcr/classI/classI_v2_with_msa/ranked_0/8gvg_pmhc_tcr.pdb	after	ranked_0
49	8gvi	0.813	0.838	1.011	2.605	84.40545454545455	92.66727272727275	89.42214285714286	96.36	95.10545454545455	91.60733333333334	90.55241379310345	95.4696107055961	96.80392265193372	94.535	96.70788359788361	94.41540540540541	1.6047088	0.8654148	0.67399526	0.5704527	0.37061512	0.43554384	0.7899036	1.0640485	0.56604123	0.39258263	0.567008	1.0322213	../../benchmark_data/class-i/pdb/8gvi_pmhc_tcr.pdb	../pred_pdb/intellifold2/pmhc_tcr/classI/classI_v2_with_msa/ranked_0/8gvi_pmhc_tcr.pdb	after	ranked_0
50	8i5c	0.376	0.349	2.623	7.957	92.72727272727273	93.58555555555556	92.24583333333334	94.08900000000001	94.212	90.68692307692308	91.43520000000001	95.72061728395063	95.95635359116021	90.03666666666668	95.67594736842105	95.7600930232558	0.34484065	0.34752837	0.25406128	0.2404007	0.34344476	1.1544592	1.2860774	3.0412583	0.35041195	1.8093009	0.5609484	0.95365435	../../benchmark_data/class-i/pdb/8i5c_pmhc_tcr.pdb	../pred_pdb/intellifold2/pmhc_tcr/classI/classI_v2_with_msa/ranked_0/8i5c_pmhc_tcr.pdb	after	ranked_0
51	8i5d	0.462	0.424	2.213	6.253	87.1	91.34799999999998	85.57916666666667	93.68700000000001	89.46727272727273	88.11133333333333	86.98592592592593	94.09581683168317	95.15740331491712	89.13	94.87189473684211	93.40677570093459	0.23009928	0.2389885	1.2110431	0.3499081	0.2850665	1.1275401	1.4210254	2.5971413	0.38412854	1.9736911	0.61513686	1.2205753	../../benchmark_data/class-i/pdb/8i5d_pmhc_tcr.pdb	../pred_pdb/intellifold2/pmhc_tcr/classI/classI_v2_with_msa/ranked_0/8i5d_pmhc_tcr.pdb	after	ranked_0
52	8qfy	0.851	0.754	0.699	1.249	95.25090909090909	94.88444444444444	94.1775	98.093	96.52090909090909	97.27416666666666	95.72583333333334	96.37844444444444	96.01425414364641	95.53555555555556	95.99157894736842	96.72032558139533	0.39662293	0.23240174	0.27983087	0.16584863	0.22607192	0.19209383	0.37014154	0.8407465	0.698257	0.31268314	0.6899539	0.63370097	../../benchmark_data/class-i/pdb/8qfy_pmhc_tcr.pdb	../pred_pdb/intellifold2/pmhc_tcr/classI/classI_v2_with_msa/ranked_0/8qfy_pmhc_tcr.pdb	after	ranked_0
53	8shi	0.257	0.333	4.117	12.404	86.117	92.739	65.04882352941178	91.38900000000001	86.287	82.54714285714284	72.95129032258065	91.8679207920792	93.72900000000001	82.445	93.24882978723403	90.66601851851853	0.4379043	0.43364993	3.3736477	0.2907219	0.23630941	0.36466703	3.0709333	4.5603085	0.5772678	2.1807055	0.7747376	2.0314379	../../benchmark_data/class-i/pdb/8shi_pmhc_tcr.pdb	../pred_pdb/intellifold2/pmhc_tcr/classI/classI_v2_with_msa/ranked_0/8shi_pmhc_tcr.pdb	after	ranked_0
54	8wte	0.65	0.631	1.605	3.551	90.52272727272727	90.54444444444444	89.42153846153847	91.845	89.02700000000002	86.59687500000001	87.86310344827587	93.87628361858191	94.35966850828729	86.07	93.967	93.79757990867579	0.25611675	0.3061413	0.6678163	0.22210433	0.14508149	1.3229271	1.2561556	1.6819696	0.38980278	1.9319686	0.60856825	0.79653174	../../benchmark_data/class-i/pdb/8wte_pmhc_tcr.pdb	../pred_pdb/intellifold2/pmhc_tcr/classI/classI_v2_with_msa/ranked_0/8wte_pmhc_tcr.pdb	after	ranked_0
55	8wul	0.037	0.0	15.455	25.371	90.87818181818182	91.07777777777778	88.43153846153847	91.12100000000001	83.553	83.476875	85.69793103448276	93.05210268948656	93.52502762430943	86.76888888888888	93.205	92.91945205479452	0.47300574	0.343978	0.7869593	0.25304726	0.18092938	2.6758184	2.7063189	17.755686	0.45649537	2.027298	0.69384295	1.3245453	../../benchmark_data/class-i/pdb/8wul_pmhc_tcr.pdb	../pred_pdb/intellifold2/pmhc_tcr/classI/classI_v2_with_msa/ranked_0/8wul_pmhc_tcr.pdb	after	ranked_0
56	6zkw	0.41	0.466	2.889	7.642	89.04727272727274	90.002	84.63307692307693	91.41399999999999	84.767	77.790625	80.85793103448276	92.69210268948655	93.59222222222222	88.11444444444444	93.33137566137565	92.14290909090909	0.35460207	0.2198553	0.84014696	0.18420465	0.19608492	0.7093237	1.369709	3.2180393	0.5696303	0.25342187	0.56438494	0.9132207	../../benchmark_data/class-i/pdb/6zkw_pmhc_tcr.pdb	../pred_pdb/intellifold2/pmhc_tcr/classI/classI_v2_with_msa/ranked_1/6zkw_pmhc_tcr.pdb	after	ranked_1
57	6zkx	0.504	0.522	2.568	5.093	89.21000000000002	90.96400000000001	87.53769230769231	92.683	88.495	77.69875	82.10931034482758	91.83194647201948	90.84055865921788	85.2775	90.49104712041886	92.99609090909091	0.26468906	0.17541416	1.1100066	0.18006271	0.14808151	1.6518164	2.112388	2.7707658	1.0241346	0.5161194	1.0068152	1.051245	../../benchmark_data/class-i/pdb/6zkx_pmhc_tcr.pdb	../pred_pdb/intellifold2/pmhc_tcr/classI/classI_v2_with_msa/ranked_1/6zkx_pmhc_tcr.pdb	after	ranked_1
58	6zky	0.524	0.528	2.429	4.667	92.5109090909091	92.353	92.92538461538462	95.161	93.916	84.1175	88.0658620689655	95.00220588235294	95.51722222222222	93.12125	95.4152659574468	94.64922727272726	0.33874205	0.31428644	0.9812823	0.24403146	0.22392887	1.0933046	1.7414414	2.322256	0.7201065	2.3778572	0.97157836	1.011075	../../benchmark_data/class-i/pdb/6zky_pmhc_tcr.pdb	../pred_pdb/intellifold2/pmhc_tcr/classI/classI_v2_with_msa/ranked_1/6zky_pmhc_tcr.pdb	after	ranked_1
59	6zkz	0.497	0.542	2.347	6.106	93.46454545454547	92.81800000000001	93.10846153846154	95.176	93.76200000000001	83.020625	87.54275862068965	95.26200980392157	95.80755555555555	92.77875	95.67867021276597	94.90595454545455	0.37658828	0.19221729	0.9715704	0.17193599	0.15495425	1.3348023	1.7825598	2.227019	0.8854744	2.2895577	1.0667857	1.0812913	../../benchmark_data/class-i/pdb/6zkz_pmhc_tcr.pdb	../pred_pdb/intellifold2/pmhc_tcr/classI/classI_v2_with_msa/ranked_1/6zkz_pmhc_tcr.pdb	after	ranked_1
60	7dzm	0.04	0.0	14.232	24.256	82.71166666666666	88.295	63.15533333333333	90.76199999999999	83.50272727272726	84.08833333333334	72.4588888888889	90.53046798029557	91.8798888888889	86.7611111111111	91.63613756613758	89.56746543778802	0.20261846	0.18113291	2.7812002	0.22796063	0.1870746	0.34686455	2.2750857	15.031645	0.75864226	0.46514767	0.7537437	1.0804939	../../benchmark_data/class-i/pdb/7dzm_pmhc_tcr.pdb	../pred_pdb/intellifold2/pmhc_tcr/classI/classI_v2_with_msa/ranked_1/7dzm_pmhc_tcr.pdb	after	ranked_1
61	7dzn	0.919	0.905	0.579	1.196	94.2475	96.6325	94.04333333333334	97.387	96.08272727272725	95.93083333333333	94.88222222222221	97.07466666666666	97.55368715083799	96.63777777777779	97.5098404255319	96.69764976958525	0.1242148	0.14791532	0.88914275	0.16559254	0.23078674	0.20496811	0.7820092	0.7437444	0.41125956	0.19154713	0.40764198	0.569632	../../benchmark_data/class-i/pdb/7dzn_pmhc_tcr.pdb	../pred_pdb/intellifold2/pmhc_tcr/classI/classI_v2_with_msa/ranked_1/7dzn_pmhc_tcr.pdb	after	ranked_1
62	7l1d	0.575	0.514	1.95	3.715	85.16727272727272	87.23888888888888	77.07153846153845	86.513	85.679	61.81263157894737	68.0115625	90.7657946210269	93.60856353591161	80.65444444444444	92.99494736842105	88.83182648401825	0.5647525	0.31815845	0.7169317	0.2907144	0.23322563	2.615065	2.47511	1.8294065	0.6022848	0.90489304	0.6406363	1.7197832	../../benchmark_data/class-i/pdb/7l1d_pmhc_tcr.pdb	../pred_pdb/intellifold2/pmhc_tcr/classI/classI_v2_with_msa/ranked_1/7l1d_pmhc_tcr.pdb	after	ranked_1
63	7n2n	0.037	0.0	17.145	25.073	88.11909090909091	88.997	81.74411764705883	92.498	86.372	79.29933333333334	80.59812500000001	93.01108958837773	94.63116022099446	93.58666666666666	94.58168421052632	91.6729147982063	0.5185798	0.34426805	1.3561423	0.14565535	0.16965058	1.5131994	2.2106955	18.964893	0.3260967	0.18954226	0.32925686	1.3015586	../../benchmark_data/class-i/pdb/7n2n_pmhc_tcr.pdb	../pred_pdb/intellifold2/pmhc_tcr/classI/classI_v2_with_msa/ranked_1/7n2n_pmhc_tcr.pdb	after	ranked_1
64	7n2o	0.038	0.0	16.461	24.819	87.94999999999999	88.965	85.6129411764706	92.179	88.586	78.98733333333334	82.50718749999999	93.23125907990315	94.553591160221	91.22777777777779	94.39605263157897	92.2388340807175	0.4207579	0.34314707	1.4120237	0.17270254	0.16698797	1.3153542	1.7936252	19.08862	0.30323356	0.5403081	0.32779804	1.2567703	../../benchmark_data/class-i/pdb/7n2o_pmhc_tcr.pdb	../pred_pdb/intellifold2/pmhc_tcr/classI/classI_v2_with_msa/ranked_1/7n2o_pmhc_tcr.pdb	after	ranked_1
65	7n2p	0.034	0.0	14.84	26.954	84.41181818181818	85.4	80.75727272727273	87.24300000000001	88.878	76.05400000000002	78.04384615384616	91.68872235872236	93.03027624309394	91.0311111111111	92.93557894736843	90.59700460829494	0.35527244	0.42599207	1.0114138	0.2382489	0.14255023	0.6337351	2.6498673	17.425406	0.40733218	0.3492194	0.42328218	2.7288315	../../benchmark_data/class-i/pdb/7n2p_pmhc_tcr.pdb	../pred_pdb/intellifold2/pmhc_tcr/classI/classI_v2_with_msa/ranked_1/7n2p_pmhc_tcr.pdb	after	ranked_1
66	7n2q	0.138	0.085	6.909	13.494	81.01363636363637	83.126	74.83545454545455	84.49	85.775	72.30533333333334	73.37576923076924	90.46705159705161	92.67790055248618	87.29666666666667	92.42300000000002	88.75447004608296	0.24192478	0.40462533	0.668823	0.17552643	0.15518281	1.6324399	2.17669	20.821634	0.36468905	0.4183771	0.3715496	1.381485	../../benchmark_data/class-i/pdb/7n2q_pmhc_tcr.pdb	../pred_pdb/intellifold2/pmhc_tcr/classI/classI_v2_with_msa/ranked_1/7n2q_pmhc_tcr.pdb	after	ranked_1
67	7n2r	0.156	0.103	5.91	12.861	80.4309090909091	79.273	73.45363636363636	81.85599999999998	83.621	68.70400000000001	70.71346153846153	90.15724815724816	92.69165745856355	81.62222222222222	92.16731578947368	88.39728110599079	0.31143	0.37171865	0.70908725	0.121152714	0.18163224	1.54308	2.3733993	20.310856	0.34495485	0.29335016	0.34778827	1.6896572	../../benchmark_data/class-i/pdb/7n2r_pmhc_tcr.pdb	../pred_pdb/intellifold2/pmhc_tcr/classI/classI_v2_with_msa/ranked_1/7n2r_pmhc_tcr.pdb	after	ranked_1
68	7n2s	0.043	0.0	15.11	23.255	91.37090909090911	89.78900000000002	86.72062500000001	91.739	92.148	88.29799999999999	87.48387096774194	94.41752427184467	95.4803314917127	94.54888888888888	95.43621052631579	93.54567567567567	1.3026147	0.41992992	1.0699633	0.59531105	0.1996909	0.6504062	1.8572829	17.995115	0.40834796	0.26478285	0.40872318	1.3408644	../../benchmark_data/class-i/pdb/7n2s_pmhc_tcr.pdb	../pred_pdb/intellifold2/pmhc_tcr/classI/classI_v2_with_msa/ranked_1/7n2s_pmhc_tcr.pdb	after	ranked_1
69	7n4k	0.849	0.927	0.957	2.699	94.3075	94.7575	93.18307692307692	96.806	95.564	95.34636363636363	94.17458333333333	96.54647499999999	96.62338983050847	97.046	96.64598930481283	96.45910798122064	0.0918599	0.7318568	0.47966886	0.39727783	0.1311738	0.24988945	0.4185385	1.4197814	1.4473159	0.20721397	1.4109117	0.7738216	../../benchmark_data/class-i/pdb/7n4k_pmhc_tcr.pdb	../pred_pdb/intellifold2/pmhc_tcr/classI/classI_v2_with_msa/ranked_1/7n4k_pmhc_tcr.pdb	after	ranked_1
70	7n5c	0.773	0.702	0.923	2.973	89.96083333333335	92.4225	83.75076923076924	95.26	92.956	92.82727272727271	87.91083333333331	94.68485148514851	94.57867403314916	92.98300000000002	94.49513089005235	94.8549765258216	0.16439077	0.22726136	0.6125424	0.4430229	0.11271279	0.6774051	0.87920874	1.6822158	1.5686419	0.24213888	1.5289536	0.8493158	../../benchmark_data/class-i/pdb/7n5c_pmhc_tcr.pdb	../pred_pdb/intellifold2/pmhc_tcr/classI/classI_v2_with_msa/ranked_1/7n5c_pmhc_tcr.pdb	after	ranked_1
71	7n5p	0.83	0.864	0.9	2.985	94.79916666666666	95.30625	94.33153846153846	96.994	95.787	95.61181818181818	94.91833333333334	96.76501253132834	96.84806818181819	97.33200000000001	96.87408602150539	96.66976525821596	0.107149966	0.34248114	0.44498038	0.4225171	0.14975972	0.24010162	0.39670986	1.3185525	1.1209922	0.24375582	1.0964893	0.5995864	../../benchmark_data/class-i/pdb/7n5p_pmhc_tcr.pdb	../pred_pdb/intellifold2/pmhc_tcr/classI/classI_v2_with_msa/ranked_1/7n5p_pmhc_tcr.pdb	after	ranked_1
72	7na5	0.301	0.245	3.676	8.222	94.09818181818181	95.90888888888888	90.32545454545453	95.318	90.214	93.74066666666667	92.29576923076924	94.73602469135801	93.86644444444444	94.59444444444445	93.90111111111109	95.46657407407407	0.49920654	0.21689484	0.77143735	0.23530251	0.33288667	0.41020823	0.8533165	3.9352345	1.6240575	0.34523034	1.5891509	0.5767436	../../benchmark_data/class-i/pdb/7na5_pmhc_tcr.pdb	../pred_pdb/intellifold2/pmhc_tcr/classI/classI_v2_with_msa/ranked_1/7na5_pmhc_tcr.pdb	after	ranked_1
73	7ndq	0.603	0.517	1.671	3.631	90.75333333333333	90.01249999999999	77.60866666666668	95.85800000000002	93.74363636363636	89.84461538461538	83.28964285714287	94.4297794117647	95.15303867403316	91.2188888888889	94.96668421052632	93.96183486238532	0.40237758	0.37251884	0.5423509	0.20645666	0.37612596	0.34049442	0.5722928	1.5034356	0.96207744	2.225188	1.1020449	0.6048915	../../benchmark_data/class-i/pdb/7ndq_pmhc_tcr.pdb	../pred_pdb/intellifold2/pmhc_tcr/classI/classI_v2_with_msa/ranked_1/7ndq_pmhc_tcr.pdb	after	ranked_1
74	7ndt	0.269	0.164	5.184	7.441	82.515	79.5275	77.24642857142858	90.53299999999999	90.61727272727272	81.33416666666666	79.13307692307693	90.28358910891087	90.25038888888889	80.73875	89.84563829787236	90.6647685185185	0.2887374	0.21403933	1.4803592	0.13985826	0.19001348	1.0216446	1.4363632	20.365248	0.51991624	2.1248035	0.77895963	0.8236738	../../benchmark_data/class-i/pdb/7ndt_pmhc_tcr.pdb	../pred_pdb/intellifold2/pmhc_tcr/classI/classI_v2_with_msa/ranked_1/7ndt_pmhc_tcr.pdb	after	ranked_1
75	7ndu	0.59	0.631	2.054	4.359	96.29583333333333	96.11875	94.536	97.92000000000002	97.32818181818183	96.87769230769231	95.6232142857143	96.37103194103194	95.8696132596685	93.32124999999999	95.76174603174604	96.89926605504587	0.4430064	0.4431954	0.37284166	0.22951005	0.29615995	0.28009558	0.41317117	1.9797117	1.2741162	1.675552	1.4038885	0.52837664	../../benchmark_data/class-i/pdb/7ndu_pmhc_tcr.pdb	../pred_pdb/intellifold2/pmhc_tcr/classI/classI_v2_with_msa/ranked_1/7ndu_pmhc_tcr.pdb	after	ranked_1
76	7nme	0.624	0.64	1.808	3.918	89.43727272727274	92.69200000000001	90.61076923076922	94.72099999999999	90.9090909090909	93.7409090909091	92.04541666666667	94.93311111111112	95.66651933701657	90.61666666666666	95.4273157894737	94.49637209302327	0.3848977	0.19145419	0.35685152	0.25452504	0.20036551	0.46700448	0.48866275	2.1039915	0.4984396	0.17774913	0.49530533	0.8045128	../../benchmark_data/class-i/pdb/7nme_pmhc_tcr.pdb	../pred_pdb/intellifold2/pmhc_tcr/classI/classI_v2_with_msa/ranked_1/7nme_pmhc_tcr.pdb	after	ranked_1
77	7nmf	0.612	0.606	1.838	3.851	89.4709090909091	92.76299999999999	90.6276923076923	94.774	90.95181818181817	93.81181818181817	92.08708333333334	94.94528395061728	95.67850828729283	90.67222222222223	95.44136842105263	94.50688372093022	0.4001989	0.13422406	0.46210632	0.14847255	0.21385731	0.45575538	0.56605166	2.0271485	0.44404012	0.28141832	0.4469674	0.747461	../../benchmark_data/class-i/pdb/7nmf_pmhc_tcr.pdb	../pred_pdb/intellifold2/pmhc_tcr/classI/classI_v2_with_msa/ranked_1/7nmf_pmhc_tcr.pdb	after	ranked_1
78	7nmg	0.598	0.639	2.031	4.237	88.60545454545455	92.281	88.73769230769231	94.39599999999999	90.00363636363636	93.1709090909091	90.76958333333334	94.21328395061728	95.0450276243094	87.86	94.70468421052631	93.77902325581394	0.28176603	0.14178298	0.6381109	0.2401604	0.18937589	0.49591982	0.75431436	2.3179038	0.4788816	0.5659297	0.48994148	0.7403769	../../benchmark_data/class-i/pdb/7nmg_pmhc_tcr.pdb	../pred_pdb/intellifold2/pmhc_tcr/classI/classI_v2_with_msa/ranked_1/7nmg_pmhc_tcr.pdb	after	ranked_1
79	7ow5	0.745	0.703	1.142	2.843	90.38583333333332	83.65454545454546	85.02499999999999	92.149	91.51599999999999	79.184375	82.10468750000001	93.58732530120483	95.37138888888889	85.558	94.85489473684211	92.51693333333334	0.27417794	0.68199474	0.821925	0.2251404	0.23484059	0.79284316	1.0815926	1.3537153	0.3555125	1.6888752	0.53737223	0.89700836	../../benchmark_data/class-i/pdb/7ow5_pmhc_tcr.pdb	../pred_pdb/intellifold2/pmhc_tcr/classI/classI_v2_with_msa/ranked_1/7ow5_pmhc_tcr.pdb	after	ranked_1
80	7ow6	0.737	0.677	1.165	2.676	89.98666666666668	83.87727272727273	84.005625	92.283	91.59200000000001	80.65625	82.33093749999999	93.56122596153847	95.16491712707182	83.75400000000002	94.56748691099476	92.70702222222224	0.4140296	0.4111772	0.7532549	0.20088863	0.32290652	0.85354507	1.1061728	1.3606373	0.34406897	1.7842057	0.5481166	0.8844112	../../benchmark_data/class-i/pdb/7ow6_pmhc_tcr.pdb	../pred_pdb/intellifold2/pmhc_tcr/classI/classI_v2_with_msa/ranked_1/7ow6_pmhc_tcr.pdb	after	ranked_1
81	7pb2	0.228	0.246	5.888	10.933	86.81333333333333	81.45181818181818	74.26	90.38300000000001	86.191	77.7925	76.02625	92.02004819277109	94.15333333333332	80.94500000000001	93.45815789473684	90.80564444444444	0.2995867	1.4266837	1.4951121	0.20966077	0.15136783	2.806889	2.799838	18.206991	0.390472	1.4248646	0.5140488	1.5988477	../../benchmark_data/class-i/pdb/7pb2_pmhc_tcr.pdb	../pred_pdb/intellifold2/pmhc_tcr/classI/classI_v2_with_msa/ranked_1/7pb2_pmhc_tcr.pdb	after	ranked_1
82	7pbe	0.819	0.883	1.153	2.042	94.28363636363635	89.41250000000001	92.7075	94.613	92.43909090909092	94.19769230769232	93.4824	95.91091358024691	96.84303867403315	94.36666666666667	96.72573684210526	95.19083720930232	0.47261626	1.1872675	0.6270573	0.45948476	0.24572416	0.4255108	0.7407867	1.0347316	0.6648583	0.22634505	0.65334725	0.84857535	../../benchmark_data/class-i/pdb/7pbe_pmhc_tcr.pdb	../pred_pdb/intellifold2/pmhc_tcr/classI/classI_v2_with_msa/ranked_1/7pbe_pmhc_tcr.pdb	after	ranked_1
83	7phr	0.9	0.793	0.443	0.981	95.45599999999999	95.90100000000001	95.14636363636365	96.251	94.634	96.9323076923077	96.11374999999998	96.36675	97.2060220994475	93.88555555555556	97.04873684210524	95.74971428571428	0.2139285	0.2726482	0.44351098	0.16279393	0.3509096	0.15817554	0.35421997	0.70495504	0.3927887	0.6232379	0.41272	0.67132646	../../benchmark_data/class-i/pdb/7phr_pmhc_tcr.pdb	../pred_pdb/intellifold2/pmhc_tcr/classI/classI_v2_with_msa/ranked_1/7phr_pmhc_tcr.pdb	after	ranked_1
84	7q99	0.857	0.849	0.828	1.868	92.80636363636363	93.91555555555554	89.95818181818181	92.89090909090909	89.68	86.874	88.17884615384615	95.00894348894349	96.53966850828729	93.55199999999999	96.38324607329845	93.79370370370371	0.36142817	0.30342343	0.27256778	0.35589418	0.26763186	1.0374451	0.91005933	0.85683423	0.37380663	0.28083116	0.37230566	0.78452957	../../benchmark_data/class-i/pdb/7q99_pmhc_tcr.pdb	../pred_pdb/intellifold2/pmhc_tcr/classI/classI_v2_with_msa/ranked_1/7q99_pmhc_tcr.pdb	after	ranked_1
85	7q9a	0.733	0.773	1.305	3.492	97.00181818181818	97.0488888888889	93.02181818181818	93.97272727272728	91.33333333333333	93.12266666666666	93.08	95.94557739557739	97.07425414364639	96.02000000000001	97.01905759162304	94.99634259259258	0.26205572	0.20785521	0.9341308	0.24684778	0.25109518	0.22829968	0.79262495	1.4692905	0.38298425	0.21897312	0.37911794	0.7479513	../../benchmark_data/class-i/pdb/7q9a_pmhc_tcr.pdb	../pred_pdb/intellifold2/pmhc_tcr/classI/classI_v2_with_msa/ranked_1/7q9a_pmhc_tcr.pdb	after	ranked_1
86	7q9b	0.258	0.287	4.241	10.965	92.95181818181818	96.42444444444445	91.11375000000001	94.771	93.34299999999999	88.760625	89.545	96.32874074074074	97.02243093922651	94.86	96.90921465968586	95.81065420560749	0.47778973	0.27438325	1.6082678	0.27633896	0.30693087	1.727546	2.4200723	4.9317307	0.6602968	0.35090202	0.653636	1.5263376	../../benchmark_data/class-i/pdb/7q9b_pmhc_tcr.pdb	../pred_pdb/intellifold2/pmhc_tcr/classI/classI_v2_with_msa/ranked_1/7q9b_pmhc_tcr.pdb	after	ranked_1
87	7qpj	0.854	0.71	0.58	1.107	97.50545454545454	98.09555555555556	97.50384615384615	96.287	95.199	97.17181818181817	97.35166666666665	97.35295285359803	97.4855	97.25666666666667	97.47460317460317	97.2455140186916	0.22280738	0.35872874	0.20332366	0.20926674	0.09953386	0.54079896	0.7314356	0.7163775	0.39006314	0.26299313	0.39308164	0.742061	../../benchmark_data/class-i/pdb/7qpj_pmhc_tcr.pdb	../pred_pdb/intellifold2/pmhc_tcr/classI/classI_v2_with_msa/ranked_1/7qpj_pmhc_tcr.pdb	after	ranked_1
88	7r80	0.515	0.597	2.296	6.234	83.61454545454545	91.701	88.34384615384614	93.71199999999999	92.212	89.58800000000001	89.01035714285716	94.93080684596576	96.24928176795582	89.79444444444444	95.94352631578947	94.05219178082191	1.7965844	0.41970453	0.3532232	0.2072578	0.24642949	2.0729108	1.7053702	2.998072	0.5003051	0.4123311	0.5042472	1.2213125	../../benchmark_data/class-i/pdb/7r80_pmhc_tcr.pdb	../pred_pdb/intellifold2/pmhc_tcr/classI/classI_v2_with_msa/ranked_1/7r80_pmhc_tcr.pdb	after	ranked_1
89	7rk7	0.393	0.394	2.74	7.623	84.51833333333333	87.12124999999999	62.845625	86.998	88.511	62.51750000000002	62.66333333333333	90.83701204819278	94.3121546961326	85.55444444444446	93.89731578947368	88.25275555555557	0.3823381	0.64293295	3.2462227	0.207996	0.22825083	2.7053306	3.297691	3.2616203	0.50515866	0.77976036	0.5266575	1.5058173	../../benchmark_data/class-i/pdb/7rk7_pmhc_tcr.pdb	../pred_pdb/intellifold2/pmhc_tcr/classI/classI_v2_with_msa/ranked_1/7rk7_pmhc_tcr.pdb	after	ranked_1
90	7rm4	0.509	0.562	2.546	5.47	84.47818181818182	88.503	76.83749999999999	92.96499999999999	86.21818181818183	83.81333333333333	80.71296296296295	93.73110024449879	95.11060773480665	90.42777777777779	94.88878947368423	92.7267123287671	0.446017	0.62940395	0.806493	0.15333585	0.18680234	2.1898336	2.2129974	2.706399	0.3418922	0.43027428	0.35270637	1.4075763	../../benchmark_data/class-i/pdb/7rm4_pmhc_tcr.pdb	../pred_pdb/intellifold2/pmhc_tcr/classI/classI_v2_with_msa/ranked_1/7rm4_pmhc_tcr.pdb	after	ranked_1
91	7rrg	0.217	0.238	4.432	12.707	81.09833333333334	85.94125	61.164000000000016	87.785	81.28090909090908	78.32214285714285	69.44724137931036	90.59599022004889	92.06414364640884	81.58555555555557	91.56778947368421	89.75287671232877	0.5521048	0.3082704	2.0993073	0.174002	0.3690306	0.21694629	1.7182708	4.9180884	0.60156494	1.2559617	0.6636392	0.8161782	../../benchmark_data/class-i/pdb/7rrg_pmhc_tcr.pdb	../pred_pdb/intellifold2/pmhc_tcr/classI/classI_v2_with_msa/ranked_1/7rrg_pmhc_tcr.pdb	after	ranked_1
92	7rtr	0.544	0.587	2.081	5.532	86.5690909090909	88.46666666666667	83.57636363636365	90.5	87.24090909090908	86.54181818181819	85.05909090909091	93.69353808353809	94.53	87.17888888888889	94.18178947368419	93.26603686635946	0.35699093	0.2835215	0.8766353	0.24497156	0.18009625	0.4162515	1.063536	2.320914	0.3725154	0.33820486	0.37756845	1.0334876	../../benchmark_data/class-i/pdb/7rtr_pmhc_tcr.pdb	../pred_pdb/intellifold2/pmhc_tcr/classI/classI_v2_with_msa/ranked_1/7rtr_pmhc_tcr.pdb	after	ranked_1
93	7su9	0.465	0.397	2.379	5.373	88.55083333333333	92.4175	81.75533333333334	91.95299999999999	90.75200000000001	77.82066666666667	79.788	93.67066176470587	94.72011111111111	89.99999999999999	94.49534391534392	92.95894977168949	0.4686398	0.27929562	2.6276832	0.19486837	0.24490726	2.2902052	2.6968555	2.7033935	0.4108348	0.30757037	0.40857017	1.317044	../../benchmark_data/class-i/pdb/7su9_pmhc_tcr.pdb	../pred_pdb/intellifold2/pmhc_tcr/classI/classI_v2_with_msa/ranked_1/7su9_pmhc_tcr.pdb	after	ranked_1
94	8cx4	0.859	0.78	0.724	0.955	96.02545454545454	94.053	93.89764705882352	97.176	96.357	94.404	94.135	96.76251815980629	97.41883977900551	96.96	97.39710526315788	96.22183856502242	0.3348826	0.21698245	0.573086	0.23793142	0.18436287	0.68181723	0.7938378	0.73129153	0.38165504	0.3261856	0.38825014	0.6723965	../../benchmark_data/class-i/pdb/8cx4_pmhc_tcr.pdb	../pred_pdb/intellifold2/pmhc_tcr/classI/classI_v2_with_msa/ranked_1/8cx4_pmhc_tcr.pdb	after	ranked_1
95	8d5q	0.771	0.717	1.169	1.359	90.80454545454545	94.732	78.86812499999999	94.41545454545454	93.85909090909091	91.72600000000001	85.08967741935484	95.14269607843137	95.63267045454545	91.91	95.43252688172042	94.89986486486488	0.4426794	0.15994498	2.3249943	0.19021085	0.20954868	0.3080523	1.8012489	1.0336806	0.66193146	0.52316314	0.6610248	0.92687005	../../benchmark_data/class-i/pdb/8d5q_pmhc_tcr.pdb	../pred_pdb/intellifold2/pmhc_tcr/classI/classI_v2_with_msa/ranked_1/8d5q_pmhc_tcr.pdb	after	ranked_1
96	8dnt	0.774	0.726	1.039	2.484	96.37818181818183	97.42777777777778	90.82666666666665	95.74	89.2690909090909	93.36428571428573	92.19307692307692	95.84233415233413	96.66099447513812	93.65777777777777	96.51873684210527	95.25009216589862	0.471212	0.34131157	0.6234711	0.44550455	0.6814983	0.67065096	1.149163	1.3776132	0.7211217	0.6657599	0.736828	1.0986103	../../benchmark_data/class-i/pdb/8dnt_pmhc_tcr.pdb	../pred_pdb/intellifold2/pmhc_tcr/classI/classI_v2_with_msa/ranked_1/8dnt_pmhc_tcr.pdb	after	ranked_1
97	8en8	0.52	0.493	2.094	5.218	87.66090909090909	92.45	72.00285714285714	83.42090909090909	85.80666666666667	73.16133333333333	72.60206896551725	92.57063106796117	94.91088888888888	87.58999999999999	94.56227513227512	90.88264573991032	0.47494262	0.13406618	1.882299	0.29055315	0.3960357	1.3460891	2.5306423	1.8284105	0.37495598	0.26324964	0.37675568	1.49047	../../benchmark_data/class-i/pdb/8en8_pmhc_tcr.pdb	../pred_pdb/intellifold2/pmhc_tcr/classI/classI_v2_with_msa/ranked_1/8en8_pmhc_tcr.pdb	after	ranked_1
98	8enh	0.654	0.716	1.575	4.65	86.2881818181818	90.833	68.90071428571427	87.15363636363637	86.96166666666666	69.81	69.37103448275863	92.01997566909975	94.53050279329608	87.16333333333334	94.17781914893617	90.20080717488788	0.46843964	0.1467431	2.0483394	0.2794019	0.39523286	1.2671698	1.9901059	2.1022553	0.6117295	0.376642	0.60380715	1.4836807	../../benchmark_data/class-i/pdb/8enh_pmhc_tcr.pdb	../pred_pdb/intellifold2/pmhc_tcr/classI/classI_v2_with_msa/ranked_1/8enh_pmhc_tcr.pdb	after	ranked_1
99	8eo8	0.762	0.784	1.173	3.135	87.55	92.134	70.21714285714286	89.09818181818181	88.665	75.72866666666667	73.06793103448275	93.13068126520683	95.47229050279329	89.85444444444445	95.2033510638298	91.38331838565024	0.40313777	0.1416311	1.8273404	0.2475468	0.20603593	0.5953684	1.569747	1.4451973	0.6445153	0.265474	0.6326828	1.0396972	../../benchmark_data/class-i/pdb/8eo8_pmhc_tcr.pdb	../pred_pdb/intellifold2/pmhc_tcr/classI/classI_v2_with_msa/ranked_1/8eo8_pmhc_tcr.pdb	after	ranked_1
100	8f5a	0.327	0.3	3.472	8.105	86.62818181818182	89.483	84.42666666666668	91.15100000000001	88.74100000000001	84.07083333333333	84.26851851851852	93.27298288508555	94.65453038674033	80.213	93.89842931937171	92.725	0.34574392	2.1539714	1.7244891	0.2883101	0.37245804	1.4143249	2.2663283	3.3106725	0.3904064	2.9882052	0.8712689	1.4991673	../../benchmark_data/class-i/pdb/8f5a_pmhc_tcr.pdb	../pred_pdb/intellifold2/pmhc_tcr/classI/classI_v2_with_msa/ranked_1/8f5a_pmhc_tcr.pdb	after	ranked_1
101	8gom	0.411	0.388	2.407	7.47	83.72166666666666	80.49333333333333	80.75636363636363	86.626	85.92636363636365	73.70333333333335	76.6873076923077	91.81319512195122	93.33955801104972	84.9811111111111	92.94363157894738	90.83690909090909	0.36106563	0.23901723	1.211909	0.12916182	0.28831825	1.5011531	1.8375704	2.2042284	0.3924991	0.37394786	0.40834957	0.848421	../../benchmark_data/class-i/pdb/8gom_pmhc_tcr.pdb	../pred_pdb/intellifold2/pmhc_tcr/classI/classI_v2_with_msa/ranked_1/8gom_pmhc_tcr.pdb	after	ranked_1
102	8gon	0.045	0.043	17.069	27.772	83.1575	82.23111111111112	80.60636363636364	87.498	84.66636363636364	76.78266666666667	78.40038461538462	91.86865853658536	92.92016574585635	88.14111111111112	92.6937894736842	91.15604545454546	0.5313529	0.23021793	1.3800588	0.2562563	0.2256591	1.3998865	1.763298	20.865425	0.30948004	0.45594546	0.32534853	0.7692751	../../benchmark_data/class-i/pdb/8gon_pmhc_tcr.pdb	../pred_pdb/intellifold2/pmhc_tcr/classI/classI_v2_with_msa/ranked_1/8gon_pmhc_tcr.pdb	after	ranked_1
103	8gvb	0.834	0.833	0.985	1.523	85.47	94.00999999999999	89.09357142857144	96.826	95.6809090909091	94.36533333333334	91.82034482758621	95.87175609756098	97.10038888888889	95.52250000000001	97.03324468085107	94.88815315315314	1.6588808	0.8220031	0.619531	0.52673954	0.66467613	0.40211532	0.6667141	0.88781035	0.50845325	0.42148635	0.5164716	0.85201305	../../benchmark_data/class-i/pdb/8gvb_pmhc_tcr.pdb	../pred_pdb/intellifold2/pmhc_tcr/classI/classI_v2_with_msa/ranked_1/8gvb_pmhc_tcr.pdb	after	ranked_1
104	8gvg	0.835	0.851	0.982	1.852	85.10000000000001	94.08363636363637	89.90142857142858	96.96900000000001	95.78363636363638	94.542	92.30172413793103	95.941800486618	97.12878453038675	95.85249999999999	97.07476190476191	94.97725225225226	1.3813401	0.92372364	0.6268835	0.5130475	0.67860454	0.42732945	0.6752309	0.9005595	0.61381143	0.42385206	0.61851597	0.8803683	../../benchmark_data/class-i/pdb/8gvg_pmhc_tcr.pdb	../pred_pdb/intellifold2/pmhc_tcr/classI/classI_v2_with_msa/ranked_1/8gvg_pmhc_tcr.pdb	after	ranked_1
105	8gvi	0.801	0.809	1.035	2.567	84.40545454545455	92.66727272727275	89.42214285714286	96.36	95.10545454545455	91.60733333333334	90.55241379310345	95.4696107055961	96.80392265193372	94.535	96.70788359788361	94.41540540540541	1.6083617	0.88162094	0.56574684	0.358772	0.3519227	0.43273392	0.6834653	1.0642068	0.5718028	0.40591055	0.5718428	0.97553515	../../benchmark_data/class-i/pdb/8gvi_pmhc_tcr.pdb	../pred_pdb/intellifold2/pmhc_tcr/classI/classI_v2_with_msa/ranked_1/8gvi_pmhc_tcr.pdb	after	ranked_1
106	8i5c	0.36	0.349	2.698	8.575	92.72727272727273	93.58555555555556	92.24583333333334	94.08900000000001	94.212	90.68692307692308	91.43520000000001	95.72061728395063	95.95635359116021	90.03666666666668	95.67594736842105	95.7600930232558	0.3549397	0.33153337	0.2653286	0.24647778	0.3477674	1.2846996	1.37815	3.0868177	0.39834458	1.9198629	0.60795915	0.8257381	../../benchmark_data/class-i/pdb/8i5c_pmhc_tcr.pdb	../pred_pdb/intellifold2/pmhc_tcr/classI/classI_v2_with_msa/ranked_1/8i5c_pmhc_tcr.pdb	after	ranked_1
107	8i5d	0.53	0.492	1.862	5.518	87.1	91.34799999999998	85.57916666666667	93.68700000000001	89.46727272727273	88.11133333333333	86.98592592592593	94.09581683168317	95.15740331491712	89.13	94.87189473684211	93.40677570093459	0.23597504	0.16021177	1.1755792	0.32052866	0.2856812	1.0953807	1.4266065	2.2318687	0.40418643	1.9897263	0.63134027	1.1925565	../../benchmark_data/class-i/pdb/8i5d_pmhc_tcr.pdb	../pred_pdb/intellifold2/pmhc_tcr/classI/classI_v2_with_msa/ranked_1/8i5d_pmhc_tcr.pdb	after	ranked_1
108	8qfy	0.828	0.754	0.832	1.642	95.25090909090909	94.88444444444444	94.1775	98.093	96.52090909090909	97.27416666666666	95.72583333333334	96.37844444444444	96.01425414364641	95.53555555555556	95.99157894736842	96.72032558139533	0.38723332	0.23763832	0.27229095	0.16686042	0.21314497	0.1961878	0.38961622	0.94706774	0.72322637	0.2904033	0.71281147	0.59039927	../../benchmark_data/class-i/pdb/8qfy_pmhc_tcr.pdb	../pred_pdb/intellifold2/pmhc_tcr/classI/classI_v2_with_msa/ranked_1/8qfy_pmhc_tcr.pdb	after	ranked_1
109	8shi	0.242	0.292	4.118	12.46	86.117	92.739	65.04882352941178	91.38900000000001	86.287	82.54714285714284	72.95129032258065	91.8679207920792	93.72900000000001	82.445	93.24882978723403	90.66601851851853	0.48027638	0.4134433	3.4853523	0.27509695	0.20942992	0.39898267	3.07969	4.4285088	0.61095065	2.1374907	0.78325444	2.011448	../../benchmark_data/class-i/pdb/8shi_pmhc_tcr.pdb	../pred_pdb/intellifold2/pmhc_tcr/classI/classI_v2_with_msa/ranked_1/8shi_pmhc_tcr.pdb	after	ranked_1
110	8wte	0.607	0.6	1.747	4.298	90.52272727272727	90.54444444444444	89.42153846153847	91.845	89.02700000000002	86.59687500000001	87.86310344827587	93.87628361858191	94.35966850828729	86.07	93.967	93.79757990867579	0.25523746	0.30572006	0.67377	0.22903366	0.13377139	1.3330125	1.2667106	2.0463986	0.4172616	1.4709829	0.55718035	0.802268	../../benchmark_data/class-i/pdb/8wte_pmhc_tcr.pdb	../pred_pdb/intellifold2/pmhc_tcr/classI/classI_v2_with_msa/ranked_1/8wte_pmhc_tcr.pdb	after	ranked_1
111	8wul	0.621	0.533	1.901	2.025	90.87818181818182	91.07777777777778	88.43153846153847	91.12100000000001	83.553	83.476875	85.69793103448276	93.05210268948656	93.52502762430943	86.76888888888888	93.205	92.91945205479452	0.473274	0.31062126	0.7774096	0.23483284	0.1452894	2.784158	2.8265138	1.2611626	0.3439961	2.0781333	0.6375645	1.3473628	../../benchmark_data/class-i/pdb/8wul_pmhc_tcr.pdb	../pred_pdb/intellifold2/pmhc_tcr/classI/classI_v2_with_msa/ranked_1/8wul_pmhc_tcr.pdb	after	ranked_1
112	6zkw	0.429	0.534	2.946	7.73	89.04727272727274	90.002	84.63307692307693	91.41399999999999	84.767	77.790625	80.85793103448276	92.69210268948655	93.59222222222222	88.11444444444444	93.33137566137565	92.14290909090909	0.34099978	0.17174143	0.8263692	0.15009221	0.1897018	0.60673875	1.2102854	3.2709694	0.71440685	0.47473237	0.71245784	0.898236	../../benchmark_data/class-i/pdb/6zkw_pmhc_tcr.pdb	../pred_pdb/intellifold2/pmhc_tcr/classI/classI_v2_with_msa/ranked_2/6zkw_pmhc_tcr.pdb	after	ranked_2
113	6zkx	0.52	0.522	2.5	4.587	89.21000000000002	90.96400000000001	87.53769230769231	92.683	88.495	77.69875	82.10931034482758	91.83194647201948	90.84055865921788	85.2775	90.49104712041886	92.99609090909091	0.29262593	0.16318107	1.0622218	0.17211881	0.13700187	1.6867818	2.1384175	2.631224	1.0849512	0.5725235	1.0665867	1.0804683	../../benchmark_data/class-i/pdb/6zkx_pmhc_tcr.pdb	../pred_pdb/intellifold2/pmhc_tcr/classI/classI_v2_with_msa/ranked_2/6zkx_pmhc_tcr.pdb	after	ranked_2
114	6zky	0.497	0.547	2.484	5.864	92.5109090909091	92.353	92.92538461538462	95.161	93.916	84.1175	88.0658620689655	95.00220588235294	95.51722222222222	93.12125	95.4152659574468	94.64922727272726	0.34576908	0.3416232	1.0556335	0.22558334	0.19163583	1.3591616	1.8460826	2.3595061	0.705323	2.3536417	0.96097904	1.0349442	../../benchmark_data/class-i/pdb/6zky_pmhc_tcr.pdb	../pred_pdb/intellifold2/pmhc_tcr/classI/classI_v2_with_msa/ranked_2/6zky_pmhc_tcr.pdb	after	ranked_2
115	6zkz	0.533	0.542	2.278	4.847	93.46454545454547	92.81800000000001	93.10846153846154	95.176	93.76200000000001	83.020625	87.54275862068965	95.26200980392157	95.80755555555555	92.77875	95.67867021276597	94.90595454545455	0.35696766	0.18835522	0.9126377	0.18531337	0.1595907	1.2490025	1.7507848	2.148432	0.71690595	2.3017025	0.93586004	1.0221338	../../benchmark_data/class-i/pdb/6zkz_pmhc_tcr.pdb	../pred_pdb/intellifold2/pmhc_tcr/classI/classI_v2_with_msa/ranked_2/6zkz_pmhc_tcr.pdb	after	ranked_2
116	7dzm	0.071	0.07	8.947	23.63	82.71166666666666	88.295	63.15533333333333	90.76199999999999	83.50272727272726	84.08833333333334	72.4588888888889	90.53046798029557	91.8798888888889	86.7611111111111	91.63613756613758	89.56746543778802	0.24864158	0.14641064	3.1623716	0.2449111	0.15820007	0.35683674	2.392905	10.705519	0.736935	0.43749717	0.7316594	1.1065657	../../benchmark_data/class-i/pdb/7dzm_pmhc_tcr.pdb	../pred_pdb/intellifold2/pmhc_tcr/classI/classI_v2_with_msa/ranked_2/7dzm_pmhc_tcr.pdb	after	ranked_2
117	7dzn	0.913	0.881	0.565	1.191	94.2475	96.6325	94.04333333333334	97.387	96.08272727272725	95.93083333333333	94.88222222222221	97.07466666666666	97.55368715083799	96.63777777777779	97.5098404255319	96.69764976958525	0.1334464	0.16722207	0.82696474	0.16460577	0.20685318	0.19608885	0.7211955	0.7221661	0.41500157	0.18925522	0.4111731	0.56035864	../../benchmark_data/class-i/pdb/7dzn_pmhc_tcr.pdb	../pred_pdb/intellifold2/pmhc_tcr/classI/classI_v2_with_msa/ranked_2/7dzn_pmhc_tcr.pdb	after	ranked_2
118	7l1d	0.459	0.432	4.042	3.953	85.16727272727272	87.23888888888888	77.07153846153845	86.513	85.679	61.81263157894737	68.0115625	90.7657946210269	93.60856353591161	80.65444444444444	92.99494736842105	88.83182648401825	0.5715974	0.31750694	0.840155	0.29917458	0.24760893	4.0623164	5.6504397	2.9471707	0.5277725	0.9929381	0.57524556	3.2600017	../../benchmark_data/class-i/pdb/7l1d_pmhc_tcr.pdb	../pred_pdb/intellifold2/pmhc_tcr/classI/classI_v2_with_msa/ranked_2/7l1d_pmhc_tcr.pdb	after	ranked_2
119	7n2n	0.038	0.0	17.137	24.609	88.11909090909091	88.997	81.74411764705883	92.498	86.372	79.29933333333334	80.59812500000001	93.01108958837773	94.63116022099446	93.58666666666666	94.58168421052632	91.6729147982063	0.5424258	0.33976355	1.3833023	0.13690622	0.15026681	1.4581264	2.2864704	18.890795	0.33961445	0.2102457	0.3426157	1.4216714	../../benchmark_data/class-i/pdb/7n2n_pmhc_tcr.pdb	../pred_pdb/intellifold2/pmhc_tcr/classI/classI_v2_with_msa/ranked_2/7n2n_pmhc_tcr.pdb	after	ranked_2
120	7n2o	0.039	0.0	16.388	24.287	87.94999999999999	88.965	85.6129411764706	92.179	88.586	78.98733333333334	82.50718749999999	93.23125907990315	94.553591160221	91.22777777777779	94.39605263157897	92.2388340807175	0.49443826	0.35166562	1.3621929	0.17461328	0.14452294	1.3947693	1.9027741	19.027561	0.3412204	0.28459737	0.34526217	1.2900113	../../benchmark_data/class-i/pdb/7n2o_pmhc_tcr.pdb	../pred_pdb/intellifold2/pmhc_tcr/classI/classI_v2_with_msa/ranked_2/7n2o_pmhc_tcr.pdb	after	ranked_2
121	7n2p	0.033	0.0	14.871	27.087	84.41181818181818	85.4	80.75727272727273	87.24300000000001	88.878	76.05400000000002	78.04384615384616	91.68872235872236	93.03027624309394	91.0311111111111	92.93557894736843	90.59700460829494	0.34638336	0.41253784	1.0514092	0.25580147	0.15189207	0.64865565	2.8701084	17.365593	0.43476772	0.22094424	0.4428716	2.7206194	../../benchmark_data/class-i/pdb/7n2p_pmhc_tcr.pdb	../pred_pdb/intellifold2/pmhc_tcr/classI/classI_v2_with_msa/ranked_2/7n2p_pmhc_tcr.pdb	after	ranked_2
122	7n2q	0.14	0.102	7.05	13.788	81.01363636363637	83.126	74.83545454545455	84.49	85.775	72.30533333333334	73.37576923076924	90.46705159705161	92.67790055248618	87.29666666666667	92.42300000000002	88.75447004608296	0.28835127	0.4075481	0.617023	0.1719255	0.14495139	1.5950811	2.1858194	21.053473	0.3717196	0.40394878	0.3762264	1.4011905	../../benchmark_data/class-i/pdb/7n2q_pmhc_tcr.pdb	../pred_pdb/intellifold2/pmhc_tcr/classI/classI_v2_with_msa/ranked_2/7n2q_pmhc_tcr.pdb	after	ranked_2
123	7n2r	0.165	0.103	5.63	12.244	80.4309090909091	79.273	73.45363636363636	81.85599999999998	83.621	68.70400000000001	70.71346153846153	90.15724815724816	92.69165745856355	81.62222222222222	92.16731578947368	88.39728110599079	0.22801778	0.3926434	0.36389035	0.14237933	0.17695381	1.6513158	2.2788997	20.230045	0.34696683	0.33137286	0.34962788	1.4801887	../../benchmark_data/class-i/pdb/7n2r_pmhc_tcr.pdb	../pred_pdb/intellifold2/pmhc_tcr/classI/classI_v2_with_msa/ranked_2/7n2r_pmhc_tcr.pdb	after	ranked_2
124	7n2s	0.042	0.0	15.149	23.515	91.37090909090911	89.78900000000002	86.72062500000001	91.739	92.148	88.29799999999999	87.48387096774194	94.41752427184467	95.4803314917127	94.54888888888888	95.43621052631579	93.54567567567567	1.3034893	0.4035486	1.0998594	0.57569855	0.19491486	0.62132007	1.926922	18.023092	0.4248937	0.27342775	0.4248048	1.315794	../../benchmark_data/class-i/pdb/7n2s_pmhc_tcr.pdb	../pred_pdb/intellifold2/pmhc_tcr/classI/classI_v2_with_msa/ranked_2/7n2s_pmhc_tcr.pdb	after	ranked_2
125	7n4k	0.86	0.945	0.963	2.401	94.3075	94.7575	93.18307692307692	96.806	95.564	95.34636363636363	94.17458333333333	96.54647499999999	96.62338983050847	97.046	96.64598930481283	96.45910798122064	0.08945815	0.7577042	0.4867464	0.39476871	0.14856929	0.32083207	0.45524937	1.3035686	1.4470843	0.21876563	1.4113343	0.65279067	../../benchmark_data/class-i/pdb/7n4k_pmhc_tcr.pdb	../pred_pdb/intellifold2/pmhc_tcr/classI/classI_v2_with_msa/ranked_2/7n4k_pmhc_tcr.pdb	after	ranked_2
126	7n5c	0.816	0.737	0.843	1.952	89.96083333333335	92.4225	83.75076923076924	95.26	92.956	92.82727272727271	87.91083333333331	94.68485148514851	94.57867403314916	92.98300000000002	94.49513089005235	94.8549765258216	0.22055316	0.24034032	0.54867125	0.41272536	0.09740413	0.70507216	0.7679119	1.0166156	0.73230636	0.22320145	0.7159407	0.77874595	../../benchmark_data/class-i/pdb/7n5c_pmhc_tcr.pdb	../pred_pdb/intellifold2/pmhc_tcr/classI/classI_v2_with_msa/ranked_2/7n5c_pmhc_tcr.pdb	after	ranked_2
127	7n5p	0.861	0.898	0.816	2.604	94.79916666666666	95.30625	94.33153846153846	96.994	95.787	95.61181818181818	94.91833333333334	96.76501253132834	96.84806818181819	97.33200000000001	96.87408602150539	96.66976525821596	0.12892385	0.32555038	0.44273096	0.40958565	0.12875503	0.2536218	0.41995373	1.1983594	1.0675466	0.26406008	1.0453318	0.6293592	../../benchmark_data/class-i/pdb/7n5p_pmhc_tcr.pdb	../pred_pdb/intellifold2/pmhc_tcr/classI/classI_v2_with_msa/ranked_2/7n5p_pmhc_tcr.pdb	after	ranked_2
128	7na5	0.287	0.204	3.579	8.377	94.09818181818181	95.90888888888888	90.32545454545453	95.318	90.214	93.74066666666667	92.29576923076924	94.73602469135801	93.86644444444444	94.59444444444445	93.90111111111109	95.46657407407407	0.5465681	0.22592774	0.763795	0.23877479	0.33614326	0.38506624	0.87759304	3.807201	1.5994834	0.35400274	1.5649794	0.5622467	../../benchmark_data/class-i/pdb/7na5_pmhc_tcr.pdb	../pred_pdb/intellifold2/pmhc_tcr/classI/classI_v2_with_msa/ranked_2/7na5_pmhc_tcr.pdb	after	ranked_2
129	7ndq	0.64	0.633	1.74	3.42	90.75333333333333	90.01249999999999	77.60866666666668	95.85800000000002	93.74363636363636	89.84461538461538	83.28964285714287	94.4297794117647	95.15303867403316	91.2188888888889	94.96668421052632	93.96183486238532	0.38665158	0.38083473	0.5845188	0.20412676	0.36756966	0.31447282	0.5932386	1.5728512	1.0720006	2.1979082	1.1949484	0.5534424	../../benchmark_data/class-i/pdb/7ndq_pmhc_tcr.pdb	../pred_pdb/intellifold2/pmhc_tcr/classI/classI_v2_with_msa/ranked_2/7ndq_pmhc_tcr.pdb	after	ranked_2
130	7ndt	0.251	0.148	5.197	8.015	82.515	79.5275	77.24642857142858	90.53299999999999	90.61727272727272	81.33416666666666	79.13307692307693	90.28358910891087	90.25038888888889	80.73875	89.84563829787236	90.6647685185185	0.29492265	0.25161648	1.3511704	0.15317722	0.21736068	1.2264211	1.4188207	20.099165	0.5948933	2.051121	0.8094734	0.79983646	../../benchmark_data/class-i/pdb/7ndt_pmhc_tcr.pdb	../pred_pdb/intellifold2/pmhc_tcr/classI/classI_v2_with_msa/ranked_2/7ndt_pmhc_tcr.pdb	after	ranked_2
131	7ndu	0.582	0.646	2.126	4.681	96.29583333333333	96.11875	94.536	97.92000000000002	97.32818181818183	96.87769230769231	95.6232142857143	96.37103194103194	95.8696132596685	93.32124999999999	95.76174603174604	96.89926605504587	0.49680352	0.4534423	0.40819448	0.26524094	0.3141814	0.29779282	0.45153758	2.1120453	1.2943869	1.644462	1.4224457	0.6345935	../../benchmark_data/class-i/pdb/7ndu_pmhc_tcr.pdb	../pred_pdb/intellifold2/pmhc_tcr/classI/classI_v2_with_msa/ranked_2/7ndu_pmhc_tcr.pdb	after	ranked_2
132	7nme	0.611	0.653	1.84	4.517	89.43727272727274	92.69200000000001	90.61076923076922	94.72099999999999	90.9090909090909	93.7409090909091	92.04541666666667	94.93311111111112	95.66651933701657	90.61666666666666	95.4273157894737	94.49637209302327	0.38321263	0.2545331	0.35992944	0.24974425	0.18914317	0.51506114	0.4753498	2.093391	0.4737474	0.1695359	0.46981892	0.8696102	../../benchmark_data/class-i/pdb/7nme_pmhc_tcr.pdb	../pred_pdb/intellifold2/pmhc_tcr/classI/classI_v2_with_msa/ranked_2/7nme_pmhc_tcr.pdb	after	ranked_2
133	7nmf	0.607	0.648	1.864	4.526	89.4709090909091	92.76299999999999	90.6276923076923	94.774	90.95181818181817	93.81181818181817	92.08708333333334	94.94528395061728	95.67850828729283	90.67222222222223	95.44136842105263	94.50688372093022	0.39330837	0.17576477	0.45696744	0.15230343	0.20235571	0.49550343	0.53557557	2.0172105	0.41708437	0.268003	0.41817656	0.8004282	../../benchmark_data/class-i/pdb/7nmf_pmhc_tcr.pdb	../pred_pdb/intellifold2/pmhc_tcr/classI/classI_v2_with_msa/ranked_2/7nmf_pmhc_tcr.pdb	after	ranked_2
134	7nmg	0.572	0.583	2.011	4.575	88.60545454545455	92.281	88.73769230769231	94.39599999999999	90.00363636363636	93.1709090909091	90.76958333333334	94.21328395061728	95.0450276243094	87.86	94.70468421052631	93.77902325581394	0.28037316	0.13273278	0.46878627	0.27902424	0.18376467	0.50828034	0.5946836	2.3206804	0.44740123	0.5778446	0.46100402	0.7628112	../../benchmark_data/class-i/pdb/7nmg_pmhc_tcr.pdb	../pred_pdb/intellifold2/pmhc_tcr/classI/classI_v2_with_msa/ranked_2/7nmg_pmhc_tcr.pdb	after	ranked_2
135	7ow5	0.767	0.797	1.209	2.862	90.38583333333332	83.65454545454546	85.02499999999999	92.149	91.51599999999999	79.184375	82.10468750000001	93.58732530120483	95.37138888888889	85.558	94.85489473684211	92.51693333333334	0.2839388	0.35748634	0.884302	0.2267391	0.24152826	0.8273433	1.171056	1.4446818	0.35927758	1.5959373	0.52119416	0.83206207	../../benchmark_data/class-i/pdb/7ow5_pmhc_tcr.pdb	../pred_pdb/intellifold2/pmhc_tcr/classI/classI_v2_with_msa/ranked_2/7ow5_pmhc_tcr.pdb	after	ranked_2
136	7ow6	0.678	0.646	1.317	3.944	89.98666666666668	83.87727272727273	84.005625	92.283	91.59200000000001	80.65625	82.33093749999999	93.56122596153847	95.16491712707182	83.75400000000002	94.56748691099476	92.70702222222224	0.38794893	1.2002032	0.79818326	0.19977766	0.3270878	0.9493495	1.0789374	1.5997453	0.37537035	1.7160388	0.55070925	0.98221636	../../benchmark_data/class-i/pdb/7ow6_pmhc_tcr.pdb	../pred_pdb/intellifold2/pmhc_tcr/classI/classI_v2_with_msa/ranked_2/7ow6_pmhc_tcr.pdb	after	ranked_2
137	7pb2	0.224	0.246	5.801	11.254	86.81333333333333	81.45181818181818	74.26	90.38300000000001	86.191	77.7925	76.02625	92.02004819277109	94.15333333333332	80.94500000000001	93.45815789473684	90.80564444444444	0.28920412	1.4437929	1.7231811	0.1738382	0.15531096	2.7865274	2.6419895	17.973892	0.4034854	1.3459911	0.5084685	1.6219177	../../benchmark_data/class-i/pdb/7pb2_pmhc_tcr.pdb	../pred_pdb/intellifold2/pmhc_tcr/classI/classI_v2_with_msa/ranked_2/7pb2_pmhc_tcr.pdb	after	ranked_2
138	7pbe	0.793	0.857	1.255	2.281	94.28363636363635	89.41250000000001	92.7075	94.613	92.43909090909092	94.19769230769232	93.4824	95.91091358024691	96.84303867403315	94.36666666666667	96.72573684210526	95.19083720930232	0.46515888	1.4610964	0.65126103	0.4950744	0.24612944	0.46125224	0.81254345	1.0871003	0.6733819	0.20734486	0.6612591	0.9285864	../../benchmark_data/class-i/pdb/7pbe_pmhc_tcr.pdb	../pred_pdb/intellifold2/pmhc_tcr/classI/classI_v2_with_msa/ranked_2/7pbe_pmhc_tcr.pdb	after	ranked_2
139	7phr	0.906	0.793	0.398	0.782	95.45599999999999	95.90100000000001	95.14636363636365	96.251	94.634	96.9323076923077	96.11374999999998	96.36675	97.2060220994475	93.88555555555556	97.04873684210524	95.74971428571428	0.20330107	0.2796081	0.4360195	0.15233335	0.35599527	0.173046	0.35788187	0.6085901	0.4704526	0.38879472	0.46880254	0.5953334	../../benchmark_data/class-i/pdb/7phr_pmhc_tcr.pdb	../pred_pdb/intellifold2/pmhc_tcr/classI/classI_v2_with_msa/ranked_2/7phr_pmhc_tcr.pdb	after	ranked_2
140	7q99	0.9	0.89	0.669	1.313	92.80636363636363	93.91555555555554	89.95818181818181	92.89090909090909	89.68	86.874	88.17884615384615	95.00894348894349	96.53966850828729	93.55199999999999	96.38324607329845	93.79370370370371	0.35779667	0.27046812	0.28979966	0.38710916	0.28371638	0.37524715	0.50866234	0.7768872	0.38065863	0.2734062	0.3798823	0.81267065	../../benchmark_data/class-i/pdb/7q99_pmhc_tcr.pdb	../pred_pdb/intellifold2/pmhc_tcr/classI/classI_v2_with_msa/ranked_2/7q99_pmhc_tcr.pdb	after	ranked_2
141	7q9a	0.739	0.76	1.241	3.382	97.00181818181818	97.0488888888889	93.02181818181818	93.97272727272728	91.33333333333333	93.12266666666666	93.08	95.94557739557739	97.07425414364639	96.02000000000001	97.01905759162304	94.99634259259258	0.27425912	0.2153204	1.026705	0.25157318	0.24722695	0.21126148	0.8425867	1.3747244	0.32793996	0.21961592	0.32612586	0.67857015	../../benchmark_data/class-i/pdb/7q9a_pmhc_tcr.pdb	../pred_pdb/intellifold2/pmhc_tcr/classI/classI_v2_with_msa/ranked_2/7q9a_pmhc_tcr.pdb	after	ranked_2
142	7q9b	0.264	0.3	4.255	10.825	92.95181818181818	96.42444444444445	91.11375000000001	94.771	93.34299999999999	88.760625	89.545	96.32874074074074	97.02243093922651	94.86	96.90921465968586	95.81065420560749	0.4460914	0.25810623	1.6314355	0.26149243	0.30784157	1.8418543	2.52463	4.941958	0.628679	0.3419881	0.6218355	1.615208	../../benchmark_data/class-i/pdb/7q9b_pmhc_tcr.pdb	../pred_pdb/intellifold2/pmhc_tcr/classI/classI_v2_with_msa/ranked_2/7q9b_pmhc_tcr.pdb	after	ranked_2
143	7qpj	0.878	0.768	0.559	0.922	97.50545454545454	98.09555555555556	97.50384615384615	96.287	95.199	97.17181818181817	97.35166666666665	97.35295285359803	97.4855	97.25666666666667	97.47460317460317	97.2455140186916	0.15926698	0.3331529	0.18327363	0.2168115	0.10544503	0.5794509	0.7352768	0.6527376	0.3391424	0.22593574	0.34446594	0.7195402	../../benchmark_data/class-i/pdb/7qpj_pmhc_tcr.pdb	../pred_pdb/intellifold2/pmhc_tcr/classI/classI_v2_with_msa/ranked_2/7qpj_pmhc_tcr.pdb	after	ranked_2
144	7r80	0.51	0.565	2.3	6.003	83.61454545454545	91.701	88.34384615384614	93.71199999999999	92.212	89.58800000000001	89.01035714285716	94.93080684596576	96.24928176795582	89.79444444444444	95.94352631578947	94.05219178082191	1.944544	0.40634274	0.28849575	0.19357131	0.2472597	2.0960736	1.7222338	2.9786541	0.49326614	0.4301915	0.49945524	1.2612401	../../benchmark_data/class-i/pdb/7r80_pmhc_tcr.pdb	../pred_pdb/intellifold2/pmhc_tcr/classI/classI_v2_with_msa/ranked_2/7r80_pmhc_tcr.pdb	after	ranked_2
145	7rk7	0.522	0.606	2.298	6.1	84.51833333333333	87.12124999999999	62.845625	86.998	88.511	62.51750000000002	62.66333333333333	90.83701204819278	94.3121546961326	85.55444444444446	93.89731578947368	88.25275555555557	0.31200224	0.656858	3.449208	0.23360254	0.21629485	1.826916	3.2020164	2.631758	0.5706292	0.7689698	0.58755887	1.4878343	../../benchmark_data/class-i/pdb/7rk7_pmhc_tcr.pdb	../pred_pdb/intellifold2/pmhc_tcr/classI/classI_v2_with_msa/ranked_2/7rk7_pmhc_tcr.pdb	after	ranked_2
146	7rm4	0.482	0.396	2.324	4.829	84.47818181818182	88.503	76.83749999999999	92.96499999999999	86.21818181818183	83.81333333333333	80.71296296296295	93.73110024449879	95.11060773480665	90.42777777777779	94.88878947368423	92.7267123287671	0.429771	0.5946101	1.3150396	0.15984115	0.177088	2.1799195	2.2186184	2.4473183	0.33317232	0.41338727	0.34406334	1.3615665	../../benchmark_data/class-i/pdb/7rm4_pmhc_tcr.pdb	../pred_pdb/intellifold2/pmhc_tcr/classI/classI_v2_with_msa/ranked_2/7rm4_pmhc_tcr.pdb	after	ranked_2
147	7rrg	0.184	0.175	4.817	13.349	81.09833333333334	85.94125	61.164000000000016	87.785	81.28090909090908	78.32214285714285	69.44724137931036	90.59599022004889	92.06414364640884	81.58555555555557	91.56778947368421	89.75287671232877	0.41615173	0.28781605	2.335858	0.15408413	0.38412935	0.23412304	2.1162722	5.3889976	0.542577	1.1946961	0.6061177	1.1398884	../../benchmark_data/class-i/pdb/7rrg_pmhc_tcr.pdb	../pred_pdb/intellifold2/pmhc_tcr/classI/classI_v2_with_msa/ranked_2/7rrg_pmhc_tcr.pdb	after	ranked_2
148	7rtr	0.578	0.603	1.885	4.982	86.5690909090909	88.46666666666667	83.57636363636365	90.5	87.24090909090908	86.54181818181819	85.05909090909091	93.69353808353809	94.53	87.17888888888889	94.18178947368419	93.26603686635946	0.3599244	0.2656216	0.33335033	0.24911244	0.2597907	0.68959886	0.75476754	2.2114758	0.3997131	0.35346937	0.3997477	0.9101052	../../benchmark_data/class-i/pdb/7rtr_pmhc_tcr.pdb	../pred_pdb/intellifold2/pmhc_tcr/classI/classI_v2_with_msa/ranked_2/7rtr_pmhc_tcr.pdb	after	ranked_2
149	7su9	0.487	0.5	2.402	5.839	88.55083333333333	92.4175	81.75533333333334	91.95299999999999	90.75200000000001	77.82066666666667	79.788	93.67066176470587	94.72011111111111	89.99999999999999	94.49534391534392	92.95894977168949	0.4472212	0.27852154	2.4777358	0.18469878	0.26702175	2.4171274	2.672843	2.8558917	0.401172	0.17979258	0.39478737	1.3168693	../../benchmark_data/class-i/pdb/7su9_pmhc_tcr.pdb	../pred_pdb/intellifold2/pmhc_tcr/classI/classI_v2_with_msa/ranked_2/7su9_pmhc_tcr.pdb	after	ranked_2
150	8cx4	0.877	0.864	0.759	1.493	96.02545454545454	94.053	93.89764705882352	97.176	96.357	94.404	94.135	96.76251815980629	97.41883977900551	96.96	97.39710526315788	96.22183856502242	0.27746257	0.28669438	0.56364524	0.24450643	0.17844097	0.61141616	0.7447528	0.9040827	0.38776067	0.30657816	0.3926842	0.66047615	../../benchmark_data/class-i/pdb/8cx4_pmhc_tcr.pdb	../pred_pdb/intellifold2/pmhc_tcr/classI/classI_v2_with_msa/ranked_2/8cx4_pmhc_tcr.pdb	after	ranked_2
151	8d5q	0.777	0.698	1.058	1.641	90.80454545454545	94.732	78.86812499999999	94.41545454545454	93.85909090909091	91.72600000000001	85.08967741935484	95.14269607843137	95.63267045454545	91.91	95.43252688172042	94.89986486486488	0.49007165	0.18594259	2.0610492	0.18508266	0.22204818	0.29279682	1.5893044	0.9894267	0.69932854	0.5466863	0.7000992	0.822718	../../benchmark_data/class-i/pdb/8d5q_pmhc_tcr.pdb	../pred_pdb/intellifold2/pmhc_tcr/classI/classI_v2_with_msa/ranked_2/8d5q_pmhc_tcr.pdb	after	ranked_2
152	8dnt	0.786	0.74	1.011	2.313	96.37818181818183	97.42777777777778	90.82666666666665	95.74	89.2690909090909	93.36428571428573	92.19307692307692	95.84233415233413	96.66099447513812	93.65777777777777	96.51873684210527	95.25009216589862	0.45295435	0.35948288	0.5799801	0.45366475	0.68651783	0.6490466	1.0693061	1.3451662	0.745499	0.6677083	0.7546205	1.0636669	../../benchmark_data/class-i/pdb/8dnt_pmhc_tcr.pdb	../pred_pdb/intellifold2/pmhc_tcr/classI/classI_v2_with_msa/ranked_2/8dnt_pmhc_tcr.pdb	after	ranked_2
153	8en8	0.531	0.521	1.974	5.492	87.66090909090909	92.45	72.00285714285714	83.42090909090909	85.80666666666667	73.16133333333333	72.60206896551725	92.57063106796117	94.91088888888888	87.58999999999999	94.56227513227512	90.88264573991032	0.5215097	0.16088843	1.8479824	0.30842265	0.40430158	1.255496	2.377553	1.778684	0.3867347	0.23808025	0.38615355	1.346066	../../benchmark_data/class-i/pdb/8en8_pmhc_tcr.pdb	../pred_pdb/intellifold2/pmhc_tcr/classI/classI_v2_with_msa/ranked_2/8en8_pmhc_tcr.pdb	after	ranked_2
154	8enh	0.654	0.667	1.661	3.646	86.2881818181818	90.833	68.90071428571427	87.15363636363637	86.96166666666666	69.81	69.37103448275863	92.01997566909975	94.53050279329608	87.16333333333334	94.17781914893617	90.20080717488788	0.45489734	0.12936492	2.2691808	0.27416942	0.38827884	1.2143797	2.1944156	1.9765681	0.5589694	0.32180592	0.5517008	1.4822818	../../benchmark_data/class-i/pdb/8enh_pmhc_tcr.pdb	../pred_pdb/intellifold2/pmhc_tcr/classI/classI_v2_with_msa/ranked_2/8enh_pmhc_tcr.pdb	after	ranked_2
155	8eo8	0.776	0.784	1.115	2.851	87.55	92.134	70.21714285714286	89.09818181818181	88.665	75.72866666666667	73.06793103448275	93.13068126520683	95.47229050279329	89.85444444444445	95.2033510638298	91.38331838565024	0.48839065	0.14387225	1.794449	0.3072452	0.20389614	0.73555136	1.4806795	1.3316629	0.60391194	0.3019114	0.5939715	0.9913334	../../benchmark_data/class-i/pdb/8eo8_pmhc_tcr.pdb	../pred_pdb/intellifold2/pmhc_tcr/classI/classI_v2_with_msa/ranked_2/8eo8_pmhc_tcr.pdb	after	ranked_2
156	8f5a	0.302	0.3	3.698	9.099	86.62818181818182	89.483	84.42666666666668	91.15100000000001	88.74100000000001	84.07083333333333	84.26851851851852	93.27298288508555	94.65453038674033	80.213	93.89842931937171	92.725	0.3616425	2.1719239	1.9110693	0.29858506	0.38774377	1.4385849	2.320069	3.7721627	0.32807454	3.0676322	0.8478231	1.3803753	../../benchmark_data/class-i/pdb/8f5a_pmhc_tcr.pdb	../pred_pdb/intellifold2/pmhc_tcr/classI/classI_v2_with_msa/ranked_2/8f5a_pmhc_tcr.pdb	after	ranked_2
157	8gom	0.419	0.35	2.439	6.47	83.72166666666666	80.49333333333333	80.75636363636363	86.626	85.92636363636365	73.70333333333335	76.6873076923077	91.81319512195122	93.33955801104972	84.9811111111111	92.94363157894738	90.83690909090909	0.3561655	0.18689981	1.1875569	0.18656637	0.2889243	1.7982436	1.9815949	2.1700425	0.35411927	0.32895118	0.3650642	0.9190707	../../benchmark_data/class-i/pdb/8gom_pmhc_tcr.pdb	../pred_pdb/intellifold2/pmhc_tcr/classI/classI_v2_with_msa/ranked_2/8gom_pmhc_tcr.pdb	after	ranked_2
158	8gon	0.046	0.043	16.916	27.713	83.1575	82.23111111111112	80.60636363636364	87.498	84.66636363636364	76.78266666666667	78.40038461538462	91.86865853658536	92.92016574585635	88.14111111111112	92.6937894736842	91.15604545454546	0.5601895	0.22848134	1.3885936	0.21953687	0.23162904	1.4286317	1.7247461	20.869463	0.3100854	0.51383114	0.3296093	0.78917974	../../benchmark_data/class-i/pdb/8gon_pmhc_tcr.pdb	../pred_pdb/intellifold2/pmhc_tcr/classI/classI_v2_with_msa/ranked_2/8gon_pmhc_tcr.pdb	after	ranked_2
159	8gvb	0.847	0.848	0.943	1.361	85.47	94.00999999999999	89.09357142857144	96.826	95.6809090909091	94.36533333333334	91.82034482758621	95.87175609756098	97.10038888888889	95.52250000000001	97.03324468085107	94.88815315315314	1.6484791	0.8351019	0.51409453	0.34201938	0.64556664	0.39268836	0.60102654	0.8487091	0.50936836	0.41784102	0.5183081	0.84419966	../../benchmark_data/class-i/pdb/8gvb_pmhc_tcr.pdb	../pred_pdb/intellifold2/pmhc_tcr/classI/classI_v2_with_msa/ranked_2/8gvb_pmhc_tcr.pdb	after	ranked_2
160	8gvg	0.823	0.836	1.039	1.823	85.10000000000001	94.08363636363637	89.90142857142858	96.96900000000001	95.78363636363638	94.542	92.30172413793103	95.941800486618	97.12878453038675	95.85249999999999	97.07476190476191	94.97725225225226	1.3787934	0.91660136	0.6842634	0.50597656	0.66827375	0.42248932	0.70870006	0.9864749	0.6303513	0.42727986	0.63374203	0.9400319	../../benchmark_data/class-i/pdb/8gvg_pmhc_tcr.pdb	../pred_pdb/intellifold2/pmhc_tcr/classI/classI_v2_with_msa/ranked_2/8gvg_pmhc_tcr.pdb	after	ranked_2
161	8gvi	0.818	0.779	0.956	1.686	84.40545454545455	92.66727272727275	89.42214285714286	96.36	95.10545454545455	91.60733333333334	90.55241379310345	95.4696107055961	96.80392265193372	94.535	96.70788359788361	94.41540540540541	1.5835755	0.8545268	0.49576336	0.548974	0.37459478	0.44772804	0.665942	0.97852564	0.57458967	0.38283134	0.5737659	1.0598879	../../benchmark_data/class-i/pdb/8gvi_pmhc_tcr.pdb	../pred_pdb/intellifold2/pmhc_tcr/classI/classI_v2_with_msa/ranked_2/8gvi_pmhc_tcr.pdb	after	ranked_2
162	8i5c	0.362	0.349	2.693	8.515	92.72727272727273	93.58555555555556	92.24583333333334	94.08900000000001	94.212	90.68692307692308	91.43520000000001	95.72061728395063	95.95635359116021	90.03666666666668	95.67594736842105	95.7600930232558	0.36159974	0.3557771	0.2624974	0.28864893	0.34910035	1.1949933	1.3532817	3.153524	0.39156058	1.8737742	0.5975214	1.0060058	../../benchmark_data/class-i/pdb/8i5c_pmhc_tcr.pdb	../pred_pdb/intellifold2/pmhc_tcr/classI/classI_v2_with_msa/ranked_2/8i5c_pmhc_tcr.pdb	after	ranked_2
163	8i5d	0.45	0.407	2.254	6.433	87.1	91.34799999999998	85.57916666666667	93.68700000000001	89.46727272727273	88.11133333333333	86.98592592592593	94.09581683168317	95.15740331491712	89.13	94.87189473684211	93.40677570093459	0.23752382	0.16037227	1.2386428	0.36255288	0.27765352	1.2547728	1.4527543	2.4529674	0.41315454	1.981248	0.63010633	1.1916791	../../benchmark_data/class-i/pdb/8i5d_pmhc_tcr.pdb	../pred_pdb/intellifold2/pmhc_tcr/classI/classI_v2_with_msa/ranked_2/8i5d_pmhc_tcr.pdb	after	ranked_2
164	8qfy	0.866	0.787	0.673	1.288	95.25090909090909	94.88444444444444	94.1775	98.093	96.52090909090909	97.27416666666666	95.72583333333334	96.37844444444444	96.01425414364641	95.53555555555556	95.99157894736842	96.72032558139533	0.4032396	0.24711767	0.23331122	0.31481537	0.20987846	0.18612723	0.3462199	0.7822966	0.7294152	0.29770544	0.71788645	0.5173803	../../benchmark_data/class-i/pdb/8qfy_pmhc_tcr.pdb	../pred_pdb/intellifold2/pmhc_tcr/classI/classI_v2_with_msa/ranked_2/8qfy_pmhc_tcr.pdb	after	ranked_2
165	8shi	0.271	0.375	4.025	12.485	86.117	92.739	65.04882352941178	91.38900000000001	86.287	82.54714285714284	72.95129032258065	91.8679207920792	93.72900000000001	82.445	93.24882978723403	90.66601851851853	0.45585346	0.4039152	3.4346266	0.27937078	0.20421049	0.681048	2.922468	4.456813	0.50310576	2.0900178	0.7107042	1.8189703	../../benchmark_data/class-i/pdb/8shi_pmhc_tcr.pdb	../pred_pdb/intellifold2/pmhc_tcr/classI/classI_v2_with_msa/ranked_2/8shi_pmhc_tcr.pdb	after	ranked_2
166	8wte	0.684	0.646	1.409	3.208	90.52272727272727	90.54444444444444	89.42153846153847	91.845	89.02700000000002	86.59687500000001	87.86310344827587	93.87628361858191	94.35966850828729	86.07	93.967	93.79757990867579	0.252073	0.28830275	0.7101958	0.24961585	0.13778447	1.3012621	1.2676632	1.54335	0.30652165	1.7596443	0.50743103	0.7874751	../../benchmark_data/class-i/pdb/8wte_pmhc_tcr.pdb	../pred_pdb/intellifold2/pmhc_tcr/classI/classI_v2_with_msa/ranked_2/8wte_pmhc_tcr.pdb	after	ranked_2
167	8wul	0.592	0.517	1.962	2.971	90.87818181818182	91.07777777777778	88.43153846153847	91.12100000000001	83.553	83.476875	85.69793103448276	93.05210268948656	93.52502762430943	86.76888888888888	93.205	92.91945205479452	0.4818338	0.33954617	0.7526613	0.20918217	0.17202136	2.7136147	2.761856	1.3936532	0.33349338	2.0552902	0.62019926	1.2996377	../../benchmark_data/class-i/pdb/8wul_pmhc_tcr.pdb	../pred_pdb/intellifold2/pmhc_tcr/classI/classI_v2_with_msa/ranked_2/8wul_pmhc_tcr.pdb	after	ranked_2
168	6zkw	0.27	0.379	4.798	11.81	89.04727272727274	90.002	84.63307692307693	91.41399999999999	84.767	77.790625	80.85793103448276	92.69210268948655	93.59222222222222	88.11444444444444	93.33137566137565	92.14290909090909	0.3507335	0.1886808	0.81135887	0.17840107	0.14432572	0.6244482	1.2247505	5.588288	0.6841405	0.19148803	0.6722683	0.94089866	../../benchmark_data/class-i/pdb/6zkw_pmhc_tcr.pdb	../pred_pdb/intellifold2/pmhc_tcr/classI/classI_v2_with_msa/ranked_3/6zkw_pmhc_tcr.pdb	after	ranked_3
169	6zkx	0.511	0.536	2.583	4.971	89.21000000000002	90.96400000000001	87.53769230769231	92.683	88.495	77.69875	82.10931034482758	91.83194647201948	90.84055865921788	85.2775	90.49104712041886	92.99609090909091	0.25583142	0.18802038	1.0644827	0.20685625	0.14900261	1.7306222	2.121636	2.7586105	1.0199428	0.5701021	1.0046128	1.0514755	../../benchmark_data/class-i/pdb/6zkx_pmhc_tcr.pdb	../pred_pdb/intellifold2/pmhc_tcr/classI/classI_v2_with_msa/ranked_3/6zkx_pmhc_tcr.pdb	after	ranked_3
170	6zky	0.481	0.547	2.649	6.177	92.5109090909091	92.353	92.92538461538462	95.161	93.916	84.1175	88.0658620689655	95.00220588235294	95.51722222222222	93.12125	95.4152659574468	94.64922727272726	0.37049422	0.3223358	1.0294328	0.20887773	0.2122611	1.2792826	1.834132	2.7529545	0.6735756	2.3932207	0.94432783	1.0084846	../../benchmark_data/class-i/pdb/6zky_pmhc_tcr.pdb	../pred_pdb/intellifold2/pmhc_tcr/classI/classI_v2_with_msa/ranked_3/6zky_pmhc_tcr.pdb	after	ranked_3
171	6zkz	0.489	0.525	2.4	6.076	93.46454545454547	92.81800000000001	93.10846153846154	95.176	93.76200000000001	83.020625	87.54275862068965	95.26200980392157	95.80755555555555	92.77875	95.67867021276597	94.90595454545455	0.36540726	0.20440386	0.9595333	0.18272263	0.16633327	1.3234254	1.7792635	2.3160424	0.6758259	2.2726014	0.9003986	1.0582771	../../benchmark_data/class-i/pdb/6zkz_pmhc_tcr.pdb	../pred_pdb/intellifold2/pmhc_tcr/classI/classI_v2_with_msa/ranked_3/6zkz_pmhc_tcr.pdb	after	ranked_3
172	7dzm	0.054	0.047	15.625	24.648	82.71166666666666	88.295	63.15533333333333	90.76199999999999	83.50272727272726	84.08833333333334	72.4588888888889	90.53046798029557	91.8798888888889	86.7611111111111	91.63613756613758	89.56746543778802	0.17613457	0.15921998	3.0545104	0.22774094	0.24376014	0.33454314	2.3896613	14.680651	0.7424534	0.46368977	0.73940825	1.1484962	../../benchmark_data/class-i/pdb/7dzm_pmhc_tcr.pdb	../pred_pdb/intellifold2/pmhc_tcr/classI/classI_v2_with_msa/ranked_3/7dzm_pmhc_tcr.pdb	after	ranked_3
173	7dzn	0.911	0.881	0.556	1.394	94.2475	96.6325	94.04333333333334	97.387	96.08272727272725	95.93083333333333	94.88222222222221	97.07466666666666	97.55368715083799	96.63777777777779	97.5098404255319	96.69764976958525	0.13645554	0.15295236	0.8835058	0.1764491	0.3207553	0.20704795	0.7487088	0.75782365	0.4232674	0.20851435	0.4190987	0.5486658	../../benchmark_data/class-i/pdb/7dzn_pmhc_tcr.pdb	../pred_pdb/intellifold2/pmhc_tcr/classI/classI_v2_with_msa/ranked_3/7dzn_pmhc_tcr.pdb	after	ranked_3
174	7l1d	0.482	0.432	3.338	3.642	85.16727272727272	87.23888888888888	77.07153846153845	86.513	85.679	61.81263157894737	68.0115625	90.7657946210269	93.60856353591161	80.65444444444444	92.99494736842105	88.83182648401825	0.5960085	0.30150422	0.94965565	0.28407642	0.26145485	3.7404563	5.0336037	2.4805844	0.55061793	0.81857365	0.58761716	2.8423204	../../benchmark_data/class-i/pdb/7l1d_pmhc_tcr.pdb	../pred_pdb/intellifold2/pmhc_tcr/classI/classI_v2_with_msa/ranked_3/7l1d_pmhc_tcr.pdb	after	ranked_3
175	7n2n	0.038	0.0	17.069	24.6	88.11909090909091	88.997	81.74411764705883	92.498	86.372	79.29933333333334	80.59812500000001	93.01108958837773	94.63116022099446	93.58666666666666	94.58168421052632	91.6729147982063	0.59213054	0.3299704	1.3677402	0.14398615	0.14612345	1.4535682	2.2763243	18.936499	0.35354283	0.20276017	0.3548371	1.3712192	../../benchmark_data/class-i/pdb/7n2n_pmhc_tcr.pdb	../pred_pdb/intellifold2/pmhc_tcr/classI/classI_v2_with_msa/ranked_3/7n2n_pmhc_tcr.pdb	after	ranked_3
176	7n2o	0.04	0.0	16.435	24.118	87.94999999999999	88.965	85.6129411764706	92.179	88.586	78.98733333333334	82.50718749999999	93.23125907990315	94.553591160221	91.22777777777779	94.39605263157897	92.2388340807175	0.39969233	0.34893218	1.4657775	0.16463868	0.14755313	1.3995045	1.8751336	18.946667	0.32996437	0.19317475	0.33077812	1.4176215	../../benchmark_data/class-i/pdb/7n2o_pmhc_tcr.pdb	../pred_pdb/intellifold2/pmhc_tcr/classI/classI_v2_with_msa/ranked_3/7n2o_pmhc_tcr.pdb	after	ranked_3
177	7n2p	0.034	0.0	14.826	26.891	84.41181818181818	85.4	80.75727272727273	87.24300000000001	88.878	76.05400000000002	78.04384615384616	91.68872235872236	93.03027624309394	91.0311111111111	92.93557894736843	90.59700460829494	0.36646786	0.39449355	0.9537895	0.23372193	0.13931318	0.6660269	2.6545317	17.406002	0.42385337	0.2654091	0.43283033	2.867972	../../benchmark_data/class-i/pdb/7n2p_pmhc_tcr.pdb	../pred_pdb/intellifold2/pmhc_tcr/classI/classI_v2_with_msa/ranked_3/7n2p_pmhc_tcr.pdb	after	ranked_3
178	7n2q	0.132	0.102	7.224	14.642	81.01363636363637	83.126	74.83545454545455	84.49	85.775	72.30533333333334	73.37576923076924	90.46705159705161	92.67790055248618	87.29666666666667	92.42300000000002	88.75447004608296	0.22086523	0.4119681	0.48913667	0.16404715	0.15159288	1.6149474	2.3530416	20.375296	0.40786076	0.58004385	0.42182967	1.5895357	../../benchmark_data/class-i/pdb/7n2q_pmhc_tcr.pdb	../pred_pdb/intellifold2/pmhc_tcr/classI/classI_v2_with_msa/ranked_3/7n2q_pmhc_tcr.pdb	after	ranked_3
179	7n2r	0.164	0.103	5.691	12.279	80.4309090909091	79.273	73.45363636363636	81.85599999999998	83.621	68.70400000000001	70.71346153846153	90.15724815724816	92.69165745856355	81.62222222222222	92.16731578947368	88.39728110599079	0.38016808	0.40381026	0.5372651	0.15104134	0.16874513	1.441377	1.868977	20.324232	0.34581378	0.4933209	0.35760117	1.2029444	../../benchmark_data/class-i/pdb/7n2r_pmhc_tcr.pdb	../pred_pdb/intellifold2/pmhc_tcr/classI/classI_v2_with_msa/ranked_3/7n2r_pmhc_tcr.pdb	after	ranked_3
180	7n2s	0.042	0.0	15.104	23.491	91.37090909090911	89.78900000000002	86.72062500000001	91.739	92.148	88.29799999999999	87.48387096774194	94.41752427184467	95.4803314917127	94.54888888888888	95.43621052631579	93.54567567567567	1.3144792	0.40459633	1.1681979	0.59417564	0.17041416	0.62037617	1.9828404	17.965506	0.43585503	0.28257376	0.43455398	1.3056082	../../benchmark_data/class-i/pdb/7n2s_pmhc_tcr.pdb	../pred_pdb/intellifold2/pmhc_tcr/classI/classI_v2_with_msa/ranked_3/7n2s_pmhc_tcr.pdb	after	ranked_3
181	7n4k	0.836	0.945	1.067	2.869	94.3075	94.7575	93.18307692307692	96.806	95.564	95.34636363636363	94.17458333333333	96.54647499999999	96.62338983050847	97.046	96.64598930481283	96.45910798122064	0.10245119	0.69473684	0.49533546	0.3820563	0.1252796	0.2879823	0.4360166	1.4753178	1.4900569	0.1505008	1.4518937	0.710156	../../benchmark_data/class-i/pdb/7n4k_pmhc_tcr.pdb	../pred_pdb/intellifold2/pmhc_tcr/classI/classI_v2_with_msa/ranked_3/7n4k_pmhc_tcr.pdb	after	ranked_3
182	7n5c	0.817	0.737	0.851	1.762	89.96083333333335	92.4225	83.75076923076924	95.26	92.956	92.82727272727271	87.91083333333331	94.68485148514851	94.57867403314916	92.98300000000002	94.49513089005235	94.8549765258216	0.20196167	0.23611191	0.65845025	0.41845647	0.10521909	0.6697275	0.8178689	1.1100528	0.7689254	0.25587904	0.7517686	0.74632764	../../benchmark_data/class-i/pdb/7n5c_pmhc_tcr.pdb	../pred_pdb/intellifold2/pmhc_tcr/classI/classI_v2_with_msa/ranked_3/7n5c_pmhc_tcr.pdb	after	ranked_3
183	7n5p	0.841	0.898	0.922	2.836	94.79916666666666	95.30625	94.33153846153846	96.994	95.787	95.61181818181818	94.91833333333334	96.76501253132834	96.84806818181819	97.33200000000001	96.87408602150539	96.66976525821596	0.10906303	0.311506	0.46161026	0.43299943	0.13583595	0.2199399	0.40604174	1.2770504	1.1080027	0.26058537	1.0846506	0.52820235	../../benchmark_data/class-i/pdb/7n5p_pmhc_tcr.pdb	../pred_pdb/intellifold2/pmhc_tcr/classI/classI_v2_with_msa/ranked_3/7n5p_pmhc_tcr.pdb	after	ranked_3
184	7na5	0.261	0.184	3.802	9.118	94.09818181818181	95.90888888888888	90.32545454545453	95.318	90.214	93.74066666666667	92.29576923076924	94.73602469135801	93.86644444444444	94.59444444444445	93.90111111111109	95.46657407407407	0.5794697	0.22790287	0.75641435	0.23499472	0.33217067	0.39740074	0.89713115	3.9504695	1.6660589	0.32852727	1.6299767	0.6659487	../../benchmark_data/class-i/pdb/7na5_pmhc_tcr.pdb	../pred_pdb/intellifold2/pmhc_tcr/classI/classI_v2_with_msa/ranked_3/7na5_pmhc_tcr.pdb	after	ranked_3
185	7ndq	0.62	0.6	1.792	3.605	90.75333333333333	90.01249999999999	77.60866666666668	95.85800000000002	93.74363636363636	89.84461538461538	83.28964285714287	94.4297794117647	95.15303867403316	91.2188888888889	94.96668421052632	93.96183486238532	0.3662	0.37712154	0.54906607	0.24792095	0.37089968	0.31764618	0.5584385	1.6233321	1.0335144	2.2100143	1.1659532	0.5810324	../../benchmark_data/class-i/pdb/7ndq_pmhc_tcr.pdb	../pred_pdb/intellifold2/pmhc_tcr/classI/classI_v2_with_msa/ranked_3/7ndq_pmhc_tcr.pdb	after	ranked_3
186	7ndt	0.184	0.049	6.777	9.257	82.515	79.5275	77.24642857142858	90.53299999999999	90.61727272727272	81.33416666666666	79.13307692307693	90.28358910891087	90.25038888888889	80.73875	89.84563829787236	90.6647685185185	0.3042865	0.22482207	1.4873557	0.14600815	0.18843189	1.0821514	1.469415	22.068136	0.6744597	2.0940115	0.87453324	0.8671553	../../benchmark_data/class-i/pdb/7ndt_pmhc_tcr.pdb	../pred_pdb/intellifold2/pmhc_tcr/classI/classI_v2_with_msa/ranked_3/7ndt_pmhc_tcr.pdb	after	ranked_3
187	7ndu	0.583	0.615	2.093	4.33	96.29583333333333	96.11875	94.536	97.92000000000002	97.32818181818183	96.87769230769231	95.6232142857143	96.37103194103194	95.8696132596685	93.32124999999999	95.76174603174604	96.89926605504587	0.4435997	0.4158841	0.38650805	0.21734002	0.3084999	0.3160246	0.39592305	2.0381806	1.301503	1.6595564	1.4269385	0.5298925	../../benchmark_data/class-i/pdb/7ndu_pmhc_tcr.pdb	../pred_pdb/intellifold2/pmhc_tcr/classI/classI_v2_with_msa/ranked_3/7ndu_pmhc_tcr.pdb	after	ranked_3
188	7nme	0.624	0.667	1.894	4.003	89.43727272727274	92.69200000000001	90.61076923076922	94.72099999999999	90.9090909090909	93.7409090909091	92.04541666666667	94.93311111111112	95.66651933701657	90.61666666666666	95.4273157894737	94.49637209302327	0.38323227	0.1856291	0.40621912	0.26772228	0.1874549	0.45259273	0.5189352	2.1907713	0.5221765	0.21353936	0.51676726	0.81583434	../../benchmark_data/class-i/pdb/7nme_pmhc_tcr.pdb	../pred_pdb/intellifold2/pmhc_tcr/classI/classI_v2_with_msa/ranked_3/7nme_pmhc_tcr.pdb	after	ranked_3
189	7nmf	0.612	0.634	1.919	3.941	89.4709090909091	92.76299999999999	90.6276923076923	94.774	90.95181818181817	93.81181818181817	92.08708333333334	94.94528395061728	95.67850828729283	90.67222222222223	95.44136842105263	94.50688372093022	0.39063403	0.12964396	0.5061958	0.15583828	0.20688322	0.4415106	0.6026506	2.1195066	0.4603996	0.28891277	0.4600482	0.7496354	../../benchmark_data/class-i/pdb/7nmf_pmhc_tcr.pdb	../pred_pdb/intellifold2/pmhc_tcr/classI/classI_v2_with_msa/ranked_3/7nmf_pmhc_tcr.pdb	after	ranked_3
190	7nmg	0.604	0.625	2.004	3.894	88.60545454545455	92.281	88.73769230769231	94.39599999999999	90.00363636363636	93.1709090909091	90.76958333333334	94.21328395061728	95.0450276243094	87.86	94.70468421052631	93.77902325581394	0.29672754	0.15206033	0.661277	0.2618127	0.19012953	0.4956521	0.75225204	2.1794035	0.46983695	0.5746381	0.48336288	0.68168736	../../benchmark_data/class-i/pdb/7nmg_pmhc_tcr.pdb	../pred_pdb/intellifold2/pmhc_tcr/classI/classI_v2_with_msa/ranked_3/7nmg_pmhc_tcr.pdb	after	ranked_3
191	7ow5	0.724	0.766	1.373	3.383	90.38583333333332	83.65454545454546	85.02499999999999	92.149	91.51599999999999	79.184375	82.10468750000001	93.58732530120483	95.37138888888889	85.558	94.85489473684211	92.51693333333334	0.28256822	1.1027405	0.8847332	0.2329573	0.23233616	0.77541906	1.1771089	1.7158166	0.38629678	1.7092153	0.5586298	0.851915	../../benchmark_data/class-i/pdb/7ow5_pmhc_tcr.pdb	../pred_pdb/intellifold2/pmhc_tcr/classI/classI_v2_with_msa/ranked_3/7ow5_pmhc_tcr.pdb	after	ranked_3
192	7ow6	0.751	0.723	1.147	2.869	89.98666666666668	83.87727272727273	84.005625	92.283	91.59200000000001	80.65625	82.33093749999999	93.56122596153847	95.16491712707182	83.75400000000002	94.56748691099476	92.70702222222224	0.36228538	0.2899635	0.777132	0.2165176	0.32632047	0.7308223	0.9942579	1.4190823	0.32906616	1.6538063	0.5178834	0.8545753	../../benchmark_data/class-i/pdb/7ow6_pmhc_tcr.pdb	../pred_pdb/intellifold2/pmhc_tcr/classI/classI_v2_with_msa/ranked_3/7ow6_pmhc_tcr.pdb	after	ranked_3
193	7pb2	0.176	0.082	5.849	10.769	86.81333333333333	81.45181818181818	74.26	90.38300000000001	86.191	77.7925	76.02625	92.02004819277109	94.15333333333332	80.94500000000001	93.45815789473684	90.80564444444444	0.2851468	1.6278872	2.3736377	0.18512	0.13910434	2.8565514	2.967892	18.238947	0.37307298	1.4085258	0.5014988	1.6835432	../../benchmark_data/class-i/pdb/7pb2_pmhc_tcr.pdb	../pred_pdb/intellifold2/pmhc_tcr/classI/classI_v2_with_msa/ranked_3/7pb2_pmhc_tcr.pdb	after	ranked_3
194	7pbe	0.802	0.857	1.225	1.947	94.28363636363635	89.41250000000001	92.7075	94.613	92.43909090909092	94.19769230769232	93.4824	95.91091358024691	96.84303867403315	94.36666666666667	96.72573684210526	95.19083720930232	0.47766817	1.4370861	0.6936131	0.4718379	0.2517006	0.4701629	0.8422161	1.0411631	0.68674815	0.21669388	0.6738547	0.9629404	../../benchmark_data/class-i/pdb/7pbe_pmhc_tcr.pdb	../pred_pdb/intellifold2/pmhc_tcr/classI/classI_v2_with_msa/ranked_3/7pbe_pmhc_tcr.pdb	after	ranked_3
195	7phr	0.887	0.78	0.512	1.061	95.45599999999999	95.90100000000001	95.14636363636365	96.251	94.634	96.9323076923077	96.11374999999998	96.36675	97.2060220994475	93.88555555555556	97.04873684210524	95.74971428571428	0.21614777	0.26260677	0.44344604	0.1835236	0.36451632	0.17564933	0.36410287	0.66438514	0.41528547	0.66523165	0.43810537	0.6197795	../../benchmark_data/class-i/pdb/7phr_pmhc_tcr.pdb	../pred_pdb/intellifold2/pmhc_tcr/classI/classI_v2_with_msa/ranked_3/7phr_pmhc_tcr.pdb	after	ranked_3
196	7q99	0.857	0.89	0.856	2.394	92.80636363636363	93.91555555555554	89.95818181818181	92.89090909090909	89.68	86.874	88.17884615384615	95.00894348894349	96.53966850828729	93.55199999999999	96.38324607329845	93.79370370370371	0.36260107	0.3305772	0.2042538	0.3760566	0.2750048	0.38366678	0.4165235	1.044625	0.35447577	0.23783338	0.35248393	0.73959035	../../benchmark_data/class-i/pdb/7q99_pmhc_tcr.pdb	../pred_pdb/intellifold2/pmhc_tcr/classI/classI_v2_with_msa/ranked_3/7q99_pmhc_tcr.pdb	after	ranked_3
197	7q9a	0.711	0.72	1.338	3.499	97.00181818181818	97.0488888888889	93.02181818181818	93.97272727272728	91.33333333333333	93.12266666666666	93.08	95.94557739557739	97.07425414364639	96.02000000000001	97.01905759162304	94.99634259259258	0.2990978	0.3010704	0.9571246	0.2506882	0.25250417	0.24766012	0.8219122	1.5052817	0.32393128	0.20956858	0.32328603	0.8278912	../../benchmark_data/class-i/pdb/7q9a_pmhc_tcr.pdb	../pred_pdb/intellifold2/pmhc_tcr/classI/classI_v2_with_msa/ranked_3/7q9a_pmhc_tcr.pdb	after	ranked_3
198	7q9b	0.283	0.325	4.069	10.288	92.95181818181818	96.42444444444445	91.11375000000001	94.771	93.34299999999999	88.760625	89.545	96.32874074074074	97.02243093922651	94.86	96.90921465968586	95.81065420560749	0.45989496	0.27901158	1.5783824	0.29013044	0.30858395	1.8623276	2.4963577	4.705482	0.6313448	0.3372624	0.6248989	1.5425028	../../benchmark_data/class-i/pdb/7q9b_pmhc_tcr.pdb	../pred_pdb/intellifold2/pmhc_tcr/classI/classI_v2_with_msa/ranked_3/7q9b_pmhc_tcr.pdb	after	ranked_3
199	7qpj	0.874	0.754	0.563	0.739	97.50545454545454	98.09555555555556	97.50384615384615	96.287	95.199	97.17181818181817	97.35166666666665	97.35295285359803	97.4855	97.25666666666667	97.47460317460317	97.2455140186916	0.21514699	0.33687946	0.1944378	0.20363106	0.107755646	0.56281805	0.70217943	0.725343	0.34787506	0.23926762	0.351642	0.8359701	../../benchmark_data/class-i/pdb/7qpj_pmhc_tcr.pdb	../pred_pdb/intellifold2/pmhc_tcr/classI/classI_v2_with_msa/ranked_3/7qpj_pmhc_tcr.pdb	after	ranked_3
200	7r80	0.52	0.597	2.239	6.178	83.61454545454545	91.701	88.34384615384614	93.71199999999999	92.212	89.58800000000001	89.01035714285716	94.93080684596576	96.24928176795582	89.79444444444444	95.94352631578947	94.05219178082191	1.7891074	0.41601896	0.35431322	0.20329806	0.23346525	2.0773711	1.7238055	2.8857985	0.5012261	0.40281606	0.5057628	1.2195945	../../benchmark_data/class-i/pdb/7r80_pmhc_tcr.pdb	../pred_pdb/intellifold2/pmhc_tcr/classI/classI_v2_with_msa/ranked_3/7r80_pmhc_tcr.pdb	after	ranked_3
201	7rk7	0.419	0.439	2.601	7.412	84.51833333333333	87.12124999999999	62.845625	86.998	88.511	62.51750000000002	62.66333333333333	90.83701204819278	94.3121546961326	85.55444444444446	93.89731578947368	88.25275555555557	0.51486766	0.6206292	2.2807117	0.22321466	0.22570452	2.5136003	3.5457764	2.8490791	0.5042201	0.76303244	0.5260124	1.5914509	../../benchmark_data/class-i/pdb/7rk7_pmhc_tcr.pdb	../pred_pdb/intellifold2/pmhc_tcr/classI/classI_v2_with_msa/ranked_3/7rk7_pmhc_tcr.pdb	after	ranked_3
202	7rm4	0.476	0.417	2.351	5.268	84.47818181818182	88.503	76.83749999999999	92.96499999999999	86.21818181818183	83.81333333333333	80.71296296296295	93.73110024449879	95.11060773480665	90.42777777777779	94.88878947368423	92.7267123287671	0.47446814	0.59480965	1.257032	0.15694816	0.19541667	2.166382	2.2851336	2.5093896	0.3485482	0.45200905	0.35933736	1.3995444	../../benchmark_data/class-i/pdb/7rm4_pmhc_tcr.pdb	../pred_pdb/intellifold2/pmhc_tcr/classI/classI_v2_with_msa/ranked_3/7rm4_pmhc_tcr.pdb	after	ranked_3
203	7rrg	0.215	0.238	4.478	12.758	81.09833333333334	85.94125	61.164000000000016	87.785	81.28090909090908	78.32214285714285	69.44724137931036	90.59599022004889	92.06414364640884	81.58555555555557	91.56778947368421	89.75287671232877	0.4837317	0.27671236	2.4400938	0.15764026	0.35372993	0.15899208	1.9596268	5.038723	0.5752123	0.73624593	0.61604965	1.0058908	../../benchmark_data/class-i/pdb/7rrg_pmhc_tcr.pdb	../pred_pdb/intellifold2/pmhc_tcr/classI/classI_v2_with_msa/ranked_3/7rrg_pmhc_tcr.pdb	after	ranked_3
204	7rtr	0.56	0.667	2.129	5.824	86.5690909090909	88.46666666666667	83.57636363636365	90.5	87.24090909090908	86.54181818181819	85.05909090909091	93.69353808353809	94.53	87.17888888888889	94.18178947368419	93.26603686635946	0.33036548	0.2795606	0.3330685	0.32000348	0.25689393	0.54715216	0.7758167	2.5820408	0.36245787	0.33888224	0.36619022	1.0538017	../../benchmark_data/class-i/pdb/7rtr_pmhc_tcr.pdb	../pred_pdb/intellifold2/pmhc_tcr/classI/classI_v2_with_msa/ranked_3/7rtr_pmhc_tcr.pdb	after	ranked_3
205	7su9	0.464	0.397	2.508	5.13	88.55083333333333	92.4175	81.75533333333334	91.95299999999999	90.75200000000001	77.82066666666667	79.788	93.67066176470587	94.72011111111111	89.99999999999999	94.49534391534392	92.95894977168949	0.45713857	0.26617137	2.6271334	0.24441275	0.2387713	2.242151	2.6313899	2.8108823	0.40104964	0.29766047	0.39848962	1.3154494	../../benchmark_data/class-i/pdb/7su9_pmhc_tcr.pdb	../pred_pdb/intellifold2/pmhc_tcr/classI/classI_v2_with_msa/ranked_3/7su9_pmhc_tcr.pdb	after	ranked_3
206	8cx4	0.876	0.831	0.714	1.156	96.02545454545454	94.053	93.89764705882352	97.176	96.357	94.404	94.135	96.76251815980629	97.41883977900551	96.96	97.39710526315788	96.22183856502242	0.30853665	0.2378455	0.5339477	0.24048252	0.18085602	0.63670665	0.75023454	0.7654737	0.39765385	0.31390318	0.40070006	0.6470017	../../benchmark_data/class-i/pdb/8cx4_pmhc_tcr.pdb	../pred_pdb/intellifold2/pmhc_tcr/classI/classI_v2_with_msa/ranked_3/8cx4_pmhc_tcr.pdb	after	ranked_3
207	8d5q	0.746	0.679	1.212	1.888	90.80454545454545	94.732	78.86812499999999	94.41545454545454	93.85909090909091	91.72600000000001	85.08967741935484	95.14269607843137	95.63267045454545	91.91	95.43252688172042	94.89986486486488	0.5174475	0.15987056	2.0979476	0.18826081	0.22230157	0.26934808	1.6750096	1.1365075	0.6735434	0.58561385	0.6772269	0.900825	../../benchmark_data/class-i/pdb/8d5q_pmhc_tcr.pdb	../pred_pdb/intellifold2/pmhc_tcr/classI/classI_v2_with_msa/ranked_3/8d5q_pmhc_tcr.pdb	after	ranked_3
208	8dnt	0.784	0.699	0.937	2.249	96.37818181818183	97.42777777777778	90.82666666666665	95.74	89.2690909090909	93.36428571428573	92.19307692307692	95.84233415233413	96.66099447513812	93.65777777777777	96.51873684210527	95.25009216589862	0.46018285	0.3499439	0.513766	0.45578438	0.68732685	0.65819186	1.0644971	1.2807401	0.6992282	0.47970816	0.6994788	1.1245801	../../benchmark_data/class-i/pdb/8dnt_pmhc_tcr.pdb	../pred_pdb/intellifold2/pmhc_tcr/classI/classI_v2_with_msa/ranked_3/8dnt_pmhc_tcr.pdb	after	ranked_3
209	8en8	0.517	0.479	2.108	5.112	87.66090909090909	92.45	72.00285714285714	83.42090909090909	85.80666666666667	73.16133333333333	72.60206896551725	92.57063106796117	94.91088888888888	87.58999999999999	94.56227513227512	90.88264573991032	0.6035367	0.14077225	1.8525705	0.27355468	0.39147514	1.2967395	2.491373	1.944183	0.41719922	0.2691674	0.41799632	1.4119892	../../benchmark_data/class-i/pdb/8en8_pmhc_tcr.pdb	../pred_pdb/intellifold2/pmhc_tcr/classI/classI_v2_with_msa/ranked_3/8en8_pmhc_tcr.pdb	after	ranked_3
210	8enh	0.674	0.704	1.548	3.804	86.2881818181818	90.833	68.90071428571427	87.15363636363637	86.96166666666666	69.81	69.37103448275863	92.01997566909975	94.53050279329608	87.16333333333334	94.17781914893617	90.20080717488788	0.48261076	0.15943682	1.508571	0.2585196	0.37811846	1.5851978	1.8629253	1.9457268	0.67412525	0.38622928	0.66522765	1.3390132	../../benchmark_data/class-i/pdb/8enh_pmhc_tcr.pdb	../pred_pdb/intellifold2/pmhc_tcr/classI/classI_v2_with_msa/ranked_3/8enh_pmhc_tcr.pdb	after	ranked_3
211	8eo8	0.798	0.784	1.071	1.975	87.55	92.134	70.21714285714286	89.09818181818181	88.665	75.72866666666667	73.06793103448275	93.13068126520683	95.47229050279329	89.85444444444445	95.2033510638298	91.38331838565024	0.44853672	0.14158298	1.9924735	0.3403741	0.18477559	0.49705687	1.5590154	1.1274867	0.62306213	0.29742116	0.6125027	0.94276476	../../benchmark_data/class-i/pdb/8eo8_pmhc_tcr.pdb	../pred_pdb/intellifold2/pmhc_tcr/classI/classI_v2_with_msa/ranked_3/8eo8_pmhc_tcr.pdb	after	ranked_3
212	8f5a	0.316	0.3	3.548	8.556	86.62818181818182	89.483	84.42666666666668	91.15100000000001	88.74100000000001	84.07083333333333	84.26851851851852	93.27298288508555	94.65453038674033	80.213	93.89842931937171	92.725	0.3546328	2.168226	1.7902077	0.30052495	0.36180252	1.3636801	2.2362106	3.5354145	0.33965293	3.0454125	0.8520227	1.418242	../../benchmark_data/class-i/pdb/8f5a_pmhc_tcr.pdb	../pred_pdb/intellifold2/pmhc_tcr/classI/classI_v2_with_msa/ranked_3/8f5a_pmhc_tcr.pdb	after	ranked_3
213	8gom	0.115	0.113	5.14	19.937	83.72166666666666	80.49333333333333	80.75636363636363	86.626	85.92636363636365	73.70333333333335	76.6873076923077	91.81319512195122	93.33955801104972	84.9811111111111	92.94363157894738	90.83690909090909	0.30587015	0.3096683	1.0988169	0.18349367	0.26366165	1.1952033	1.4224309	6.081579	0.3718865	0.2620578	0.37514037	0.8148244	../../benchmark_data/class-i/pdb/8gom_pmhc_tcr.pdb	../pred_pdb/intellifold2/pmhc_tcr/classI/classI_v2_with_msa/ranked_3/8gom_pmhc_tcr.pdb	after	ranked_3
214	8gon	0.569	0.6	2.161	4.504	83.1575	82.23111111111112	80.60636363636364	87.498	84.66636363636364	76.78266666666667	78.40038461538462	91.86865853658536	92.92016574585635	88.14111111111112	92.6937894736842	91.15604545454546	0.41743636	0.19053362	1.3432819	0.23442721	0.2781516	1.4344602	1.5886949	1.9862938	0.30030224	0.42771146	0.32016966	0.7273485	../../benchmark_data/class-i/pdb/8gon_pmhc_tcr.pdb	../pred_pdb/intellifold2/pmhc_tcr/classI/classI_v2_with_msa/ranked_3/8gon_pmhc_tcr.pdb	after	ranked_3
215	8gvb	0.849	0.864	0.955	1.478	85.47	94.00999999999999	89.09357142857144	96.826	95.6809090909091	94.36533333333334	91.82034482758621	95.87175609756098	97.10038888888889	95.52250000000001	97.03324468085107	94.88815315315314	1.6753924	0.83877695	0.5685046	0.53688705	0.6704577	0.40816656	0.65306026	0.8337229	0.5146559	0.40084308	0.52091223	0.8246692	../../benchmark_data/class-i/pdb/8gvb_pmhc_tcr.pdb	../pred_pdb/intellifold2/pmhc_tcr/classI/classI_v2_with_msa/ranked_3/8gvb_pmhc_tcr.pdb	after	ranked_3
216	8gvg	0.838	0.851	0.996	1.545	85.10000000000001	94.08363636363637	89.90142857142858	96.96900000000001	95.78363636363638	94.542	92.30172413793103	95.941800486618	97.12878453038675	95.85249999999999	97.07476190476191	94.97725225225226	1.3682472	0.92447805	0.63767457	0.5102479	0.6925418	0.43234107	0.67815304	0.88785857	0.63257784	0.43142596	0.63476145	0.8902359	../../benchmark_data/class-i/pdb/8gvg_pmhc_tcr.pdb	../pred_pdb/intellifold2/pmhc_tcr/classI/classI_v2_with_msa/ranked_3/8gvg_pmhc_tcr.pdb	after	ranked_3
217	8gvi	0.822	0.809	0.984	1.781	84.40545454545455	92.66727272727275	89.42214285714286	96.36	95.10545454545455	91.60733333333334	90.55241379310345	95.4696107055961	96.80392265193372	94.535	96.70788359788361	94.41540540540541	1.415252	0.862129	0.5460513	0.601236	0.37347993	0.41900283	0.6618413	0.9869344	0.5840653	0.3917185	0.58352005	0.9979493	../../benchmark_data/class-i/pdb/8gvi_pmhc_tcr.pdb	../pred_pdb/intellifold2/pmhc_tcr/classI/classI_v2_with_msa/ranked_3/8gvi_pmhc_tcr.pdb	after	ranked_3
218	8i5c	0.413	0.381	2.401	7.274	92.72727272727273	93.58555555555556	92.24583333333334	94.08900000000001	94.212	90.68692307692308	91.43520000000001	95.72061728395063	95.95635359116021	90.03666666666668	95.67594736842105	95.7600930232558	0.3358111	0.303545	0.26388797	0.25804257	0.34395552	1.1454527	1.2403442	2.71997	0.4025984	1.8291285	0.5959486	0.8169935	../../benchmark_data/class-i/pdb/8i5c_pmhc_tcr.pdb	../pred_pdb/intellifold2/pmhc_tcr/classI/classI_v2_with_msa/ranked_3/8i5c_pmhc_tcr.pdb	after	ranked_3
219	8i5d	0.519	0.458	1.87	5.48	87.1	91.34799999999998	85.57916666666667	93.68700000000001	89.46727272727273	88.11133333333333	86.98592592592593	94.09581683168317	95.15740331491712	89.13	94.87189473684211	93.40677570093459	0.24859071	0.1661414	1.2285842	0.331891	0.2925373	1.1355509	1.4071198	2.0912085	0.4239777	2.0060656	0.64430827	1.2085813	../../benchmark_data/class-i/pdb/8i5d_pmhc_tcr.pdb	../pred_pdb/intellifold2/pmhc_tcr/classI/classI_v2_with_msa/ranked_3/8i5d_pmhc_tcr.pdb	after	ranked_3
220	8qfy	0.861	0.754	0.634	1.236	95.25090909090909	94.88444444444444	94.1775	98.093	96.52090909090909	97.27416666666666	95.72583333333334	96.37844444444444	96.01425414364641	95.53555555555556	95.99157894736842	96.72032558139533	0.35845086	0.22234325	0.21846794	0.29678467	0.21067221	0.18887301	0.31784517	0.7974001	0.7370253	0.30159214	0.72518003	0.5342389	../../benchmark_data/class-i/pdb/8qfy_pmhc_tcr.pdb	../pred_pdb/intellifold2/pmhc_tcr/classI/classI_v2_with_msa/ranked_3/8qfy_pmhc_tcr.pdb	after	ranked_3
221	8shi	0.266	0.354	3.761	12.782	86.117	92.739	65.04882352941178	91.38900000000001	86.287	82.54714285714284	72.95129032258065	91.8679207920792	93.72900000000001	82.445	93.24882978723403	90.66601851851853	0.4663541	0.40941963	3.127085	0.2649647	0.2003006	0.596147	2.6296606	4.213423	0.6265072	2.117518	0.7966999	1.6296214	../../benchmark_data/class-i/pdb/8shi_pmhc_tcr.pdb	../pred_pdb/intellifold2/pmhc_tcr/classI/classI_v2_with_msa/ranked_3/8shi_pmhc_tcr.pdb	after	ranked_3
222	8wte	0.612	0.569	1.56	4.419	90.52272727272727	90.54444444444444	89.42153846153847	91.845	89.02700000000002	86.59687500000001	87.86310344827587	93.87628361858191	94.35966850828729	86.07	93.967	93.79757990867579	0.26548287	0.3308039	0.6797445	0.23751378	0.15417314	1.3386298	1.2618302	1.7343388	0.34882733	1.4638633	0.5055406	0.7653044	../../benchmark_data/class-i/pdb/8wte_pmhc_tcr.pdb	../pred_pdb/intellifold2/pmhc_tcr/classI/classI_v2_with_msa/ranked_3/8wte_pmhc_tcr.pdb	after	ranked_3
223	8wul	0.605	0.467	1.888	1.691	90.87818181818182	91.07777777777778	88.43153846153847	91.12100000000001	83.553	83.476875	85.69793103448276	93.05210268948656	93.52502762430943	86.76888888888888	93.205	92.91945205479452	0.51271147	0.31656095	0.7619307	0.21238582	0.17176422	2.8357482	2.8977096	1.2315218	0.3465871	2.0847363	0.63361603	1.3593711	../../benchmark_data/class-i/pdb/8wul_pmhc_tcr.pdb	../pred_pdb/intellifold2/pmhc_tcr/classI/classI_v2_with_msa/ranked_3/8wul_pmhc_tcr.pdb	after	ranked_3
224	6zkw	0.53	0.586	2.027	6.227	89.04727272727274	90.002	84.63307692307693	91.41399999999999	84.767	77.790625	80.85793103448276	92.69210268948655	93.59222222222222	88.11444444444444	93.33137566137565	92.14290909090909	0.3042438	0.18706638	0.8667175	0.14608876	0.1680846	0.6039346	1.2107868	2.2392745	0.5244783	0.14773846	0.514372	0.94588035	../../benchmark_data/class-i/pdb/6zkw_pmhc_tcr.pdb	../pred_pdb/intellifold2/pmhc_tcr/classI/classI_v2_with_msa/ranked_4/6zkw_pmhc_tcr.pdb	after	ranked_4
225	6zkx	0.571	0.551	2.087	3.954	89.21000000000002	90.96400000000001	87.53769230769231	92.683	88.495	77.69875	82.10931034482758	91.83194647201948	90.84055865921788	85.2775	90.49104712041886	92.99609090909091	0.25756678	0.16749884	0.9650005	0.16686976	0.14226352	1.0622227	1.8115897	2.14679	0.52181536	0.56471294	0.5331874	1.1011093	../../benchmark_data/class-i/pdb/6zkx_pmhc_tcr.pdb	../pred_pdb/intellifold2/pmhc_tcr/classI/classI_v2_with_msa/ranked_4/6zkx_pmhc_tcr.pdb	after	ranked_4
226	6zky	0.523	0.566	2.517	5.025	92.5109090909091	92.353	92.92538461538462	95.161	93.916	84.1175	88.0658620689655	95.00220588235294	95.51722222222222	93.12125	95.4152659574468	94.64922727272726	0.40020406	0.31748888	0.9863038	0.19760813	0.21707329	1.500467	1.9635708	2.4888525	0.9012049	2.3375213	1.1071274	1.1158895	../../benchmark_data/class-i/pdb/6zky_pmhc_tcr.pdb	../pred_pdb/intellifold2/pmhc_tcr/classI/classI_v2_with_msa/ranked_4/6zky_pmhc_tcr.pdb	after	ranked_4
227	6zkz	0.487	0.593	2.598	6.677	93.46454545454547	92.81800000000001	93.10846153846154	95.176	93.76200000000001	83.020625	87.54275862068965	95.26200980392157	95.80755555555555	92.77875	95.67867021276597	94.90595454545455	0.37827316	0.18288292	0.95708424	0.17754129	0.1719622	1.6503757	2.0916312	2.60374	0.69768345	2.2713997	0.9164987	1.1510216	../../benchmark_data/class-i/pdb/6zkz_pmhc_tcr.pdb	../pred_pdb/intellifold2/pmhc_tcr/classI/classI_v2_with_msa/ranked_4/6zkz_pmhc_tcr.pdb	after	ranked_4
228	7dzm	0.037	0.0	15.773	25.39	82.71166666666666	88.295	63.15533333333333	90.76199999999999	83.50272727272726	84.08833333333334	72.4588888888889	90.53046798029557	91.8798888888889	86.7611111111111	91.63613756613758	89.56746543778802	0.23395683	0.14126769	3.1250854	0.24497196	0.2298224	0.4352929	2.3955798	18.100586	0.7553107	0.48959908	0.75142354	1.0150623	../../benchmark_data/class-i/pdb/7dzm_pmhc_tcr.pdb	../pred_pdb/intellifold2/pmhc_tcr/classI/classI_v2_with_msa/ranked_4/7dzm_pmhc_tcr.pdb	after	ranked_4
229	7dzn	0.917	0.905	0.589	1.225	94.2475	96.6325	94.04333333333334	97.387	96.08272727272725	95.93083333333333	94.88222222222221	97.07466666666666	97.55368715083799	96.63777777777779	97.5098404255319	96.69764976958525	0.13555236	0.17096971	0.85877585	0.16799332	0.22447795	0.19243091	0.74912816	0.7485088	0.42231548	0.16481547	0.4175923	0.54753655	../../benchmark_data/class-i/pdb/7dzn_pmhc_tcr.pdb	../pred_pdb/intellifold2/pmhc_tcr/classI/classI_v2_with_msa/ranked_4/7dzn_pmhc_tcr.pdb	after	ranked_4
230	7l1d	0.379	0.338	3.036	6.919	85.16727272727272	87.23888888888888	77.07153846153845	86.513	85.679	61.81263157894737	68.0115625	90.7657946210269	93.60856353591161	80.65444444444444	92.99494736842105	88.83182648401825	0.6394678	0.3112486	1.2797055	0.33840162	0.2765436	3.9131472	4.723608	2.6125796	0.5236932	0.82586753	0.55517817	2.6031196	../../benchmark_data/class-i/pdb/7l1d_pmhc_tcr.pdb	../pred_pdb/intellifold2/pmhc_tcr/classI/classI_v2_with_msa/ranked_4/7l1d_pmhc_tcr.pdb	after	ranked_4
231	7n2n	0.038	0.0	17.085	24.736	88.11909090909091	88.997	81.74411764705883	92.498	86.372	79.29933333333334	80.59812500000001	93.01108958837773	94.63116022099446	93.58666666666666	94.58168421052632	91.6729147982063	0.46814463	0.3168474	1.3585358	0.15130039	0.1578409	1.8862361	2.4847794	18.753754	0.3422485	0.18986586	0.34388444	1.4876484	../../benchmark_data/class-i/pdb/7n2n_pmhc_tcr.pdb	../pred_pdb/intellifold2/pmhc_tcr/classI/classI_v2_with_msa/ranked_4/7n2n_pmhc_tcr.pdb	after	ranked_4
232	7n2o	0.592	0.678	1.935	5.285	87.94999999999999	88.965	85.6129411764706	92.179	88.586	78.98733333333334	82.50718749999999	93.23125907990315	94.553591160221	91.22777777777779	94.39605263157897	92.2388340807175	0.441327	0.3100109	0.9937747	0.18458039	0.1452631	0.80330986	1.5677283	2.2065017	0.3835868	0.3344018	0.387048	1.1942241	../../benchmark_data/class-i/pdb/7n2o_pmhc_tcr.pdb	../pred_pdb/intellifold2/pmhc_tcr/classI/classI_v2_with_msa/ranked_4/7n2o_pmhc_tcr.pdb	after	ranked_4
233	7n2p	0.033	0.0	14.86	27.413	84.41181818181818	85.4	80.75727272727273	87.24300000000001	88.878	76.05400000000002	78.04384615384616	91.68872235872236	93.03027624309394	91.0311111111111	92.93557894736843	90.59700460829494	0.3895992	0.4188266	1.2053853	0.2486656	0.12626012	0.55265975	2.4301615	17.367382	0.42065656	0.30355617	0.43341076	2.4116364	../../benchmark_data/class-i/pdb/7n2p_pmhc_tcr.pdb	../pred_pdb/intellifold2/pmhc_tcr/classI/classI_v2_with_msa/ranked_4/7n2p_pmhc_tcr.pdb	after	ranked_4
234	7n2q	0.126	0.085	7.271	14.662	81.01363636363637	83.126	74.83545454545455	84.49	85.775	72.30533333333334	73.37576923076924	90.46705159705161	92.67790055248618	87.29666666666667	92.42300000000002	88.75447004608296	0.3007807	0.39854765	1.2328277	0.17529398	0.15657009	1.5751984	2.5312753	20.568281	0.38607925	0.43510872	0.39346728	1.4822484	../../benchmark_data/class-i/pdb/7n2q_pmhc_tcr.pdb	../pred_pdb/intellifold2/pmhc_tcr/classI/classI_v2_with_msa/ranked_4/7n2q_pmhc_tcr.pdb	after	ranked_4
235	7n2r	0.034	0.0	16.158	26.486	80.4309090909091	79.273	73.45363636363636	81.85599999999998	83.621	68.70400000000001	70.71346153846153	90.15724815724816	92.69165745856355	81.62222222222222	92.16731578947368	88.39728110599079	0.36199814	0.39803535	0.8617717	0.12756108	0.17379534	0.7100283	2.3800626	17.129377	0.41042075	0.32616785	0.40907893	1.8646517	../../benchmark_data/class-i/pdb/7n2r_pmhc_tcr.pdb	../pred_pdb/intellifold2/pmhc_tcr/classI/classI_v2_with_msa/ranked_4/7n2r_pmhc_tcr.pdb	after	ranked_4
236	7n2s	0.042	0.0	15.135	23.516	91.37090909090911	89.78900000000002	86.72062500000001	91.739	92.148	88.29799999999999	87.48387096774194	94.41752427184467	95.4803314917127	94.54888888888888	95.43621052631579	93.54567567567567	1.3021623	0.42184654	1.1593133	0.5630852	0.14206533	0.6234172	1.9236125	17.966154	0.38735068	0.2480745	0.3876902	1.4696584	../../benchmark_data/class-i/pdb/7n2s_pmhc_tcr.pdb	../pred_pdb/intellifold2/pmhc_tcr/classI/classI_v2_with_msa/ranked_4/7n2s_pmhc_tcr.pdb	after	ranked_4
237	7n4k	0.842	0.945	1.045	2.719	94.3075	94.7575	93.18307692307692	96.806	95.564	95.34636363636363	94.17458333333333	96.54647499999999	96.62338983050847	97.046	96.64598930481283	96.45910798122064	0.099821694	0.7364694	0.49276447	0.43207237	0.1429827	0.26888123	0.4317973	1.3786265	1.4672651	0.22224489	1.4312711	0.6426657	../../benchmark_data/class-i/pdb/7n4k_pmhc_tcr.pdb	../pred_pdb/intellifold2/pmhc_tcr/classI/classI_v2_with_msa/ranked_4/7n4k_pmhc_tcr.pdb	after	ranked_4
238	7n5c	0.792	0.754	0.953	2.711	89.96083333333335	92.4225	83.75076923076924	95.26	92.956	92.82727272727271	87.91083333333331	94.68485148514851	94.57867403314916	92.98300000000002	94.49513089005235	94.8549765258216	0.21827473	0.21560694	0.72891074	0.43305293	0.10800599	0.6706975	0.83968014	1.4094422	0.7661035	0.2046633	0.7486774	0.90436053	../../benchmark_data/class-i/pdb/7n5c_pmhc_tcr.pdb	../pred_pdb/intellifold2/pmhc_tcr/classI/classI_v2_with_msa/ranked_4/7n5c_pmhc_tcr.pdb	after	ranked_4
239	7n5p	0.852	0.881	0.84	2.637	94.79916666666666	95.30625	94.33153846153846	96.994	95.787	95.61181818181818	94.91833333333334	96.76501253132834	96.84806818181819	97.33200000000001	96.87408602150539	96.66976525821596	0.1260676	0.3533414	0.48890018	0.405083	0.12663172	0.28319627	0.45438978	1.182682	1.0249591	0.23741166	1.0020105	0.6049691	../../benchmark_data/class-i/pdb/7n5p_pmhc_tcr.pdb	../pred_pdb/intellifold2/pmhc_tcr/classI/classI_v2_with_msa/ranked_4/7n5p_pmhc_tcr.pdb	after	ranked_4
240	7na5	0.289	0.224	3.736	8.461	94.09818181818181	95.90888888888888	90.32545454545453	95.318	90.214	93.74066666666667	92.29576923076924	94.73602469135801	93.86644444444444	94.59444444444445	93.90111111111109	95.46657407407407	0.5419589	0.22674192	0.7822561	0.2417851	0.3360026	0.3715788	0.8068314	3.801568	1.2098496	0.33973217	1.184139	0.59562975	../../benchmark_data/class-i/pdb/7na5_pmhc_tcr.pdb	../pred_pdb/intellifold2/pmhc_tcr/classI/classI_v2_with_msa/ranked_4/7na5_pmhc_tcr.pdb	after	ranked_4
241	7ndq	0.611	0.583	1.789	3.765	90.75333333333333	90.01249999999999	77.60866666666668	95.85800000000002	93.74363636363636	89.84461538461538	83.28964285714287	94.4297794117647	95.15303867403316	91.2188888888889	94.96668421052632	93.96183486238532	0.4053718	0.3707175	0.6887677	0.22103804	0.3597906	0.37157393	0.65062183	1.5938467	0.99831104	2.1983256	1.1326638	0.63759536	../../benchmark_data/class-i/pdb/7ndq_pmhc_tcr.pdb	../pred_pdb/intellifold2/pmhc_tcr/classI/classI_v2_with_msa/ranked_4/7ndq_pmhc_tcr.pdb	after	ranked_4
242	7ndt	0.045	0.0	16.323	22.201	82.515	79.5275	77.24642857142858	90.53299999999999	90.61727272727272	81.33416666666666	79.13307692307693	90.28358910891087	90.25038888888889	80.73875	89.84563829787236	90.6647685185185	0.31969124	0.22158584	1.3137535	0.1540194	0.19653638	1.1582048	1.3994497	16.99552	0.5675925	2.1293373	0.807258	0.83266914	../../benchmark_data/class-i/pdb/7ndt_pmhc_tcr.pdb	../pred_pdb/intellifold2/pmhc_tcr/classI/classI_v2_with_msa/ranked_4/7ndt_pmhc_tcr.pdb	after	ranked_4
243	7ndu	0.594	0.646	2.107	4.257	96.29583333333333	96.11875	94.536	97.92000000000002	97.32818181818183	96.87769230769231	95.6232142857143	96.37103194103194	95.8696132596685	93.32124999999999	95.76174603174604	96.89926605504587	0.45062283	0.4283483	0.501054	0.26757264	0.3053255	0.34601638	0.4660893	2.031575	1.3615277	1.6479812	1.4800553	0.5505533	../../benchmark_data/class-i/pdb/7ndu_pmhc_tcr.pdb	../pred_pdb/intellifold2/pmhc_tcr/classI/classI_v2_with_msa/ranked_4/7ndu_pmhc_tcr.pdb	after	ranked_4
244	7nme	0.575	0.613	2.026	4.812	89.43727272727274	92.69200000000001	90.61076923076922	94.72099999999999	90.9090909090909	93.7409090909091	92.04541666666667	94.93311111111112	95.66651933701657	90.61666666666666	95.4273157894737	94.49637209302327	0.39923427	0.1829253	0.36804593	0.2762784	0.19272259	0.5010309	0.5143498	2.4164538	0.46105856	0.18773918	0.45562053	0.8457938	../../benchmark_data/class-i/pdb/7nme_pmhc_tcr.pdb	../pred_pdb/intellifold2/pmhc_tcr/classI/classI_v2_with_msa/ranked_4/7nme_pmhc_tcr.pdb	after	ranked_4
245	7nmf	0.577	0.62	2.053	4.742	89.4709090909091	92.76299999999999	90.6276923076923	94.774	90.95181818181817	93.81181818181817	92.08708333333334	94.94528395061728	95.67850828729283	90.67222222222223	95.44136842105263	94.50688372093022	0.40450215	0.13123499	0.45873773	0.16046494	0.20898914	0.48808247	0.5865778	2.3338158	0.40847504	0.26663008	0.4075523	0.7846764	../../benchmark_data/class-i/pdb/7nmf_pmhc_tcr.pdb	../pred_pdb/intellifold2/pmhc_tcr/classI/classI_v2_with_msa/ranked_4/7nmf_pmhc_tcr.pdb	after	ranked_4
246	7nmg	0.613	0.653	1.917	4.168	88.60545454545455	92.281	88.73769230769231	94.39599999999999	90.00363636363636	93.1709090909091	90.76958333333334	94.21328395061728	95.0450276243094	87.86	94.70468421052631	93.77902325581394	0.29670665	0.18317354	0.42475823	0.28226817	0.19166784	0.46935272	0.5571234	2.2555568	0.4693911	0.62042755	0.48660305	0.7555279	../../benchmark_data/class-i/pdb/7nmg_pmhc_tcr.pdb	../pred_pdb/intellifold2/pmhc_tcr/classI/classI_v2_with_msa/ranked_4/7nmg_pmhc_tcr.pdb	after	ranked_4
247	7ow5	0.745	0.766	1.254	3.136	90.38583333333332	83.65454545454546	85.02499999999999	92.149	91.51599999999999	79.184375	82.10468750000001	93.58732530120483	95.37138888888889	85.558	94.85489473684211	92.51693333333334	0.303749	1.1589278	0.8192511	0.24267967	0.24338639	0.81712	1.0971562	1.5769877	0.37261721	1.5805688	0.52530164	0.93563706	../../benchmark_data/class-i/pdb/7ow5_pmhc_tcr.pdb	../pred_pdb/intellifold2/pmhc_tcr/classI/classI_v2_with_msa/ranked_4/7ow5_pmhc_tcr.pdb	after	ranked_4
248	7ow6	0.726	0.708	1.2	3.416	89.98666666666668	83.87727272727273	84.005625	92.283	91.59200000000001	80.65625	82.33093749999999	93.56122596153847	95.16491712707182	83.75400000000002	94.56748691099476	92.70702222222224	0.3122618	0.30512753	0.8235868	0.20773804	0.3189561	0.5642377	1.0039445	1.61653	0.3435965	1.6113952	0.5148642	1.0012397	../../benchmark_data/class-i/pdb/7ow6_pmhc_tcr.pdb	../pred_pdb/intellifold2/pmhc_tcr/classI/classI_v2_with_msa/ranked_4/7ow6_pmhc_tcr.pdb	after	ranked_4
249	7pb2	0.183	0.115	5.857	11.031	86.81333333333333	81.45181818181818	74.26	90.38300000000001	86.191	77.7925	76.02625	92.02004819277109	94.15333333333332	80.94500000000001	93.45815789473684	90.80564444444444	0.29712737	1.9653337	3.0752957	0.22336562	0.16567132	2.6831043	3.179572	18.012815	0.45476124	1.3814992	0.5539747	1.8289979	../../benchmark_data/class-i/pdb/7pb2_pmhc_tcr.pdb	../pred_pdb/intellifold2/pmhc_tcr/classI/classI_v2_with_msa/ranked_4/7pb2_pmhc_tcr.pdb	after	ranked_4
250	7pbe	0.784	0.857	1.282	2.53	94.28363636363635	89.41250000000001	92.7075	94.613	92.43909090909092	94.19769230769232	93.4824	95.91091358024691	96.84303867403315	94.36666666666667	96.72573684210526	95.19083720930232	0.4778889	1.4472921	0.6079333	0.48421	0.24130605	0.5511336	0.7744674	1.1254263	0.6641496	0.2004434	0.65135145	0.9921057	../../benchmark_data/class-i/pdb/7pbe_pmhc_tcr.pdb	../pred_pdb/intellifold2/pmhc_tcr/classI/classI_v2_with_msa/ranked_4/7pbe_pmhc_tcr.pdb	after	ranked_4
251	7phr	0.909	0.817	0.433	0.969	95.45599999999999	95.90100000000001	95.14636363636365	96.251	94.634	96.9323076923077	96.11374999999998	96.36675	97.2060220994475	93.88555555555556	97.04873684210524	95.74971428571428	0.21004462	0.2675878	0.44126734	0.19538991	0.36218178	0.17467205	0.358019	0.6199431	0.35238355	0.28726465	0.35251442	0.6256654	../../benchmark_data/class-i/pdb/7phr_pmhc_tcr.pdb	../pred_pdb/intellifold2/pmhc_tcr/classI/classI_v2_with_msa/ranked_4/7phr_pmhc_tcr.pdb	after	ranked_4
252	7q99	0.828	0.836	0.963	2.129	92.80636363636363	93.91555555555554	89.95818181818181	92.89090909090909	89.68	86.874	88.17884615384615	95.00894348894349	96.53966850828729	93.55199999999999	96.38324607329845	93.79370370370371	0.35369688	0.32680023	0.18004866	0.37658876	0.27524537	1.3431408	1.118766	1.0741549	0.35546738	0.25334188	0.3555265	0.88985395	../../benchmark_data/class-i/pdb/7q99_pmhc_tcr.pdb	../pred_pdb/intellifold2/pmhc_tcr/classI/classI_v2_with_msa/ranked_4/7q99_pmhc_tcr.pdb	after	ranked_4
253	7q9a	0.75	0.76	1.26	2.783	97.00181818181818	97.0488888888889	93.02181818181818	93.97272727272728	91.33333333333333	93.12266666666666	93.08	95.94557739557739	97.07425414364639	96.02000000000001	97.01905759162304	94.99634259259258	0.27368355	0.30324355	1.0408595	0.25427753	0.26109204	0.28468576	0.8664628	1.2890089	0.3343853	0.23369834	0.33539838	0.8151435	../../benchmark_data/class-i/pdb/7q9a_pmhc_tcr.pdb	../pred_pdb/intellifold2/pmhc_tcr/classI/classI_v2_with_msa/ranked_4/7q9a_pmhc_tcr.pdb	after	ranked_4
254	7q9b	0.312	0.35	3.859	9.299	92.95181818181818	96.42444444444445	91.11375000000001	94.771	93.34299999999999	88.760625	89.545	96.32874074074074	97.02243093922651	94.86	96.90921465968586	95.81065420560749	0.4465513	0.27275923	1.5860378	0.28209886	0.30484048	1.6739713	2.4851441	4.3478923	0.599238	0.3458898	0.5942975	1.5588748	../../benchmark_data/class-i/pdb/7q9b_pmhc_tcr.pdb	../pred_pdb/intellifold2/pmhc_tcr/classI/classI_v2_with_msa/ranked_4/7q9b_pmhc_tcr.pdb	after	ranked_4
255	7qpj	0.896	0.826	0.552	1.155	97.50545454545454	98.09555555555556	97.50384615384615	96.287	95.199	97.17181818181817	97.35166666666665	97.35295285359803	97.4855	97.25666666666667	97.47460317460317	97.2455140186916	0.24173266	0.38520247	0.18753085	0.24312915	0.121617645	0.572197	0.7145203	0.6686662	0.4017629	0.23824008	0.4025086	0.712403	../../benchmark_data/class-i/pdb/7qpj_pmhc_tcr.pdb	../pred_pdb/intellifold2/pmhc_tcr/classI/classI_v2_with_msa/ranked_4/7qpj_pmhc_tcr.pdb	after	ranked_4
256	7r80	0.534	0.613	2.22	5.909	83.61454545454545	91.701	88.34384615384614	93.71199999999999	92.212	89.58800000000001	89.01035714285716	94.93080684596576	96.24928176795582	89.79444444444444	95.94352631578947	94.05219178082191	1.80434	0.39270127	0.35536614	0.1857622	0.24509922	2.075392	1.704536	2.757727	0.5163744	0.40322948	0.5212679	1.1450225	../../benchmark_data/class-i/pdb/7r80_pmhc_tcr.pdb	../pred_pdb/intellifold2/pmhc_tcr/classI/classI_v2_with_msa/ranked_4/7r80_pmhc_tcr.pdb	after	ranked_4
257	7rk7	0.383	0.318	3.084	6.395	84.51833333333333	87.12124999999999	62.845625	86.998	88.511	62.51750000000002	62.66333333333333	90.83701204819278	94.3121546961326	85.55444444444446	93.89731578947368	88.25275555555557	0.37933046	0.653624	2.4012048	0.4549363	0.21043275	2.3755388	2.6134686	3.331275	0.50335085	0.8035265	0.53020036	1.3894017	../../benchmark_data/class-i/pdb/7rk7_pmhc_tcr.pdb	../pred_pdb/intellifold2/pmhc_tcr/classI/classI_v2_with_msa/ranked_4/7rk7_pmhc_tcr.pdb	after	ranked_4
258	7rm4	0.518	0.458	2.225	4.474	84.47818181818182	88.503	76.83749999999999	92.96499999999999	86.21818181818183	83.81333333333333	80.71296296296295	93.73110024449879	95.11060773480665	90.42777777777779	94.88878947368423	92.7267123287671	0.46377203	0.58532387	1.3549724	0.14903173	0.17277564	2.127447	2.214524	2.2759182	0.329176	0.4404961	0.34140155	1.3718297	../../benchmark_data/class-i/pdb/7rm4_pmhc_tcr.pdb	../pred_pdb/intellifold2/pmhc_tcr/classI/classI_v2_with_msa/ranked_4/7rm4_pmhc_tcr.pdb	after	ranked_4
259	7rrg	0.18	0.175	4.868	13.688	81.09833333333334	85.94125	61.164000000000016	87.785	81.28090909090908	78.32214285714285	69.44724137931036	90.59599022004889	92.06414364640884	81.58555555555557	91.56778947368421	89.75287671232877	0.43289942	0.33412844	2.2541242	0.16528389	0.37266758	0.2508984	1.8182142	5.6231666	0.6904507	0.979494	0.727201	1.0035022	../../benchmark_data/class-i/pdb/7rrg_pmhc_tcr.pdb	../pred_pdb/intellifold2/pmhc_tcr/classI/classI_v2_with_msa/ranked_4/7rrg_pmhc_tcr.pdb	after	ranked_4
260	7rtr	0.558	0.571	1.975	5.077	86.5690909090909	88.46666666666667	83.57636363636365	90.5	87.24090909090908	86.54181818181819	85.05909090909091	93.69353808353809	94.53	87.17888888888889	94.18178947368419	93.26603686635946	0.3469981	0.24666236	0.31772268	0.27354464	0.24330938	0.65234864	0.77057207	2.2411566	0.39519942	0.3580563	0.3977464	0.9567336	../../benchmark_data/class-i/pdb/7rtr_pmhc_tcr.pdb	../pred_pdb/intellifold2/pmhc_tcr/classI/classI_v2_with_msa/ranked_4/7rtr_pmhc_tcr.pdb	after	ranked_4
261	7su9	0.464	0.448	2.547	5.736	88.55083333333333	92.4175	81.75533333333334	91.95299999999999	90.75200000000001	77.82066666666667	79.788	93.67066176470587	94.72011111111111	89.99999999999999	94.49534391534392	92.95894977168949	0.53969485	0.2831325	2.5473254	0.20136261	0.17995247	2.1972728	2.5443149	2.912011	0.42205805	0.27528706	0.4174928	1.1676676	../../benchmark_data/class-i/pdb/7su9_pmhc_tcr.pdb	../pred_pdb/intellifold2/pmhc_tcr/classI/classI_v2_with_msa/ranked_4/7su9_pmhc_tcr.pdb	after	ranked_4
262	8cx4	0.863	0.797	0.708	1.389	96.02545454545454	94.053	93.89764705882352	97.176	96.357	94.404	94.135	96.76251815980629	97.41883977900551	96.96	97.39710526315788	96.22183856502242	0.30585015	0.24292663	0.50425303	0.24769709	0.1793068	0.7167934	0.75572175	0.77186227	0.39361796	0.26770616	0.39506987	0.6304674	../../benchmark_data/class-i/pdb/8cx4_pmhc_tcr.pdb	../pred_pdb/intellifold2/pmhc_tcr/classI/classI_v2_with_msa/ranked_4/8cx4_pmhc_tcr.pdb	after	ranked_4
263	8d5q	0.759	0.679	1.149	1.542	90.80454545454545	94.732	78.86812499999999	94.41545454545454	93.85909090909091	91.72600000000001	85.08967741935484	95.14269607843137	95.63267045454545	91.91	95.43252688172042	94.89986486486488	0.4750789	0.18581668	1.9581964	0.17323856	0.2264349	0.23567095	1.606607	1.0808623	0.6465981	0.55691653	0.65119076	0.8587753	../../benchmark_data/class-i/pdb/8d5q_pmhc_tcr.pdb	../pred_pdb/intellifold2/pmhc_tcr/classI/classI_v2_with_msa/ranked_4/8d5q_pmhc_tcr.pdb	after	ranked_4
264	8dnt	0.782	0.74	1.03	2.411	96.37818181818183	97.42777777777778	90.82666666666665	95.74	89.2690909090909	93.36428571428573	92.19307692307692	95.84233415233413	96.66099447513812	93.65777777777777	96.51873684210527	95.25009216589862	0.46049696	0.3697859	0.61710995	0.45270902	0.70229596	0.6509034	1.0441042	1.404217	0.7378992	0.6339165	0.74799967	1.1304287	../../benchmark_data/class-i/pdb/8dnt_pmhc_tcr.pdb	../pred_pdb/intellifold2/pmhc_tcr/classI/classI_v2_with_msa/ranked_4/8dnt_pmhc_tcr.pdb	after	ranked_4
265	8en8	0.513	0.493	2.013	5.725	87.66090909090909	92.45	72.00285714285714	83.42090909090909	85.80666666666667	73.16133333333333	72.60206896551725	92.57063106796117	94.91088888888888	87.58999999999999	94.56227513227512	90.88264573991032	0.455381	0.13859239	2.0820212	0.24105269	0.41006744	1.6664352	2.8247285	1.9810022	0.40219972	0.25246248	0.40161204	1.5014286	../../benchmark_data/class-i/pdb/8en8_pmhc_tcr.pdb	../pred_pdb/intellifold2/pmhc_tcr/classI/classI_v2_with_msa/ranked_4/8en8_pmhc_tcr.pdb	after	ranked_4
266	8enh	0.636	0.654	1.747	3.856	86.2881818181818	90.833	68.90071428571427	87.15363636363637	86.96166666666666	69.81	69.37103448275863	92.01997566909975	94.53050279329608	87.16333333333334	94.17781914893617	90.20080717488788	0.44738334	0.13927047	1.8412913	0.29664358	0.39063	1.3398726	2.201119	2.0230246	0.6135183	0.34585747	0.60435754	1.4286214	../../benchmark_data/class-i/pdb/8enh_pmhc_tcr.pdb	../pred_pdb/intellifold2/pmhc_tcr/classI/classI_v2_with_msa/ranked_4/8enh_pmhc_tcr.pdb	after	ranked_4
267	8eo8	0.774	0.757	1.143	2.267	87.55	92.134	70.21714285714286	89.09818181818181	88.665	75.72866666666667	73.06793103448275	93.13068126520683	95.47229050279329	89.85444444444445	95.2033510638298	91.38331838565024	0.41026363	0.13988113	1.9687254	0.30267447	0.19954742	0.7645282	1.6448283	1.2782811	0.6181823	0.26917115	0.60753053	1.1116388	../../benchmark_data/class-i/pdb/8eo8_pmhc_tcr.pdb	../pred_pdb/intellifold2/pmhc_tcr/classI/classI_v2_with_msa/ranked_4/8eo8_pmhc_tcr.pdb	after	ranked_4
268	8f5a	0.313	0.3	3.626	8.645	86.62818181818182	89.483	84.42666666666668	91.15100000000001	88.74100000000001	84.07083333333333	84.26851851851852	93.27298288508555	94.65453038674033	80.213	93.89842931937171	92.725	0.3652965	2.155484	1.8687681	0.30824995	0.3839848	1.3879175	2.3611178	3.591696	0.38759825	3.0554502	0.87089825	1.4608841	../../benchmark_data/class-i/pdb/8f5a_pmhc_tcr.pdb	../pred_pdb/intellifold2/pmhc_tcr/classI/classI_v2_with_msa/ranked_4/8f5a_pmhc_tcr.pdb	after	ranked_4
269	8gom	0.486	0.5	2.32	6.049	83.72166666666666	80.49333333333333	80.75636363636363	86.626	85.92636363636365	73.70333333333335	76.6873076923077	91.81319512195122	93.33955801104972	84.9811111111111	92.94363157894738	90.83690909090909	0.35845572	0.24463359	1.1844798	0.15046705	0.28596342	1.5059458	1.7308341	2.1259441	0.36231437	0.35431254	0.37064627	0.84829766	../../benchmark_data/class-i/pdb/8gom_pmhc_tcr.pdb	../pred_pdb/intellifold2/pmhc_tcr/classI/classI_v2_with_msa/ranked_4/8gom_pmhc_tcr.pdb	after	ranked_4
270	8gon	0.036	0.0	17.6	25.331	83.1575	82.23111111111112	80.60636363636364	87.498	84.66636363636364	76.78266666666667	78.40038461538462	91.86865853658536	92.92016574585635	88.14111111111112	92.6937894736842	91.15604545454546	0.5303643	0.24185728	1.1075174	0.22172299	0.24143079	1.4537333	1.6978517	18.649723	0.3259565	0.46243566	0.34157008	0.80351704	../../benchmark_data/class-i/pdb/8gon_pmhc_tcr.pdb	../pred_pdb/intellifold2/pmhc_tcr/classI/classI_v2_with_msa/ranked_4/8gon_pmhc_tcr.pdb	after	ranked_4
271	8gvb	0.828	0.833	1.014	1.654	85.47	94.00999999999999	89.09357142857144	96.826	95.6809090909091	94.36533333333334	91.82034482758621	95.87175609756098	97.10038888888889	95.52250000000001	97.03324468085107	94.88815315315314	1.6935267	0.8285152	0.5813498	0.5316686	0.6678774	0.4173221	0.63653713	0.9254423	0.5213063	0.417455	0.52757686	0.9400906	../../benchmark_data/class-i/pdb/8gvb_pmhc_tcr.pdb	../pred_pdb/intellifold2/pmhc_tcr/classI/classI_v2_with_msa/ranked_4/8gvb_pmhc_tcr.pdb	after	ranked_4
272	8gvg	0.837	0.851	0.985	1.681	85.10000000000001	94.08363636363637	89.90142857142858	96.96900000000001	95.78363636363638	94.542	92.30172413793103	95.941800486618	97.12878453038675	95.85249999999999	97.07476190476191	94.97725225225226	1.2864176	0.9204533	0.6548281	0.46516836	0.6745497	0.4415448	0.69271255	0.8869794	0.6316137	0.4208539	0.6339249	0.85598606	../../benchmark_data/class-i/pdb/8gvg_pmhc_tcr.pdb	../pred_pdb/intellifold2/pmhc_tcr/classI/classI_v2_with_msa/ranked_4/8gvg_pmhc_tcr.pdb	after	ranked_4
273	8gvi	0.827	0.824	0.957	1.993	84.40545454545455	92.66727272727275	89.42214285714286	96.36	95.10545454545455	91.60733333333334	90.55241379310345	95.4696107055961	96.80392265193372	94.535	96.70788359788361	94.41540540540541	1.5108657	0.86040884	0.61814415	0.564484	0.37943617	0.44045907	0.72051865	0.9318981	0.56906414	0.3937104	0.56923664	0.9435153	../../benchmark_data/class-i/pdb/8gvi_pmhc_tcr.pdb	../pred_pdb/intellifold2/pmhc_tcr/classI/classI_v2_with_msa/ranked_4/8gvi_pmhc_tcr.pdb	after	ranked_4
274	8i5c	0.399	0.365	2.475	7.478	92.72727272727273	93.58555555555556	92.24583333333334	94.08900000000001	94.212	90.68692307692308	91.43520000000001	95.72061728395063	95.95635359116021	90.03666666666668	95.67594736842105	95.7600930232558	0.3817968	0.36479944	0.24048328	0.2410147	0.3424015	1.2023749	1.30051	2.838731	0.3845401	1.7901188	0.5841735	0.8527412	../../benchmark_data/class-i/pdb/8i5c_pmhc_tcr.pdb	../pred_pdb/intellifold2/pmhc_tcr/classI/classI_v2_with_msa/ranked_4/8i5c_pmhc_tcr.pdb	after	ranked_4
275	8i5d	0.68	0.627	1.323	3.571	87.1	91.34799999999998	85.57916666666667	93.68700000000001	89.46727272727273	88.11133333333333	86.98592592592593	94.09581683168317	95.15740331491712	89.13	94.87189473684211	93.40677570093459	0.251592	0.1748765	1.2166371	0.3825306	0.27221593	1.1047437	1.4286605	1.3848191	0.42783242	2.0011058	0.64484406	1.1358178	../../benchmark_data/class-i/pdb/8i5d_pmhc_tcr.pdb	../pred_pdb/intellifold2/pmhc_tcr/classI/classI_v2_with_msa/ranked_4/8i5d_pmhc_tcr.pdb	after	ranked_4
276	8qfy	0.85	0.77	0.744	1.284	95.25090909090909	94.88444444444444	94.1775	98.093	96.52090909090909	97.27416666666666	95.72583333333334	96.37844444444444	96.01425414364641	95.53555555555556	95.99157894736842	96.72032558139533	0.49456215	0.24955647	0.30046576	0.32420695	0.227679	0.19259049	0.451234	0.84238064	0.7261672	0.29952884	0.7153104	0.6570736	../../benchmark_data/class-i/pdb/8qfy_pmhc_tcr.pdb	../pred_pdb/intellifold2/pmhc_tcr/classI/classI_v2_with_msa/ranked_4/8qfy_pmhc_tcr.pdb	after	ranked_4
277	8shi	0.284	0.354	3.808	11.281	86.117	92.739	65.04882352941178	91.38900000000001	86.287	82.54714285714284	72.95129032258065	91.8679207920792	93.72900000000001	82.445	93.24882978723403	90.66601851851853	0.51593643	0.4239451	3.3030097	0.21202385	0.20107573	0.7727069	2.8923075	4.069652	0.6084214	2.0971947	0.78808975	1.8832116	../../benchmark_data/class-i/pdb/8shi_pmhc_tcr.pdb	../pred_pdb/intellifold2/pmhc_tcr/classI/classI_v2_with_msa/ranked_4/8shi_pmhc_tcr.pdb	after	ranked_4
278	8wte	0.694	0.646	1.375	2.959	90.52272727272727	90.54444444444444	89.42153846153847	91.845	89.02700000000002	86.59687500000001	87.86310344827587	93.87628361858191	94.35966850828729	86.07	93.967	93.79757990867579	0.26002803	0.2832984	0.6489348	0.23059945	0.14659955	1.314123	1.2484488	1.4765439	0.35422665	1.6023409	0.5145309	0.8979686	../../benchmark_data/class-i/pdb/8wte_pmhc_tcr.pdb	../pred_pdb/intellifold2/pmhc_tcr/classI/classI_v2_with_msa/ranked_4/8wte_pmhc_tcr.pdb	after	ranked_4
279	8wul	0.654	0.567	1.76	1.338	90.87818181818182	91.07777777777778	88.43153846153847	91.12100000000001	83.553	83.476875	85.69793103448276	93.05210268948656	93.52502762430943	86.76888888888888	93.205	92.91945205479452	0.43690366	0.22166714	0.76943666	0.20638046	0.15166502	2.7260482	2.740482	1.1386478	0.37638485	2.0584655	0.6504163	1.2884209	../../benchmark_data/class-i/pdb/8wul_pmhc_tcr.pdb	../pred_pdb/intellifold2/pmhc_tcr/classI/classI_v2_with_msa/ranked_4/8wul_pmhc_tcr.pdb	after	ranked_4
