	id	DockQ	Fnat	iRMS	LRMS	pLDDT-cdr1a	pLDDT-cdr2a	pLDDT-cdr3a	pLDDT-cdr1b	pLDDT-cdr2b	pLDDT-cdr3b	pLDDT-cdr3a+cdr3b	pLDDT	pLDDT-mhc	pLDDT-pep	pLDDT-pmhc	pLDDT-tcr	RMSD-cdr1a	RMSD-cdr2a	RMSD-cdr3a	RMSD-cdr1b	RMSD-cdr2b	RMSD-cdr3b	RMSD-cdr3a+cdr3b	RMSD	RMSD-mhc	RMSD-pep	RMSD-pmhc	RMSD-tcr	true_pdb_path	pred_pdb_path	2021-09-30	rank
0	6zkw	0.035	0.0	19.739	25.445	69.85	86.02199999999999	62.653846153846146	59.84400000000001	49.573	54.156875	57.965862068965535	53.29315403422983	39.552888888888894	31.821111111111108	39.18470899470899	65.41359090909091	1.4985445	0.26704547	1.8781881	0.8159179	6.2959476	3.6904762	9.05238	22.274933	17.826433	1.894507	18.787174	16.61748	../../benchmark_data/class-i/pdb/6zkw_pmhc_tcr.pdb	../pred_pdb/protenix_v1/pmhc_tcr/classI/classI_protenix_v1_no_msa/ranked_0/6zkw_pmhc_tcr.pdb	after	ranked_0
1	6zkx	0.014	0.0	15.542	45.383	68.32727272727273	85.40899999999999	59.47692307692308	55.754	48.403999999999996	50.484375	54.515517241379314	51.00318734793187	40.79681564245809	31.06416666666667	40.18534031413612	60.39504545454545	0.7715349	0.39752987	2.6911385	1.6480132	1.1682308	3.7860272	9.003075	22.161951	15.788837	2.5134861	16.319971	16.272066	../../benchmark_data/class-i/pdb/6zkx_pmhc_tcr.pdb	../pred_pdb/protenix_v1/pmhc_tcr/classI/classI_protenix_v1_no_msa/ranked_0/6zkx_pmhc_tcr.pdb	after	ranked_0
2	6zky	0.013	0.0	17.455	46.177	72.02363636363636	85.56400000000001	61.88461538461539	58.724000000000004	44.801	55.68062499999999	58.461724137931036	50.20105392156862	38.150666666666666	26.900000000000002	37.67191489361702	60.90777272727272	0.67619056	0.43108898	2.373098	1.8954353	5.7553897	3.9152944	8.699793	20.88626	16.550396	1.9244878	16.557505	17.193943	../../benchmark_data/class-i/pdb/6zky_pmhc_tcr.pdb	../pred_pdb/protenix_v1/pmhc_tcr/classI/classI_protenix_v1_no_msa/ranked_0/6zky_pmhc_tcr.pdb	after	ranked_0
3	6zkz	0.026	0.034	18.861	43.395	69.37272727272726	85.81800000000001	61.01076923076922	59.43599999999999	52.999	49.94	54.90275862068965	52.09068627450981	40.75361111111111	28.18625	40.21882978723404	62.235727272727274	0.5510213	0.26869693	2.5359814	1.8686105	2.3359053	3.2925782	9.587703	20.8881	11.592639	2.3466978	11.837811	16.297415	../../benchmark_data/class-i/pdb/6zkz_pmhc_tcr.pdb	../pred_pdb/protenix_v1/pmhc_tcr/classI/classI_protenix_v1_no_msa/ranked_0/6zkz_pmhc_tcr.pdb	after	ranked_0
4	7dzm	0.018	0.0	16.628	39.38	52.72	56.11375	34.114	34.23199999999999	34.70727272727272	39.74	36.614444444444445	38.404999999999994	39.054833333333335	28.365555555555556	38.545820105820106	38.28235023041475	3.5524106	5.057237	4.5003657	2.1136677	4.9733887	4.577544	10.103989	21.303988	19.101978	4.177733	19.097351	16.374573	../../benchmark_data/class-i/pdb/7dzm_pmhc_tcr.pdb	../pred_pdb/protenix_v1/pmhc_tcr/classI/classI_protenix_v1_no_msa/ranked_0/7dzm_pmhc_tcr.pdb	after	ranked_0
5	7dzn	0.029	0.048	17.777	45.615	38.01	44.881249999999994	35.56133333333333	33.825	33.96818181818182	37.95166666666666	36.623703703703704	39.39997530864198	44.30033519553072	30.188888888888886	43.62478723404255	35.739769585253455	3.598048	4.7704234	5.46983	2.2789605	4.515187	5.276116	10.659477	20.803148	11.356931	4.1009083	12.605483	15.936891	../../benchmark_data/class-i/pdb/7dzn_pmhc_tcr.pdb	../pred_pdb/protenix_v1/pmhc_tcr/classI/classI_protenix_v1_no_msa/ranked_0/7dzn_pmhc_tcr.pdb	after	ranked_0
6	7l1d	0.009	0.0	22.043	57.375	71.01	80.2188888888889	58.86	85.423	86.957	64.19157894736843	62.025625000000005	58.67378973105134	38.61441988950276	50.72777777777778	39.188210526315785	75.57908675799086	1.0050645	0.25386623	1.5233879	0.2888337	0.25258374	5.6478624	8.363111	21.382246	13.556553	1.8038424	17.784006	15.222848	../../benchmark_data/class-i/pdb/7l1d_pmhc_tcr.pdb	../pred_pdb/protenix_v1/pmhc_tcr/classI/classI_protenix_v1_no_msa/ranked_0/7l1d_pmhc_tcr.pdb	after	ranked_0
7	7n2n	0.029	0.018	18.046	33.116	75.18181818181819	83.556	53.46235294117646	71.24199999999999	83.234	47.55133333333334	50.6915625	58.21900726392252	49.5789502762431	30.90222222222222	48.69426315789474	66.3342600896861	0.45864204	0.42466924	1.1692476	0.59690547	0.19002655	8.242465	10.113106	17.905184	19.099575	2.0654387	18.92559	15.155836	../../benchmark_data/class-i/pdb/7n2n_pmhc_tcr.pdb	../pred_pdb/protenix_v1/pmhc_tcr/classI/classI_protenix_v1_no_msa/ranked_0/7n2n_pmhc_tcr.pdb	after	ranked_0
8	7n2o	0.017	0.0	18.799	39.392	74.16272727272727	83.172	52.311764705882354	70.298	82.74600000000001	48.730666666666664	50.63312500000001	57.117481840193705	47.77729281767955	27.787777777777777	46.83042105263157	65.88224215246638	0.2617783	0.37403253	1.6852624	0.51556295	0.18064018	7.7399435	10.121021	20.860075	19.501612	1.5527328	19.322601	14.902503	../../benchmark_data/class-i/pdb/7n2o_pmhc_tcr.pdb	../pred_pdb/protenix_v1/pmhc_tcr/classI/classI_protenix_v1_no_msa/ranked_0/7n2o_pmhc_tcr.pdb	after	ranked_0
9	7n2p	0.044	0.0	15.225	22.794	47.77181818181818	36.168	40.837272727272726	37.193999999999996	45.628	30.60333333333333	34.93307692307692	43.19692874692875	49.20403314917126	29.94888888888889	48.29194736842105	38.73585253456221	3.4787247	1.1722307	2.8391633	2.905342	0.2510723	3.6345723	7.5981483	21.14908	18.71997	2.1993053	18.597282	15.011065	../../benchmark_data/class-i/pdb/7n2p_pmhc_tcr.pdb	../pred_pdb/protenix_v1/pmhc_tcr/classI/classI_protenix_v1_no_msa/ranked_0/7n2p_pmhc_tcr.pdb	after	ranked_0
10	7n2q	0.023	0.0	16.509	33.711	42.07818181818182	35.7	42.329090909090915	40.95899999999999	48.384	29.985999999999997	35.208076923076916	43.325896805896804	48.46801104972375	25.614444444444445	47.38547368421054	39.77142857142857	3.6037207	2.7322233	3.1873841	2.087647	0.30502948	5.8714905	8.148004	21.198252	19.027557	2.0169997	18.819096	16.452509	../../benchmark_data/class-i/pdb/7n2q_pmhc_tcr.pdb	../pred_pdb/protenix_v1/pmhc_tcr/classI/classI_protenix_v1_no_msa/ranked_0/7n2q_pmhc_tcr.pdb	after	ranked_0
11	7n2r	0.029	0.0	17.932	29.103	46.28181818181818	35.562	45.29818181818182	37.647000000000006	44.188	28.486666666666665	35.599230769230765	43.46592137592137	48.82662983425415	30.13888888888889	47.94142105263158	39.547281105990784	3.5613415	4.3659897	2.5618541	2.3374522	0.37122455	7.5802774	9.577494	20.170744	19.172518	1.9111916	19.057037	13.305107	../../benchmark_data/class-i/pdb/7n2r_pmhc_tcr.pdb	../pred_pdb/protenix_v1/pmhc_tcr/classI/classI_protenix_v1_no_msa/ranked_0/7n2r_pmhc_tcr.pdb	after	ranked_0
12	7n2s	0.026	0.0	16.985	30.834	66.85000000000001	81.488	44.82875	68.647	80.751	46.321999999999996	45.55129032258065	54.10123786407767	46.74524861878453	25.073333333333334	45.71868421052631	61.2754954954955	1.1464996	0.3748175	2.5055363	0.44837072	0.27497298	8.2984705	10.373952	18.705227	19.201262	1.9061075	19.930838	15.757628	../../benchmark_data/class-i/pdb/7n2s_pmhc_tcr.pdb	../pred_pdb/protenix_v1/pmhc_tcr/classI/classI_protenix_v1_no_msa/ranked_0/7n2s_pmhc_tcr.pdb	after	ranked_0
13	7n4k	0.036	0.073	18.064	48.71	56.38083333333333	27.89625	57.776923076923076	61.66600000000001	62.345000000000006	55.00727272727272	56.5075	47.479725	36.51485875706215	35.819	36.47764705882353	57.13882629107981	0.8815903	3.8195665	3.7020018	2.3542051	2.0583758	4.1867833	8.1652355	21.444925	17.806633	4.214582	17.714315	16.17166	../../benchmark_data/class-i/pdb/7n4k_pmhc_tcr.pdb	../pred_pdb/protenix_v1/pmhc_tcr/classI/classI_protenix_v1_no_msa/ranked_0/7n4k_pmhc_tcr.pdb	after	ranked_0
14	7n5c	0.032	0.018	19.976	30.41	47.708333333333336	26.7125	42.20461538461538	59.388999999999996	56.575	48.06272727272728	44.88958333333333	44.23853960396039	39.47303867403314	24.972	38.71382198952879	49.19262910798121	2.0780265	3.5147338	5.5745587	2.3667774	1.4976856	1.2744412	5.0162616	20.970648	16.863497	3.5225694	17.114468	11.769735	../../benchmark_data/class-i/pdb/7n5c_pmhc_tcr.pdb	../pred_pdb/protenix_v1/pmhc_tcr/classI/classI_protenix_v1_no_msa/ranked_0/7n5c_pmhc_tcr.pdb	after	ranked_0
15	7n5p	0.035	0.0	15.437	26.02	46.81583333333333	28.6175	44.29769230769231	60.306	58.46299999999999	51.25272727272727	47.48541666666667	43.2949373433584	37.286193181818184	23.178	36.527688172043014	49.20436619718311	0.8926246	3.8581362	5.653304	2.4160645	2.9469073	4.027105	8.760105	20.722345	15.449122	1.6365466	15.682915	14.024692	../../benchmark_data/class-i/pdb/7n5p_pmhc_tcr.pdb	../pred_pdb/protenix_v1/pmhc_tcr/classI/classI_protenix_v1_no_msa/ranked_0/7n5p_pmhc_tcr.pdb	after	ranked_0
16	7na5	0.01	0.0	18.576	56.011	58.89454545454546	59.01777777777779	45.94	33.366	30.089999999999996	33.492666666666665	38.75884615384615	43.20777777777778	40.774166666666666	27.218888888888888	40.12867724867725	45.90199074074074	3.575445	3.2675912	3.8455093	2.414891	4.854352	4.277846	8.992326	22.747816	15.966116	2.3506806	15.768918	14.701186	../../benchmark_data/class-i/pdb/7na5_pmhc_tcr.pdb	../pred_pdb/protenix_v1/pmhc_tcr/classI/classI_protenix_v1_no_msa/ranked_0/7na5_pmhc_tcr.pdb	after	ranked_0
17	7ndq	0.028	0.05	17.085	50.343	75.66250000000001	75.53875000000001	55.82066666666667	69.401	66.04181818181819	55.40846153846154	55.62928571428572	57.71375	39.4075138121547	34.760000000000005	39.18736842105263	73.86059633027523	0.45284164	0.508268	2.5695593	1.7510511	2.217457	2.569192	8.671951	18.421629	10.42612	2.6065245	11.959428	15.61975	../../benchmark_data/class-i/pdb/7ndq_pmhc_tcr.pdb	../pred_pdb/protenix_v1/pmhc_tcr/classI/classI_protenix_v1_no_msa/ranked_0/7ndq_pmhc_tcr.pdb	after	ranked_0
18	7ndt	0.014	0.0	19.387	43.873	79.07416666666667	64.25	61.134285714285724	74.716	48.94909090909091	63.90083333333333	62.41115384615384	55.44638613861386	42.75800000000001	46.77875	42.92909574468084	66.34106481481481	1.3330816	3.2211437	1.5980425	0.3420016	4.441328	0.4546612	6.734306	22.965279	14.174508	2.4714074	14.820638	12.719869	../../benchmark_data/class-i/pdb/7ndt_pmhc_tcr.pdb	../pred_pdb/protenix_v1/pmhc_tcr/classI/classI_protenix_v1_no_msa/ranked_0/7ndt_pmhc_tcr.pdb	after	ranked_0
19	7ndu	0.024	0.0	18.219	32.448	70.42333333333333	75.7425	44.489333333333335	63.474000000000004	74.06181818181818	42.32692307692308	43.48535714285715	51.158599508599515	38.704585635359116	26.9225	38.20587301587302	62.38825688073394	1.126281	0.43924323	2.200338	1.3739009	0.34734735	2.5657868	10.866444	21.874718	10.14637	1.6794116	11.514346	17.653824	../../benchmark_data/class-i/pdb/7ndu_pmhc_tcr.pdb	../pred_pdb/protenix_v1/pmhc_tcr/classI/classI_protenix_v1_no_msa/ranked_0/7ndu_pmhc_tcr.pdb	after	ranked_0
20	7nme	0.038	0.04	18.122	31.367	43.31727272727273	48.501	48.325384615384614	38.854	46.05909090909091	41.03363636363636	44.98333333333333	42.02032098765432	40.13977900552486	33.227777777777774	39.81236842105263	43.97153488372093	1.9586217	3.8876896	5.7636204	2.0642943	3.9068089	3.5201483	9.782892	20.09602	17.995564	2.4824276	18.349176	14.610402	../../benchmark_data/class-i/pdb/7nme_pmhc_tcr.pdb	../pred_pdb/protenix_v1/pmhc_tcr/classI/classI_protenix_v1_no_msa/ranked_0/7nme_pmhc_tcr.pdb	after	ranked_0
21	7nmf	0.028	0.0	15.227	30.056	43.32	49.936	46.98769230769231	38.739999999999995	47.08272727272727	41.00545454545455	44.24583333333334	42.78076543209876	41.88453038674033	33.67888888888889	41.49584210526316	43.91627906976744	2.7588394	4.598155	5.981356	1.7747917	3.9954853	3.453415	9.311302	18.261797	14.542263	0.9788752	14.936931	14.519199	../../benchmark_data/class-i/pdb/7nmf_pmhc_tcr.pdb	../pred_pdb/protenix_v1/pmhc_tcr/classI/classI_protenix_v1_no_msa/ranked_0/7nmf_pmhc_tcr.pdb	after	ranked_0
22	7nmg	0.035	0.0	16.235	26.22	43.37181818181818	50.164	48.08461538461539	37.04599999999999	48.961818181818174	40.46727272727273	44.59333333333333	42.412024691358035	40.385138121546966	31.424444444444443	39.96068421052632	44.57832558139535	2.4638278	4.8757787	4.8155694	2.850832	3.6082294	4.1130276	13.892986	18.461613	15.378184	3.690967	15.619453	13.527373	../../benchmark_data/class-i/pdb/7nmg_pmhc_tcr.pdb	../pred_pdb/protenix_v1/pmhc_tcr/classI/classI_protenix_v1_no_msa/ranked_0/7nmg_pmhc_tcr.pdb	after	ranked_0
23	7ow5	0.011	0.0	20.673	50.902	37.12	37.72909090909091	37.955625	36.785000000000004	35.899	35.285	36.6203125	35.54363855421687	35.772111111111116	26.173000000000002	35.2668947368421	35.77733333333334	2.1332579	3.5117822	2.0468175	2.418304	6.469913	2.9087024	7.1780443	20.988382	12.4719305	2.479444	15.333854	13.226765	../../benchmark_data/class-i/pdb/7ow5_pmhc_tcr.pdb	../pred_pdb/protenix_v1/pmhc_tcr/classI/classI_protenix_v1_no_msa/ranked_0/7ow5_pmhc_tcr.pdb	after	ranked_0
24	7ow6	0.02	0.031	20.203	55.019	35.23166666666666	37.49636363636364	38.87562500000001	35.208000000000006	33.07299999999999	32.928125	35.901875000000004	35.08076923076923	37.0875138121547	22.29	36.312774869109944	34.034933333333335	2.888485	2.817962	2.9213698	3.1023984	3.0175838	3.4479592	15.744317	23.176727	15.706456	6.406402	15.507341	16.611813	../../benchmark_data/class-i/pdb/7ow6_pmhc_tcr.pdb	../pred_pdb/protenix_v1/pmhc_tcr/classI/classI_protenix_v1_no_msa/ranked_0/7ow6_pmhc_tcr.pdb	after	ranked_0
25	7pb2	0.037	0.0	18.303	24.757	35.20333333333333	37.52090909090909	33.58625000000001	35.876	35.783	32.905	33.245625000000004	35.30146987951807	35.48033333333334	22.981	34.82247368421052	35.705955555555555	2.452062	2.4048023	7.2876825	2.7744966	2.79967	6.0625176	10.145954	19.621147	15.2427225	4.718136	15.004422	12.865039	../../benchmark_data/class-i/pdb/7pb2_pmhc_tcr.pdb	../pred_pdb/protenix_v1/pmhc_tcr/classI/classI_protenix_v1_no_msa/ranked_0/7pb2_pmhc_tcr.pdb	after	ranked_0
26	7pbe	0.011	0.0	19.334	50.502	29.991818181818186	29.9025	41.151666666666664	31.515000000000004	35.76	35.48846153846154	38.2068	32.63777777777778	32.51486187845304	24.242222222222225	32.123	33.09269767441861	2.882722	2.9115329	2.2355247	3.1584165	3.546748	1.537042	4.359124	22.508326	17.7279	2.1612616	17.782001	15.042223	../../benchmark_data/class-i/pdb/7pbe_pmhc_tcr.pdb	../pred_pdb/protenix_v1/pmhc_tcr/classI/classI_protenix_v1_no_msa/ranked_0/7pbe_pmhc_tcr.pdb	after	ranked_0
27	7phr	0.028	0.037	17.415	41.397	32.628	37.577999999999996	33.94	41.879	38.98	36.448461538461544	35.29875	34.724075	33.07375690607735	24.218888888888888	32.654315789473685	36.596714285714285	3.9555001	3.3555217	3.5869892	2.253202	1.3244507	3.69162	12.849457	20.956682	19.556648	2.1848736	20.128618	13.957316	../../benchmark_data/class-i/pdb/7phr_pmhc_tcr.pdb	../pred_pdb/protenix_v1/pmhc_tcr/classI/classI_protenix_v1_no_msa/ranked_0/7phr_pmhc_tcr.pdb	after	ranked_0
28	7q99	0.041	0.041	18.257	29.962	63.73363636363637	74.77111111111111	50.809090909090905	64.94545454545454	62.11	47.213333333333345	48.73461538461538	47.08837837837838	34.06292817679558	28.910000000000004	33.793141361256545	58.84481481481481	0.6205086	0.24320126	0.7283868	0.9283013	0.61667484	2.7689638	9.890755	20.045853	19.068096	4.2665	19.018747	15.030713	../../benchmark_data/class-i/pdb/7q99_pmhc_tcr.pdb	../pred_pdb/protenix_v1/pmhc_tcr/classI/classI_protenix_v1_no_msa/ranked_0/7q99_pmhc_tcr.pdb	after	ranked_0
29	7q9a	0.068	0.107	16.643	27.03	59.059090909090905	61.18777777777777	49.443636363636365	64.16181818181818	62.06888888888889	46.336	47.65076923076923	45.34088452088452	34.35690607734807	26.786	33.96052356020943	55.40407407407407	1.8180375	0.7693763	1.2612741	0.94715756	0.6438301	2.7874177	8.547708	18.86812	18.625174	2.7605937	18.946445	12.682801	../../benchmark_data/class-i/pdb/7q9a_pmhc_tcr.pdb	../pred_pdb/protenix_v1/pmhc_tcr/classI/classI_protenix_v1_no_msa/ranked_0/7q9a_pmhc_tcr.pdb	after	ranked_0
30	7q9b	0.077	0.188	18.867	42.592	46.592727272727274	43.49666666666666	39.92125	39.448	36.184	34.31125	36.18125	35.60938271604938	33.47845303867403	24.52	33.00942408376963	37.929906542056074	1.4363874	4.889322	4.1248503	3.6108685	4.3727016	5.1439633	11.21749	21.391762	18.659235	2.4994152	18.904203	16.960878	../../benchmark_data/class-i/pdb/7q9b_pmhc_tcr.pdb	../pred_pdb/protenix_v1/pmhc_tcr/classI/classI_protenix_v1_no_msa/ranked_0/7q9b_pmhc_tcr.pdb	after	ranked_0
31	7qpj	0.058	0.043	10.061	24.326	71.71363636363637	70.17888888888889	56.60000000000001	56.409000000000006	55.632000000000005	47.66272727272727	52.503750000000004	49.10528535980149	35.159444444444446	27.83	34.81042328042328	61.73018691588784	0.3746386	1.5280367	2.2826743	2.0802567	3.3845942	1.3446631	2.5941305	11.5747385	13.206281	2.2776608	13.440523	4.914535	../../benchmark_data/class-i/pdb/7qpj_pmhc_tcr.pdb	../pred_pdb/protenix_v1/pmhc_tcr/classI/classI_protenix_v1_no_msa/ranked_0/7qpj_pmhc_tcr.pdb	after	ranked_0
32	7r80	0.052	0.016	14.18	22.116	70.94818181818181	78.914	62.08230769230769	67.162	55.974000000000004	56.72666666666667	59.213214285714294	57.34418092909536	40.666077348066295	34.87222222222222	40.39163157894737	72.05187214611871	1.9435331	0.48185435	0.8879991	2.0101123	1.5245898	2.747065	5.5195107	14.612686	13.930707	4.2883496	13.839707	6.449981	../../benchmark_data/class-i/pdb/7r80_pmhc_tcr.pdb	../pred_pdb/protenix_v1/pmhc_tcr/classI/classI_protenix_v1_no_msa/ranked_0/7r80_pmhc_tcr.pdb	after	ranked_0
33	7rk7	0.026	0.015	17.293	34.867	70.63000000000001	75.9525	47.685625	64.766	59.391000000000005	59.68000000000001	54.34916666666667	47.296433734939754	32.04834254143646	30.061111111111106	31.95421052631579	60.25208888888888	0.66003495	0.6325098	3.279859	1.8763177	1.4490254	5.7399073	8.311267	21.152063	15.464009	2.7422726	16.31056	16.340242	../../benchmark_data/class-i/pdb/7rk7_pmhc_tcr.pdb	../pred_pdb/protenix_v1/pmhc_tcr/classI/classI_protenix_v1_no_msa/ranked_0/7rk7_pmhc_tcr.pdb	after	ranked_0
34	7rm4	0.016	0.0	17.019	41.954	32.68090909090909	48.190999999999995	35.16916666666666	57.19	67.55636363636364	50.08800000000001	43.4574074074074	40.74916870415648	34.04751381215469	22.487777777777776	33.499947368421054	47.03844748858448	3.375102	4.9169507	1.447379	4.2217274	4.1633277	3.0200415	5.1311274	23.796839	15.742273	3.1169484	16.29381	11.71538	../../benchmark_data/class-i/pdb/7rm4_pmhc_tcr.pdb	../pred_pdb/protenix_v1/pmhc_tcr/classI/classI_protenix_v1_no_msa/ranked_0/7rm4_pmhc_tcr.pdb	after	ranked_0
35	7rrg	0.027	0.0	14.537	30.769	67.01166666666666	74.01625	41.817333333333316	51.301	61.23818181818182	41.50714285714286	41.66758620689656	46.96503667481664	38.407127071823204	27.842222222222222	37.906684210526315	54.823881278538806	0.742343	0.2935885	3.1850746	1.6450322	1.927728	8.253976	6.8883	19.247591	12.655788	2.1325173	15.046378	9.772127	../../benchmark_data/class-i/pdb/7rrg_pmhc_tcr.pdb	../pred_pdb/protenix_v1/pmhc_tcr/classI/classI_protenix_v1_no_msa/ranked_0/7rrg_pmhc_tcr.pdb	after	ranked_0
36	7rtr	0.027	0.016	18.518	33.849	33.68636363636363	34.745555555555555	37.559090909090905	44.28600000000001	42.03454545454545	46.936363636363645	42.247727272727275	36.142678132678135	34.69066298342541	26.34444444444445	34.295315789473676	37.760184331797234	2.3365636	4.2296996	2.1037345	2.5661929	4.506438	4.292659	13.907981	23.326195	17.434666	2.2193985	17.4754	14.251902	../../benchmark_data/class-i/pdb/7rtr_pmhc_tcr.pdb	../pred_pdb/protenix_v1/pmhc_tcr/classI/classI_protenix_v1_no_msa/ranked_0/7rtr_pmhc_tcr.pdb	after	ranked_0
37	7su9	0.022	0.0	14.49	35.008	68.71833333333333	73.80250000000001	46.05066666666666	64.28399999999999	54.80899999999999	48.01599999999999	47.03333333333333	47.37022058823529	39.35133333333333	25.83	38.70746031746031	54.84630136986301	0.88804317	0.1823879	5.9879565	0.33088708	2.83838	2.6835337	9.98391	22.426563	13.313046	5.527749	14.524477	12.181468	../../benchmark_data/class-i/pdb/7su9_pmhc_tcr.pdb	../pred_pdb/protenix_v1/pmhc_tcr/classI/classI_protenix_v1_no_msa/ranked_0/7su9_pmhc_tcr.pdb	after	ranked_0
38	8cx4	0.022	0.017	17.844	40.008	71.16363636363636	83.22900000000001	50.40764705882353	64.833	76.119	47.69333333333334	49.1353125	54.87205811138014	46.70624309392265	28.14888888888889	45.82721052631579	62.57843049327355	0.3266282	0.40868485	6.9879427	0.68857545	0.177886	7.999308	12.838035	17.468954	18.252129	2.0455294	18.084648	14.293603	../../benchmark_data/class-i/pdb/8cx4_pmhc_tcr.pdb	../pred_pdb/protenix_v1/pmhc_tcr/classI/classI_protenix_v1_no_msa/ranked_0/8cx4_pmhc_tcr.pdb	after	ranked_0
39	8d5q	0.063	0.075	16.86	24.576	54.558181818181815	63.672000000000004	40.088125000000005	57.86000000000001	76.52	45.77866666666667	42.841612903225794	48.16384803921568	36.39727272727273	30.656	36.08860215053763	58.28094594594596	1.7123871	2.378089	2.8404062	1.3820875	0.4071599	3.4964736	10.374627	18.150028	7.5504494	3.3109217	10.785526	10.519672	../../benchmark_data/class-i/pdb/8d5q_pmhc_tcr.pdb	../pred_pdb/protenix_v1/pmhc_tcr/classI/classI_protenix_v1_no_msa/ranked_0/8d5q_pmhc_tcr.pdb	after	ranked_0
40	8dnt	0.038	0.027	17.516	28.774	54.00181818181818	60.96555555555556	45.34166666666667	36.827999999999996	37.23636363636364	33.62500000000001	39.03269230769231	38.95316953316953	34.288674033149164	35.29555555555556	34.33636842105263	42.99552995391706	2.8220484	5.4119606	1.2885443	1.7016015	6.5393834	2.968992	11.018098	20.930046	19.593767	4.42934	19.268423	17.823088	../../benchmark_data/class-i/pdb/8dnt_pmhc_tcr.pdb	../pred_pdb/protenix_v1/pmhc_tcr/classI/classI_protenix_v1_no_msa/ranked_0/8dnt_pmhc_tcr.pdb	after	ranked_0
41	8en8	0.031	0.027	17.991	33.596	32.61636363636364	40.827	35.268571428571434	35.28727272727273	29.50333333333334	31.565333333333328	33.35310344827586	45.93565533980583	58.87933333333333	47.294444444444444	58.32767195767196	35.43300448430494	4.7989984	4.269659	3.0966287	3.2959144	1.2383493	4.0731654	16.992783	20.711674	13.391817	3.4889975	13.202559	19.20778	../../benchmark_data/class-i/pdb/8en8_pmhc_tcr.pdb	../pred_pdb/protenix_v1/pmhc_tcr/classI/classI_protenix_v1_no_msa/ranked_0/8en8_pmhc_tcr.pdb	after	ranked_0
42	8enh	0.04	0.025	19.077	27.335	37.21181818181819	46.898	35.78857142857143	36.60181818181818	32.013333333333335	31.028000000000002	33.32620689655172	46.01316301703164	57.213407821229055	25.74111111111111	55.70675531914894	37.84098654708521	4.8528404	3.7263567	6.0401287	3.6653094	4.9456477	2.8981283	7.924634	18.379519	14.805601	2.4509046	15.833555	14.064276	../../benchmark_data/class-i/pdb/8enh_pmhc_tcr.pdb	../pred_pdb/protenix_v1/pmhc_tcr/classI/classI_protenix_v1_no_msa/ranked_0/8enh_pmhc_tcr.pdb	after	ranked_0
43	8eo8	0.03	0.014	17.577	31.169	32.437272727272735	42.93	35.682857142857145	34.87	30.100833333333338	30.36066666666667	32.93	47.08642335766422	60.3045251396648	61.73111111111112	60.37281914893617	35.885336322869954	4.871925	4.009802	5.0102344	3.0274425	2.977671	2.9719045	8.572652	20.765907	14.70208	3.4946363	14.477929	17.513176	../../benchmark_data/class-i/pdb/8eo8_pmhc_tcr.pdb	../pred_pdb/protenix_v1/pmhc_tcr/classI/classI_protenix_v1_no_msa/ranked_0/8eo8_pmhc_tcr.pdb	after	ranked_0
44	8f5a	0.015	0.0	21.275	41.72	75.53545454545454	85.25699999999999	61.772666666666666	77.623	70.19500000000001	64.71333333333332	63.079629629629636	60.39364303178484	43.31044198895028	35.333999999999996	42.892827225130894	75.72692660550459	0.51669085	2.202216	2.9715915	0.63131875	3.3981607	1.4777788	10.251203	21.653954	15.088282	4.1789074	15.762745	16.292	../../benchmark_data/class-i/pdb/8f5a_pmhc_tcr.pdb	../pred_pdb/protenix_v1/pmhc_tcr/classI/classI_protenix_v1_no_msa/ranked_0/8f5a_pmhc_tcr.pdb	after	ranked_0
45	8gom	0.014	0.013	20.654	52.818	63.89833333333333	52.09888888888889	55.34	69.69	63.09181818181819	45.401333333333326	49.60615384615385	46.45217073170733	36.26718232044199	22.70777777777778	35.6248947368421	55.803	0.6991523	4.007338	3.2018147	0.39515114	0.40787247	5.306253	10.56862	21.209423	20.094969	2.2959013	20.489752	12.4956045	../../benchmark_data/class-i/pdb/8gom_pmhc_tcr.pdb	../pred_pdb/protenix_v1/pmhc_tcr/classI/classI_protenix_v1_no_msa/ranked_0/8gom_pmhc_tcr.pdb	after	ranked_0
46	8gon	0.042	0.086	19.685	45.244	59.223333333333336	45.23	50.29818181818182	67.061	62.41000000000001	43.66533333333334	46.47153846153846	43.94651219512195	34.50977900552486	26.09777777777778	34.111315789473686	52.44054545454544	0.85964805	1.909099	3.1978679	0.25519252	0.36081937	4.6520753	9.642352	21.566668	15.08901	1.8017747	16.69636	13.799804	../../benchmark_data/class-i/pdb/8gon_pmhc_tcr.pdb	../pred_pdb/protenix_v1/pmhc_tcr/classI/classI_protenix_v1_no_msa/ranked_0/8gon_pmhc_tcr.pdb	after	ranked_0
47	8gvb	0.034	0.03	15.375	33.128	44.51727272727272	40.33272727272727	36.894999999999996	47.364999999999995	57.77454545454545	48.05533333333334	42.66758620689655	43.272365853658535	39.179833333333335	30.746250000000003	38.820957446808514	47.042027027027025	1.6357895	2.7345896	3.25623	2.5688603	3.757349	3.4842424	10.629129	23.079103	15.3800955	2.0622923	15.861133	15.230864	../../benchmark_data/class-i/pdb/8gvb_pmhc_tcr.pdb	../pred_pdb/protenix_v1/pmhc_tcr/classI/classI_protenix_v1_no_msa/ranked_0/8gvb_pmhc_tcr.pdb	after	ranked_0
48	8gvg	0.065	0.015	14.129	18.865	35.72545454545455	38.71818181818182	32.07142857142857	36.653	40.17	36.902	34.57	38.22630170316301	41.37386740331491	28.732499999999998	40.838783068783066	36.00216216216216	1.7453315	2.9412916	2.9861257	2.265087	3.8965764	5.3191423	8.584187	20.675512	13.1311245	1.889971	13.553899	11.347865	../../benchmark_data/class-i/pdb/8gvg_pmhc_tcr.pdb	../pred_pdb/protenix_v1/pmhc_tcr/classI/classI_protenix_v1_no_msa/ranked_0/8gvg_pmhc_tcr.pdb	after	ranked_0
49	8gvi	0.047	0.059	18.097	30.043	35.028181818181814	34.163636363636364	32.70285714285715	39.841	43.520909090909086	36.24133333333334	34.53310344827586	38.09574209245742	39.99767955801104	26.6725	39.43365079365079	36.95671171171171	3.1319966	2.684386	3.3912845	2.1031573	4.178563	4.469029	15.025128	22.196499	15.984725	1.4006238	16.072052	19.056559	../../benchmark_data/class-i/pdb/8gvi_pmhc_tcr.pdb	../pred_pdb/protenix_v1/pmhc_tcr/classI/classI_protenix_v1_no_msa/ranked_0/8gvi_pmhc_tcr.pdb	after	ranked_0
50	8i5c	0.044	0.048	17.301	29.657	71.64545454545454	80.80555555555556	63.32416666666666	63.426	56.403999999999996	47.14384615384616	54.9104	53.068000000000005	45.48801104972376	24.526666666666667	44.495105263157896	60.64404651162791	0.7138292	0.27952042	1.8168525	0.83366776	1.847126	2.1064804	8.852573	21.050617	21.642199	4.8810973	21.344288	15.33683	../../benchmark_data/class-i/pdb/8i5c_pmhc_tcr.pdb	../pred_pdb/protenix_v1/pmhc_tcr/classI/classI_protenix_v1_no_msa/ranked_0/8i5c_pmhc_tcr.pdb	after	ranked_0
51	8i5d	0.046	0.017	18.348	23.805	32.958999999999996	35.955	31.595000000000002	34.861000000000004	38.77363636363636	31.034666666666666	31.283703703703704	37.232623762376235	37.941049723756905	24.30666666666667	37.29521052631579	37.17705607476636	1.5894988	3.205033	2.905704	1.7438205	4.870427	3.6562896	9.044725	19.985947	15.282971	2.726844	15.458469	14.518057	../../benchmark_data/class-i/pdb/8i5d_pmhc_tcr.pdb	../pred_pdb/protenix_v1/pmhc_tcr/classI/classI_protenix_v1_no_msa/ranked_0/8i5d_pmhc_tcr.pdb	after	ranked_0
52	8qfy	0.029	0.049	18.575	48.173	71.67818181818183	77.03333333333333	63.65	72.086	67.32545454545453	66.0125	64.83125	58.550444444444445	39.398729281767956	31.168888888888887	39.00889473684211	75.81972093023256	0.40940094	0.30427048	0.58158845	1.3858894	3.4799428	1.6782086	8.246674	16.408901	16.136244	1.26066	16.452047	15.376613	../../benchmark_data/class-i/pdb/8qfy_pmhc_tcr.pdb	../pred_pdb/protenix_v1/pmhc_tcr/classI/classI_protenix_v1_no_msa/ranked_0/8qfy_pmhc_tcr.pdb	after	ranked_0
53	8shi	0.023	0.021	17.712	41.754	28.938	32.991	31.316470588235294	31.226	32.135999999999996	34.395	32.706774193548384	35.68361386138614	39.57761111111111	24.075	38.91792553191489	32.86856481481482	2.19401	4.232671	4.130497	3.730542	4.1882734	4.171878	13.095345	20.918907	15.9326	1.8927987	16.536943	16.480782	../../benchmark_data/class-i/pdb/8shi_pmhc_tcr.pdb	../pred_pdb/protenix_v1/pmhc_tcr/classI/classI_protenix_v1_no_msa/ranked_0/8shi_pmhc_tcr.pdb	after	ranked_0
54	8wte	0.012	0.0	20.514	48.82	83.2090909090909	76.90777777777777	68.99692307692308	72.626	59.989999999999995	66.346875	67.53482758620689	57.61995110024449	38.85955801104973	50.83888888888889	39.427	73.4037899543379	0.5327879	2.322947	0.9411829	1.4440978	5.1722846	3.8126423	10.530911	21.28002	18.126497	2.3466222	18.867065	15.938749	../../benchmark_data/class-i/pdb/8wte_pmhc_tcr.pdb	../pred_pdb/protenix_v1/pmhc_tcr/classI/classI_protenix_v1_no_msa/ranked_0/8wte_pmhc_tcr.pdb	after	ranked_0
55	8wul	0.022	0.017	18.21	40.604	85.08272727272728	76.76666666666667	83.24615384615385	70.025	52.61900000000001	46.260625000000005	62.8403448275862	52.32987775061125	40.32740331491713	28.274444444444445	39.756473684210526	63.238310502283106	0.7262898	2.2638304	2.691538	2.5358016	7.3440657	3.968892	7.769221	22.34857	16.796339	2.114402	17.577463	13.449469	../../benchmark_data/class-i/pdb/8wul_pmhc_tcr.pdb	../pred_pdb/protenix_v1/pmhc_tcr/classI/classI_protenix_v1_no_msa/ranked_0/8wul_pmhc_tcr.pdb	after	ranked_0
56	6zkw	0.019	0.017	17.675	47.062	72.29090909090907	86.076	65.92153846153846	58.939	48.788	54.694374999999994	59.72724137931035	53.57479217603912	40.68116666666666	29.04555555555556	40.12708994708995	65.12759090909091	0.3912599	0.26711428	1.8448999	2.2691414	1.6661179	3.8353946	8.7973795	22.671274	17.480766	1.7064065	17.74092	16.248587	../../benchmark_data/class-i/pdb/6zkw_pmhc_tcr.pdb	../pred_pdb/protenix_v1/pmhc_tcr/classI/classI_protenix_v1_no_msa/ranked_1/6zkw_pmhc_tcr.pdb	after	ranked_1
57	6zkx	0.027	0.014	18.017	33.893	69.36545454545454	85.58099999999999	60.83538461538462	56.898	48.991	51.51875	55.69517241379312	51.31520681265207	40.91162011173184	29.381666666666664	40.18722513089005	60.976318181818186	0.62974465	0.36054555	2.4124143	1.5613346	1.553481	3.711315	8.879283	17.360748	15.058144	2.6447136	15.275364	16.220686	../../benchmark_data/class-i/pdb/6zkx_pmhc_tcr.pdb	../pred_pdb/protenix_v1/pmhc_tcr/classI/classI_protenix_v1_no_msa/ranked_1/6zkx_pmhc_tcr.pdb	after	ranked_1
58	6zky	0.011	0.0	20.896	50.225	71.75999999999999	83.71799999999999	60.86615384615386	60.07800000000001	46.355	56.048125	58.20793103448275	50.50811274509803	38.50572222222222	27.771250000000002	38.04893617021276	61.15504545454546	0.5890725	0.36078602	2.2899067	1.1041809	6.643436	3.8781354	8.648306	21.497396	14.770602	2.5508215	14.614814	16.689342	../../benchmark_data/class-i/pdb/6zky_pmhc_tcr.pdb	../pred_pdb/protenix_v1/pmhc_tcr/classI/classI_protenix_v1_no_msa/ranked_1/6zky_pmhc_tcr.pdb	after	ranked_1
59	6zkz	0.065	0.0	15.93	17.838	72.7781818181818	86.14599999999999	62.14846153846153	60.791	49.085	53.370000000000005	57.305172413793116	52.84789215686275	41.218611111111116	31.3475	40.798563829787234	63.144590909090915	0.56012106	0.36216748	1.8993331	1.7792442	2.2001646	3.6351204	9.207828	15.067205	12.281322	1.5429816	12.580821	15.533406	../../benchmark_data/class-i/pdb/6zkz_pmhc_tcr.pdb	../pred_pdb/protenix_v1/pmhc_tcr/classI/classI_protenix_v1_no_msa/ranked_1/6zkz_pmhc_tcr.pdb	after	ranked_1
60	7dzm	0.029	0.023	18.562	34.046	52.7275	56.386250000000004	30.052	36.117	35.43727272727273	40.225	34.57333333333333	37.78418719211823	38.31772222222222	29.901111111111113	37.91693121693121	37.66857142857143	3.6170228	5.0816154	3.9259691	2.2522273	4.381566	4.3361063	7.3575892	19.139688	17.423363	4.1420016	19.16959	16.022003	../../benchmark_data/class-i/pdb/7dzm_pmhc_tcr.pdb	../pred_pdb/protenix_v1/pmhc_tcr/classI/classI_protenix_v1_no_msa/ranked_1/7dzm_pmhc_tcr.pdb	after	ranked_1
61	7dzn	0.012	0.0	18.514	47.946	38.48500000000001	46.24	34.15533333333333	34.84	30.63272727272727	41.544999999999995	37.43962962962963	39.82772839506173	45.09553072625698	29.83777777777778	44.36510638297872	35.89672811059908	3.5617096	4.587922	5.1121902	2.5890465	4.637851	4.9932175	8.246316	17.27479	11.476772	4.1453705	13.082717	17.41475	../../benchmark_data/class-i/pdb/7dzn_pmhc_tcr.pdb	../pred_pdb/protenix_v1/pmhc_tcr/classI/classI_protenix_v1_no_msa/ranked_1/7dzn_pmhc_tcr.pdb	after	ranked_1
62	7l1d	0.012	0.0	20.262	47.281	71.42363636363636	78.93777777777778	58.72153846153847	85.239	87.517	64.73842105263158	62.2940625	58.911222493887536	38.781381215469615	49.88	39.3071052631579	75.91936073059361	0.86596286	0.29831845	1.9716206	0.27326617	0.26633054	6.2690897	8.978985	20.443466	13.831318	1.6834085	16.429022	13.317285	../../benchmark_data/class-i/pdb/7l1d_pmhc_tcr.pdb	../pred_pdb/protenix_v1/pmhc_tcr/classI/classI_protenix_v1_no_msa/ranked_1/7l1d_pmhc_tcr.pdb	after	ranked_1
63	7n2n	0.03	0.035	20.258	36.686	74.90272727272726	83.968	50.70882352941176	68.804	82.554	44.63666666666667	47.8625	56.551476997578696	47.61552486187846	26.518888888888892	46.61621052631579	65.01650224215246	0.42111248	0.3669683	1.933253	0.29736224	0.1830515	6.725636	10.133707	22.017426	20.54925	1.7436045	21.549042	15.576238	../../benchmark_data/class-i/pdb/7n2n_pmhc_tcr.pdb	../pred_pdb/protenix_v1/pmhc_tcr/classI/classI_protenix_v1_no_msa/ranked_1/7n2n_pmhc_tcr.pdb	after	ranked_1
64	7n2o	0.025	0.034	17.845	46.024	73.13000000000001	83.006	50.71705882352941	70.62	82.667	47.45133333333333	49.18625	55.908716707021796	45.51298342541437	28.423333333333332	44.70347368421053	65.45578475336323	0.41272822	0.42486084	3.8961444	0.5309961	0.19577469	8.5493355	9.447711	20.31227	19.312674	1.8889842	19.23413	15.11605	../../benchmark_data/class-i/pdb/7n2o_pmhc_tcr.pdb	../pred_pdb/protenix_v1/pmhc_tcr/classI/classI_protenix_v1_no_msa/ranked_1/7n2o_pmhc_tcr.pdb	after	ranked_1
65	7n2p	0.03	0.0	18.645	28.244	44.78818181818181	36.436	42.21454545454545	39.744	46.86	28.945333333333334	34.55923076923077	43.262260442260434	48.87900552486188	28.938888888888886	47.93447368421052	39.17138248847927	3.525115	4.7581816	2.3770485	2.2532802	0.23977408	7.000358	10.42056	20.66765	18.894163	2.2567306	18.781569	17.09218	../../benchmark_data/class-i/pdb/7n2p_pmhc_tcr.pdb	../pred_pdb/protenix_v1/pmhc_tcr/classI/classI_protenix_v1_no_msa/ranked_1/7n2p_pmhc_tcr.pdb	after	ranked_1
66	7n2q	0.039	0.034	19.443	29.536	42.849090909090904	35.07200000000001	39.06727272727273	38.775999999999996	45.751999999999995	29.332	33.45076923076923	42.49734643734643	48.309171270718224	23.166666666666668	47.118210526315785	38.45142857142858	3.2514272	5.2985663	3.8611119	2.1125638	0.2748501	7.451933	10.120356	21.77963	18.766655	2.5530725	19.179228	16.924088	../../benchmark_data/class-i/pdb/7n2q_pmhc_tcr.pdb	../pred_pdb/protenix_v1/pmhc_tcr/classI/classI_protenix_v1_no_msa/ranked_1/7n2q_pmhc_tcr.pdb	after	ranked_1
67	7n2r	0.03	0.0	19.242	27.89	49.60272727272727	38.236000000000004	42.29454545454545	38.239	47.455	30.504	35.49230769230769	43.89732186732187	49.14712707182321	30.192222222222224	48.24926315789474	40.08686635944701	3.5046446	4.4240723	2.6560159	2.1459706	0.27869704	4.5352225	8.014623	20.951439	18.92294	2.113479	18.777536	16.010698	../../benchmark_data/class-i/pdb/7n2r_pmhc_tcr.pdb	../pred_pdb/protenix_v1/pmhc_tcr/classI/classI_protenix_v1_no_msa/ranked_1/7n2r_pmhc_tcr.pdb	after	ranked_1
68	7n2s	0.026	0.03	20.008	40.583	66.40363636363637	82.032	47.25625	64.975	77.777	44.056	45.707741935483874	53.12271844660194	46.006132596685084	28.89	45.195368421052635	59.90738738738739	1.2560295	0.4559222	4.814808	0.47930172	0.17944574	7.990715	9.483657	23.093159	18.70367	2.4166214	18.974928	15.215023	../../benchmark_data/class-i/pdb/7n2s_pmhc_tcr.pdb	../pred_pdb/protenix_v1/pmhc_tcr/classI/classI_protenix_v1_no_msa/ranked_1/7n2s_pmhc_tcr.pdb	after	ranked_1
69	7n4k	0.013	0.0	16.632	47.186	58.244166666666665	34.25125	59.47461538461538	63.913	63.916999999999994	55.72727272727272	57.757083333333334	48.424025	37.741299435028246	36.076	37.65224598930481	57.880938967136146	1.0232257	2.8286166	4.357532	2.0730655	2.0901616	4.2126517	7.6616144	20.403	15.854169	4.2333546	16.437307	15.414001	../../benchmark_data/class-i/pdb/7n4k_pmhc_tcr.pdb	../pred_pdb/protenix_v1/pmhc_tcr/classI/classI_protenix_v1_no_msa/ranked_1/7n4k_pmhc_tcr.pdb	after	ranked_1
70	7n5c	0.039	0.053	19.838	33.66	50.0375	33.106249999999996	41.84846153846154	62.22399999999999	60.88199999999999	53.02090909090909	46.969166666666666	44.35925742574257	38.4021546961326	25.761999999999993	37.7403664921466	50.29450704225353	2.0720155	4.0622187	3.7528648	2.4372778	2.1965752	4.0421863	5.203344	20.181398	16.614782	2.5470746	18.013695	11.412461	../../benchmark_data/class-i/pdb/7n5c_pmhc_tcr.pdb	../pred_pdb/protenix_v1/pmhc_tcr/classI/classI_protenix_v1_no_msa/ranked_1/7n5c_pmhc_tcr.pdb	after	ranked_1
71	7n5p	0.055	0.034	14.272	23.01	47.162499999999994	28.3575	44.59	58.874	59.47700000000001	50.24636363636363	47.182500000000005	43.19293233082707	37.48159090909091	28.328000000000003	36.9894623655914	48.61004694835681	1.4178165	3.3847752	5.3704095	2.278681	3.1495013	3.8803072	11.394447	22.152628	15.048225	2.7808692	15.176543	17.654835	../../benchmark_data/class-i/pdb/7n5p_pmhc_tcr.pdb	../pred_pdb/protenix_v1/pmhc_tcr/classI/classI_protenix_v1_no_msa/ranked_1/7n5p_pmhc_tcr.pdb	after	ranked_1
72	7na5	0.033	0.061	19.205	47.589	58.658181818181816	59.18555555555555	47.24	34.263000000000005	32.23100000000001	33.878	39.531153846153856	43.24232098765432	40.33433333333333	28.86333333333333	39.78809523809524	46.264768518518515	3.6043618	3.8716872	3.4029548	2.6021025	7.997428	4.0881715	7.2688723	20.802626	16.608574	2.202204	16.5681	17.05439	../../benchmark_data/class-i/pdb/7na5_pmhc_tcr.pdb	../pred_pdb/protenix_v1/pmhc_tcr/classI/classI_protenix_v1_no_msa/ranked_1/7na5_pmhc_tcr.pdb	after	ranked_1
73	7ndq	0.04	0.083	16.197	48.999	75.94249999999998	75.28	54.54066666666666	70.82199999999999	66.26727272727273	55.886153846153846	55.16535714285715	57.67252450980392	39.149613259668506	35.81111111111111	38.991473684210526	73.95417431192662	0.54190385	0.44238788	2.9161868	1.8965142	2.154003	2.3729608	8.44691	20.922842	14.0576105	2.3083482	14.662668	15.491577	../../benchmark_data/class-i/pdb/7ndq_pmhc_tcr.pdb	../pred_pdb/protenix_v1/pmhc_tcr/classI/classI_protenix_v1_no_msa/ranked_1/7ndq_pmhc_tcr.pdb	after	ranked_1
74	7ndt	0.023	0.016	16.179	39.667	75.6275	59.386250000000004	57.401428571428575	75.58200000000002	52.92363636363636	65.43333333333334	61.10846153846153	53.908490099009896	40.49938888888889	45.493750000000006	40.71191489361702	65.39439814814814	1.3362039	3.994562	1.641868	0.44623706	2.7903454	0.27894425	9.348683	23.593876	14.675262	2.2417028	15.09679	11.056599	../../benchmark_data/class-i/pdb/7ndt_pmhc_tcr.pdb	../pred_pdb/protenix_v1/pmhc_tcr/classI/classI_protenix_v1_no_msa/ranked_1/7ndt_pmhc_tcr.pdb	after	ranked_1
75	7ndu	0.048	0.077	16.258	33.736	66.93499999999999	71.91624999999999	43.764	59.00600000000001	75.96727272727273	41.57923076923077	42.74964285714286	49.958378378378384	38.21828729281768	28.41	37.803121693121696	60.496651376146794	0.7756415	0.36811727	1.9860269	1.2913364	0.36578208	2.3850102	7.6736746	19.670418	12.094083	2.0631187	14.178554	8.0306835	../../benchmark_data/class-i/pdb/7ndu_pmhc_tcr.pdb	../pred_pdb/protenix_v1/pmhc_tcr/classI/classI_protenix_v1_no_msa/ranked_1/7ndu_pmhc_tcr.pdb	after	ranked_1
76	7nme	0.047	0.013	15.998	23.118	43.691818181818185	50.442	49.02461538461539	38.32600000000001	48.52454545454545	40.43363636363636	45.08708333333334	43.28476543209877	41.53160220994476	32.898888888888884	41.12268421052632	45.19544186046512	2.70179	4.66704	5.2392797	3.9452062	4.112054	4.9148593	14.26786	21.755173	18.960268	1.8917612	19.274694	15.973149	../../benchmark_data/class-i/pdb/7nme_pmhc_tcr.pdb	../pred_pdb/protenix_v1/pmhc_tcr/classI/classI_protenix_v1_no_msa/ranked_1/7nme_pmhc_tcr.pdb	after	ranked_1
77	7nmf	0.046	0.056	16.903	30.276	43.48	51.062	48.958461538461535	38.285999999999994	48.25272727272727	40.81090909090909	45.22416666666667	42.879851851851846	40.62198895027624	34.089999999999996	40.31257894736843	45.148604651162785	2.922516	5.066611	5.320396	3.1574955	3.8640127	3.9800115	9.25584	21.382605	15.147326	1.9461228	15.2900305	14.450055	../../benchmark_data/class-i/pdb/7nmf_pmhc_tcr.pdb	../pred_pdb/protenix_v1/pmhc_tcr/classI/classI_protenix_v1_no_msa/ranked_1/7nmf_pmhc_tcr.pdb	after	ranked_1
78	7nmg	0.037	0.056	18.004	38.158	42.587272727272726	49.531000000000006	48.35000000000001	38.408	47.145454545454534	40.584545454545456	44.79083333333333	42.53558024691359	40.81922651933702	30.84444444444445	40.34673684210526	44.46990697674419	2.812656	4.7463913	5.119941	1.5842675	3.8452947	3.6851144	9.651346	22.195827	16.112503	3.7369926	16.065544	15.132409	../../benchmark_data/class-i/pdb/7nmg_pmhc_tcr.pdb	../pred_pdb/protenix_v1/pmhc_tcr/classI/classI_protenix_v1_no_msa/ranked_1/7nmg_pmhc_tcr.pdb	after	ranked_1
79	7ow5	0.016	0.0	20.47	41.011	36.63333333333334	36.98090909090909	38.04	34.775	34.787	33.97875	36.009375000000006	35.26956626506024	36.01744444444444	26.853999999999996	35.53515789473684	35.04528888888889	1.9871569	3.1377985	2.4650364	2.5909703	1.6900873	3.3372743	9.156975	20.098913	13.481651	2.0485795	15.103216	12.418058	../../benchmark_data/class-i/pdb/7ow5_pmhc_tcr.pdb	../pred_pdb/protenix_v1/pmhc_tcr/classI/classI_protenix_v1_no_msa/ranked_1/7ow5_pmhc_tcr.pdb	after	ranked_1
80	7ow6	0.04	0.062	19.945	36.216	35.44916666666666	34.61818181818182	37.630624999999995	36.809	34.477	31.208750000000002	34.4196875	34.575408653846154	36.906740331491704	23.441	36.20172774869109	33.19484444444444	2.6830304	5.3338737	2.518922	2.5594373	0.94108	4.1953087	9.126011	22.565933	15.680462	2.4158847	16.868467	14.913459	../../benchmark_data/class-i/pdb/7ow6_pmhc_tcr.pdb	../pred_pdb/protenix_v1/pmhc_tcr/classI/classI_protenix_v1_no_msa/ranked_1/7ow6_pmhc_tcr.pdb	after	ranked_1
81	7pb2	0.022	0.033	17.642	53.295	34.725	36.5609090909091	34.19	36.11	36.18300000000001	33.480000000000004	33.835	35.28532530120482	35.88044444444445	23.059	35.20563157894737	35.35262222222222	2.121545	2.340984	7.1341558	4.1599827	1.5287161	5.802457	10.773832	20.954033	13.538119	4.1410456	14.222311	15.278567	../../benchmark_data/class-i/pdb/7pb2_pmhc_tcr.pdb	../pred_pdb/protenix_v1/pmhc_tcr/classI/classI_protenix_v1_no_msa/ranked_1/7pb2_pmhc_tcr.pdb	after	ranked_1
82	7pbe	0.04	0.039	14.939	30.542	30.64181818181818	30.403750000000002	39.22416666666667	32.235	37.01545454545454	35.19846153846154	37.1308	33.56664197530865	34.25088397790055	25.146666666666665	33.81963157894737	33.34306976744186	3.563857	4.1784964	3.4988124	2.693662	4.3147917	1.666519	8.75462	22.61633	16.807674	2.4215155	17.067062	15.49173	../../benchmark_data/class-i/pdb/7pbe_pmhc_tcr.pdb	../pred_pdb/protenix_v1/pmhc_tcr/classI/classI_protenix_v1_no_msa/ranked_1/7pbe_pmhc_tcr.pdb	after	ranked_1
83	7phr	0.031	0.024	17.386	33.716	33.227000000000004	36.831	35.75363636363637	42.220000000000006	39.699	36.18923076923076	35.989583333333336	35.3101	34.11243093922652	25.14888888888889	33.68784210526316	36.77785714285715	2.8020499	4.546003	3.560404	1.7566175	1.5572171	4.297208	12.167409	21.398642	14.678194	1.9591694	16.529596	14.789852	../../benchmark_data/class-i/pdb/7phr_pmhc_tcr.pdb	../pred_pdb/protenix_v1/pmhc_tcr/classI/classI_protenix_v1_no_msa/ranked_1/7phr_pmhc_tcr.pdb	after	ranked_1
84	7q99	0.013	0.0	19.889	45.874	63.95454545454545	75.08999999999999	52.192727272727275	65.20545454545454	62.65555555555555	47.482000000000006	49.474999999999994	47.899582309582314	34.74966850828729	30.601	34.5324607329843	59.71958333333333	0.54015446	0.35080668	0.42360336	1.0774624	0.7446019	2.968377	7.8121285	23.82096	12.433794	4.9501967	12.579776	13.1934185	../../benchmark_data/class-i/pdb/7q99_pmhc_tcr.pdb	../pred_pdb/protenix_v1/pmhc_tcr/classI/classI_protenix_v1_no_msa/ranked_1/7q99_pmhc_tcr.pdb	after	ranked_1
85	7q9a	0.021	0.027	20.432	47.768	60.37	63.67666666666667	50.36545454545455	65.08272727272728	63.047777777777775	46.18333333333332	47.95269230769232	46.07692874692874	34.70718232044199	26.582	34.28178010471204	56.506898148148146	1.8309857	1.4871619	0.8836099	0.9257196	0.69970876	2.3061643	8.549189	20.870771	13.733172	3.15002	13.891549	11.150979	../../benchmark_data/class-i/pdb/7q9a_pmhc_tcr.pdb	../pred_pdb/protenix_v1/pmhc_tcr/classI/classI_protenix_v1_no_msa/ranked_1/7q9a_pmhc_tcr.pdb	after	ranked_1
86	7q9b	0.069	0.15	20.181	36.932	46.150000000000006	43.534444444444446	41.53375	40.175	36.521	34.478750000000005	36.830416666666665	35.80562962962963	33.74812154696132	25.443999999999996	33.31335078534032	38.03004672897196	1.4177102	4.0232263	2.6152942	3.202034	3.3843963	4.249584	12.612213	20.336031	17.715782	2.9509165	18.56834	18.540321	../../benchmark_data/class-i/pdb/7q9b_pmhc_tcr.pdb	../pred_pdb/protenix_v1/pmhc_tcr/classI/classI_protenix_v1_no_msa/ranked_1/7q9b_pmhc_tcr.pdb	after	ranked_1
87	7qpj	0.031	0.029	14.972	35.26	72.25727272727272	73.69555555555556	57.66461538461538	58.175	57.364	46.17545454545454	52.39875	49.58052109181141	35.54511111111111	30.872222222222224	35.32259259259259	62.17280373831776	0.27416372	1.3023458	2.342362	1.9071921	3.83454	1.2917887	2.7194476	18.637117	15.868998	1.9864404	16.368149	5.396309	../../benchmark_data/class-i/pdb/7qpj_pmhc_tcr.pdb	../pred_pdb/protenix_v1/pmhc_tcr/classI/classI_protenix_v1_no_msa/ranked_1/7qpj_pmhc_tcr.pdb	after	ranked_1
88	7r80	0.024	0.016	16.184	37.895	70.09454545454547	78.28200000000001	60.3123076923077	68.169	56.424	56.37533333333334	58.20321428571429	56.94887530562348	40.51613259668508	34.48111111111112	40.23026315789474	71.45360730593607	2.2532802	0.4990406	0.5116963	1.969085	2.5622504	2.2058878	6.561109	21.646286	14.104886	4.302469	13.974437	11.222486	../../benchmark_data/class-i/pdb/7r80_pmhc_tcr.pdb	../pred_pdb/protenix_v1/pmhc_tcr/classI/classI_protenix_v1_no_msa/ranked_1/7r80_pmhc_tcr.pdb	after	ranked_1
89	7rk7	0.026	0.03	17.571	41.557	70.93916666666667	77.39625000000001	47.551249999999996	65.63700000000001	58.08	60.84100000000001	54.934444444444445	47.5921686746988	31.94011049723756	25.426666666666666	31.63157894736842	61.07	0.6598919	0.30530035	2.88333	1.9436288	3.671494	5.7219477	8.621364	21.929943	16.177784	2.4025474	17.770672	16.698797	../../benchmark_data/class-i/pdb/7rk7_pmhc_tcr.pdb	../pred_pdb/protenix_v1/pmhc_tcr/classI/classI_protenix_v1_no_msa/ranked_1/7rk7_pmhc_tcr.pdb	after	ranked_1
90	7rm4	0.024	0.0	17.891	31.955	32.93818181818182	49.99299999999999	35.7125	57.762	67.70545454545453	50.330000000000005	43.833333333333336	40.826577017114914	33.99895027624309	24.175555555555558	33.53363157894737	47.1537899543379	2.9542572	4.6989703	1.8326108	4.2742424	4.1739593	3.0135221	6.738864	18.881016	15.137157	1.8422726	15.492179	13.222481	../../benchmark_data/class-i/pdb/7rm4_pmhc_tcr.pdb	../pred_pdb/protenix_v1/pmhc_tcr/classI/classI_protenix_v1_no_msa/ranked_1/7rm4_pmhc_tcr.pdb	after	ranked_1
91	7rrg	0.017	0.0	15.248	40.876	68.93583333333333	76.62375	43.52133333333333	53.05800000000001	61.55363636363636	42.09714285714285	42.83379310344827	46.898312958435206	37.503425414364635	25.663333333333334	36.942578947368425	55.535707762557074	0.7593065	0.27467573	3.5810318	0.6463302	1.9163764	7.3146596	6.8680243	21.155155	12.270596	2.1183853	14.616255	8.768109	../../benchmark_data/class-i/pdb/7rrg_pmhc_tcr.pdb	../pred_pdb/protenix_v1/pmhc_tcr/classI/classI_protenix_v1_no_msa/ranked_1/7rrg_pmhc_tcr.pdb	after	ranked_1
92	7rtr	0.019	0.0	18.265	37.422	37.02454545454546	35.45333333333333	38.09727272727273	44.881	40.404545454545456	47.053636363636365	42.57545454545454	36.50250614250614	34.7378453038674	23.70777777777778	34.21536842105263	38.50506912442396	2.0504587	3.705362	3.353012	2.0225372	3.8069117	4.0540895	11.032159	20.909552	19.523872	2.1300247	19.232634	13.320782	../../benchmark_data/class-i/pdb/7rtr_pmhc_tcr.pdb	../pred_pdb/protenix_v1/pmhc_tcr/classI/classI_protenix_v1_no_msa/ranked_1/7rtr_pmhc_tcr.pdb	after	ranked_1
93	7su9	0.013	0.0	16.627	48.751	71.55666666666667	78.46000000000001	47.982	65.152	50.596000000000004	49.68999999999999	48.836000000000006	47.51495098039215	38.88249999999999	23.903333333333332	38.16920634920635	55.58045662100458	0.85333717	0.6092364	6.3197045	0.3183894	3.3174376	3.3719237	10.084169	21.670073	14.530877	3.8161163	15.397709	15.985897	../../benchmark_data/class-i/pdb/7su9_pmhc_tcr.pdb	../pred_pdb/protenix_v1/pmhc_tcr/classI/classI_protenix_v1_no_msa/ranked_1/7su9_pmhc_tcr.pdb	after	ranked_1
94	8cx4	0.017	0.0	16.838	40.153	69.40909090909089	83.009	44.86705882352941	60.94599999999999	73.382	42.75333333333332	43.87625	53.20745762711864	45.14403314917127	29.288888888888884	44.39300000000001	60.71753363228699	0.42793903	0.38147482	3.7867274	0.4655682	0.16039738	5.3477654	7.2069273	20.248922	19.140966	1.622478	19.249542	14.457312	../../benchmark_data/class-i/pdb/8cx4_pmhc_tcr.pdb	../pred_pdb/protenix_v1/pmhc_tcr/classI/classI_protenix_v1_no_msa/ranked_1/8cx4_pmhc_tcr.pdb	after	ranked_1
95	8d5q	0.066	0.075	14.863	23.915	54.83545454545454	65.604	40.490625	57.903636363636366	75.55727272727272	47.094	43.685806451612905	47.98120098039215	35.065113636363634	31.615999999999996	34.87967741935484	58.95815315315315	2.1188762	2.2528458	2.9567084	1.6723373	0.3747794	3.3115	6.446259	18.447609	8.06198	3.2829833	11.379212	8.729788	../../benchmark_data/class-i/pdb/8d5q_pmhc_tcr.pdb	../pred_pdb/protenix_v1/pmhc_tcr/classI/classI_protenix_v1_no_msa/ranked_1/8d5q_pmhc_tcr.pdb	after	ranked_1
96	8dnt	0.038	0.027	18.646	28.792	52.56909090909091	60.38333333333334	46.524166666666666	37.607000000000006	37.88818181818181	31.997142857142855	38.70192307692307	38.68405405405405	34.062872928176795	33.70444444444444	34.04589473684211	42.745115207373274	3.129603	5.381865	1.5650212	1.6930815	6.2241926	2.8106222	10.239425	21.824768	19.64998	4.3561516	19.670828	18.001245	../../benchmark_data/class-i/pdb/8dnt_pmhc_tcr.pdb	../pred_pdb/protenix_v1/pmhc_tcr/classI/classI_protenix_v1_no_msa/ranked_1/8dnt_pmhc_tcr.pdb	after	ranked_1
97	8en8	0.015	0.0	17.754	42.929	32.842727272727274	42.058	36.66357142857142	35.377272727272725	31.73916666666666	31.586000000000002	34.037241379310345	46.23424757281553	59.12155555555556	47.59777777777778	58.57280423280422	35.776905829596416	4.0168643	3.5247362	5.1759057	2.1151493	1.9560249	4.5761957	8.652801	20.096167	13.345657	3.3075328	13.147909	15.015417	../../benchmark_data/class-i/pdb/8en8_pmhc_tcr.pdb	../pred_pdb/protenix_v1/pmhc_tcr/classI/classI_protenix_v1_no_msa/ranked_1/8en8_pmhc_tcr.pdb	after	ranked_1
98	8enh	0.04	0.012	18.445	25.169	37.345454545454544	45.766	35.27214285714285	36.31909090909091	31.83916666666667	31.773999999999997	33.462758620689655	45.86579075425791	57.007932960893854	27.40888888888889	55.5909574468085	37.66699551569508	4.9171	3.8822355	5.7245216	3.7267148	2.5420802	2.3201647	8.077613	17.370815	14.614822	2.5878425	15.089704	14.421264	../../benchmark_data/class-i/pdb/8enh_pmhc_tcr.pdb	../pred_pdb/protenix_v1/pmhc_tcr/classI/classI_protenix_v1_no_msa/ranked_1/8enh_pmhc_tcr.pdb	after	ranked_1
99	8eo8	0.025	0.014	16.586	35.895	32.96727272727273	42.808	34.34928571428571	35.22636363636363	30.162499999999998	31.78666666666667	33.02379310344828	47.13097323600974	59.883407821229035	62.48888888888889	60.008138297872335	36.274887892376675	4.798283	3.921683	5.6362824	2.886087	4.3490925	3.2167528	7.2423286	19.716125	14.222814	3.50557	14.020582	13.822227	../../benchmark_data/class-i/pdb/8eo8_pmhc_tcr.pdb	../pred_pdb/protenix_v1/pmhc_tcr/classI/classI_protenix_v1_no_msa/ranked_1/8eo8_pmhc_tcr.pdb	after	ranked_1
100	8f5a	0.016	0.0	21.191	39.629	75.74636363636364	85.274	61.510666666666665	77.69300000000001	70.07000000000001	65.02833333333334	63.074074074074076	60.34789731051345	43.12508287292818	36.839999999999996	42.796020942408376	75.72591743119266	0.39371544	2.1887693	2.9465437	0.66600734	3.5139875	1.5931265	10.045807	20.796429	14.481691	4.02869	15.029697	16.230783	../../benchmark_data/class-i/pdb/8f5a_pmhc_tcr.pdb	../pred_pdb/protenix_v1/pmhc_tcr/classI/classI_protenix_v1_no_msa/ranked_1/8f5a_pmhc_tcr.pdb	after	ranked_1
101	8gom	0.013	0.0	20.69	44.802	63.59	53.142222222222216	55.71545454545455	69.789	62.02272727272726	44.835333333333345	49.43846153846154	46.550146341463424	36.04453038674033	23.138888888888893	35.43321052631579	56.15113636363636	0.5451114	4.053324	2.9564342	0.25289685	1.1399703	5.4833546	9.507127	21.015892	19.509296	2.028715	19.870241	14.65284	../../benchmark_data/class-i/pdb/8gom_pmhc_tcr.pdb	../pred_pdb/protenix_v1/pmhc_tcr/classI/classI_protenix_v1_no_msa/ranked_1/8gom_pmhc_tcr.pdb	after	ranked_1
102	8gon	0.02	0.014	18.826	41.708	58.08833333333333	44.49222222222222	48.41181818181818	67.567	60.75545454545455	43.394	45.51692307692307	43.248609756097565	34.441215469613255	24.547777777777778	33.972578947368426	51.25972727272727	0.7379468	1.7591312	1.8384222	0.23915707	1.1696972	4.8888116	9.176312	21.048803	19.19203	1.9109741	19.592001	10.739745	../../benchmark_data/class-i/pdb/8gon_pmhc_tcr.pdb	../pred_pdb/protenix_v1/pmhc_tcr/classI/classI_protenix_v1_no_msa/ranked_1/8gon_pmhc_tcr.pdb	after	ranked_1
103	8gvb	0.034	0.0	18.986	25.973	45.02	41.667272727272724	37.025714285714294	48.205999999999996	60.153636363636366	49.27200000000001	43.36	43.21592682926829	39.654222222222224	31.971249999999998	39.32728723404256	46.509009009009006	1.6311567	2.7190733	3.5449567	2.7849782	3.8615685	3.7204566	18.010927	22.580894	14.159374	1.613558	14.396341	16.67352	../../benchmark_data/class-i/pdb/8gvb_pmhc_tcr.pdb	../pred_pdb/protenix_v1/pmhc_tcr/classI/classI_protenix_v1_no_msa/ranked_1/8gvb_pmhc_tcr.pdb	after	ranked_1
104	8gvg	0.02	0.0	17.011	36.26	36.800909090909094	37.46636363636364	32.31785714285714	35.794	40.089090909090906	36.522000000000006	34.492413793103445	38.00262773722628	40.854972375690615	28.385	40.32714285714285	36.023648648648646	1.7056797	2.9237845	3.7931454	2.5508306	3.86469	4.3810854	7.387245	19.352974	17.628256	1.7776525	17.64902	12.988882	../../benchmark_data/class-i/pdb/8gvg_pmhc_tcr.pdb	../pred_pdb/protenix_v1/pmhc_tcr/classI/classI_protenix_v1_no_msa/ranked_1/8gvg_pmhc_tcr.pdb	after	ranked_1
105	8gvi	0.017	0.015	20.97	47.886	35.68	33.44727272727273	31.629999999999995	35.974	43.06090909090909	33.62266666666666	32.66068965517241	37.298978102189785	40.50165745856354	25.07875	39.84883597883598	35.12815315315315	3.334327	2.6864498	4.60089	2.7955678	3.8320932	2.3387232	12.562294	23.674625	13.422378	1.5439358	13.916043	17.571472	../../benchmark_data/class-i/pdb/8gvi_pmhc_tcr.pdb	../pred_pdb/protenix_v1/pmhc_tcr/classI/classI_protenix_v1_no_msa/ranked_1/8gvi_pmhc_tcr.pdb	after	ranked_1
106	8i5c	0.088	0.175	18.513	28.429	71.73272727272727	81.19111111111111	62.418333333333344	63.13499999999999	55.074	47.575384615384614	54.7	52.54274074074075	44.449502762430946	24.168888888888887	43.48884210526316	60.54386046511628	0.70446014	0.31382817	1.8610902	0.9589342	1.8294685	3.41916	7.8828163	19.954252	16.879011	1.9642735	17.211905	15.008217	../../benchmark_data/class-i/pdb/8i5c_pmhc_tcr.pdb	../pred_pdb/protenix_v1/pmhc_tcr/classI/classI_protenix_v1_no_msa/ranked_1/8i5c_pmhc_tcr.pdb	after	ranked_1
107	8i5d	0.03	0.017	19.877	31.605	32.321999999999996	35.553	32.7275	35.089999999999996	38.24272727272727	31.124000000000002	31.836666666666662	36.99475247524753	37.458066298342544	24.067777777777778	36.823789473684215	37.14654205607477	1.3036075	3.3918557	1.8474573	2.027581	5.1259055	3.2563627	5.716669	20.561384	16.122217	2.2728627	15.861166	11.318536	../../benchmark_data/class-i/pdb/8i5d_pmhc_tcr.pdb	../pred_pdb/protenix_v1/pmhc_tcr/classI/classI_protenix_v1_no_msa/ranked_1/8i5d_pmhc_tcr.pdb	after	ranked_1
108	8qfy	0.019	0.033	22.294	61.647	73.67545454545454	78.16333333333336	63.2575	72.227	67.38	65.94916666666667	64.60333333333334	59.057432098765425	40.25243093922652	33.711111111111116	39.94257894736841	75.94962790697673	0.42221564	0.2723862	0.6358246	1.5761667	3.5366542	1.7988383	7.797157	16.830904	10.554315	1.7802722	11.208313	15.12899	../../benchmark_data/class-i/pdb/8qfy_pmhc_tcr.pdb	../pred_pdb/protenix_v1/pmhc_tcr/classI/classI_protenix_v1_no_msa/ranked_1/8qfy_pmhc_tcr.pdb	after	ranked_1
109	8shi	0.012	0.0	20.142	49.037	30.313	33.282	29.865882352941178	31.240999999999996	30.248	34.04642857142857	31.75387096774194	35.56938118811881	39.51605555555555	25.0825	38.90186170212766	32.66888888888889	4.0618873	3.9195359	6.299925	3.6664987	6.0611777	3.8322453	7.654389	22.521296	16.159761	2.0016212	16.120365	16.340864	../../benchmark_data/class-i/pdb/8shi_pmhc_tcr.pdb	../pred_pdb/protenix_v1/pmhc_tcr/classI/classI_protenix_v1_no_msa/ranked_1/8shi_pmhc_tcr.pdb	after	ranked_1
110	8wte	0.016	0.015	20.266	51.155	83.31272727272727	76.82333333333332	69.27	72.579	60.64899999999999	66.38	67.67551724137931	57.49	38.47425414364641	50.483333333333334	39.04310526315789	73.49415525114155	0.5686973	2.1398382	0.9689654	1.38541	4.6197443	3.747071	10.435917	21.448357	18.066822	2.2539907	18.631002	16.148645	../../benchmark_data/class-i/pdb/8wte_pmhc_tcr.pdb	../pred_pdb/protenix_v1/pmhc_tcr/classI/classI_protenix_v1_no_msa/ranked_1/8wte_pmhc_tcr.pdb	after	ranked_1
111	8wul	0.016	0.0	21.603	40.529	84.95363636363635	76.61	82.93923076923078	68.922	51.14	45.681250000000006	62.38310344827587	51.25501222493887	39.22176795580111	27.995555555555555	38.68999999999999	62.156164383561645	0.6722811	2.108841	2.7066414	2.4937403	8.143848	3.8493571	12.587979	23.079283	16.648762	2.5299542	17.716778	16.048647	../../benchmark_data/class-i/pdb/8wul_pmhc_tcr.pdb	../pred_pdb/protenix_v1/pmhc_tcr/classI/classI_protenix_v1_no_msa/ranked_1/8wul_pmhc_tcr.pdb	after	ranked_1
112	6zkw	0.029	0.0	20.369	28.627	74.79818181818182	84.056	66.94769230769232	60.595000000000006	46.305	57.410625	61.68586206896552	53.97249388753056	40.626000000000005	28.759999999999998	40.06095238095238	65.92377272727272	0.560877	0.30659947	1.7081662	0.8848819	4.3604913	3.488725	8.886119	20.712616	13.742333	1.7510909	13.993171	17.020588	../../benchmark_data/class-i/pdb/6zkw_pmhc_tcr.pdb	../pred_pdb/protenix_v1/pmhc_tcr/classI/classI_protenix_v1_no_msa/ranked_2/6zkw_pmhc_tcr.pdb	after	ranked_2
113	6zkx	0.039	0.0	17.445	24.207	68.86090909090909	85.49600000000001	59.76538461538461	57.289	48.995999999999995	52.832499999999996	55.940344827586216	50.4488807785888	39.51793296089386	29.102500000000003	38.86356020942408	60.50704545454545	0.7213383	0.37601882	2.000256	0.9378424	6.582173	3.6816795	9.001587	22.935387	16.142353	2.1242692	16.664446	16.952658	../../benchmark_data/class-i/pdb/6zkx_pmhc_tcr.pdb	../pred_pdb/protenix_v1/pmhc_tcr/classI/classI_protenix_v1_no_msa/ranked_2/6zkx_pmhc_tcr.pdb	after	ranked_2
114	6zky	0.016	0.019	17.505	56.601	72.06363636363636	85.176	61.558461538461536	59.220000000000006	46.274	56.3275	58.67241379310346	50.36938725490196	38.629666666666665	28.724999999999998	38.2081914893617	60.76168181818182	0.6009662	0.39396808	2.468058	0.9602401	6.736498	3.4892	8.393172	20.966412	16.02748	1.9144224	15.959214	16.853947	../../benchmark_data/class-i/pdb/6zky_pmhc_tcr.pdb	../pred_pdb/protenix_v1/pmhc_tcr/classI/classI_protenix_v1_no_msa/ranked_2/6zky_pmhc_tcr.pdb	after	ranked_2
115	6zkz	0.013	0.0	18.099	47.515	72.91545454545454	85.659	62.53923076923077	59.661	48.017999999999994	53.917500000000004	57.782413793103444	51.820539215686274	39.87133333333333	28.855	39.40255319148936	62.43227272727272	0.516944	0.26582056	2.5488024	2.2002296	7.1146965	3.60513	9.000562	19.185944	14.25994	1.5013673	14.210981	17.067688	../../benchmark_data/class-i/pdb/6zkz_pmhc_tcr.pdb	../pred_pdb/protenix_v1/pmhc_tcr/classI/classI_protenix_v1_no_msa/ranked_2/6zkz_pmhc_tcr.pdb	after	ranked_2
116	7dzm	0.033	0.07	18.214	54.424	49.46	55.16625	35.662666666666674	37.282	37.60454545454546	39.68083333333334	37.448518518518526	38.49211822660099	39.15622222222222	29.561111111111114	38.699312169312165	38.31165898617512	3.5337913	5.206512	4.9274926	2.2850926	2.9618955	5.612638	12.755023	20.371988	18.736378	4.023777	18.811829	18.435696	../../benchmark_data/class-i/pdb/7dzm_pmhc_tcr.pdb	../pred_pdb/protenix_v1/pmhc_tcr/classI/classI_protenix_v1_no_msa/ranked_2/7dzm_pmhc_tcr.pdb	after	ranked_2
117	7dzn	0.018	0.0	17.364	37.901	39.25333333333334	46.769999999999996	35.50933333333333	36.699	31.34454545454545	41.818333333333335	38.31333333333333	40.21997530864197	45.27223463687151	30.50111111111111	44.56510638297872	36.45552995391705	3.600221	5.0293365	5.2453575	1.8977666	5.1791472	5.232545	8.977361	17.337257	12.003923	4.1975126	13.827296	17.469347	../../benchmark_data/class-i/pdb/7dzn_pmhc_tcr.pdb	../pred_pdb/protenix_v1/pmhc_tcr/classI/classI_protenix_v1_no_msa/ranked_2/7dzn_pmhc_tcr.pdb	after	ranked_2
118	7l1d	0.009	0.0	20.366	56.102	71.16818181818181	80.00444444444445	58.74538461538462	85.253	86.681	64.5421052631579	62.18718750000001	58.831271393643036	38.8728729281768	50.87444444444445	39.44136842105262	75.65356164383562	1.06217	0.30033064	1.9569263	0.27985442	0.24924044	5.9832425	8.767679	20.677164	15.946365	1.7801518	19.202103	15.028077	../../benchmark_data/class-i/pdb/7l1d_pmhc_tcr.pdb	../pred_pdb/protenix_v1/pmhc_tcr/classI/classI_protenix_v1_no_msa/ranked_2/7l1d_pmhc_tcr.pdb	after	ranked_2
119	7n2n	0.03	0.035	18.783	37.322	75.58818181818182	84.139	53.80058823529412	71.418	83.251	48.39533333333334	51.266875	58.42946731234866	49.77972375690608	31.182222222222222	48.89878947368421	66.54977578475338	0.32945892	0.37378755	1.7337519	0.5155591	0.19816974	7.5783935	9.800828	18.041908	19.358112	1.9195241	19.165207	14.790149	../../benchmark_data/class-i/pdb/7n2n_pmhc_tcr.pdb	../pred_pdb/protenix_v1/pmhc_tcr/classI/classI_protenix_v1_no_msa/ranked_2/7n2n_pmhc_tcr.pdb	after	ranked_2
120	7n2o	0.014	0.0	17.689	44.041	75.93545454545455	85.47899999999998	55.82941176470588	66.84	77.718	41.883333333333326	49.2921875	56.44503631961259	47.02602209944751	27.369999999999997	46.094947368421046	65.26349775784753	0.3292606	0.40495688	1.7496303	0.387866	0.16596815	3.2563353	9.072514	19.862913	19.810568	1.7392346	19.594326	15.191678	../../benchmark_data/class-i/pdb/7n2o_pmhc_tcr.pdb	../pred_pdb/protenix_v1/pmhc_tcr/classI/classI_protenix_v1_no_msa/ranked_2/7n2o_pmhc_tcr.pdb	after	ranked_2
121	7n2p	0.034	0.0	20.334	25.889	42.76	34.511	39.91545454545455	39.614	45.931	30.148000000000003	34.28038461538462	42.95643734643735	48.70541436464087	29.325555555555557	47.78742105263157	38.72654377880184	3.524918	5.6930027	5.0710945	2.2532845	0.2402372	5.9723377	9.244043	21.783379	19.542046	2.1279352	19.39927	16.58665	../../benchmark_data/class-i/pdb/7n2p_pmhc_tcr.pdb	../pred_pdb/protenix_v1/pmhc_tcr/classI/classI_protenix_v1_no_msa/ranked_2/7n2p_pmhc_tcr.pdb	after	ranked_2
122	7n2q	0.033	0.051	19.139	40.927	47.98181818181818	35.297999999999995	43.907272727272726	39.657000000000004	45.225	30.896000000000004	36.40076923076923	43.29115479115479	47.93011049723757	26.470000000000002	46.913578947368414	40.11944700460829	3.4877043	2.1785772	2.8115695	2.2484663	0.27775347	5.307177	13.142651	24.563635	18.091549	2.025222	17.915422	17.52676	../../benchmark_data/class-i/pdb/7n2q_pmhc_tcr.pdb	../pred_pdb/protenix_v1/pmhc_tcr/classI/classI_protenix_v1_no_msa/ranked_2/7n2q_pmhc_tcr.pdb	after	ranked_2
123	7n2r	0.04	0.017	18.218	25.948	49.26818181818182	38.416	42.50727272727272	38.459	46.504	30.84133333333333	35.776923076923076	43.467125307125315	48.42552486187846	29.947777777777773	47.550263157894726	39.89202764976958	3.4180834	4.177007	2.5072694	2.3375883	0.2530488	5.604161	9.146815	21.900686	19.166664	1.9776181	19.086103	15.7373705	../../benchmark_data/class-i/pdb/7n2r_pmhc_tcr.pdb	../pred_pdb/protenix_v1/pmhc_tcr/classI/classI_protenix_v1_no_msa/ranked_2/7n2r_pmhc_tcr.pdb	after	ranked_2
124	7n2s	0.053	0.045	17.353	24.635	63.946363636363635	80.346	45.1275	65.961	76.096	44.73066666666667	44.935483870967744	53.288349514563116	46.69093922651935	25.663333333333334	45.694894736842116	59.78725225225225	1.2623413	0.42495793	6.693396	0.513511	0.18152171	8.222659	9.268316	17.342962	19.538929	1.8924708	19.751495	9.507073	../../benchmark_data/class-i/pdb/7n2s_pmhc_tcr.pdb	../pred_pdb/protenix_v1/pmhc_tcr/classI/classI_protenix_v1_no_msa/ranked_2/7n2s_pmhc_tcr.pdb	after	ranked_2
125	7n4k	0.018	0.0	17.498	38.693	58.23500000000001	29.3125	58.527692307692305	61.584999999999994	62.259	55.33363636363637	57.06375	48.426399999999994	38.07124293785311	36.23899999999999	37.973262032085564	57.60356807511738	0.9791519	2.2405636	3.747045	2.3029122	1.3989093	4.292012	8.35516	19.512785	18.401262	4.2356277	18.566818	15.50008	../../benchmark_data/class-i/pdb/7n4k_pmhc_tcr.pdb	../pred_pdb/protenix_v1/pmhc_tcr/classI/classI_protenix_v1_no_msa/ranked_2/7n4k_pmhc_tcr.pdb	after	ranked_2
126	7n5c	0.045	0.053	17.747	29.943	47.62833333333334	29.1625	42.15692307692307	61.116	59.486000000000004	48.89181818181819	45.24375	43.91277227722773	38.46099447513812	25.441999999999997	37.77937172774868	49.412676056338036	2.12996	4.5636115	5.465742	2.3941224	2.018592	1.3061877	6.1375437	18.363867	17.400816	3.2605646	18.513668	11.386337	../../benchmark_data/class-i/pdb/7n5c_pmhc_tcr.pdb	../pred_pdb/protenix_v1/pmhc_tcr/classI/classI_protenix_v1_no_msa/ranked_2/7n5c_pmhc_tcr.pdb	after	ranked_2
127	7n5p	0.026	0.017	17.769	35.872	44.975833333333334	31.591250000000002	44.839999999999996	58.68599999999999	60.69799999999999	49.02181818181818	46.75666666666667	43.14210526315789	37.30960227272727	25.234	36.66037634408602	48.80220657276997	1.1642623	4.350532	5.5424585	2.3503695	2.1350837	4.18119	8.052827	19.117172	18.101837	3.0826244	17.98536	14.174066	../../benchmark_data/class-i/pdb/7n5p_pmhc_tcr.pdb	../pred_pdb/protenix_v1/pmhc_tcr/classI/classI_protenix_v1_no_msa/ranked_2/7n5p_pmhc_tcr.pdb	after	ranked_2
128	7na5	0.031	0.061	19.574	51.438	58.52727272727271	59.645555555555546	47.06636363636364	32.385000000000005	28.569	34.77733333333334	39.97653846153845	43.562271604938275	40.89055555555556	28.741111111111113	40.31201058201058	46.40625	3.7928326	3.8290963	4.0038776	1.5011052	4.5123367	4.118875	9.869547	23.132557	15.958745	2.8604155	16.037695	16.368801	../../benchmark_data/class-i/pdb/7na5_pmhc_tcr.pdb	../pred_pdb/protenix_v1/pmhc_tcr/classI/classI_protenix_v1_no_msa/ranked_2/7na5_pmhc_tcr.pdb	after	ranked_2
129	7ndq	0.041	0.0	17.357	23.347	75.7825	75.84625	55.94666666666667	69.888	65.75363636363635	54.72076923076923	55.3775	57.368676470588234	38.9946408839779	35.739999999999995	38.84047368421053	73.51711009174312	0.37952015	0.7880834	2.608481	1.896305	2.2820044	2.520224	8.665044	18.872982	11.302647	2.238878	12.922012	16.328777	../../benchmark_data/class-i/pdb/7ndq_pmhc_tcr.pdb	../pred_pdb/protenix_v1/pmhc_tcr/classI/classI_protenix_v1_no_msa/ranked_2/7ndq_pmhc_tcr.pdb	after	ranked_2
130	7ndt	0.023	0.0	21.059	32.614	79.235	63.75750000000001	61.140714285714296	76.749	54.212727272727264	65.55083333333333	63.17615384615386	55.454900990099006	42.74083333333333	26.1275	42.033882978723405	67.13615740740741	1.3573017	3.467361	1.648069	0.38651016	1.1237458	0.4736731	9.443536	21.254282	13.756359	1.9531059	14.058199	9.001137	../../benchmark_data/class-i/pdb/7ndt_pmhc_tcr.pdb	../pred_pdb/protenix_v1/pmhc_tcr/classI/classI_protenix_v1_no_msa/ranked_2/7ndt_pmhc_tcr.pdb	after	ranked_2
131	7ndu	0.048	0.015	18.482	22.722	69.52916666666667	76.39625000000001	42.58200000000001	62.289	75.01727272727273	41.99692307692308	42.310357142857136	50.748501228501226	38.80331491712707	27.564999999999998	38.327619047619045	61.517064220183485	0.9973794	0.7555818	3.3596876	1.5174228	0.3697171	2.6096673	8.763563	22.30839	13.504891	2.0665364	14.506524	15.81457	../../benchmark_data/class-i/pdb/7ndu_pmhc_tcr.pdb	../pred_pdb/protenix_v1/pmhc_tcr/classI/classI_protenix_v1_no_msa/ranked_2/7ndu_pmhc_tcr.pdb	after	ranked_2
132	7nme	0.031	0.027	15.573	34.784	42.294545454545464	50.833	47.583846153846146	39.559	46.809999999999995	41.68909090909091	44.882083333333334	43.52195061728395	42.70458563535911	33.43111111111111	42.26531578947368	44.632465116279064	2.616742	4.5290766	5.8211784	2.4041123	3.9340398	4.1610713	9.45219	21.547146	14.791096	2.7098846	15.182626	13.9473715	../../benchmark_data/class-i/pdb/7nme_pmhc_tcr.pdb	../pred_pdb/protenix_v1/pmhc_tcr/classI/classI_protenix_v1_no_msa/ranked_2/7nme_pmhc_tcr.pdb	after	ranked_2
133	7nmf	0.025	0.028	16.678	42.228	42.156363636363636	50.618	49.75923076923077	38.556	47.54909090909091	41.42909090909092	45.94125	42.54338271604938	40.75972375690608	32.25	40.35663157894736	44.475860465116284	2.9029434	4.620116	4.910744	3.7555094	3.6287296	4.209569	8.800871	20.363428	17.415625	2.6007063	17.47358	15.117085	../../benchmark_data/class-i/pdb/7nmf_pmhc_tcr.pdb	../pred_pdb/protenix_v1/pmhc_tcr/classI/classI_protenix_v1_no_msa/ranked_2/7nmf_pmhc_tcr.pdb	after	ranked_2
134	7nmg	0.032	0.014	17.373	30.093	43.03181818181818	51.07600000000001	47.44384615384615	38.435	46.17181818181818	40.48727272727273	44.25541666666667	42.13296296296296	40.12922651933702	33.361111111111114	39.80863157894738	44.18702325581395	2.6440487	4.320223	5.7090664	3.4672809	3.8792398	3.5607457	9.415535	19.774303	15.041504	3.889427	15.158578	13.826233	../../benchmark_data/class-i/pdb/7nmg_pmhc_tcr.pdb	../pred_pdb/protenix_v1/pmhc_tcr/classI/classI_protenix_v1_no_msa/ranked_2/7nmg_pmhc_tcr.pdb	after	ranked_2
135	7ow5	0.017	0.0	18.615	39.112	36.098333333333336	36.789090909090916	36.862500000000004	35.542	33.316	34.426874999999995	35.6446875	35.28903614457832	35.645111111111106	24.551	35.06121052631578	35.48142222222223	2.3742812	3.2121944	2.1275167	2.693659	1.9146426	3.6909184	9.095722	20.017683	13.974647	3.2742178	15.410426	13.75795	../../benchmark_data/class-i/pdb/7ow5_pmhc_tcr.pdb	../pred_pdb/protenix_v1/pmhc_tcr/classI/classI_protenix_v1_no_msa/ranked_2/7ow5_pmhc_tcr.pdb	after	ranked_2
136	7ow6	0.02	0.015	19.036	42.202	35.641666666666666	34.89545454545454	36.2975	36.817	34.032	33.25375	34.775625000000005	34.88550480769231	37.432486187845306	23.531	36.704659685863874	33.34124444444445	2.17627	2.0255656	1.2858055	2.7912722	2.3006697	3.6433847	9.908963	20.583588	15.321083	4.621439	17.147245	14.071462	../../benchmark_data/class-i/pdb/7ow6_pmhc_tcr.pdb	../pred_pdb/protenix_v1/pmhc_tcr/classI/classI_protenix_v1_no_msa/ranked_2/7ow6_pmhc_tcr.pdb	after	ranked_2
137	7pb2	0.012	0.0	21.829	47.446	34.42	36.46090909090909	34.39625	37.339	35.113	33.880625	34.138437499999995	34.924650602409635	35.63666666666667	23.915	35.01973684210526	34.84435555555555	1.621903	2.5669217	5.744752	2.182514	5.767202	6.109674	8.6727085	20.814997	17.408085	3.0878248	17.87469	13.134283	../../benchmark_data/class-i/pdb/7pb2_pmhc_tcr.pdb	../pred_pdb/protenix_v1/pmhc_tcr/classI/classI_protenix_v1_no_msa/ranked_2/7pb2_pmhc_tcr.pdb	after	ranked_2
138	7pbe	0.015	0.0	19.652	41.524	30.373636363636365	30.926250000000003	39.01916666666667	32.973	35.88272727272727	35.956153846153846	37.4264	32.946049382716055	33.55138121546961	23.108888888888888	33.056736842105266	32.848232558139536	2.9191594	4.3141894	2.3675182	2.682304	4.613246	2.6089664	5.268876	22.480413	21.103086	2.0379305	21.28602	18.489946	../../benchmark_data/class-i/pdb/7pbe_pmhc_tcr.pdb	../pred_pdb/protenix_v1/pmhc_tcr/classI/classI_protenix_v1_no_msa/ranked_2/7pbe_pmhc_tcr.pdb	after	ranked_2
139	7phr	0.016	0.012	21.234	47.293	35.197	38.386	34.416363636363634	41.228	38.888999999999996	35.77461538461539	35.15208333333334	35.681575	34.77955801104972	23.486666666666665	34.24463157894736	36.98166666666666	2.3884265	3.6033285	2.8303013	2.4061084	1.363434	4.346064	9.668181	21.45045	14.450972	1.9902722	15.739913	14.675073	../../benchmark_data/class-i/pdb/7phr_pmhc_tcr.pdb	../pred_pdb/protenix_v1/pmhc_tcr/classI/classI_protenix_v1_no_msa/ranked_2/7phr_pmhc_tcr.pdb	after	ranked_2
140	7q99	0.055	0.041	17.504	23.235	65.02545454545454	75.27444444444444	52.43363636363636	64.46636363636364	62.12444444444444	46.99399999999999	49.295384615384606	46.978673218673215	33.498342541436465	30.318	33.33183246073298	59.046018518518515	1.4070837	0.39328867	0.59096795	1.0601405	0.93835276	2.6908865	11.13851	17.75769	17.67907	4.5713696	18.040443	11.545934	../../benchmark_data/class-i/pdb/7q99_pmhc_tcr.pdb	../pred_pdb/protenix_v1/pmhc_tcr/classI/classI_protenix_v1_no_msa/ranked_2/7q99_pmhc_tcr.pdb	after	ranked_2
141	7q9a	0.027	0.04	19.161	44.914	60.13818181818181	61.66	50.86181818181817	65.15727272727274	62.21777777777778	47.35533333333332	48.83884615384614	45.98071253071254	34.69342541436464	27.474	34.31544502617801	56.295833333333334	1.875095	1.1892118	1.2798381	1.1204462	1.3247514	2.9452617	7.4810333	20.450594	16.848427	5.196535	16.821712	12.245546	../../benchmark_data/class-i/pdb/7q9a_pmhc_tcr.pdb	../pred_pdb/protenix_v1/pmhc_tcr/classI/classI_protenix_v1_no_msa/ranked_2/7q9a_pmhc_tcr.pdb	after	ranked_2
142	7q9b	0.067	0.138	18.742	34.657	47.1109090909091	43.611111111111114	40.628750000000004	39.02	35.726	33.34625	35.77375	35.490049382716045	33.32574585635359	24.509999999999998	32.8641884816754	37.83369158878505	2.069911	4.896658	3.469177	2.250074	2.405649	4.528688	12.205886	23.15844	19.629654	3.5723724	20.728806	19.01379	../../benchmark_data/class-i/pdb/7q9b_pmhc_tcr.pdb	../pred_pdb/protenix_v1/pmhc_tcr/classI/classI_protenix_v1_no_msa/ranked_2/7q9b_pmhc_tcr.pdb	after	ranked_2
143	7qpj	0.074	0.072	11.939	21.598	70.06090909090909	73.58444444444446	55.63615384615384	57.049	53.229	47.876363636363635	52.079583333333325	48.794491315136476	34.72805555555555	25.218888888888888	34.275238095238095	61.61757009345794	0.38568902	1.4965798	2.528721	1.9674286	3.3122141	0.9889787	2.6192489	14.729828	20.108524	1.7603208	20.17555	4.539432	../../benchmark_data/class-i/pdb/7qpj_pmhc_tcr.pdb	../pred_pdb/protenix_v1/pmhc_tcr/classI/classI_protenix_v1_no_msa/ranked_2/7qpj_pmhc_tcr.pdb	after	ranked_2
144	7r80	0.048	0.0	14.27	21.781	70.82272727272726	79.23100000000001	62.653076923076924	67.72	55.95	58.900000000000006	60.6425	57.34332518337408	40.27801104972376	36.10444444444445	40.08031578947369	72.32036529680366	1.9491581	0.466722	1.0611379	2.0338795	2.6295938	2.7606275	4.7697883	17.941072	13.921334	4.4203763	13.825301	6.190835	../../benchmark_data/class-i/pdb/7r80_pmhc_tcr.pdb	../pred_pdb/protenix_v1/pmhc_tcr/classI/classI_protenix_v1_no_msa/ranked_2/7r80_pmhc_tcr.pdb	after	ranked_2
145	7rk7	0.053	0.0	16.974	20.122	70.02833333333332	74.86125	46.8275	65.099	60.492999999999995	60.82799999999999	54.60555555555556	47.9362891566265	32.55182320441988	30.742222222222225	32.46610526315789	61.0	0.52485263	0.8128849	3.1040246	0.66259784	2.296291	5.7243347	8.562653	17.47169	13.91693	2.9993217	15.260706	16.18468	../../benchmark_data/class-i/pdb/7rk7_pmhc_tcr.pdb	../pred_pdb/protenix_v1/pmhc_tcr/classI/classI_protenix_v1_no_msa/ranked_2/7rk7_pmhc_tcr.pdb	after	ranked_2
146	7rm4	0.013	0.0	19.906	45.588	30.741818181818186	49.843	34.49	57.477999999999994	67.7390909090909	51.45333333333333	43.91407407407408	41.0180684596577	34.304640883977896	23.459999999999997	33.79094736842106	47.28817351598174	3.0416698	4.9845715	2.4720387	4.232559	4.0986795	3.1424117	6.30579	22.024921	18.269985	1.9660951	18.364716	12.397239	../../benchmark_data/class-i/pdb/7rm4_pmhc_tcr.pdb	../pred_pdb/protenix_v1/pmhc_tcr/classI/classI_protenix_v1_no_msa/ranked_2/7rm4_pmhc_tcr.pdb	after	ranked_2
147	7rrg	0.03	0.0	15.472	28.474	68.75	76.525	41.04333333333333	51.777	61.73727272727272	41.71999999999999	41.37	47.121564792176045	37.61906077348066	25.299999999999997	37.035526315789475	55.8720091324201	0.80591047	0.27816617	4.4152226	0.6302134	1.9664314	8.47078	7.021241	19.38971	13.865043	2.511634	14.264503	11.065933	../../benchmark_data/class-i/pdb/7rrg_pmhc_tcr.pdb	../pred_pdb/protenix_v1/pmhc_tcr/classI/classI_protenix_v1_no_msa/ranked_2/7rrg_pmhc_tcr.pdb	after	ranked_2
148	7rtr	0.029	0.0	17.43	28.743	36.07272727272727	34.07	37.82181818181818	44.052	39.39181818181819	46.42	42.120909090909095	36.41668304668305	34.524033149171274	25.35111111111111	34.08952631578948	38.4542857142857	2.2760224	3.12802	2.2346025	1.7935102	4.1940155	3.9381886	9.463821	19.302803	19.802683	2.4839284	19.57053	12.905282	../../benchmark_data/class-i/pdb/7rtr_pmhc_tcr.pdb	../pred_pdb/protenix_v1/pmhc_tcr/classI/classI_protenix_v1_no_msa/ranked_2/7rtr_pmhc_tcr.pdb	after	ranked_2
149	7su9	0.032	0.052	16.748	43.756	71.47083333333335	77.19874999999999	48.962	65.292	50.815000000000005	47.45666666666667	48.20933333333335	48.29093137254902	39.68505555555556	25.55777777777778	39.01232804232804	56.29849315068493	0.8050816	0.5715554	6.382338	0.25593203	3.1429093	3.1027818	9.65046	22.898844	14.531701	4.14356	14.738387	16.088533	../../benchmark_data/class-i/pdb/7su9_pmhc_tcr.pdb	../pred_pdb/protenix_v1/pmhc_tcr/classI/classI_protenix_v1_no_msa/ranked_2/7su9_pmhc_tcr.pdb	after	ranked_2
150	8cx4	0.037	0.0	19.455	25.0	73.16181818181816	84.563	51.78058823529412	62.108000000000004	76.182	46.00066666666667	49.071250000000006	54.5447215496368	46.11779005524862	26.65222222222222	45.19573684210527	62.51022421524663	0.36060765	0.43142867	9.163334	1.2288694	0.16407323	7.9196477	10.596831	18.385248	19.961365	2.2270136	19.823336	13.144191	../../benchmark_data/class-i/pdb/8cx4_pmhc_tcr.pdb	../pred_pdb/protenix_v1/pmhc_tcr/classI/classI_protenix_v1_no_msa/ranked_2/8cx4_pmhc_tcr.pdb	after	ranked_2
151	8d5q	0.039	0.019	16.166	27.181	55.27090909090909	63.366	40.61375	57.91636363636364	75.92727272727274	45.599333333333334	43.02612903225805	47.772107843137256	35.47994318181818	30.567	35.215806451612906	58.29225225225225	1.904493	2.3283713	3.4760094	1.5304523	0.37592766	3.6635606	7.9498568	17.672909	11.503312	2.896816	12.472698	8.083642	../../benchmark_data/class-i/pdb/8d5q_pmhc_tcr.pdb	../pred_pdb/protenix_v1/pmhc_tcr/classI/classI_protenix_v1_no_msa/ranked_2/8d5q_pmhc_tcr.pdb	after	ranked_2
152	8dnt	0.027	0.014	20.843	33.237	54.19818181818182	62.39111111111111	47.83833333333333	39.048	38.38	33.53642857142857	40.1373076923077	39.39041769041769	34.51950276243094	31.739999999999995	34.387842105263154	43.77055299539171	2.7196403	5.0606194	1.2912637	2.3608403	5.805376	2.8446348	9.389342	22.930271	17.837408	4.4978423	19.361124	16.52483	../../benchmark_data/class-i/pdb/8dnt_pmhc_tcr.pdb	../pred_pdb/protenix_v1/pmhc_tcr/classI/classI_protenix_v1_no_msa/ranked_2/8dnt_pmhc_tcr.pdb	after	ranked_2
153	8en8	0.038	0.0	17.443	24.431	31.545454545454547	44.14900000000001	34.30499999999999	34.85909090909092	30.615833333333327	30.835333333333338	32.5103448275862	46.241601941747575	59.06555555555555	46.92222222222222	58.4873015873016	35.8629596412556	4.1233478	4.0937777	2.9236631	2.3374937	5.216469	3.5925233	10.5104885	20.320122	13.302164	3.475854	13.117297	15.947485	../../benchmark_data/class-i/pdb/8en8_pmhc_tcr.pdb	../pred_pdb/protenix_v1/pmhc_tcr/classI/classI_protenix_v1_no_msa/ranked_2/8en8_pmhc_tcr.pdb	after	ranked_2
154	8enh	0.043	0.012	18.505	24.021	38.123636363636365	47.704	35.60642857142857	36.39363636363637	32.27583333333333	31.671333333333333	33.57103448275862	45.851143552311434	57.035698324022356	26.372222222222224	55.56776595744681	37.659551569506725	4.287947	3.7689688	5.625967	3.439027	3.1891153	2.861882	10.234057	18.099335	14.125796	2.3694656	14.648202	15.317787	../../benchmark_data/class-i/pdb/8enh_pmhc_tcr.pdb	../pred_pdb/protenix_v1/pmhc_tcr/classI/classI_protenix_v1_no_msa/ranked_2/8enh_pmhc_tcr.pdb	after	ranked_2
155	8eo8	0.024	0.0	18.683	31.782	34.658181818181816	42.217	36.010714285714286	34.96909090909091	29.429166666666664	31.804666666666666	33.83517241379311	47.31172749391728	60.26379888268156	61.95666666666667	60.34484042553191	36.324170403587445	4.6006374	4.2549224	3.5608478	3.1511858	1.7102486	3.6652563	18.46928	20.96964	14.899716	3.5141954	14.671009	16.778	../../benchmark_data/class-i/pdb/8eo8_pmhc_tcr.pdb	../pred_pdb/protenix_v1/pmhc_tcr/classI/classI_protenix_v1_no_msa/ranked_2/8eo8_pmhc_tcr.pdb	after	ranked_2
156	8f5a	0.019	0.029	16.187	60.862	76.37545454545455	85.83900000000001	62.85666666666666	77.804	70.32000000000001	64.7725	63.708148148148155	60.59022004889976	43.29701657458563	37.117000000000004	42.9734554973822	76.02509174311928	0.3426806	2.2073057	2.866814	0.41949227	3.3337326	1.8019019	9.968667	20.958641	14.7590275	4.0779786	15.380766	16.228508	../../benchmark_data/class-i/pdb/8f5a_pmhc_tcr.pdb	../pred_pdb/protenix_v1/pmhc_tcr/classI/classI_protenix_v1_no_msa/ranked_2/8f5a_pmhc_tcr.pdb	after	ranked_2
157	8gom	0.013	0.0	20.804	45.184	63.214999999999996	47.776666666666664	56.45363636363636	69.451	61.08090909090909	44.99866666666667	49.845	46.086414634146344	35.941657458563526	24.51111111111111	35.40021052631579	55.31540909090911	0.5118791	1.7610822	3.142532	0.18496114	0.9738038	5.684387	6.326692	20.319525	15.041167	1.9506611	15.566638	11.728274	../../benchmark_data/class-i/pdb/8gom_pmhc_tcr.pdb	../pred_pdb/protenix_v1/pmhc_tcr/classI/classI_protenix_v1_no_msa/ranked_2/8gom_pmhc_tcr.pdb	after	ranked_2
158	8gon	0.041	0.086	16.845	49.535	59.6025	48.29888888888889	50.72	67.12199999999999	61.92818181818182	44.91533333333334	47.37115384615384	43.97341463414634	33.924585635359115	28.61	33.67284210526316	52.86936363636363	0.7622074	4.0732512	2.9443965	0.23584561	0.4533862	3.147422	7.9390283	19.865644	17.965244	2.1353488	18.143402	11.197927	../../benchmark_data/class-i/pdb/8gon_pmhc_tcr.pdb	../pred_pdb/protenix_v1/pmhc_tcr/classI/classI_protenix_v1_no_msa/ranked_2/8gon_pmhc_tcr.pdb	after	ranked_2
159	8gvb	0.048	0.045	19.316	26.714	42.63454545454545	37.87545454545455	35.78642857142857	45.55200000000001	53.78545454545454	48.62133333333333	42.425172413793106	42.00229268292683	37.860833333333325	33.03375	37.655425531914894	45.68342342342342	1.9991668	2.297224	3.288335	2.881838	3.8022053	3.7245936	10.823604	21.281317	20.70612	0.9387058	20.495525	16.987183	../../benchmark_data/class-i/pdb/8gvb_pmhc_tcr.pdb	../pred_pdb/protenix_v1/pmhc_tcr/classI/classI_protenix_v1_no_msa/ranked_2/8gvb_pmhc_tcr.pdb	after	ranked_2
160	8gvg	0.029	0.015	17.897	32.517	38.18	39.650000000000006	33.92285714285715	36.467	40.397272727272735	37.01199999999999	35.52068965517242	38.666447688564475	42.08270718232043	29.05125	41.53111111111111	36.22761261261261	1.4876304	2.8087664	3.2502542	2.0768023	4.5025797	5.1045656	9.869327	18.66447	14.330331	2.191231	14.636588	15.675351	../../benchmark_data/class-i/pdb/8gvg_pmhc_tcr.pdb	../pred_pdb/protenix_v1/pmhc_tcr/classI/classI_protenix_v1_no_msa/ranked_2/8gvg_pmhc_tcr.pdb	after	ranked_2
161	8gvi	0.029	0.029	17.1	37.446	36.3290909090909	34.46545454545455	30.909285714285716	38.745999999999995	45.51181818181818	36.86933333333333	33.99206896551724	38.7467396593674	41.18618784530387	28.323749999999997	40.64174603174603	37.13342342342343	3.3298173	2.6100564	4.2842646	1.2807041	3.8317127	4.1934667	9.396847	23.945148	13.293539	1.5669593	13.704864	16.885225	../../benchmark_data/class-i/pdb/8gvi_pmhc_tcr.pdb	../pred_pdb/protenix_v1/pmhc_tcr/classI/classI_protenix_v1_no_msa/ranked_2/8gvi_pmhc_tcr.pdb	after	ranked_2
162	8i5c	0.06	0.095	16.663	29.462	70.56181818181818	80.13777777777779	62.62583333333333	62.13100000000001	53.084	47.09384615384616	54.54919999999999	52.80792592592592	45.32707182320443	25.709999999999997	44.39784210526316	60.24009302325582	0.67755413	0.3583958	2.0577152	0.85975105	1.7283772	3.7278917	8.5906	21.416718	22.508165	2.1207306	22.336117	16.299507	../../benchmark_data/class-i/pdb/8i5c_pmhc_tcr.pdb	../pred_pdb/protenix_v1/pmhc_tcr/classI/classI_protenix_v1_no_msa/ranked_2/8i5c_pmhc_tcr.pdb	after	ranked_2
163	8i5d	0.062	0.068	17.814	23.96	32.63699999999999	34.248	31.224166666666665	35.446000000000005	37.53454545454545	30.709333333333337	30.938148148148148	36.541608910891085	37.39419889502763	24.688888888888886	36.792368421052636	36.31897196261682	2.2225804	3.9135828	2.4331667	1.8717508	3.4896688	3.7041223	9.727126	19.362642	15.236207	2.5832374	15.21204	15.812724	../../benchmark_data/class-i/pdb/8i5d_pmhc_tcr.pdb	../pred_pdb/protenix_v1/pmhc_tcr/classI/classI_protenix_v1_no_msa/ranked_2/8i5d_pmhc_tcr.pdb	after	ranked_2
164	8qfy	0.051	0.0	12.576	21.225	72.33909090909091	80.06444444444445	62.00333333333332	70.183	66.94272727272727	63.41166666666666	62.7075	58.84479012345679	40.342044198895024	32.76555555555555	39.98315789473684	75.51320930232558	0.61408406	0.2594927	0.72922885	1.4634423	3.637629	1.6643363	6.094162	14.814665	11.439968	0.86473864	11.816072	13.782472	../../benchmark_data/class-i/pdb/8qfy_pmhc_tcr.pdb	../pred_pdb/protenix_v1/pmhc_tcr/classI/classI_protenix_v1_no_msa/ranked_2/8qfy_pmhc_tcr.pdb	after	ranked_2
165	8shi	0.019	0.0	19.226	36.959	30.186	32.047	30.985294117647058	30.497999999999998	31.311	33.92142857142857	32.311290322580646	36.38665841584159	40.380277777777785	26.42125	39.78627659574468	33.42773148148148	4.126494	2.5224674	3.8053036	3.2118397	3.599109	4.2356305	9.330364	20.00071	18.359356	1.5081908	18.448303	16.470095	../../benchmark_data/class-i/pdb/8shi_pmhc_tcr.pdb	../pred_pdb/protenix_v1/pmhc_tcr/classI/classI_protenix_v1_no_msa/ranked_2/8shi_pmhc_tcr.pdb	after	ranked_2
166	8wte	0.011	0.0	20.322	50.537	83.2790909090909	76.52333333333334	69.32538461538462	72.518	60.311	66.215	67.60931034482758	57.28149144254279	38.040773480662985	50.371111111111105	38.62484210526316	73.46762557077625	0.5536442	2.2550042	0.9493696	1.4362118	5.122322	3.8486063	10.258203	20.217442	15.9348135	2.220565	17.00093	16.568806	../../benchmark_data/class-i/pdb/8wte_pmhc_tcr.pdb	../pred_pdb/protenix_v1/pmhc_tcr/classI/classI_protenix_v1_no_msa/ranked_2/8wte_pmhc_tcr.pdb	after	ranked_2
167	8wul	0.029	0.0	18.646	28.865	84.20454545454545	76.45555555555556	80.87538461538462	69.608	52.819	44.989999999999995	61.07655172413792	51.3859413202934	39.61591160220995	30.233333333333334	39.171473684210525	61.982968036529684	0.7569561	2.3034575	2.685183	2.499224	8.3215475	3.6023707	12.77938	22.518257	16.622677	2.0629394	18.25488	16.805048	../../benchmark_data/class-i/pdb/8wul_pmhc_tcr.pdb	../pred_pdb/protenix_v1/pmhc_tcr/classI/classI_protenix_v1_no_msa/ranked_2/8wul_pmhc_tcr.pdb	after	ranked_2
168	6zkw	0.011	0.0	19.753	51.196	75.12454545454545	85.582	66.5623076923077	59.96300000000001	46.699	55.927499999999995	60.69482758620689	53.41090464547677	39.16094444444444	27.142222222222223	38.58862433862434	66.14459090909091	0.4874293	0.32361904	1.9852583	0.92696863	4.554541	3.7898195	8.62545	20.615786	12.4134445	2.0619118	12.871788	16.742258	../../benchmark_data/class-i/pdb/6zkw_pmhc_tcr.pdb	../pred_pdb/protenix_v1/pmhc_tcr/classI/classI_protenix_v1_no_msa/ranked_3/6zkw_pmhc_tcr.pdb	after	ranked_3
169	6zkx	0.014	0.0	16.757	45.091	72.40636363636364	84.18100000000001	62.01230769230768	58.788	45.979	55.209999999999994	58.259310344827576	51.86690997566911	41.44128491620111	30.249999999999996	40.73816753926702	61.528681818181816	0.39705366	0.410782	1.4305415	0.91792166	7.009166	3.7668803	9.191351	20.450415	15.538175	2.8129017	16.292992	17.242338	../../benchmark_data/class-i/pdb/6zkx_pmhc_tcr.pdb	../pred_pdb/protenix_v1/pmhc_tcr/classI/classI_protenix_v1_no_msa/ranked_3/6zkx_pmhc_tcr.pdb	after	ranked_3
170	6zky	0.032	0.0	14.606	27.836	71.79545454545455	82.77000000000001	60.37461538461538	58.86899999999999	44.45399999999999	54.45375	57.10793103448276	49.47049019607843	37.332277777777776	27.00625	36.892872340425534	60.21863636363636	0.48013735	0.33932582	2.4383233	1.7310447	2.412809	3.750341	9.069366	20.819372	14.583983	2.336822	14.739505	15.936448	../../benchmark_data/class-i/pdb/6zky_pmhc_tcr.pdb	../pred_pdb/protenix_v1/pmhc_tcr/classI/classI_protenix_v1_no_msa/ranked_3/6zky_pmhc_tcr.pdb	after	ranked_3
171	6zkz	0.047	0.068	18.261	31.776	73.21000000000001	86.138	63.0446153846154	58.290000000000006	47.721000000000004	52.4425	57.195172413793095	52.640539215686275	41.073388888888886	30.81375	40.636808510638296	62.89827272727273	0.5957729	0.25283334	2.4238284	1.987905	2.2033968	3.4933758	9.0921955	18.61387	12.08667	1.384487	12.405228	15.494426	../../benchmark_data/class-i/pdb/6zkz_pmhc_tcr.pdb	../pred_pdb/protenix_v1/pmhc_tcr/classI/classI_protenix_v1_no_msa/ranked_3/6zkz_pmhc_tcr.pdb	after	ranked_3
172	7dzm	0.011	0.0	19.902	49.832	51.67333333333334	56.065	31.592	36.876	37.07363636363636	40.38916666666667	35.50185185185185	38.1664039408867	38.705	32.58333333333333	38.413492063492065	37.951198156682025	3.613187	5.193737	5.3478885	2.2223985	3.8814068	4.7119	9.246073	21.231966	19.031559	4.119282	20.017447	17.299433	../../benchmark_data/class-i/pdb/7dzm_pmhc_tcr.pdb	../pred_pdb/protenix_v1/pmhc_tcr/classI/classI_protenix_v1_no_msa/ranked_3/7dzm_pmhc_tcr.pdb	after	ranked_3
173	7dzn	0.02	0.024	16.513	49.141	38.4225	46.412499999999994	34.05866666666667	33.63000000000001	33.376363636363635	40.749166666666675	37.03222222222222	39.457901234567906	44.458603351955304	29.627777777777776	43.748617021276594	35.74059907834101	3.5948315	5.1160574	5.4693646	2.6694999	3.9771457	5.2742324	8.624983	21.60736	12.0537615	4.1072526	12.548023	17.350178	../../benchmark_data/class-i/pdb/7dzn_pmhc_tcr.pdb	../pred_pdb/protenix_v1/pmhc_tcr/classI/classI_protenix_v1_no_msa/ranked_3/7dzn_pmhc_tcr.pdb	after	ranked_3
174	7l1d	0.035	0.0	17.651	25.901	70.14	80.22111111111111	57.59692307692308	85.054	87.637	63.20894736842104	60.9290625	58.21237163814181	37.48303867403315	51.34	38.139421052631576	75.62726027397261	1.098328	0.32132503	2.5033007	0.29920402	0.2886078	6.36391	10.133535	20.297756	13.88378	1.75729	17.431526	11.108398	../../benchmark_data/class-i/pdb/7l1d_pmhc_tcr.pdb	../pred_pdb/protenix_v1/pmhc_tcr/classI/classI_protenix_v1_no_msa/ranked_3/7l1d_pmhc_tcr.pdb	after	ranked_3
175	7n2n	0.03	0.0	21.078	27.921	75.95636363636365	84.08399999999999	55.45294117647059	70.84499999999998	78.006	50.608	53.181875000000005	57.7248426150121	48.81508287292817	28.896666666666665	47.871578947368434	66.12	0.40910208	0.4276097	1.3907957	0.29121074	0.172414	7.214487	9.146343	19.456987	19.672155	1.8807371	19.485016	15.95603	../../benchmark_data/class-i/pdb/7n2n_pmhc_tcr.pdb	../pred_pdb/protenix_v1/pmhc_tcr/classI/classI_protenix_v1_no_msa/ranked_3/7n2n_pmhc_tcr.pdb	after	ranked_3
176	7n2o	0.016	0.0	20.207	39.667	73.18727272727273	82.297	52.02117647058824	70.885	82.83099999999999	49.783333333333324	50.972187500000004	56.78612590799031	47.02740331491712	29.61	46.20236842105263	65.80367713004485	0.42534158	0.44786993	1.4291259	0.39272988	0.16233422	7.626412	9.214685	22.001734	18.767069	2.0522687	18.546227	15.501953	../../benchmark_data/class-i/pdb/7n2o_pmhc_tcr.pdb	../pred_pdb/protenix_v1/pmhc_tcr/classI/classI_protenix_v1_no_msa/ranked_3/7n2o_pmhc_tcr.pdb	after	ranked_3
177	7n2p	0.036	0.0	19.162	25.179	47.00909090909091	37.37	41.23	38.634	44.54	30.724666666666668	35.169230769230765	43.52737100737101	49.394972375690614	29.30888888888889	48.44352631578948	39.22290322580645	3.4510396	2.7065763	2.9639912	2.0857933	0.39621034	5.6986647	8.445366	18.161808	19.274307	1.9954585	19.13178	14.292703	../../benchmark_data/class-i/pdb/7n2p_pmhc_tcr.pdb	../pred_pdb/protenix_v1/pmhc_tcr/classI/classI_protenix_v1_no_msa/ranked_3/7n2p_pmhc_tcr.pdb	after	ranked_3
178	7n2q	0.054	0.119	21.441	41.934	46.07363636363636	34.588	44.17090909090909	40.168000000000006	47.663000000000004	29.20533333333334	35.53692307692308	42.83199017199017	47.63088397790055	22.11888888888889	46.42242105263159	39.68829493087558	3.5272555	4.934492	2.9043493	2.069758	0.31057823	6.7081127	19.465752	26.20825	19.954615	2.0137491	20.550076	17.21378	../../benchmark_data/class-i/pdb/7n2q_pmhc_tcr.pdb	../pred_pdb/protenix_v1/pmhc_tcr/classI/classI_protenix_v1_no_msa/ranked_3/7n2q_pmhc_tcr.pdb	after	ranked_3
179	7n2r	0.042	0.052	18.861	31.141	44.120909090909095	35.522999999999996	43.25181818181818	40.443	48.459	29.79466666666667	35.48807692307692	43.68660933660933	49.122596685082875	27.045555555555552	48.07684210526316	39.8426267281106	3.3989627	6.245821	3.2206604	2.0835824	0.36555266	6.165043	8.903498	21.70912	19.113722	1.6258006	19.800352	15.983759	../../benchmark_data/class-i/pdb/7n2r_pmhc_tcr.pdb	../pred_pdb/protenix_v1/pmhc_tcr/classI/classI_protenix_v1_no_msa/ranked_3/7n2r_pmhc_tcr.pdb	after	ranked_3
180	7n2s	0.007	0.0	22.338	63.871	66.13909090909091	80.79599999999999	44.89375	65.141	78.19500000000001	38.90933333333333	41.99806451612903	52.99599514563106	46.88165745856354	25.55888888888889	45.87163157894737	59.093423423423424	1.3457618	0.42847767	2.7471664	0.501293	0.17199789	2.7104738	3.7795303	21.81485	19.55977	2.248587	19.456448	6.7672653	../../benchmark_data/class-i/pdb/7n2s_pmhc_tcr.pdb	../pred_pdb/protenix_v1/pmhc_tcr/classI/classI_protenix_v1_no_msa/ranked_3/7n2s_pmhc_tcr.pdb	after	ranked_3
181	7n4k	0.034	0.055	16.314	41.387	57.530833333333334	27.771250000000002	58.01076923076924	61.686	62.029999999999994	54.95272727272727	56.60916666666666	47.477675	36.26491525423729	35.777	36.23882352941176	57.344647887323944	0.92018974	4.650416	3.8122373	2.276707	2.221493	3.9714832	7.472967	22.512247	15.326178	4.2235703	15.751922	15.898972	../../benchmark_data/class-i/pdb/7n4k_pmhc_tcr.pdb	../pred_pdb/protenix_v1/pmhc_tcr/classI/classI_protenix_v1_no_msa/ranked_3/7n4k_pmhc_tcr.pdb	after	ranked_3
182	7n5c	0.019	0.018	20.638	45.839	49.005	32.620000000000005	43.284615384615385	59.21400000000001	56.347	52.51636363636364	47.51583333333334	43.620618811881194	37.67254143646409	25.712	37.046335078534035	49.51586854460094	2.2096076	3.9166214	5.615461	2.390449	1.8239343	4.0754137	7.9748163	19.837193	18.59537	3.6112378	20.233301	14.7343235	../../benchmark_data/class-i/pdb/7n5c_pmhc_tcr.pdb	../pred_pdb/protenix_v1/pmhc_tcr/classI/classI_protenix_v1_no_msa/ranked_3/7n5c_pmhc_tcr.pdb	after	ranked_3
183	7n5p	0.053	0.017	15.613	21.601	47.29666666666666	29.7725	45.191538461538464	60.022000000000006	60.10300000000001	50.51	47.62916666666666	43.36646616541353	37.483579545454546	23.492	36.7313440860215	49.160516431924876	0.95432293	4.0558095	5.178319	2.2561295	2.2552977	4.118472	10.700426	21.129915	17.577345	3.882401	17.602661	12.741092	../../benchmark_data/class-i/pdb/7n5p_pmhc_tcr.pdb	../pred_pdb/protenix_v1/pmhc_tcr/classI/classI_protenix_v1_no_msa/ranked_3/7n5p_pmhc_tcr.pdb	after	ranked_3
184	7na5	0.026	0.02	17.725	36.756	58.27272727272726	59.14777777777778	45.559999999999995	32.827999999999996	28.984999999999996	34.58066666666666	39.22576923076924	42.877135802469134	40.19055555555555	28.182222222222222	39.61873015873016	45.72824074074074	3.470149	3.550032	4.011564	3.4804409	5.45902	4.142321	7.3320045	22.668922	16.07991	0.79627687	16.410118	18.632187	../../benchmark_data/class-i/pdb/7na5_pmhc_tcr.pdb	../pred_pdb/protenix_v1/pmhc_tcr/classI/classI_protenix_v1_no_msa/ranked_3/7na5_pmhc_tcr.pdb	after	ranked_3
185	7ndq	0.018	0.017	13.979	52.954	76.99083333333334	79.11375	58.23400000000001	66.743	63.52636363636362	52.73384615384615	55.68035714285714	57.00625	38.677734806629836	27.058888888888887	38.12736842105263	73.46032110091744	0.33020604	0.3147038	3.351515	1.4022304	2.4178362	2.5044744	7.8867817	20.09387	8.569546	2.27457	10.097587	15.8232155	../../benchmark_data/class-i/pdb/7ndq_pmhc_tcr.pdb	../pred_pdb/protenix_v1/pmhc_tcr/classI/classI_protenix_v1_no_msa/ranked_3/7ndq_pmhc_tcr.pdb	after	ranked_3
186	7ndt	0.033	0.0	18.653	26.436	78.90166666666666	62.57625	60.603571428571435	75.36200000000001	55.435454545454554	64.83833333333335	62.558076923076925	55.73027227722772	43.18472222222222	45.84625	43.297978723404256	66.55097222222221	1.3577709	3.7038066	1.6962581	0.32594007	1.6248962	0.5131218	15.594049	17.898367	14.649004	2.2964742	15.031267	12.077627	../../benchmark_data/class-i/pdb/7ndt_pmhc_tcr.pdb	../pred_pdb/protenix_v1/pmhc_tcr/classI/classI_protenix_v1_no_msa/ranked_3/7ndt_pmhc_tcr.pdb	after	ranked_3
187	7ndu	0.027	0.015	17.661	34.405	69.01916666666666	72.17625000000001	41.826	61.39	74.43909090909091	41.40846153846154	41.63214285714286	49.60262899262899	37.356298342541436	27.65375	36.945608465608466	60.575917431192664	1.2478094	1.2736707	2.678967	1.7693295	0.44646814	2.5452337	7.2647977	18.638916	8.93364	2.3563912	9.593121	10.749563	../../benchmark_data/class-i/pdb/7ndu_pmhc_tcr.pdb	../pred_pdb/protenix_v1/pmhc_tcr/classI/classI_protenix_v1_no_msa/ranked_3/7ndu_pmhc_tcr.pdb	after	ranked_3
188	7nme	0.035	0.053	15.808	40.693	42.18818181818181	50.017	48.752307692307696	38.415000000000006	48.11363636363635	41.43363636363636	45.39791666666667	42.88120987654321	41.52723756906078	32.477777777777774	41.09857894736842	44.456558139534884	2.9158313	4.7515936	5.2962446	3.7371545	3.8127003	4.366692	9.2054405	21.1938	17.275036	0.8896822	17.361525	15.444581	../../benchmark_data/class-i/pdb/7nme_pmhc_tcr.pdb	../pred_pdb/protenix_v1/pmhc_tcr/classI/classI_protenix_v1_no_msa/ranked_3/7nme_pmhc_tcr.pdb	after	ranked_3
189	7nmf	0.034	0.028	19.121	31.419	42.92909090909091	50.986000000000004	48.63384615384616	39.489999999999995	47.61909090909091	40.984545454545454	45.12791666666667	41.6643950617284	38.91944751381215	28.741111111111113	38.437315789473686	44.51623255813954	2.5978763	4.472581	5.4615455	3.0267467	3.9043698	3.9909441	9.619188	19.534998	18.323124	2.477458	18.523228	13.7163105	../../benchmark_data/class-i/pdb/7nmf_pmhc_tcr.pdb	../pred_pdb/protenix_v1/pmhc_tcr/classI/classI_protenix_v1_no_msa/ranked_3/7nmf_pmhc_tcr.pdb	after	ranked_3
190	7nmg	0.036	0.014	15.511	27.71	43.78	50.129	48.585384615384605	38.416	47.58	40.81545454545455	45.024166666666666	42.91772839506173	41.757237569060784	33.666666666666664	41.373999999999995	44.28195348837209	3.0096653	4.5421567	4.772164	1.9754642	3.9674392	3.6495664	9.215427	18.120882	14.944992	3.6292925	15.090354	14.272564	../../benchmark_data/class-i/pdb/7nmg_pmhc_tcr.pdb	../pred_pdb/protenix_v1/pmhc_tcr/classI/classI_protenix_v1_no_msa/ranked_3/7nmg_pmhc_tcr.pdb	after	ranked_3
191	7ow5	0.02	0.0	20.767	35.379	36.39083333333333	37.56909090909091	38.60625	39.007	37.303999999999995	36.114374999999995	37.360312500000006	35.63662650602409	34.88261111111112	23.244	34.27005263157894	36.790622222222225	2.0946	2.9512649	1.5331419	2.1795955	3.676666	2.550861	17.63064	24.9464	15.323912	2.643983	15.737483	16.911718	../../benchmark_data/class-i/pdb/7ow5_pmhc_tcr.pdb	../pred_pdb/protenix_v1/pmhc_tcr/classI/classI_protenix_v1_no_msa/ranked_3/7ow5_pmhc_tcr.pdb	after	ranked_3
192	7ow6	0.03	0.015	19.374	31.489	37.12333333333334	36.57181818181818	36.803125	37.888	34.71999999999999	31.316875	34.06	35.323750000000004	37.525911602209945	23.783	36.80638743455498	34.065155555555556	1.814356	3.2812521	1.2318099	1.6725472	3.5870395	3.3443537	10.640075	19.708914	15.198671	3.2170854	16.576317	14.273386	../../benchmark_data/class-i/pdb/7ow6_pmhc_tcr.pdb	../pred_pdb/protenix_v1/pmhc_tcr/classI/classI_protenix_v1_no_msa/ranked_3/7ow6_pmhc_tcr.pdb	after	ranked_3
193	7pb2	0.01	0.0	22.107	54.272	34.33416666666667	36.32	32.246875	37.48100000000001	38.787	35.97687500000001	34.111875	35.57279518072289	35.89366666666667	24.532	35.29568421052632	35.806799999999996	3.4695466	2.3382094	4.3137097	2.4537802	2.21083	3.7591403	10.625703	21.88027	12.622071	2.8439221	15.2875805	14.484751	../../benchmark_data/class-i/pdb/7pb2_pmhc_tcr.pdb	../pred_pdb/protenix_v1/pmhc_tcr/classI/classI_protenix_v1_no_msa/ranked_3/7pb2_pmhc_tcr.pdb	after	ranked_3
194	7pbe	0.041	0.026	17.598	26.862	30.23818181818182	32.09375	41.464166666666664	33.383	37.094545454545454	35.75923076923077	38.4976	33.89037037037037	34.42812154696132	24.490000000000002	33.95736842105263	33.831162790697675	2.7134569	4.6431956	2.0254562	2.6181138	3.8002098	3.2547975	9.812904	20.76547	18.736366	2.4965997	18.9536	17.194944	../../benchmark_data/class-i/pdb/7pbe_pmhc_tcr.pdb	../pred_pdb/protenix_v1/pmhc_tcr/classI/classI_protenix_v1_no_msa/ranked_3/7pbe_pmhc_tcr.pdb	after	ranked_3
195	7phr	0.016	0.0	20.825	39.958	32.057	38.132	35.02090909090909	42.34700000000001	40.187	36.519999999999996	35.83291666666667	35.699525	34.83767955801105	24.052222222222227	34.32678947368421	36.94152380952381	1.9420431	3.8229127	2.9033964	1.7644426	1.3001419	3.5789666	8.822455	23.855951	17.635654	1.9933988	20.18202	15.586802	../../benchmark_data/class-i/pdb/7phr_pmhc_tcr.pdb	../pred_pdb/protenix_v1/pmhc_tcr/classI/classI_protenix_v1_no_msa/ranked_3/7phr_pmhc_tcr.pdb	after	ranked_3
196	7q99	0.012	0.0	18.94	48.722	66.44454545454546	75.91666666666667	53.77818181818182	65.56818181818181	62.57888888888889	48.11466666666667	50.51076923076923	48.04992628992629	34.759171270718234	30.422999999999995	34.53214659685864	60.00314814814815	0.408767	0.34010598	0.5693777	0.9190872	0.77381116	2.8167567	7.7390738	20.786776	16.823755	4.7735186	16.57655	13.389612	../../benchmark_data/class-i/pdb/7q99_pmhc_tcr.pdb	../pred_pdb/protenix_v1/pmhc_tcr/classI/classI_protenix_v1_no_msa/ranked_3/7q99_pmhc_tcr.pdb	after	ranked_3
197	7q9a	0.046	0.013	15.639	23.477	61.01181818181818	65.54444444444445	49.55545454545454	64.77272727272727	62.86555555555555	47.077999999999996	48.12615384615385	45.7086977886978	34.25502762430939	26.746	33.86188481675392	56.18435185185185	1.8518329	1.0715644	0.87981796	0.9516124	0.91482556	2.9248362	11.307121	16.616617	16.866945	2.8598528	17.363607	12.2637825	../../benchmark_data/class-i/pdb/7q9a_pmhc_tcr.pdb	../pred_pdb/protenix_v1/pmhc_tcr/classI/classI_protenix_v1_no_msa/ranked_3/7q9a_pmhc_tcr.pdb	after	ranked_3
198	7q9b	0.081	0.163	18.763	30.202	46.18	42.55111111111111	41.46875	40.383	36.67999999999999	33.426249999999996	36.107083333333335	35.96619753086419	34.256574585635356	24.941999999999997	33.76890052356021	37.92733644859813	2.2791564	4.9723635	2.706976	2.3981292	2.8221478	6.3720365	9.582458	16.449888	14.001631	3.0301142	15.213842	13.62304	../../benchmark_data/class-i/pdb/7q9b_pmhc_tcr.pdb	../pred_pdb/protenix_v1/pmhc_tcr/classI/classI_protenix_v1_no_msa/ranked_3/7q9b_pmhc_tcr.pdb	after	ranked_3
199	7qpj	0.066	0.072	14.986	23.423	71.50181818181818	73.9011111111111	56.406923076923086	56.846000000000004	53.801	48.6390909090909	52.84666666666667	49.58114143920595	35.71122222222222	25.88444444444444	35.243280423280424	62.244018691588785	0.4008612	1.2987329	1.8403776	1.8945081	1.6152211	1.1486549	2.5323217	15.211011	18.172255	3.7648122	19.758907	4.7765408	../../benchmark_data/class-i/pdb/7qpj_pmhc_tcr.pdb	../pred_pdb/protenix_v1/pmhc_tcr/classI/classI_protenix_v1_no_msa/ranked_3/7qpj_pmhc_tcr.pdb	after	ranked_3
200	7r80	0.051	0.048	13.91	26.547	71.57727272727271	79.153	62.902307692307694	68.11999999999999	55.678	58.43200000000001	60.5075	57.117799511002445	39.856022099447515	36.45	39.69468421052631	72.23374429223745	2.2779632	0.4610438	0.8625034	2.043729	1.6626121	2.2616212	5.064885	15.581201	15.078228	4.3195386	14.956328	6.471145	../../benchmark_data/class-i/pdb/7r80_pmhc_tcr.pdb	../pred_pdb/protenix_v1/pmhc_tcr/classI/classI_protenix_v1_no_msa/ranked_3/7r80_pmhc_tcr.pdb	after	ranked_3
201	7rk7	0.023	0.015	19.639	37.811	71.15666666666667	77.20375	48.218125	64.15299999999999	57.388	60.15999999999999	54.8525	47.69419277108434	32.071823204419886	30.04222222222222	31.975684210526317	60.9676	0.8051523	0.5840989	2.4597332	1.9409244	3.362711	5.789976	8.533786	19.538845	17.327768	2.188057	18.222366	16.494576	../../benchmark_data/class-i/pdb/7rk7_pmhc_tcr.pdb	../pred_pdb/protenix_v1/pmhc_tcr/classI/classI_protenix_v1_no_msa/ranked_3/7rk7_pmhc_tcr.pdb	after	ranked_3
202	7rm4	0.042	0.0	18.547	23.118	31.988181818181825	51.367	36.94916666666666	57.86899999999999	67.54454545454547	50.728	44.60407407407407	41.305672371638146	34.098508287292816	21.873333333333335	33.51942105263158	48.060867579908674	2.965401	4.8423114	2.9205935	4.2804766	4.1907835	2.8220727	12.440625	22.027218	14.433311	2.1233902	16.272585	14.764325	../../benchmark_data/class-i/pdb/7rm4_pmhc_tcr.pdb	../pred_pdb/protenix_v1/pmhc_tcr/classI/classI_protenix_v1_no_msa/ranked_3/7rm4_pmhc_tcr.pdb	after	ranked_3
203	7rrg	0.029	0.0	16.137	28.849	67.215	74.7925	41.96399999999999	52.129999999999995	61.10636363636363	40.80714285714286	41.4055172413793	46.22	36.18176795580111	29.194444444444443	35.850789473684216	55.21611872146118	0.54858154	0.26829177	3.5464694	1.113097	1.9513122	8.312499	7.673216	15.949676	12.579901	2.1162856	13.866458	11.094135	../../benchmark_data/class-i/pdb/7rrg_pmhc_tcr.pdb	../pred_pdb/protenix_v1/pmhc_tcr/classI/classI_protenix_v1_no_msa/ranked_3/7rrg_pmhc_tcr.pdb	after	ranked_3
204	7rtr	0.02	0.0	21.08	35.485	36.341818181818184	35.37444444444444	35.60363636363637	45.489	42.21272727272727	47.24727272727273	41.42545454545454	36.73523341523342	35.165911602209945	24.744444444444444	34.67226315789473	38.54152073732719	1.9916375	1.8867104	3.8352077	2.3334022	4.2605243	4.4376025	9.149957	22.50293	18.52648	1.961454	18.601604	16.89588	../../benchmark_data/class-i/pdb/7rtr_pmhc_tcr.pdb	../pred_pdb/protenix_v1/pmhc_tcr/classI/classI_protenix_v1_no_msa/ranked_3/7rtr_pmhc_tcr.pdb	after	ranked_3
205	7su9	0.021	0.0	18.144	35.175	68.30416666666666	71.9075	40.791333333333334	65.449	50.126	50.51733333333332	45.654333333333334	47.574215686274506	39.48738888888889	24.654444444444444	38.781058201058194	55.16283105022831	0.9101999	0.51830536	3.372695	0.20379515	2.9117043	3.5043917	10.628055	21.728085	14.214168	2.1894348	17.16573	14.207479	../../benchmark_data/class-i/pdb/7su9_pmhc_tcr.pdb	../pred_pdb/protenix_v1/pmhc_tcr/classI/classI_protenix_v1_no_msa/ranked_3/7su9_pmhc_tcr.pdb	after	ranked_3
206	8cx4	0.013	0.0	21.943	46.071	72.03909090909092	83.916	50.34647058823529	64.734	75.626	48.64533333333333	49.5490625	54.07142857142856	45.434861878453034	29.15888888888889	44.6638947368421	62.08681614349775	0.37252083	0.4008509	6.1419663	0.56751686	0.15963909	7.7251	18.107662	24.492455	19.494516	2.3713396	20.06167	15.22265	../../benchmark_data/class-i/pdb/8cx4_pmhc_tcr.pdb	../pred_pdb/protenix_v1/pmhc_tcr/classI/classI_protenix_v1_no_msa/ranked_3/8cx4_pmhc_tcr.pdb	after	ranked_3
207	8d5q	0.009	0.0	19.663	57.879	54.71909090909091	66.431	40.528125	56.43090909090909	77.34545454545454	45.81399999999999	43.0858064516129	47.8451225490196	35.42130681818182	29.673000000000002	35.112258064516126	58.5131981981982	1.9442859	2.2269454	3.4464025	1.5370545	0.39762345	3.4711943	14.114628	20.248198	15.996524	3.0909216	17.098417	15.881982	../../benchmark_data/class-i/pdb/8d5q_pmhc_tcr.pdb	../pred_pdb/protenix_v1/pmhc_tcr/classI/classI_protenix_v1_no_msa/ranked_3/8d5q_pmhc_tcr.pdb	after	ranked_3
208	8dnt	0.02	0.0	15.901	36.684	54.6	61.78	47.2575	34.333999999999996	35.28181818181818	31.443571428571428	38.74230769230769	38.22422604422604	33.824972375690606	36.98777777777778	33.974789473684204	41.94493087557604	2.70943	5.2195845	1.9274141	1.9735866	6.4438853	3.326572	8.9035635	20.791626	15.771617	4.4220724	16.22908	17.237423	../../benchmark_data/class-i/pdb/8dnt_pmhc_tcr.pdb	../pred_pdb/protenix_v1/pmhc_tcr/classI/classI_protenix_v1_no_msa/ranked_3/8dnt_pmhc_tcr.pdb	after	ranked_3
209	8en8	0.021	0.0	19.357	34.799	27.532727272727268	38.72	34.207142857142856	34.66272727272728	29.38416666666667	31.700666666666667	32.91068965517242	44.99201456310679	58.68011111111111	46.233333333333334	58.08740740740741	33.89322869955157	3.6720517	4.3314075	7.062639	2.9855795	2.9018846	4.3894553	9.937492	18.15458	12.86909	3.5696657	12.696416	16.349087	../../benchmark_data/class-i/pdb/8en8_pmhc_tcr.pdb	../pred_pdb/protenix_v1/pmhc_tcr/classI/classI_protenix_v1_no_msa/ranked_3/8en8_pmhc_tcr.pdb	after	ranked_3
210	8enh	0.011	0.0	18.1	52.621	35.10363636363637	44.454	35.56142857142858	35.939090909090915	30.625000000000004	32.92133333333333	34.195862068965525	45.56639902676399	56.576927374301675	26.92777777777778	55.157553191489356	37.480582959641254	4.593052	3.737591	4.990676	2.941198	4.683582	2.7921288	11.039245	19.107937	14.691712	2.3947923	15.349879	16.037273	../../benchmark_data/class-i/pdb/8enh_pmhc_tcr.pdb	../pred_pdb/protenix_v1/pmhc_tcr/classI/classI_protenix_v1_no_msa/ranked_3/8enh_pmhc_tcr.pdb	after	ranked_3
211	8eo8	0.017	0.0	19.656	39.111	34.719090909090916	42.373000000000005	37.607142857142854	35.12636363636364	32.154999999999994	32.711999999999996	35.075172413793105	47.648783454987836	60.30720670391062	61.626666666666665	60.37037234042554	36.92385650224215	4.090865	3.8731024	5.2804875	2.5804484	3.4400928	2.7059288	15.499963	21.766182	14.822948	3.5536964	14.607157	16.922857	../../benchmark_data/class-i/pdb/8eo8_pmhc_tcr.pdb	../pred_pdb/protenix_v1/pmhc_tcr/classI/classI_protenix_v1_no_msa/ranked_3/8eo8_pmhc_tcr.pdb	after	ranked_3
212	8f5a	0.014	0.0	19.907	44.474	75.9290909090909	86.53399999999999	62.07066666666666	76.80199999999999	70.163	62.87416666666667	62.42777777777778	60.28557457212714	42.94812154696132	38.336999999999996	42.70670157068063	75.68724770642201	0.41064793	2.2127597	2.9576154	0.5244256	3.4545214	1.9734577	10.6397295	22.35358	13.974443	4.1269984	14.547333	16.263159	../../benchmark_data/class-i/pdb/8f5a_pmhc_tcr.pdb	../pred_pdb/protenix_v1/pmhc_tcr/classI/classI_protenix_v1_no_msa/ranked_3/8f5a_pmhc_tcr.pdb	after	ranked_3
213	8gom	0.019	0.0	15.847	37.807	62.52333333333333	48.55222222222222	54.845454545454544	67.96500000000002	62.033636363636354	46.532666666666664	50.04961538461537	45.140756097560974	34.8139226519337	22.857777777777777	34.247578947368424	54.54849999999999	0.5957894	3.8800738	3.0043454	0.2377158	0.68195397	6.23874	8.854084	19.021843	15.051923	3.7735603	14.779104	13.318751	../../benchmark_data/class-i/pdb/8gom_pmhc_tcr.pdb	../pred_pdb/protenix_v1/pmhc_tcr/classI/classI_protenix_v1_no_msa/ranked_3/8gom_pmhc_tcr.pdb	after	ranked_3
214	8gon	0.022	0.014	19.819	39.144	59.19749999999999	47.47	50.73272727272728	67.926	64.23636363636363	46.75066666666666	48.43538461538461	44.728780487804876	35.191049723756905	27.103333333333335	34.807947368421054	53.29677272727273	0.82696974	4.0622883	3.2053595	0.18261594	1.6702427	3.7771394	9.04707	19.846676	19.452648	2.3166347	20.13781	12.069366	../../benchmark_data/class-i/pdb/8gon_pmhc_tcr.pdb	../pred_pdb/protenix_v1/pmhc_tcr/classI/classI_protenix_v1_no_msa/ranked_3/8gon_pmhc_tcr.pdb	after	ranked_3
215	8gvb	0.053	0.015	15.549	21.554	43.36818181818182	38.33818181818182	36.50857142857142	48.284	60.24	45.26666666666666	41.03862068965516	43.39280487804878	40.30738888888889	29.04	39.82792553191489	46.41171171171172	2.422023	2.808368	3.1985888	2.6398594	3.8212974	3.6834471	8.697449	20.004564	12.538929	1.8126965	12.933769	8.95511	../../benchmark_data/class-i/pdb/8gvb_pmhc_tcr.pdb	../pred_pdb/protenix_v1/pmhc_tcr/classI/classI_protenix_v1_no_msa/ranked_3/8gvb_pmhc_tcr.pdb	after	ranked_3
216	8gvg	0.033	0.0	16.542	26.885	37.34545454545455	37.82818181818181	33.78285714285714	34.084999999999994	39.441818181818185	35.69466666666667	34.77172413793103	37.745547445255475	40.69143646408839	28.80625	40.18835978835978	35.66585585585586	1.7241787	2.7457867	3.1113129	2.590364	3.7842493	6.740833	12.273449	19.35694	13.634674	1.9473125	13.910786	14.696561	../../benchmark_data/class-i/pdb/8gvg_pmhc_tcr.pdb	../pred_pdb/protenix_v1/pmhc_tcr/classI/classI_protenix_v1_no_msa/ranked_3/8gvg_pmhc_tcr.pdb	after	ranked_3
217	8gvi	0.025	0.029	16.044	44.087	34.67	35.71636363636364	33.79785714285713	38.345000000000006	43.123636363636365	35.03333333333334	34.43689655172413	37.70347931873479	41.018674033149175	27.97	40.4663492063492	35.3513063063063	3.65886	3.1084094	2.1466832	1.551105	3.6695163	4.27073	8.630778	21.548916	14.524931	2.361446	14.954141	18.068933	../../benchmark_data/class-i/pdb/8gvi_pmhc_tcr.pdb	../pred_pdb/protenix_v1/pmhc_tcr/classI/classI_protenix_v1_no_msa/ranked_3/8gvi_pmhc_tcr.pdb	after	ranked_3
218	8i5c	0.045	0.048	16.549	28.814	70.02727272727272	80.65444444444445	61.919166666666676	62.263999999999996	52.864	45.926153846153845	53.602799999999995	52.84165432098766	45.38806629834255	24.052222222222223	44.377421052631576	60.32167441860465	0.8151205	0.33277115	1.8227135	0.89480174	1.7726227	2.7979076	8.084561	20.906496	21.005136	2.2252455	21.006453	16.390917	../../benchmark_data/class-i/pdb/8i5c_pmhc_tcr.pdb	../pred_pdb/protenix_v1/pmhc_tcr/classI/classI_protenix_v1_no_msa/ranked_3/8i5c_pmhc_tcr.pdb	after	ranked_3
219	8i5d	0.036	0.0	16.197	25.69	29.886000000000003	35.109	35.097500000000004	34.167	36.68545454545454	31.631999999999998	33.172222222222224	36.001014851485145	36.934861878453034	23.153333333333332	36.28205263157895	35.7514953271028	1.4625503	4.712034	3.1446755	1.8669997	5.809656	2.305038	6.3765297	17.783775	17.186148	5.5906954	17.180592	13.095296	../../benchmark_data/class-i/pdb/8i5d_pmhc_tcr.pdb	../pred_pdb/protenix_v1/pmhc_tcr/classI/classI_protenix_v1_no_msa/ranked_3/8i5d_pmhc_tcr.pdb	after	ranked_3
220	8qfy	0.044	0.0	12.639	23.226	72.99090909090908	77.89777777777779	63.823333333333345	69.616	65.68909090909091	61.885	62.854166666666664	59.31535802469136	40.98872928176796	33.52222222222222	40.63505263157895	75.82353488372092	0.5686096	0.26104414	0.45785007	1.6584241	3.8660905	1.8265558	5.4172115	14.672283	12.623212	1.5982318	12.978064	12.949172	../../benchmark_data/class-i/pdb/8qfy_pmhc_tcr.pdb	../pred_pdb/protenix_v1/pmhc_tcr/classI/classI_protenix_v1_no_msa/ranked_3/8qfy_pmhc_tcr.pdb	after	ranked_3
221	8shi	0.027	0.0	17.796	30.233	29.531000000000006	33.55200000000001	30.539999999999996	30.871	32.25599999999999	34.27	32.22451612903226	36.440049504950494	40.48072222222222	25.5625	39.845904255319155	33.47569444444444	4.0416994	1.5671105	6.4977856	4.712625	4.3633494	4.070037	8.662595	20.62776	16.098232	2.4705107	15.816078	15.971593	../../benchmark_data/class-i/pdb/8shi_pmhc_tcr.pdb	../pred_pdb/protenix_v1/pmhc_tcr/classI/classI_protenix_v1_no_msa/ranked_3/8shi_pmhc_tcr.pdb	after	ranked_3
222	8wte	0.02	0.015	18.027	42.99	81.04272727272726	73.62111111111112	67.10615384615383	72.156	60.769999999999996	65.9375	66.46137931034482	57.39298288508557	38.36116022099448	52.40555555555556	39.026421052631584	73.32744292237443	0.61341953	2.155644	1.0081884	1.5896404	5.2933664	3.8432415	10.738264	21.13185	16.678728	2.2793849	18.17093	16.688148	../../benchmark_data/class-i/pdb/8wte_pmhc_tcr.pdb	../pred_pdb/protenix_v1/pmhc_tcr/classI/classI_protenix_v1_no_msa/ranked_3/8wte_pmhc_tcr.pdb	after	ranked_3
223	8wul	0.026	0.017	21.474	34.632	84.82181818181817	76.44333333333333	82.82538461538462	68.901	52.24799999999999	45.31625	62.130689655172404	50.238166259168715	36.80364640883978	27.676666666666666	36.37131578947369	62.268767123287674	0.7425559	2.084823	2.7377033	2.474606	8.76874	3.6287987	13.466748	22.083763	19.338299	2.3672693	20.032305	16.297113	../../benchmark_data/class-i/pdb/8wul_pmhc_tcr.pdb	../pred_pdb/protenix_v1/pmhc_tcr/classI/classI_protenix_v1_no_msa/ranked_3/8wul_pmhc_tcr.pdb	after	ranked_3
224	6zkw	0.011	0.0	17.679	52.834	74.98727272727272	84.814	66.78615384615384	60.617	47.605	58.178125	62.03689655172414	54.27625916870415	40.93255555555556	28.74888888888889	40.352380952380955	66.23813636363636	0.38027215	0.29202074	1.7628869	1.0136701	7.151676	3.9374518	8.343799	19.452301	15.769067	0.59294045	15.743157	16.891726	../../benchmark_data/class-i/pdb/6zkw_pmhc_tcr.pdb	../pred_pdb/protenix_v1/pmhc_tcr/classI/classI_protenix_v1_no_msa/ranked_4/6zkw_pmhc_tcr.pdb	after	ranked_4
225	6zkx	0.03	0.043	17.222	42.937	72.77545454545454	84.673	62.19923076923077	57.912	44.824	53.926875	57.6351724137931	51.324501216545	40.15173184357542	28.732499999999998	39.434293193717274	61.647363636363636	0.74297863	0.40347886	1.803864	1.0619276	6.8757653	4.0505733	8.6965685	21.654673	18.045237	3.6639245	18.11922	16.923838	../../benchmark_data/class-i/pdb/6zkx_pmhc_tcr.pdb	../pred_pdb/protenix_v1/pmhc_tcr/classI/classI_protenix_v1_no_msa/ranked_4/6zkx_pmhc_tcr.pdb	after	ranked_4
226	6zky	0.021	0.0	16.622	34.865	69.61818181818181	83.784	57.911538461538456	58.32199999999999	46.158	52.6875	55.029310344827586	49.45786764705882	38.220111111111116	28.20125	37.79377659574468	59.425363636363635	0.83793443	0.46409646	2.5680966	1.7577642	5.6961174	3.7909667	6.393474	20.20823	15.492564	1.5300375	15.581305	12.5656595	../../benchmark_data/class-i/pdb/6zky_pmhc_tcr.pdb	../pred_pdb/protenix_v1/pmhc_tcr/classI/classI_protenix_v1_no_msa/ranked_4/6zky_pmhc_tcr.pdb	after	ranked_4
227	6zkz	0.054	0.034	19.934	22.772	73.06272727272727	85.595	62.219230769230776	60.848	49.919	53.738125	57.540000000000006	52.99333333333333	41.25827777777778	29.52375	40.75893617021277	63.44818181818181	0.73409396	0.29047412	2.4664865	1.716964	2.1062224	3.6365886	9.118563	18.529402	12.859193	2.3189461	12.907501	15.669201	../../benchmark_data/class-i/pdb/6zkz_pmhc_tcr.pdb	../pred_pdb/protenix_v1/pmhc_tcr/classI/classI_protenix_v1_no_msa/ranked_4/6zkz_pmhc_tcr.pdb	after	ranked_4
228	7dzm	0.027	0.0	18.473	30.068	49.87166666666667	51.60124999999999	31.676666666666673	33.620000000000005	32.89000000000001	40.104166666666664	35.422222222222224	36.7120197044335	37.64116666666666	27.51888888888889	37.159153439153435	36.322580645161295	3.5240982	5.2774916	4.1420765	2.227003	4.9237475	4.4302235	11.779385	21.518127	14.71838	4.063634	14.63467	18.384865	../../benchmark_data/class-i/pdb/7dzm_pmhc_tcr.pdb	../pred_pdb/protenix_v1/pmhc_tcr/classI/classI_protenix_v1_no_msa/ranked_4/7dzm_pmhc_tcr.pdb	after	ranked_4
229	7dzn	0.015	0.0	18.978	42.631	38.875833333333325	45.91	35.39666666666666	35.129000000000005	32.519090909090906	41.265	38.00481481481482	39.556913580246906	44.20340782122904	32.135555555555555	43.6256914893617	36.031889400921656	3.74595	5.1479235	5.496593	2.9126005	5.2844706	5.1637554	12.635438	21.036253	11.152184	4.034513	12.240449	18.224052	../../benchmark_data/class-i/pdb/7dzn_pmhc_tcr.pdb	../pred_pdb/protenix_v1/pmhc_tcr/classI/classI_protenix_v1_no_msa/ranked_4/7dzn_pmhc_tcr.pdb	after	ranked_4
230	7l1d	0.037	0.0	16.369	25.02	71.17363636363638	78.61111111111111	58.45230769230769	84.685	86.822	62.337894736842095	60.759375000000006	58.03640586797066	37.4021546961326	50.61222222222222	38.02789473684211	75.39538812785388	1.0354278	0.3360629	2.375387	0.27322352	0.2989119	4.8296437	12.241332	19.053127	13.50639	1.8625716	16.356594	11.963538	../../benchmark_data/class-i/pdb/7l1d_pmhc_tcr.pdb	../pred_pdb/protenix_v1/pmhc_tcr/classI/classI_protenix_v1_no_msa/ranked_4/7l1d_pmhc_tcr.pdb	after	ranked_4
231	7n2n	0.013	0.0	20.459	46.278	74.4909090909091	82.74	52.09176470588235	68.975	80.361	44.02466666666666	48.310312499999995	56.71670702179177	48.19574585635359	28.90555555555555	47.28200000000001	64.75524663677129	0.3972409	0.3813376	1.5658094	0.56978875	0.16639014	2.8369672	8.047775	18.831703	18.993841	1.9424853	18.96509	15.879053	../../benchmark_data/class-i/pdb/7n2n_pmhc_tcr.pdb	../pred_pdb/protenix_v1/pmhc_tcr/classI/classI_protenix_v1_no_msa/ranked_4/7n2n_pmhc_tcr.pdb	after	ranked_4
232	7n2o	0.029	0.017	16.649	32.728	74.74909090909091	82.143	53.19411764705882	66.94	80.17600000000002	43.756	48.769999999999996	56.80755447941889	47.824585635359114	29.533333333333335	46.958157894736836	65.19941704035874	0.32433522	0.37849408	1.3019819	0.33707747	0.1449841	2.236539	8.828126	18.333847	19.484888	2.1516652	19.336939	15.341242	../../benchmark_data/class-i/pdb/7n2o_pmhc_tcr.pdb	../pred_pdb/protenix_v1/pmhc_tcr/classI/classI_protenix_v1_no_msa/ranked_4/7n2o_pmhc_tcr.pdb	after	ranked_4
233	7n2p	0.029	0.0	16.345	29.032	49.18	37.510000000000005	41.26090909090909	40.17900000000001	47.010000000000005	30.683333333333337	35.15846153846154	43.54560196560197	49.15270718232044	29.074444444444445	48.20163157894738	39.46889400921659	3.4976285	2.6474645	3.0117085	2.0669675	0.25105655	6.8357377	10.185869	19.999186	18.942776	2.2452848	18.824028	16.993402	../../benchmark_data/class-i/pdb/7n2p_pmhc_tcr.pdb	../pred_pdb/protenix_v1/pmhc_tcr/classI/classI_protenix_v1_no_msa/ranked_4/7n2p_pmhc_tcr.pdb	after	ranked_4
234	7n2q	0.033	0.051	16.925	42.232	47.85363636363636	36.897000000000006	43.4	38.57700000000001	42.516000000000005	31.192	36.356923076923074	42.45221130221131	46.04198895027624	27.05666666666667	45.14268421052632	40.09649769585253	3.4665034	2.171386	3.1309931	2.4695866	0.7202286	6.8647842	13.078442	24.110374	19.474483	1.6640319	19.502028	15.159629	../../benchmark_data/class-i/pdb/7n2q_pmhc_tcr.pdb	../pred_pdb/protenix_v1/pmhc_tcr/classI/classI_protenix_v1_no_msa/ranked_4/7n2q_pmhc_tcr.pdb	after	ranked_4
235	7n2r	0.027	0.0	17.414	29.936	49.53818181818181	38.523	41.872727272727275	36.036	40.896	30.92933333333333	35.559230769230766	43.50791154791155	48.94093922651933	30.22222222222222	48.05426315789473	39.52723502304148	3.5226705	3.7366922	2.7480102	1.9888195	0.37641057	3.9674585	4.95859	21.489805	19.422224	2.028354	19.282206	14.984668	../../benchmark_data/class-i/pdb/7n2r_pmhc_tcr.pdb	../pred_pdb/protenix_v1/pmhc_tcr/classI/classI_protenix_v1_no_msa/ranked_4/7n2r_pmhc_tcr.pdb	after	ranked_4
236	7n2s	0.008	0.0	20.952	60.071	64.8490909090909	81.40700000000001	45.62375	66.44300000000001	77.29299999999998	45.519333333333336	45.57322580645161	53.5523786407767	47.09624309392265	25.797777777777778	46.087368421052645	59.94135135135135	1.138939	0.4337597	3.3504877	0.4830269	0.2715318	8.460228	9.026711	21.672606	19.570494	2.1359746	19.455761	8.389251	../../benchmark_data/class-i/pdb/7n2s_pmhc_tcr.pdb	../pred_pdb/protenix_v1/pmhc_tcr/classI/classI_protenix_v1_no_msa/ranked_4/7n2s_pmhc_tcr.pdb	after	ranked_4
237	7n4k	0.02	0.018	17.494	44.234	57.6175	27.21875	57.60230769230769	61.51800000000001	63.394000000000005	55.37	56.57916666666667	48.458099999999995	38.274632768361585	38.833999999999996	38.30454545454546	57.372253521126765	1.0620142	3.8623614	3.6621485	2.2438622	1.7291368	4.0669236	7.6810126	21.901014	17.661215	4.2189975	17.493523	16.074083	../../benchmark_data/class-i/pdb/7n4k_pmhc_tcr.pdb	../pred_pdb/protenix_v1/pmhc_tcr/classI/classI_protenix_v1_no_msa/ranked_4/7n4k_pmhc_tcr.pdb	after	ranked_4
238	7n5c	0.034	0.018	16.532	29.38	47.652499999999996	26.2875	42.71538461538462	59.622	58.73499999999999	51.901818181818186	46.92583333333334	43.716831683168316	38.42574585635359	25.967000000000002	37.7734554973822	49.04633802816901	2.2875464	3.5489736	5.644305	2.4195173	3.3021293	4.4212923	9.407069	23.256367	16.131344	3.426195	16.667158	11.4671335	../../benchmark_data/class-i/pdb/7n5c_pmhc_tcr.pdb	../pred_pdb/protenix_v1/pmhc_tcr/classI/classI_protenix_v1_no_msa/ranked_4/7n5c_pmhc_tcr.pdb	after	ranked_4
239	7n5p	0.031	0.034	19.143	35.476	47.11750000000001	28.67875	43.136153846153846	60.17700000000001	60.017999999999994	47.447272727272725	45.11208333333334	43.64015037593985	37.48642045454546	29.413999999999998	37.05241935483871	49.39281690140846	1.0071651	3.5243137	5.189006	2.1011884	2.8130324	1.7624202	11.572238	20.384247	17.193521	2.984742	18.12616	13.186921	../../benchmark_data/class-i/pdb/7n5p_pmhc_tcr.pdb	../pred_pdb/protenix_v1/pmhc_tcr/classI/classI_protenix_v1_no_msa/ranked_4/7n5p_pmhc_tcr.pdb	after	ranked_4
240	7na5	0.036	0.0	20.952	25.139	58.82636363636365	59.652222222222235	47.09727272727273	34.772000000000006	32.409000000000006	33.227333333333334	39.09538461538462	43.85434567901234	41.29472222222222	33.016666666666666	40.9005291005291	46.43893518518518	3.8220592	3.7006247	3.9292595	3.0251899	5.6712394	4.2138305	9.310088	22.389889	16.649519	2.2988315	18.08179	17.914688	../../benchmark_data/class-i/pdb/7na5_pmhc_tcr.pdb	../pred_pdb/protenix_v1/pmhc_tcr/classI/classI_protenix_v1_no_msa/ranked_4/7na5_pmhc_tcr.pdb	after	ranked_4
241	7ndq	0.055	0.083	15.794	30.063	73.82916666666667	74.8475	54.664	67.153	64.0090909090909	52.1076923076923	53.47714285714286	56.88539215686274	38.123922651933704	34.09444444444445	37.93305263157894	73.40348623853211	0.46727648	0.41754887	2.9376507	0.7040797	2.3488896	2.9309146	7.090186	18.202131	19.859205	4.336071	20.358269	11.584524	../../benchmark_data/class-i/pdb/7ndq_pmhc_tcr.pdb	../pred_pdb/protenix_v1/pmhc_tcr/classI/classI_protenix_v1_no_msa/ranked_4/7ndq_pmhc_tcr.pdb	after	ranked_4
242	7ndt	0.012	0.0	18.853	49.822	79.11166666666666	61.86625	64.97285714285714	74.433	50.99999999999999	64.51333333333334	64.76076923076923	55.26180693069307	43.76583333333333	30.945	43.220265957446806	65.74240740740741	1.4232228	3.4238465	1.7499511	0.40964416	3.934653	0.45937723	13.432157	22.639717	13.201525	2.0769732	13.726279	12.887849	../../benchmark_data/class-i/pdb/7ndt_pmhc_tcr.pdb	../pred_pdb/protenix_v1/pmhc_tcr/classI/classI_protenix_v1_no_msa/ranked_4/7ndt_pmhc_tcr.pdb	after	ranked_4
243	7ndu	0.034	0.015	18.242	28.92	68.95916666666666	70.72375	43.36533333333333	63.294000000000004	74.55454545454546	43.47923076923076	43.41821428571429	51.122825552825546	38.23342541436464	27.955	37.79835978835978	62.67477064220183	0.91427827	0.7360746	2.421702	0.8781522	0.39409906	2.4237654	10.711206	20.62932	9.814045	2.0276375	11.676192	9.602409	../../benchmark_data/class-i/pdb/7ndu_pmhc_tcr.pdb	../pred_pdb/protenix_v1/pmhc_tcr/classI/classI_protenix_v1_no_msa/ranked_4/7ndu_pmhc_tcr.pdb	after	ranked_4
244	7nme	0.026	0.0	16.968	31.257	42.78	49.876999999999995	44.98307692307692	38.709999999999994	48.14090909090908	41.33090909090909	43.30916666666667	42.92666666666666	43.01176795580111	26.68111111111111	42.23821052631578	43.53506976744186	2.7599685	4.6204815	5.9534225	1.9457631	4.0983396	3.963698	9.401152	20.86891	15.198656	2.4308438	16.736593	13.716916	../../benchmark_data/class-i/pdb/7nme_pmhc_tcr.pdb	../pred_pdb/protenix_v1/pmhc_tcr/classI/classI_protenix_v1_no_msa/ranked_4/7nme_pmhc_tcr.pdb	after	ranked_4
245	7nmf	0.032	0.0	15.176	27.907	42.02727272727273	50.281000000000006	47.82923076923077	38.044	48.122727272727275	40.50727272727273	44.47333333333333	42.3317037037037	40.9214364640884	26.68777777777778	40.24721052631578	44.17381395348837	2.751825	4.776741	5.400903	4.328648	4.100106	4.646286	12.552955	21.959324	15.076356	1.0120027	17.0448	14.036833	../../benchmark_data/class-i/pdb/7nmf_pmhc_tcr.pdb	../pred_pdb/protenix_v1/pmhc_tcr/classI/classI_protenix_v1_no_msa/ranked_4/7nmf_pmhc_tcr.pdb	after	ranked_4
246	7nmg	0.044	0.069	14.975	35.704	42.57363636363637	50.07199999999999	47.95230769230769	38.60600000000001	45.01727272727273	41.26	44.88500000000001	42.73834567901234	41.81558011049724	31.352222222222224	41.31994736842105	43.99181395348837	2.7385182	4.34888	5.4389167	1.9766786	4.0951138	3.6267545	10.940767	19.22268	14.3741	3.0315576	14.788834	16.302225	../../benchmark_data/class-i/pdb/7nmg_pmhc_tcr.pdb	../pred_pdb/protenix_v1/pmhc_tcr/classI/classI_protenix_v1_no_msa/ranked_4/7nmg_pmhc_tcr.pdb	after	ranked_4
247	7ow5	0.032	0.047	19.641	40.094	35.979166666666664	34.376363636363635	39.79	36.805	36.515	34.292500000000004	37.04125	34.91255421686747	34.79794444444444	23.912	34.225	35.49315555555555	1.794306	3.5254178	1.4850428	1.8946466	1.8323416	2.839985	8.472034	21.228157	16.42023	2.2359505	18.975904	14.7339	../../benchmark_data/class-i/pdb/7ow5_pmhc_tcr.pdb	../pred_pdb/protenix_v1/pmhc_tcr/classI/classI_protenix_v1_no_msa/ranked_4/7ow5_pmhc_tcr.pdb	after	ranked_4
248	7ow6	0.035	0.062	20.715	42.561	35.57583333333333	35.85727272727273	36.35875	39.016999999999996	34.501	32.285624999999996	34.3221875	35.09487980769231	37.42524861878453	23.982	36.72141361256545	33.714133333333336	3.4931898	3.4802253	1.6676545	2.2608037	1.1303657	4.184792	4.191207	21.085917	15.329911	2.8477032	18.548685	13.767731	../../benchmark_data/class-i/pdb/7ow6_pmhc_tcr.pdb	../pred_pdb/protenix_v1/pmhc_tcr/classI/classI_protenix_v1_no_msa/ranked_4/7ow6_pmhc_tcr.pdb	after	ranked_4
249	7pb2	0.048	0.098	19.999	42.133	32.8125	30.513636363636355	31.055	35.515	35.93000000000001	34.379374999999996	32.717187499999994	34.112602409638555	34.76727777777778	22.788999999999998	34.136842105263156	34.09213333333333	3.5076082	3.4918473	4.874242	2.3454695	3.4172852	3.424933	17.149931	24.944538	16.79034	4.282299	17.436735	17.964977	../../benchmark_data/class-i/pdb/7pb2_pmhc_tcr.pdb	../pred_pdb/protenix_v1/pmhc_tcr/classI/classI_protenix_v1_no_msa/ranked_4/7pb2_pmhc_tcr.pdb	after	ranked_4
250	7pbe	0.023	0.0	19.951	32.895	28.541818181818186	29.965000000000003	42.30083333333333	32.843999999999994	34.9	36.89153846153847	39.488	33.27197530864198	33.8646408839779	24.803333333333335	33.435421052631575	33.127534883720934	2.574511	2.1144342	2.2902117	2.6736763	4.149152	1.8940606	12.72114	19.78286	17.742792	2.9104316	17.937286	12.726377	../../benchmark_data/class-i/pdb/7pbe_pmhc_tcr.pdb	../pred_pdb/protenix_v1/pmhc_tcr/classI/classI_protenix_v1_no_msa/ranked_4/7pbe_pmhc_tcr.pdb	after	ranked_4
251	7phr	0.011	0.0	18.125	52.16	31.134000000000004	37.136	34.920909090909085	33.910000000000004	33.162	31.903076923076924	33.286249999999995	33.4626	34.025524861878445	23.19222222222222	33.512368421052635	33.41757142857143	4.313263	4.432722	4.0396786	2.4294076	6.1777678	3.3342688	8.071041	20.982973	17.33458	2.0661752	17.976242	16.600122	../../benchmark_data/class-i/pdb/7phr_pmhc_tcr.pdb	../pred_pdb/protenix_v1/pmhc_tcr/classI/classI_protenix_v1_no_msa/ranked_4/7phr_pmhc_tcr.pdb	after	ranked_4
252	7q99	0.021	0.027	20.027	48.867	62.907272727272726	73.07888888888888	52.49727272727273	64.29181818181819	61.104444444444454	45.768	48.615	48.02936117936118	35.16812154696133	28.988	34.844554973821985	59.68814814814815	1.3310468	0.43100864	0.47260022	0.88137686	0.8668718	1.9622893	6.41832	20.118221	15.616757	4.0097237	16.606401	10.666297	../../benchmark_data/class-i/pdb/7q99_pmhc_tcr.pdb	../pred_pdb/protenix_v1/pmhc_tcr/classI/classI_protenix_v1_no_msa/ranked_4/7q99_pmhc_tcr.pdb	after	ranked_4
253	7q9a	0.023	0.04	17.163	59.29	60.56454545454546	62.41444444444445	49.68545454545454	63.38727272727272	58.68	44.24066666666668	46.54423076923077	45.88255528255529	35.021104972375696	27.778	34.64188481675393	55.82222222222222	1.2944378	0.60852695	1.0281612	1.0279241	0.7224566	1.760487	8.046927	20.49523	16.060705	3.622255	16.57976	15.195715	../../benchmark_data/class-i/pdb/7q9a_pmhc_tcr.pdb	../pred_pdb/protenix_v1/pmhc_tcr/classI/classI_protenix_v1_no_msa/ranked_4/7q9a_pmhc_tcr.pdb	after	ranked_4
254	7q9b	0.036	0.0	19.035	25.1	46.168181818181814	43.26888888888888	39.496249999999996	39.055	34.919000000000004	31.579375	34.218333333333334	34.81520987654321	32.36342541436464	23.092999999999996	31.878062827225133	37.436682242990656	1.4855298	4.04004	4.7840295	2.4003134	2.6511383	3.8663628	6.1713142	19.037233	14.448743	3.0413294	14.655671	14.50897	../../benchmark_data/class-i/pdb/7q9b_pmhc_tcr.pdb	../pred_pdb/protenix_v1/pmhc_tcr/classI/classI_protenix_v1_no_msa/ranked_4/7q9b_pmhc_tcr.pdb	after	ranked_4
255	7qpj	0.014	0.014	19.529	56.882	71.59181818181818	76.73333333333332	54.053076923076915	57.699	53.528	45.41363636363637	50.09333333333333	48.7666253101737	35.809666666666665	29.125555555555554	35.49137566137566	60.49102803738317	0.26234692	1.4790385	1.5377986	1.8947765	4.2913046	1.9331787	8.739901	20.17686	16.947159	2.1423974	17.364841	15.124559	../../benchmark_data/class-i/pdb/7qpj_pmhc_tcr.pdb	../pred_pdb/protenix_v1/pmhc_tcr/classI/classI_protenix_v1_no_msa/ranked_4/7qpj_pmhc_tcr.pdb	after	ranked_4
256	7r80	0.055	0.032	16.451	22.577	71.1309090909091	79.71700000000001	63.0076923076923	68.91300000000001	57.90500000000001	58.492	60.58857142857142	57.58227383863081	40.25486187845304	34.74777777777778	39.994	72.84150684931507	1.944828	0.4376912	0.8437069	2.0857558	2.2285912	2.2620072	4.653086	18.94838	19.782848	4.356394	19.84614	6.374176	../../benchmark_data/class-i/pdb/7r80_pmhc_tcr.pdb	../pred_pdb/protenix_v1/pmhc_tcr/classI/classI_protenix_v1_no_msa/ranked_4/7r80_pmhc_tcr.pdb	after	ranked_4
257	7rk7	0.038	0.0	18.382	24.619	70.88000000000001	75.9925	47.384375	64.305	56.20799999999999	60.411500000000004	54.62166666666667	47.86101204819277	32.85093922651934	31.243333333333332	32.77478947368421	60.60048888888889	0.5917134	0.7391863	2.8475902	1.6808282	1.7001996	5.674567	8.698864	18.915495	13.772342	2.0595317	15.283842	16.136362	../../benchmark_data/class-i/pdb/7rk7_pmhc_tcr.pdb	../pred_pdb/protenix_v1/pmhc_tcr/classI/classI_protenix_v1_no_msa/ranked_4/7rk7_pmhc_tcr.pdb	after	ranked_4
258	7rm4	0.026	0.042	19.585	49.081	31.932727272727277	49.04100000000001	34.876666666666665	57.166999999999994	67.49363636363637	49.87866666666667	43.211111111111116	41.105770171149146	34.53204419889502	23.36888888888889	34.00326315789473	47.26776255707763	3.3732846	5.0699253	2.2238188	4.090707	4.4926677	3.2247734	5.5325494	21.34486	13.8942795	1.9373795	15.149483	12.08308	../../benchmark_data/class-i/pdb/7rm4_pmhc_tcr.pdb	../pred_pdb/protenix_v1/pmhc_tcr/classI/classI_protenix_v1_no_msa/ranked_4/7rm4_pmhc_tcr.pdb	after	ranked_4
259	7rrg	0.017	0.0	16.904	40.494	69.54166666666667	74.91749999999999	43.37933333333333	51.666	60.98818181818182	38.01499999999999	40.78965517241379	47.338435207823956	38.63828729281768	26.0	38.03963157894737	55.405890410958904	0.3946095	0.22655678	3.3585973	0.8100133	1.9289473	5.7154007	6.670743	19.027243	13.296933	2.0643318	13.996594	9.802258	../../benchmark_data/class-i/pdb/7rrg_pmhc_tcr.pdb	../pred_pdb/protenix_v1/pmhc_tcr/classI/classI_protenix_v1_no_msa/ranked_4/7rrg_pmhc_tcr.pdb	after	ranked_4
260	7rtr	0.025	0.016	18.414	36.205	35.232727272727274	33.93222222222222	38.349999999999994	43.034000000000006	42.32181818181818	47.32545454545455	42.83772727272728	36.7892628992629	34.80436464088398	24.591111111111115	34.32057894736842	38.95078341013825	1.806955	4.5548654	3.5069206	2.2116563	4.4387574	3.1300662	12.639033	22.377125	17.7236	2.0585473	17.75055	14.19836	../../benchmark_data/class-i/pdb/7rtr_pmhc_tcr.pdb	../pred_pdb/protenix_v1/pmhc_tcr/classI/classI_protenix_v1_no_msa/ranked_4/7rtr_pmhc_tcr.pdb	after	ranked_4
261	7su9	0.044	0.017	15.732	24.813	69.04166666666667	75.1275	40.608666666666664	63.49499999999999	49.183	47.28133333333333	43.945	47.6861274509804	39.21594444444444	25.510000000000005	38.56328042328043	55.559269406392694	0.60275024	0.23352925	2.3980978	0.30775702	2.966986	3.0466151	4.411965	19.91005	14.3013935	5.45823	15.400394	8.437975	../../benchmark_data/class-i/pdb/7su9_pmhc_tcr.pdb	../pred_pdb/protenix_v1/pmhc_tcr/classI/classI_protenix_v1_no_msa/ranked_4/7su9_pmhc_tcr.pdb	after	ranked_4
262	8cx4	0.016	0.0	23.586	40.126	71.63818181818182	84.628	49.94470588235294	62.38900000000001	75.882	47.45333333333334	48.776875000000004	55.189200968523004	46.725303867403305	27.587777777777777	45.81878947368422	63.1729596412556	0.33804274	0.45199367	8.613246	0.59377164	0.18772551	7.613939	10.95933	20.287607	19.0841	2.0620518	18.87673	14.951622	../../benchmark_data/class-i/pdb/8cx4_pmhc_tcr.pdb	../pred_pdb/protenix_v1/pmhc_tcr/classI/classI_protenix_v1_no_msa/ranked_4/8cx4_pmhc_tcr.pdb	after	ranked_4
263	8d5q	0.044	0.0	17.62	22.429	55.25636363636363	65.053	39.138125	59.128181818181815	76.97545454545455	44.10399999999999	41.54096774193548	47.850539215686275	35.749488636363644	25.006	35.171881720430115	58.4731981981982	2.1399481	2.224194	3.6634564	1.4570915	0.41523883	4.1798444	15.053161	20.209295	7.673951	3.1602893	9.254772	12.380238	../../benchmark_data/class-i/pdb/8d5q_pmhc_tcr.pdb	../pred_pdb/protenix_v1/pmhc_tcr/classI/classI_protenix_v1_no_msa/ranked_4/8d5q_pmhc_tcr.pdb	after	ranked_4
264	8dnt	0.026	0.014	21.443	33.466	52.04272727272726	60.95222222222222	46.640833333333326	38.138	37.57	33.123571428571424	39.36230769230769	38.67115479115479	33.15414364640884	38.19444444444444	33.3928947368421	43.2926728110599	2.9996445	5.098134	1.3396512	1.6171263	6.6666794	2.734278	10.685583	21.934414	21.820354	3.1515594	22.82472	17.570183	../../benchmark_data/class-i/pdb/8dnt_pmhc_tcr.pdb	../pred_pdb/protenix_v1/pmhc_tcr/classI/classI_protenix_v1_no_msa/ranked_4/8dnt_pmhc_tcr.pdb	after	ranked_4
265	8en8	0.015	0.014	17.932	52.225	30.25090909090909	43.675	35.64428571428571	34.917272727272724	30.27333333333333	31.17	33.33	46.45565533980583	59.25711111111111	43.55222222222223	58.50925925925925	36.239820627802686	3.7755232	3.9807208	4.417832	2.479616	5.249074	4.7543597	6.945684	21.82557	13.007299	3.5075555	12.81751	11.698163	../../benchmark_data/class-i/pdb/8en8_pmhc_tcr.pdb	../pred_pdb/protenix_v1/pmhc_tcr/classI/classI_protenix_v1_no_msa/ranked_4/8en8_pmhc_tcr.pdb	after	ranked_4
266	8enh	0.012	0.0	19.516	48.203	34.736363636363635	43.327	36.636428571428574	35.02454545454545	29.614166666666673	31.289333333333335	33.87068965517241	45.299002433090024	56.41229050279329	26.040000000000003	54.958297872340424	37.1557399103139	4.4024124	4.126821	4.8830566	3.4547021	3.9393327	3.9966965	8.943078	23.625418	14.76842	2.6677804	15.021077	15.551949	../../benchmark_data/class-i/pdb/8enh_pmhc_tcr.pdb	../pred_pdb/protenix_v1/pmhc_tcr/classI/classI_protenix_v1_no_msa/ranked_4/8enh_pmhc_tcr.pdb	after	ranked_4
267	8eo8	0.025	0.041	17.853	50.007	33.70363636363636	39.648	36.36071428571429	34.0790909090909	31.421666666666667	32.163333333333334	34.189655172413794	47.103552311435514	60.18916201117319	57.59111111111112	60.064787234042555	36.17659192825112	4.374264	3.3692307	5.3338213	2.9451427	2.420074	5.372573	9.495025	17.785753	14.612188	3.4650936	14.394026	16.961708	../../benchmark_data/class-i/pdb/8eo8_pmhc_tcr.pdb	../pred_pdb/protenix_v1/pmhc_tcr/classI/classI_protenix_v1_no_msa/ranked_4/8eo8_pmhc_tcr.pdb	after	ranked_4
268	8f5a	0.014	0.014	22.172	54.793	74.57181818181819	86.31800000000001	61.854	77.594	69.641	64.16083333333334	62.87925925925926	60.465623471882644	43.48077348066298	37.404	43.162617801047126	75.62559633027523	1.4843034	2.2180939	2.775623	0.5793575	2.3208537	1.7183946	10.131879	22.85315	14.871873	4.2626233	15.201513	15.399582	../../benchmark_data/class-i/pdb/8f5a_pmhc_tcr.pdb	../pred_pdb/protenix_v1/pmhc_tcr/classI/classI_protenix_v1_no_msa/ranked_4/8f5a_pmhc_tcr.pdb	after	ranked_4
269	8gom	0.013	0.0	20.728	45.933	64.34	48.86555555555555	57.77545454545455	70.07300000000001	63.41818181818183	47.868	52.059615384615384	45.80495121951219	34.92132596685083	22.242222222222225	34.32073684210526	55.723136363636364	0.5561123	4.0826254	3.1352632	0.26476356	0.5173751	2.9029176	6.3078036	18.71927	14.285609	3.2891304	15.39361	11.472625	../../benchmark_data/class-i/pdb/8gom_pmhc_tcr.pdb	../pred_pdb/protenix_v1/pmhc_tcr/classI/classI_protenix_v1_no_msa/ranked_4/8gom_pmhc_tcr.pdb	after	ranked_4
270	8gon	0.047	0.114	21.63	55.851	56.666666666666664	47.18444444444444	44.56272727272728	66.813	62.47272727272727	43.029999999999994	43.67846153846153	43.521682926829264	34.293370165745856	28.514444444444443	34.01963157894737	51.728	0.8898903	4.0220313	3.5496607	0.23018022	0.585044	4.752621	5.5758233	20.991587	13.739989	1.888078	15.727502	7.9273148	../../benchmark_data/class-i/pdb/8gon_pmhc_tcr.pdb	../pred_pdb/protenix_v1/pmhc_tcr/classI/classI_protenix_v1_no_msa/ranked_4/8gon_pmhc_tcr.pdb	after	ranked_4
271	8gvb	0.012	0.0	17.458	49.644	43.02181818181818	40.10454545454545	36.142857142857146	44.711	60.00090909090908	43.528666666666666	39.96310344827586	42.23385365853659	39.036833333333334	30.845000000000002	38.688244680851064	45.23644144144144	1.8400196	2.7034981	2.9787185	1.9639237	3.8934946	5.1365542	7.362233	20.391373	15.154175	1.2476546	15.33502	13.046547	../../benchmark_data/class-i/pdb/8gvb_pmhc_tcr.pdb	../pred_pdb/protenix_v1/pmhc_tcr/classI/classI_protenix_v1_no_msa/ranked_4/8gvb_pmhc_tcr.pdb	after	ranked_4
272	8gvg	0.02	0.0	15.739	37.215	35.870000000000005	39.32636363636363	31.330714285714286	38.295	43.981818181818184	36.534666666666666	34.022413793103446	38.90277372262774	42.62149171270718	28.8125	42.03698412698412	36.23445945945946	1.1259099	2.791093	3.3829956	2.6949468	3.8711388	6.199042	6.998385	19.531477	14.8726845	1.5834891	15.070963	12.681861	../../benchmark_data/class-i/pdb/8gvg_pmhc_tcr.pdb	../pred_pdb/protenix_v1/pmhc_tcr/classI/classI_protenix_v1_no_msa/ranked_4/8gvg_pmhc_tcr.pdb	after	ranked_4
273	8gvi	0.034	0.029	20.01	32.089	35.300000000000004	32.61636363636364	32.35	41.215999999999994	41.09	37.68533333333333	35.109655172413795	38.05338199513382	40.07303867403315	29.146250000000002	39.6105291005291	36.7277027027027	3.1034517	2.961637	2.0678315	2.008794	3.6985693	4.5466657	13.618552	19.676323	13.9914665	1.5228924	14.45849	16.019566	../../benchmark_data/class-i/pdb/8gvi_pmhc_tcr.pdb	../pred_pdb/protenix_v1/pmhc_tcr/classI/classI_protenix_v1_no_msa/ranked_4/8gvi_pmhc_tcr.pdb	after	ranked_4
274	8i5c	0.059	0.095	16.833	29.846	70.60545454545455	80.93333333333334	61.16583333333333	61.766	55.087	44.715384615384615	52.611599999999996	52.45802469135803	44.76734806629835	25.790000000000003	43.86842105263158	60.04883720930233	0.5935376	0.28856644	1.6373974	0.70289034	1.3414303	3.342092	6.494642	20.86455	21.45207	2.2108731	22.213232	15.32003	../../benchmark_data/class-i/pdb/8i5c_pmhc_tcr.pdb	../pred_pdb/protenix_v1/pmhc_tcr/classI/classI_protenix_v1_no_msa/ranked_4/8i5c_pmhc_tcr.pdb	after	ranked_4
275	8i5d	0.062	0.085	15.463	26.633	32.191	34.24000000000001	32.365833333333335	31.762999999999998	35.49272727272727	29.308	30.667037037037037	35.881237623762374	36.90530386740332	22.943333333333335	36.243947368421054	35.559205607476635	1.5720493	4.041351	2.3523042	1.5973842	6.7086053	2.9123244	8.188654	18.526701	14.964324	5.674363	14.750129	11.054285	../../benchmark_data/class-i/pdb/8i5d_pmhc_tcr.pdb	../pred_pdb/protenix_v1/pmhc_tcr/classI/classI_protenix_v1_no_msa/ranked_4/8i5d_pmhc_tcr.pdb	after	ranked_4
276	8qfy	0.044	0.016	13.206	25.154	71.70727272727272	77.00111111111111	63.81833333333333	68.215	64.4281818181818	60.77583333333333	62.29708333333334	58.394592592592595	39.81132596685082	32.23222222222223	39.45231578947368	75.13427906976744	0.6066291	0.28357962	0.39708197	1.362674	3.5570357	1.6822097	4.388523	14.091008	14.942166	1.7991385	15.189995	10.795792	../../benchmark_data/class-i/pdb/8qfy_pmhc_tcr.pdb	../pred_pdb/protenix_v1/pmhc_tcr/classI/classI_protenix_v1_no_msa/ranked_4/8qfy_pmhc_tcr.pdb	after	ranked_4
277	8shi	0.033	0.021	22.783	30.067	30.820999999999998	32.552	32.17529411764706	29.872000000000003	32.797999999999995	33.34285714285715	32.7025806451613	36.17507425742574	40.44694444444444	25.20375	39.79829787234043	33.02152777777778	4.419547	3.9960544	4.962286	4.4980583	4.0554705	4.24939	9.119544	23.515131	17.192001	2.1018531	17.188726	17.436275	../../benchmark_data/class-i/pdb/8shi_pmhc_tcr.pdb	../pred_pdb/protenix_v1/pmhc_tcr/classI/classI_protenix_v1_no_msa/ranked_4/8shi_pmhc_tcr.pdb	after	ranked_4
278	8wte	0.02	0.015	19.994	41.573	81.39454545454545	74.1888888888889	66.91769230769229	72.328	59.931000000000004	65.87375	66.34172413793104	56.70562347188264	37.0146408839779	50.72222222222222	37.66394736842105	73.22579908675799	0.50464976	2.2797353	0.76598835	1.365424	4.7818584	3.7953918	10.48295	21.462679	14.834793	2.3359826	16.34109	16.084377	../../benchmark_data/class-i/pdb/8wte_pmhc_tcr.pdb	../pred_pdb/protenix_v1/pmhc_tcr/classI/classI_protenix_v1_no_msa/ranked_4/8wte_pmhc_tcr.pdb	after	ranked_4
279	8wul	0.014	0.0	18.763	44.99	84.84727272727274	76.65999999999998	82.63615384615386	70.42999999999999	55.238	39.913124999999994	59.064827586206896	51.36794621026895	39.01895027624309	25.241111111111113	38.36631578947369	62.64789954337899	0.7254278	2.1607275	2.6816528	2.5579066	8.027089	4.3775063	9.548208	20.46668	15.970934	3.3576941	15.975722	14.006372	../../benchmark_data/class-i/pdb/8wul_pmhc_tcr.pdb	../pred_pdb/protenix_v1/pmhc_tcr/classI/classI_protenix_v1_no_msa/ranked_4/8wul_pmhc_tcr.pdb	after	ranked_4
