	id	DockQ	Fnat	iRMS	LRMS	pLDDT-cdr1a	pLDDT-cdr2a	pLDDT-cdr3a	pLDDT-cdr1b	pLDDT-cdr2b	pLDDT-cdr3b	pLDDT-cdr3a+cdr3b	pLDDT	pLDDT-mhc	pLDDT-pep	pLDDT-pmhc	pLDDT-tcr	RMSD-cdr1a	RMSD-cdr2a	RMSD-cdr3a	RMSD-cdr1b	RMSD-cdr2b	RMSD-cdr3b	RMSD-cdr3a+cdr3b	RMSD	RMSD-mhc	RMSD-pep	RMSD-pmhc	RMSD-tcr	true_pdb_path	pred_pdb_path	2021-09-30	rank
0	6zkw	0.013	0.0	18.746	47.149	74.18636363636364	86.82899999999998	59.669999999999995	53.58	47.040000000000006	43.016875	50.48206896551724	53.34273838630807	46.65427777777778	29.529999999999998	45.83883597883598	59.789272727272724	0.45245817	0.21218756	2.203827	2.1663737	6.344764	5.0276103	9.045817	21.442858	14.090576	2.1460557	14.268973	15.289205	../../benchmark_data/class-i/pdb/6zkw_pmhc_tcr.pdb	../pred_pdb/protenix_v2/pmhc_tcr/classI/classI_protenix_v2_no_msa/ranked_0/6zkw_pmhc_tcr.pdb	after	ranked_0
1	6zkx	0.02	0.014	19.751	42.214	72.09363636363638	88.368	59.629999999999995	55.370000000000005	49.632999999999996	44.084375	51.05310344827586	53.75014598540146	47.6077094972067	32.89916666666667	46.68361256544503	59.88518181818182	0.45359653	0.24573748	2.4228652	1.0497965	7.315674	3.776623	13.381873	21.458918	14.30298	2.787882	14.524972	18.513784	../../benchmark_data/class-i/pdb/6zkx_pmhc_tcr.pdb	../pred_pdb/protenix_v2/pmhc_tcr/classI/classI_protenix_v2_no_msa/ranked_0/6zkx_pmhc_tcr.pdb	after	ranked_0
2	6zky	0.013	0.0	21.855	44.941	74.44272727272727	88.733	61.49769230769231	53.061	48.172	41.090625	50.238620689655185	51.365686274509805	42.666944444444454	30.30625	42.140957446808514	59.248636363636365	0.45763522	0.31686884	2.0313413	2.266426	1.9018427	6.708531	13.495389	20.601353	14.130697	2.2704399	14.273476	17.54997	../../benchmark_data/class-i/pdb/6zky_pmhc_tcr.pdb	../pred_pdb/protenix_v2/pmhc_tcr/classI/classI_protenix_v2_no_msa/ranked_0/6zky_pmhc_tcr.pdb	after	ranked_0
3	6zkz	0.036	0.017	20.076	27.763	73.25454545454545	87.22200000000001	61.06923076923077	57.78000000000001	48.678000000000004	52.5725	56.381379310344826	56.654044117647054	45.48633333333334	33.34625	44.96973404255319	66.63881818181818	0.46380612	0.1942438	2.14235	1.8421843	3.9898827	3.5536904	7.287136	20.400396	12.79092	2.0741713	12.892394	14.516565	../../benchmark_data/class-i/pdb/6zkz_pmhc_tcr.pdb	../pred_pdb/protenix_v2/pmhc_tcr/classI/classI_protenix_v2_no_msa/ranked_0/6zkz_pmhc_tcr.pdb	after	ranked_0
4	7dzm	0.025	0.023	17.946	39.787	42.72416666666667	52.51375	39.149333333333324	49.95399999999999	47.06636363636364	49.70083333333334	43.83888888888888	41.83162561576354	39.49905555555556	34.38777777777778	39.255661375661376	44.07520737327189	3.1692436	4.9052396	5.4954104	3.4909647	2.8071666	5.906481	8.920424	23.436525	21.722076	4.1235147	22.089247	16.599615	../../benchmark_data/class-i/pdb/7dzm_pmhc_tcr.pdb	../pred_pdb/protenix_v2/pmhc_tcr/classI/classI_protenix_v2_no_msa/ranked_0/7dzm_pmhc_tcr.pdb	after	ranked_0
5	7dzn	0.009	0.0	17.48	60.878	35.66916666666666	43.6225	36.272666666666666	48.419999999999995	45.437272727272735	49.06666666666666	41.95888888888889	43.20143209876543	45.99067039106145	33.42888888888889	45.389308510638294	41.30594470046083	4.2885084	4.693292	5.0421867	2.705431	2.6651316	6.716138	8.269286	20.120384	12.531117	4.171958	13.104468	14.869087	../../benchmark_data/class-i/pdb/7dzn_pmhc_tcr.pdb	../pred_pdb/protenix_v2/pmhc_tcr/classI/classI_protenix_v2_no_msa/ranked_0/7dzn_pmhc_tcr.pdb	after	ranked_0
6	7l1d	0.049	0.041	17.643	25.605	72.07636363636364	76.76555555555555	58.940000000000005	86.97999999999999	88.941	65.19736842105262	62.6553125	62.38814180929096	43.536353591160214	55.11888888888889	44.085	78.2675799086758	0.4528014	0.32091913	2.250361	0.22078842	0.22502859	5.69855	14.40561	19.065895	17.210588	3.866309	17.889858	17.209389	../../benchmark_data/class-i/pdb/7l1d_pmhc_tcr.pdb	../pred_pdb/protenix_v2/pmhc_tcr/classI/classI_protenix_v2_no_msa/ranked_0/7l1d_pmhc_tcr.pdb	after	ranked_0
7	7n2n	0.022	0.018	19.654	39.629	39.92636363636363	39.756	36.303529411764714	37.765	37.144999999999996	35.542	35.9465625	39.10135593220339	40.29580110497238	30.54888888888889	39.834105263157895	38.4770403587444	2.7053914	4.6801095	6.260004	2.250094	1.9522877	5.8993583	10.409406	22.465961	18.543678	2.1392834	19.374866	17.980507	../../benchmark_data/class-i/pdb/7n2n_pmhc_tcr.pdb	../pred_pdb/protenix_v2/pmhc_tcr/classI/classI_protenix_v2_no_msa/ranked_0/7n2n_pmhc_tcr.pdb	after	ranked_0
8	7n2o	0.019	0.017	19.25	45.718	38.940000000000005	39.516999999999996	36.98352941176471	39.291999999999994	40.866	34.83933333333333	35.9784375	39.68556900726392	41.484640883977896	33.23222222222222	41.09373684210526	38.48578475336323	1.9027921	5.2346325	5.5371976	2.0558004	2.855916	6.741313	9.169786	20.581728	18.640745	2.2173283	18.349468	18.074648	../../benchmark_data/class-i/pdb/7n2o_pmhc_tcr.pdb	../pred_pdb/protenix_v2/pmhc_tcr/classI/classI_protenix_v2_no_msa/ranked_0/7n2o_pmhc_tcr.pdb	after	ranked_0
9	7n2p	0.01	0.0	17.108	56.822	80.06909090909092	88.616	82.25363636363637	89.982	92.92	79.94933333333331	80.92423076923077	66.87855036855036	44.97414364640884	32.99666666666667	44.40678947368421	86.55428571428571	0.3681878	0.50250083	1.4403965	0.31729284	0.19387014	0.8691371	6.6146593	21.094332	15.871533	1.6658955	15.796174	14.452896	../../benchmark_data/class-i/pdb/7n2p_pmhc_tcr.pdb	../pred_pdb/protenix_v2/pmhc_tcr/classI/classI_protenix_v2_no_msa/ranked_0/7n2p_pmhc_tcr.pdb	after	ranked_0
10	7n2q	0.011	0.0	17.929	52.315	79.79545454545455	86.917	80.07545454545456	89.99	91.362	76.40333333333334	77.95692307692308	66.65488943488943	45.294088397790055	43.254444444444445	45.19747368421053	85.44248847926266	0.53377503	0.68360305	1.1670878	0.1976101	0.14059125	1.3635284	7.25764	21.23335	16.260647	1.6875311	16.419321	14.642365	../../benchmark_data/class-i/pdb/7n2q_pmhc_tcr.pdb	../pred_pdb/protenix_v2/pmhc_tcr/classI/classI_protenix_v2_no_msa/ranked_0/7n2q_pmhc_tcr.pdb	after	ranked_0
11	7n2r	0.01	0.0	19.85	53.353	82.73181818181818	89.922	83.47727272727273	90.65	91.53999999999999	78.25599999999999	80.465	67.19280098280099	44.922265193370166	42.95333333333334	44.82899999999999	86.77400921658986	0.39943135	0.5561959	1.329228	0.24389277	0.21597825	1.4298931	7.2091613	21.495857	9.631371	1.9881371	9.838207	14.615297	../../benchmark_data/class-i/pdb/7n2r_pmhc_tcr.pdb	../pred_pdb/protenix_v2/pmhc_tcr/classI/classI_protenix_v2_no_msa/ranked_0/7n2r_pmhc_tcr.pdb	after	ranked_0
12	7n2s	0.048	0.045	18.759	26.616	49.25636363636363	45.96300000000001	51.64	36.285999999999994	35.886	34.43	43.31258064516129	41.9765291262136	40.789779005524856	35.71777777777778	40.54952631578947	43.19783783783784	1.9971173	5.3405056	5.50389	2.05291	2.997474	7.1972337	12.184806	21.115519	18.681307	1.5762675	19.34712	18.93759	../../benchmark_data/class-i/pdb/7n2s_pmhc_tcr.pdb	../pred_pdb/protenix_v2/pmhc_tcr/classI/classI_protenix_v2_no_msa/ranked_0/7n2s_pmhc_tcr.pdb	after	ranked_0
13	7n4k	0.04	0.0	13.952	24.541	55.86416666666667	39.14375	46.19923076923077	56.048	51.621	47.901818181818186	46.97958333333333	48.23112499999999	47.14610169491526	39.644999999999996	46.74497326203209	49.53586854460094	3.3448865	4.377171	2.3003805	2.0097923	1.8642935	0.9340102	5.759421	20.367744	17.439003	4.14625	17.814867	10.278935	../../benchmark_data/class-i/pdb/7n4k_pmhc_tcr.pdb	../pred_pdb/protenix_v2/pmhc_tcr/classI/classI_protenix_v2_no_msa/ranked_0/7n4k_pmhc_tcr.pdb	after	ranked_0
14	7n5c	0.062	0.105	18.841	30.301	52.36583333333332	37.545	46.00230769230769	53.641999999999996	49.117000000000004	45.68727272727273	45.85791666666666	44.89076732673268	42.2628729281768	34.031	41.83188481675392	47.63370892018779	2.3517754	3.183322	1.617799	2.2771564	3.617115	4.7957487	6.8365903	20.784452	19.46544	3.8900528	19.507263	12.191019	../../benchmark_data/class-i/pdb/7n5c_pmhc_tcr.pdb	../pred_pdb/protenix_v2/pmhc_tcr/classI/classI_protenix_v2_no_msa/ranked_0/7n5c_pmhc_tcr.pdb	after	ranked_0
15	7n5p	0.028	0.0	16.234	29.977	55.126666666666665	37.24250000000001	47.45307692307693	56.28099999999999	51.943000000000005	51.31181818181819	49.221666666666664	47.921629072681704	48.10267045454545	33.953	47.34193548387097	48.42784037558686	2.4685745	3.6484032	1.8079457	2.411141	1.3899156	4.1568117	5.202579	19.4291	17.712557	2.6053634	17.977505	11.105606	../../benchmark_data/class-i/pdb/7n5p_pmhc_tcr.pdb	../pred_pdb/protenix_v2/pmhc_tcr/classI/classI_protenix_v2_no_msa/ranked_0/7n5p_pmhc_tcr.pdb	after	ranked_0
16	7na5	0.042	0.0	18.063	23.244	60.41090909090909	63.31444444444443	51.406363636363636	61.486000000000004	60.288	52.664666666666676	52.132307692307684	50.60392592592593	45.60183333333333	32.75111111111111	44.98989417989418	55.5162037037037	0.7434892	1.5143566	0.62879914	1.5269372	4.7691293	2.9938338	9.22201	17.784595	16.979298	1.8886349	17.4315	12.778624	../../benchmark_data/class-i/pdb/7na5_pmhc_tcr.pdb	../pred_pdb/protenix_v2/pmhc_tcr/classI/classI_protenix_v2_no_msa/ranked_0/7na5_pmhc_tcr.pdb	after	ranked_0
17	7ndq	0.036	0.067	17.182	44.932	75.68749999999999	78.34875	56.067333333333345	78.386	83.7690909090909	58.70923076923078	57.29392857142857	60.95887254901961	47.07651933701656	31.614444444444448	46.34410526315789	73.6965137614679	0.40272593	0.32878238	1.7699822	0.6315907	0.50347424	1.860695	7.162405	24.008623	14.680366	1.157357	15.342898	12.703948	../../benchmark_data/class-i/pdb/7ndq_pmhc_tcr.pdb	../pred_pdb/protenix_v2/pmhc_tcr/classI/classI_protenix_v2_no_msa/ranked_0/7ndq_pmhc_tcr.pdb	after	ranked_0
18	7ndt	0.02	0.033	19.941	57.67	69.46416666666667	58.28	57.748571428571424	75.934	42.45454545454545	70.47499999999998	63.622307692307686	56.54480198019802	43.85544444444445	40.7125	43.721702127659576	67.70564814814814	1.0486432	4.57656	2.1404698	0.3875593	6.388617	0.24355398	13.073928	24.54611	14.3313465	1.9903367	15.317923	15.0672865	../../benchmark_data/class-i/pdb/7ndt_pmhc_tcr.pdb	../pred_pdb/protenix_v2/pmhc_tcr/classI/classI_protenix_v2_no_msa/ranked_0/7ndt_pmhc_tcr.pdb	after	ranked_0
19	7ndu	0.033	0.062	17.014	48.756	70.17083333333333	75.33375000000001	48.47866666666667	73.075	63.84	52.68692307692308	50.432500000000005	56.89412776412777	46.25795580110498	27.533749999999998	45.46539682539683	66.8025229357798	0.82363904	0.7466065	2.306932	0.37781128	1.7900776	3.7699666	7.3487005	22.998009	14.316396	2.2686694	15.049369	15.144569	../../benchmark_data/class-i/pdb/7ndu_pmhc_tcr.pdb	../pred_pdb/protenix_v2/pmhc_tcr/classI/classI_protenix_v2_no_msa/ranked_0/7ndu_pmhc_tcr.pdb	after	ranked_0
20	7nme	0.031	0.04	17.682	38.272	37.50363636363637	37.868	36.87769230769231	39.391000000000005	33.47272727272727	39.43363636363636	38.049166666666665	40.3415061728395	42.59193370165745	30.717777777777783	42.02947368421054	38.849813953488365	2.1771176	3.5626833	6.2832284	2.9644825	8.932409	5.9024262	10.170561	20.595972	15.585886	1.9899817	15.951757	16.005512	../../benchmark_data/class-i/pdb/7nme_pmhc_tcr.pdb	../pred_pdb/protenix_v2/pmhc_tcr/classI/classI_protenix_v2_no_msa/ranked_0/7nme_pmhc_tcr.pdb	after	ranked_0
21	7nmf	0.021	0.014	18.613	41.072	38.19090909090909	37.874	37.339230769230774	39.56	33.650000000000006	39.39090909090908	38.279583333333335	40.450024691358024	42.5857458563536	30.14	41.99621052631579	39.083627906976744	3.0156538	3.7981138	7.4737267	2.507812	8.99671	5.972459	10.3553505	20.811031	15.340693	1.6994722	15.8110285	15.779197	../../benchmark_data/class-i/pdb/7nmf_pmhc_tcr.pdb	../pred_pdb/protenix_v2/pmhc_tcr/classI/classI_protenix_v2_no_msa/ranked_0/7nmf_pmhc_tcr.pdb	after	ranked_0
22	7nmg	0.057	0.014	14.55	20.489	37.554545454545455	37.786	36.87076923076923	38.931999999999995	33.24818181818183	38.414545454545454	37.57833333333334	40.23123456790123	42.364861878453034	32.46444444444445	41.8958947368421	38.76013953488372	3.2507234	2.7529757	4.9767976	2.9968865	7.8806334	6.65484	11.731397	23.06119	14.881194	3.9323256	14.634281	18.171108	../../benchmark_data/class-i/pdb/7nmg_pmhc_tcr.pdb	../pred_pdb/protenix_v2/pmhc_tcr/classI/classI_protenix_v2_no_msa/ranked_0/7nmg_pmhc_tcr.pdb	after	ranked_0
23	7ow5	0.034	0.047	17.389	38.468	42.14333333333334	37.0309090909091	44.118750000000006	42.813	41.31400000000001	38.574375	41.3465625	41.34881927710844	42.445666666666675	30.963	41.84131578947368	40.93293333333333	3.8998015	4.7378	4.1496463	2.8651676	1.5751146	4.6912193	8.208649	21.103498	15.210255	5.4897346	15.235364	14.610947	../../benchmark_data/class-i/pdb/7ow5_pmhc_tcr.pdb	../pred_pdb/protenix_v2/pmhc_tcr/classI/classI_protenix_v2_no_msa/ranked_0/7ow5_pmhc_tcr.pdb	after	ranked_0
24	7ow6	0.031	0.031	15.933	35.826	43.54333333333333	39.83909090909091	43.471875	47.290000000000006	42.93	45.33625	44.404062499999995	42.873437499999994	43.15977900552487	31.231	42.53523560209424	43.16053333333333	1.6734755	4.663843	6.2484865	2.3408113	1.9071169	5.477318	11.420574	18.543566	18.248068	2.6226647	17.909233	16.692312	../../benchmark_data/class-i/pdb/7ow6_pmhc_tcr.pdb	../pred_pdb/protenix_v2/pmhc_tcr/classI/classI_protenix_v2_no_msa/ranked_0/7ow6_pmhc_tcr.pdb	after	ranked_0
25	7pb2	0.061	0.131	15.311	40.53	45.9425	38.27	44.705	43.565	40.676	40.127500000000005	42.416250000000005	41.273807228915665	41.74733333333334	30.237000000000002	41.14152631578947	41.38551111111111	2.1533897	3.9364278	6.691095	3.2437594	0.67850226	4.327715	8.572559	21.95109	14.92725	2.9348052	15.497219	13.015782	../../benchmark_data/class-i/pdb/7pb2_pmhc_tcr.pdb	../pred_pdb/protenix_v2/pmhc_tcr/classI/classI_protenix_v2_no_msa/ranked_0/7pb2_pmhc_tcr.pdb	after	ranked_0
26	7pbe	0.01	0.0	19.793	53.891	61.91090909090909	61.2875	50.96999999999999	65.176	65.19818181818182	52.363076923076925	51.6944	50.300493827160494	40.57508287292818	31.31555555555555	40.13647368421052	59.2826511627907	0.51749855	1.4579877	1.0609447	2.0315344	3.753829	1.7491618	10.14656	22.933277	14.7384615	3.7083037	14.577091	15.762175	../../benchmark_data/class-i/pdb/7pbe_pmhc_tcr.pdb	../pred_pdb/protenix_v2/pmhc_tcr/classI/classI_protenix_v2_no_msa/ranked_0/7pbe_pmhc_tcr.pdb	after	ranked_0
27	7phr	0.015	0.012	19.139	52.621	40.821000000000005	46.58800000000001	44.22090909090909	38.554	50.067	44.13461538461537	44.17416666666668	43.158225	43.053314917127075	30.624444444444446	42.464578947368416	43.785809523809526	3.2352645	3.0787327	3.9386034	3.593538	4.441564	4.778506	10.124574	19.47923	13.930882	2.4946198	14.977695	15.74435	../../benchmark_data/class-i/pdb/7phr_pmhc_tcr.pdb	../pred_pdb/protenix_v2/pmhc_tcr/classI/classI_protenix_v2_no_msa/ranked_0/7phr_pmhc_tcr.pdb	after	ranked_0
28	7q99	0.038	0.0	19.568	24.352	38.45272727272727	43.70555555555555	39.77909090909091	37.791818181818186	37.940000000000005	38.02933333333333	38.769615384615385	38.24528255528256	39.350497237569066	31.897000000000002	38.96026178010471	37.613055555555555	2.0893772	3.7922401	2.1435947	1.8402988	2.5177758	2.9409964	10.9946375	21.702406	17.648956	4.519289	17.364685	18.239504	../../benchmark_data/class-i/pdb/7q99_pmhc_tcr.pdb	../pred_pdb/protenix_v2/pmhc_tcr/classI/classI_protenix_v2_no_msa/ranked_0/7q99_pmhc_tcr.pdb	after	ranked_0
29	7q9a	0.017	0.0	17.85	39.357	38.72636363636364	44.830000000000005	40.77181818181818	36.11	37.75222222222223	37.836666666666666	39.07846153846154	38.833243243243246	40.344917127071824	32.681	39.94366492146597	37.85134259259259	2.760835	3.8320596	2.3157399	2.6174445	3.746491	2.5800319	10.689621	18.980452	20.00451	3.933092	19.778786	16.399918	../../benchmark_data/class-i/pdb/7q9a_pmhc_tcr.pdb	../pred_pdb/protenix_v2/pmhc_tcr/classI/classI_protenix_v2_no_msa/ranked_0/7q9a_pmhc_tcr.pdb	after	ranked_0
30	7q9b	0.055	0.025	15.118	21.825	60.608181818181826	64.36999999999999	52.95875	47.9	46.677	46.094375	48.3825	48.65548148148147	44.20408839779005	30.201	43.47094240837697	53.28280373831776	2.0375383	1.3226876	3.9827464	1.7481021	3.1363451	6.0014024	7.2699995	15.312936	15.792388	3.0107253	16.315342	9.383328	../../benchmark_data/class-i/pdb/7q9b_pmhc_tcr.pdb	../pred_pdb/protenix_v2/pmhc_tcr/classI/classI_protenix_v2_no_msa/ranked_0/7q9b_pmhc_tcr.pdb	after	ranked_0
31	7qpj	0.072	0.101	15.034	24.742	63.04272727272726	56.95333333333334	63.39538461538462	65.704	55.30500000000001	61.875454545454545	62.69875	54.02831265508685	45.379944444444455	33.412222222222226	44.81005291005291	62.16967289719625	1.775444	3.5388796	0.8720879	2.2661173	4.751925	0.9245317	1.260607	15.74667	14.102143	2.90594	15.027866	12.181209	../../benchmark_data/class-i/pdb/7qpj_pmhc_tcr.pdb	../pred_pdb/protenix_v2/pmhc_tcr/classI/classI_protenix_v2_no_msa/ranked_0/7qpj_pmhc_tcr.pdb	after	ranked_0
32	7r80	0.052	0.065	12.106	29.56	74.72818181818182	85.811	78.48384615384614	66.576	49.416000000000004	75.05533333333332	76.64714285714287	62.635623471882646	46.7385635359116	35.52666666666667	46.207473684210534	76.88835616438355	2.0269039	0.56871897	2.1201136	2.1572475	6.131497	2.0761514	2.5203924	17.467073	13.177161	3.3053155	13.378383	9.256601	../../benchmark_data/class-i/pdb/7r80_pmhc_tcr.pdb	../pred_pdb/protenix_v2/pmhc_tcr/classI/classI_protenix_v2_no_msa/ranked_0/7r80_pmhc_tcr.pdb	after	ranked_0
33	7rk7	0.077	0.091	12.528	22.469	68.83333333333336	76.575	45.3725	60.624	55.45	51.13099999999999	48.57166666666667	50.8030843373494	38.30138121546962	30.84111111111111	37.94799999999999	61.65848888888889	0.4329157	0.24090785	2.4313116	0.72064835	4.2680387	6.43984	6.1434035	15.735916	16.360243	1.9861152	16.267675	13.258969	../../benchmark_data/class-i/pdb/7rk7_pmhc_tcr.pdb	../pred_pdb/protenix_v2/pmhc_tcr/classI/classI_protenix_v2_no_msa/ranked_0/7rk7_pmhc_tcr.pdb	after	ranked_0
34	7rm4	0.052	0.042	16.322	24.665	38.18545454545455	41.628	39.885	42.41	41.229090909090914	40.275999999999996	40.102222222222224	40.02872860635697	42.24839779005524	29.054444444444446	41.623421052631585	38.64520547945205	2.4579942	3.402468	4.6885214	3.502567	4.672014	4.3709307	11.1653	17.40442	13.867246	2.2343614	14.442593	17.752539	../../benchmark_data/class-i/pdb/7rm4_pmhc_tcr.pdb	../pred_pdb/protenix_v2/pmhc_tcr/classI/classI_protenix_v2_no_msa/ranked_0/7rm4_pmhc_tcr.pdb	after	ranked_0
35	7rrg	0.027	0.048	18.627	51.303	63.42333333333332	56.99875	55.80933333333333	58.76800000000001	59.93545454545454	57.46357142857143	56.60793103448276	51.6180195599022	43.81475138121547	47.03666666666666	43.96736842105264	58.2555707762557	0.86150265	3.6394424	4.2228355	2.1755764	2.0049288	5.2016463	9.305867	19.273388	17.769836	2.1486926	18.128763	15.672836	../../benchmark_data/class-i/pdb/7rrg_pmhc_tcr.pdb	../pred_pdb/protenix_v2/pmhc_tcr/classI/classI_protenix_v2_no_msa/ranked_0/7rrg_pmhc_tcr.pdb	after	ranked_0
36	7rtr	0.035	0.032	13.455	33.579	36.16454545454545	36.26888888888888	40.58818181818182	37.830999999999996	37.27909090909091	38.66363636363636	39.6259090909091	38.33815724815725	40.973977900552484	29.191111111111113	40.41584210526315	36.51898617511521	1.9565104	3.5036979	4.390129	1.877733	2.5976825	4.8678107	7.743422	15.77653	12.59673	2.1880362	12.549329	12.081387	../../benchmark_data/class-i/pdb/7rtr_pmhc_tcr.pdb	../pred_pdb/protenix_v2/pmhc_tcr/classI/classI_protenix_v2_no_msa/ranked_0/7rtr_pmhc_tcr.pdb	after	ranked_0
37	7su9	0.015	0.017	18.494	56.58	48.23083333333332	49.6975	47.248000000000005	45.601000000000006	48.412	42.124	44.68600000000001	47.35514705882353	44.07672222222223	30.666666666666668	43.43814814814816	50.735570776255706	3.4061348	5.0300527	3.0981486	3.655873	5.1875343	3.339298	8.635569	22.259512	16.760218	2.8859594	17.163572	15.785402	../../benchmark_data/class-i/pdb/7su9_pmhc_tcr.pdb	../pred_pdb/protenix_v2/pmhc_tcr/classI/classI_protenix_v2_no_msa/ranked_0/7su9_pmhc_tcr.pdb	after	ranked_0
38	8cx4	0.051	0.0	16.014	20.661	75.54909090909092	88.02400000000002	54.015882352941176	58.36500000000001	63.622	47.40866666666667	50.91875	53.31961259079903	43.45502762430939	38.71333333333333	43.23042105263157	61.91578475336323	1.0081365	0.45551327	6.2699738	1.3128436	0.9053778	5.411711	11.703365	20.042383	16.301586	2.057656	16.40623	12.700441	../../benchmark_data/class-i/pdb/8cx4_pmhc_tcr.pdb	../pred_pdb/protenix_v2/pmhc_tcr/classI/classI_protenix_v2_no_msa/ranked_0/8cx4_pmhc_tcr.pdb	after	ranked_0
39	8d5q	0.016	0.019	19.237	56.56	44.811818181818175	63.272000000000006	44.793749999999996	43.95545454545454	67.82272727272728	41.470000000000006	43.18548387096773	47.403774509803924	42.718636363636364	28.856	41.973333333333336	51.953603603603604	2.5540268	2.8481355	5.9524293	3.1650643	0.7572916	3.237422	12.612955	21.63975	18.554636	2.2765386	18.725338	18.377792	../../benchmark_data/class-i/pdb/8d5q_pmhc_tcr.pdb	../pred_pdb/protenix_v2/pmhc_tcr/classI/classI_protenix_v2_no_msa/ranked_0/8d5q_pmhc_tcr.pdb	after	ranked_0
40	8dnt	0.028	0.0	20.823	28.776	40.71636363636364	46.42444444444445	43.79583333333334	43.551	42.64727272727272	51.882857142857155	48.15038461538461	42.2119656019656	39.70309392265194	34.00111111111111	39.433	44.645161290322584	2.3056543	3.262322	4.5202246	1.941941	4.259259	4.1764503	9.382523	18.459005	16.370413	4.4345584	16.715271	16.364664	../../benchmark_data/class-i/pdb/8dnt_pmhc_tcr.pdb	../pred_pdb/protenix_v2/pmhc_tcr/classI/classI_protenix_v2_no_msa/ranked_0/8dnt_pmhc_tcr.pdb	after	ranked_0
41	8en8	0.02	0.014	15.609	42.913	34.21272727272728	40.699	36.854285714285716	33.77909090909091	32.0325	34.548	35.66137931034482	39.65905339805825	45.16372222222222	31.718888888888884	44.52349206349206	35.53627802690583	4.99537	4.1859612	7.85835	3.889375	5.6194377	3.5016806	9.957072	20.4737	14.11527	3.4378135	14.0277405	20.584723	../../benchmark_data/class-i/pdb/8en8_pmhc_tcr.pdb	../pred_pdb/protenix_v2/pmhc_tcr/classI/classI_protenix_v2_no_msa/ranked_0/8en8_pmhc_tcr.pdb	after	ranked_0
42	8enh	0.033	0.025	17.337	31.905	35.18	44.463	45.75142857142857	34.86636363636364	35.39499999999999	38.169999999999995	41.830000000000005	41.819026763990266	44.957988826815644	29.373333333333335	44.21191489361702	39.801704035874444	5.0072694	3.8457832	5.9872003	3.7327702	5.3068757	4.0710263	9.185524	20.001755	18.442701	2.7208269	18.817776	16.866308	../../benchmark_data/class-i/pdb/8enh_pmhc_tcr.pdb	../pred_pdb/protenix_v2/pmhc_tcr/classI/classI_protenix_v2_no_msa/ranked_0/8enh_pmhc_tcr.pdb	after	ranked_0
43	8eo8	0.036	0.0	16.337	25.354	35.63818181818181	45.364000000000004	45.86	34.626363636363635	37.695	38.06933333333333	41.83034482758622	41.76778588807785	44.336256983240226	30.835555555555555	43.68994680851064	40.14730941704036	4.309679	3.9352827	5.775036	4.5161757	3.7771523	3.5783422	9.470042	18.654905	17.258488	3.8138745	17.406456	16.652626	../../benchmark_data/class-i/pdb/8eo8_pmhc_tcr.pdb	../pred_pdb/protenix_v2/pmhc_tcr/classI/classI_protenix_v2_no_msa/ranked_0/8eo8_pmhc_tcr.pdb	after	ranked_0
44	8f5a	0.013	0.0	21.026	45.452	66.45636363636363	62.206999999999994	68.484	52.661	47.91199999999999	54.52	62.27777777777778	54.80361858190709	50.85237569060773	52.048	50.91497382198954	58.210642201834865	1.9176106	3.3757694	2.9430125	1.8066851	6.1623383	1.6776361	11.154497	22.645735	14.151528	3.9819	17.245234	18.030828	../../benchmark_data/class-i/pdb/8f5a_pmhc_tcr.pdb	../pred_pdb/protenix_v2/pmhc_tcr/classI/classI_protenix_v2_no_msa/ranked_0/8f5a_pmhc_tcr.pdb	after	ranked_0
45	8gom	0.041	0.013	14.114	25.672	57.413333333333334	73.15555555555555	50.347272727272724	81.093	77.33909090909091	60.928000000000004	56.45153846153846	55.4019268292683	42.557237569060774	33.06999999999999	42.10784210526316	66.88318181818181	1.2073245	1.0686218	1.2753149	0.21534006	1.0328251	1.7909098	8.50521	21.789341	13.708261	2.1700091	13.931696	12.515779	../../benchmark_data/class-i/pdb/8gom_pmhc_tcr.pdb	../pred_pdb/protenix_v2/pmhc_tcr/classI/classI_protenix_v2_no_msa/ranked_0/8gom_pmhc_tcr.pdb	after	ranked_0
46	8gon	0.025	0.0	18.54	31.126	62.93749999999999	75.12333333333335	55.04636363636364	81.065	78.08181818181819	62.19133333333334	59.16846153846155	56.51378048780488	42.401657458563534	33.57777777777778	41.98368421052632	69.0625	1.3179168	1.1555221	1.7653598	0.20793585	1.660294	1.8964361	7.8307953	20.108652	15.0516	1.862304	15.890027	14.687582	../../benchmark_data/class-i/pdb/8gon_pmhc_tcr.pdb	../pred_pdb/protenix_v2/pmhc_tcr/classI/classI_protenix_v2_no_msa/ranked_0/8gon_pmhc_tcr.pdb	after	ranked_0
47	8gvb	0.013	0.0	19.546	46.315	64.79454545454546	63.63727272727272	57.79785714285713	69.693	81.58	54.35733333333334	56.018275862068954	58.778999999999996	48.26744444444444	29.88375	47.48515957446808	68.34315315315315	1.8940892	1.7764442	1.6380681	1.424481	0.67093146	3.8742967	7.0967627	22.662457	23.20928	2.1711006	22.981026	16.605885	../../benchmark_data/class-i/pdb/8gvb_pmhc_tcr.pdb	../pred_pdb/protenix_v2/pmhc_tcr/classI/classI_protenix_v2_no_msa/ranked_0/8gvb_pmhc_tcr.pdb	after	ranked_0
48	8gvg	0.019	0.0	17.537	37.305	43.04272727272728	39.11363636363637	39.50928571428572	40.940999999999995	44.308181818181815	38.802	39.14344827586207	42.67391727493918	43.82591160220994	31.17375	43.29037037037037	42.14909909909911	2.2741995	5.34768	3.9517324	1.5113505	4.338253	5.2886057	10.497976	21.097383	15.905496	1.0990213	16.187906	19.202488	../../benchmark_data/class-i/pdb/8gvg_pmhc_tcr.pdb	../pred_pdb/protenix_v2/pmhc_tcr/classI/classI_protenix_v2_no_msa/ranked_0/8gvg_pmhc_tcr.pdb	after	ranked_0
49	8gvi	0.032	0.015	17.571	30.022	42.982727272727274	44.378181818181815	50.13571428571428	41.006	41.54636363636364	39.552666666666674	44.66172413793103	43.590389294403884	44.00176795580111	32.42875	43.51190476190476	43.657207207207215	2.312238	3.1785939	4.9461946	1.5792183	2.6647263	4.094851	11.307435	20.999126	16.04528	1.3158928	15.776171	18.202599	../../benchmark_data/class-i/pdb/8gvi_pmhc_tcr.pdb	../pred_pdb/protenix_v2/pmhc_tcr/classI/classI_protenix_v2_no_msa/ranked_0/8gvi_pmhc_tcr.pdb	after	ranked_0
50	8i5c	0.037	0.016	17.699	27.299	45.38454545454545	34.95111111111111	41.494166666666665	45.74399999999999	40.071999999999996	41.26153846153846	41.373200000000004	43.71538271604938	43.752541436464085	34.739999999999995	43.325631578947366	44.05981395348837	1.5216001	2.0299203	2.2453277	1.9330852	1.2880257	3.3248644	11.854139	16.628086	15.168949	3.8002474	15.351606	14.987502	../../benchmark_data/class-i/pdb/8i5c_pmhc_tcr.pdb	../pred_pdb/protenix_v2/pmhc_tcr/classI/classI_protenix_v2_no_msa/ranked_0/8i5c_pmhc_tcr.pdb	after	ranked_0
51	8i5d	0.061	0.051	17.002	22.682	39.36	39.903000000000006	37.80666666666667	38.424	38.92363636363636	37.14266666666666	37.437777777777775	41.50225247524752	43.953425414364645	30.884444444444448	43.33436842105262	39.87560747663551	2.8348136	3.9143534	4.2777934	2.4893885	4.365096	4.301405	8.757525	18.91325	16.649536	3.3185863	16.841522	16.960014	../../benchmark_data/class-i/pdb/8i5d_pmhc_tcr.pdb	../pred_pdb/protenix_v2/pmhc_tcr/classI/classI_protenix_v2_no_msa/ranked_0/8i5d_pmhc_tcr.pdb	after	ranked_0
52	8qfy	0.028	0.033	18.073	38.942	44.73818181818182	42.06777777777777	47.36666666666667	48.88099999999999	44.624545454545455	45.18416666666666	46.27541666666667	45.803135802469136	45.05834254143646	29.761111111111113	44.33373684210526	47.10167441860465	2.7624533	4.7782726	4.5707054	2.2269173	8.283468	3.3821306	9.712532	19.845057	13.168927	2.4609947	13.0266905	17.488281	../../benchmark_data/class-i/pdb/8qfy_pmhc_tcr.pdb	../pred_pdb/protenix_v2/pmhc_tcr/classI/classI_protenix_v2_no_msa/ranked_0/8qfy_pmhc_tcr.pdb	after	ranked_0
53	8shi	0.027	0.021	19.538	35.172	41.101	44.071999999999996	41.77588235294118	43.053000000000004	41.766999999999996	42.85285714285715	42.262258064516125	54.39764851485148	67.63394444444444	29.75625	66.02212765957447	44.2800462962963	3.8420372	4.0829215	5.3635745	2.8235009	4.91682	2.829078	16.559912	22.993074	17.409254	4.4206495	18.019127	17.661629	../../benchmark_data/class-i/pdb/8shi_pmhc_tcr.pdb	../pred_pdb/protenix_v2/pmhc_tcr/classI/classI_protenix_v2_no_msa/ranked_0/8shi_pmhc_tcr.pdb	after	ranked_0
54	8wte	0.014	0.0	22.177	42.519	84.84000000000002	83.46777777777778	74.31461538461538	78.05499999999999	69.28	72.574375	73.35448275862068	63.63102689486553	43.60381215469613	29.34444444444445	42.92836842105263	81.5922374429224	0.34791446	0.39332253	1.3732125	1.3437488	4.367752	1.8565947	9.997408	20.998259	17.183592	4.991982	17.361143	15.0943775	../../benchmark_data/class-i/pdb/8wte_pmhc_tcr.pdb	../pred_pdb/protenix_v2/pmhc_tcr/classI/classI_protenix_v2_no_msa/ranked_0/8wte_pmhc_tcr.pdb	after	ranked_0
55	8wul	0.026	0.05	20.249	57.126	82.60909090909091	82.45333333333332	71.33307692307693	77.672	71.624	69.40125	70.26724137931035	64.55491442542787	47.35209944751381	31.894444444444446	46.6198947368421	80.11497716894978	0.56149477	0.16795759	1.3127899	1.4342201	4.82121	2.007014	9.586447	20.32729	19.778856	3.7314715	19.668282	15.505754	../../benchmark_data/class-i/pdb/8wul_pmhc_tcr.pdb	../pred_pdb/protenix_v2/pmhc_tcr/classI/classI_protenix_v2_no_msa/ranked_0/8wul_pmhc_tcr.pdb	after	ranked_0
56	6zkw	0.056	0.052	15.349	24.524	72.73363636363636	83.612	57.962307692307704	56.410000000000004	50.727999999999994	44.370625	50.46344827586207	53.82068459657701	47.22366666666667	29.95888888888889	46.40153439153439	60.19440909090909	0.5678158	0.25107625	0.70925564	2.3044765	2.610113	4.1670213	8.809442	17.4444	15.323301	1.916408	15.246373	14.818993	../../benchmark_data/class-i/pdb/6zkw_pmhc_tcr.pdb	../pred_pdb/protenix_v2/pmhc_tcr/classI/classI_protenix_v2_no_msa/ranked_1/6zkw_pmhc_tcr.pdb	after	ranked_1
57	6zkx	0.017	0.0	20.289	38.889	73.11545454545455	88.40799999999999	58.96923076923076	55.302	51.568000000000005	44.656875	51.07275862068966	54.215085158150856	47.44055865921788	30.824999999999992	46.39664921465969	61.002909090909085	0.44597134	0.31054717	2.047419	1.8952773	3.140076	3.9981124	11.969712	20.025951	14.526221	3.3284702	15.513815	14.367986	../../benchmark_data/class-i/pdb/6zkx_pmhc_tcr.pdb	../pred_pdb/protenix_v2/pmhc_tcr/classI/classI_protenix_v2_no_msa/ranked_1/6zkx_pmhc_tcr.pdb	after	ranked_1
58	6zky	0.034	0.057	19.34	42.479	73.59363636363636	88.24099999999999	60.05384615384616	54.27900000000001	46.898	43.88875	51.13517241379311	51.02401960784314	41.637277777777776	29.1725	41.10686170212766	59.498681818181815	0.72294325	0.36253208	2.2579634	2.1843138	4.2499847	3.8419437	10.357172	19.55288	17.464508	2.4227843	17.33333	16.240786	../../benchmark_data/class-i/pdb/6zky_pmhc_tcr.pdb	../pred_pdb/protenix_v2/pmhc_tcr/classI/classI_protenix_v2_no_msa/ranked_1/6zky_pmhc_tcr.pdb	after	ranked_1
59	6zkz	0.041	0.068	19.508	37.222	73.11999999999999	86.81899999999999	61.30846153846154	58.806000000000004	45.672999999999995	55.203125	57.94	57.533455882352946	46.00194444444445	33.94	45.48867021276596	67.82627272727272	0.44274813	0.2170238	2.2342486	1.1607221	5.0914035	3.9167337	3.5984538	18.683285	12.8320875	1.5628052	12.898888	7.0199847	../../benchmark_data/class-i/pdb/6zkz_pmhc_tcr.pdb	../pred_pdb/protenix_v2/pmhc_tcr/classI/classI_protenix_v2_no_msa/ranked_1/6zkz_pmhc_tcr.pdb	after	ranked_1
60	7dzm	0.013	0.0	17.722	47.65	42.42833333333333	52.145	39.774	47.485	45.651818181818186	48.759166666666665	43.76740740740741	42.138251231527086	40.87394444444444	32.78666666666666	40.48883597883598	43.57483870967743	3.034224	4.8645983	4.719458	3.334436	3.1648297	5.0884547	8.469108	20.708447	14.123568	2.7849498	15.020751	14.929078	../../benchmark_data/class-i/pdb/7dzm_pmhc_tcr.pdb	../pred_pdb/protenix_v2/pmhc_tcr/classI/classI_protenix_v2_no_msa/ranked_1/7dzm_pmhc_tcr.pdb	after	ranked_1
61	7dzn	0.029	0.024	17.36	35.193	35.77333333333333	43.8075	35.80133333333333	47.39800000000001	44.61818181818182	49.415	41.851851851851855	42.93004938271604	45.97279329608938	32.974444444444444	45.35053191489362	40.83304147465438	4.041341	4.856284	5.865542	3.2736566	2.8837264	5.3304753	8.87206	22.609373	13.920959	4.164548	15.775849	14.622603	../../benchmark_data/class-i/pdb/7dzn_pmhc_tcr.pdb	../pred_pdb/protenix_v2/pmhc_tcr/classI/classI_protenix_v2_no_msa/ranked_1/7dzn_pmhc_tcr.pdb	after	ranked_1
62	7l1d	0.044	0.054	21.054	30.412	71.14	76.08666666666666	56.990769230769224	86.596	89.19500000000001	66.3957894736842	62.575	62.43872860635695	42.95756906077348	54.02777777777777	43.481947368421054	78.8852511415525	2.2164087	2.0620039	1.9726895	0.2677052	0.19985203	6.521953	18.316319	21.329922	17.218517	4.777554	17.367878	16.943056	../../benchmark_data/class-i/pdb/7l1d_pmhc_tcr.pdb	../pred_pdb/protenix_v2/pmhc_tcr/classI/classI_protenix_v2_no_msa/ranked_1/7l1d_pmhc_tcr.pdb	after	ranked_1
63	7n2n	0.019	0.018	20.34	45.554	39.75636363636364	38.919000000000004	35.849411764705884	38.04700000000001	39.291	34.29866666666667	35.1225	39.47198547215496	41.68591160220995	28.765555555555554	41.07389473684211	38.107130044843046	2.086559	5.4974737	6.1617675	3.1307402	3.2064962	6.7082887	11.485113	23.453606	17.175817	1.635478	18.569311	18.070267	../../benchmark_data/class-i/pdb/7n2n_pmhc_tcr.pdb	../pred_pdb/protenix_v2/pmhc_tcr/classI/classI_protenix_v2_no_msa/ranked_1/7n2n_pmhc_tcr.pdb	after	ranked_1
64	7n2o	0.017	0.017	20.834	48.441	40.45636363636364	40.311	35.78529411764706	37.989999999999995	40.277	34.24066666666668	35.06125	39.10709443099274	40.300497237569054	29.513333333333335	39.78952631578946	38.525650224215234	2.4176471	5.247526	7.4157133	3.114213	2.8220105	4.3595743	11.253666	22.622623	14.290487	1.8356881	15.085924	18.52307	../../benchmark_data/class-i/pdb/7n2o_pmhc_tcr.pdb	../pred_pdb/protenix_v2/pmhc_tcr/classI/classI_protenix_v2_no_msa/ranked_1/7n2o_pmhc_tcr.pdb	after	ranked_1
65	7n2p	0.011	0.0	16.304	52.795	78.96636363636364	87.155	81.42181818181818	89.95299999999999	92.80499999999999	79.35866666666665	80.23153846153846	65.94265356265356	43.43966850828729	32.851111111111116	42.938105263157894	86.08488479262672	0.5712965	0.46962428	1.1976352	0.23036301	0.18365464	1.4825721	6.9941554	20.38987	14.893303	2.204418	15.582949	14.339145	../../benchmark_data/class-i/pdb/7n2p_pmhc_tcr.pdb	../pred_pdb/protenix_v2/pmhc_tcr/classI/classI_protenix_v2_no_msa/ranked_1/7n2p_pmhc_tcr.pdb	after	ranked_1
66	7n2q	0.01	0.0	22.116	53.478	80.75727272727272	88.929	80.72454545454546	90.497	91.83099999999999	75.95066666666665	77.9703846153846	66.98257985257986	45.26270718232044	44.8811111111111	45.24463157894736	86.0158064516129	0.4421184	0.5214573	1.2403312	0.2138541	0.18131168	2.0323584	8.084511	22.346605	16.006838	1.9258896	15.890661	14.253953	../../benchmark_data/class-i/pdb/7n2q_pmhc_tcr.pdb	../pred_pdb/protenix_v2/pmhc_tcr/classI/classI_protenix_v2_no_msa/ranked_1/7n2q_pmhc_tcr.pdb	after	ranked_1
67	7n2r	0.009	0.0	20.994	55.811	80.57454545454546	89.43199999999999	81.65727272727273	90.413	91.49100000000001	78.25600000000001	79.695	66.18341523341525	43.3860773480663	39.45666666666667	43.199947368421064	86.30718894009216	0.79118603	0.44685516	1.0997194	0.25822797	0.17738785	0.9675935	7.05365	21.085854	16.795847	1.8018401	16.526302	14.577264	../../benchmark_data/class-i/pdb/7n2r_pmhc_tcr.pdb	../pred_pdb/protenix_v2/pmhc_tcr/classI/classI_protenix_v2_no_msa/ranked_1/7n2r_pmhc_tcr.pdb	after	ranked_1
68	7n2s	0.033	0.061	19.607	46.096	49.459999999999994	45.85600000000001	51.340625	38.665	38.6	33.19533333333333	42.56064516129032	42.534441747572814	41.78729281767956	35.83111111111111	41.50515789473684	43.41536036036036	2.368581	4.9835362	5.942985	3.72385	2.9684753	2.9539864	13.384749	22.711603	13.2410555	1.8682568	14.377418	18.554022	../../benchmark_data/class-i/pdb/7n2s_pmhc_tcr.pdb	../pred_pdb/protenix_v2/pmhc_tcr/classI/classI_protenix_v2_no_msa/ranked_1/7n2s_pmhc_tcr.pdb	after	ranked_1
69	7n4k	0.037	0.036	20.617	31.162	55.379999999999995	38.05	46.43461538461538	56.778999999999996	51.266999999999996	48.7	47.47291666666666	48.602325	47.56644067796609	44.775999999999996	47.4172192513369	49.64276995305165	2.4232628	4.2723675	1.7174499	2.3935285	2.557838	4.0026045	6.3258495	19.317705	17.219164	4.1374087	17.318123	9.116912	../../benchmark_data/class-i/pdb/7n4k_pmhc_tcr.pdb	../pred_pdb/protenix_v2/pmhc_tcr/classI/classI_protenix_v2_no_msa/ranked_1/7n4k_pmhc_tcr.pdb	after	ranked_1
70	7n5c	0.037	0.07	21.207	43.93	52.54416666666666	37.3325	46.18538461538461	55.20899999999999	51.104	47.88636363636363	46.964999999999996	45.66970297029703	44.07839779005525	33.636	43.53167539267015	47.5869014084507	2.434324	2.9784253	3.4009938	2.413886	2.609347	3.6249993	6.713629	21.08047	18.337542	3.3892224	19.067516	11.811624	../../benchmark_data/class-i/pdb/7n5c_pmhc_tcr.pdb	../pred_pdb/protenix_v2/pmhc_tcr/classI/classI_protenix_v2_no_msa/ranked_1/7n5c_pmhc_tcr.pdb	after	ranked_1
71	7n5p	0.041	0.0	15.153	23.906	53.720833333333324	36.83625	45.99692307692308	55.13399999999999	48.749	51.526363636363634	48.53125	47.40604010025062	48.31414772727273	33.32	47.50801075268816	47.31699530516431	2.3245153	3.45058	5.2970886	2.3233988	1.9363708	4.5710697	9.537621	20.751757	18.712337	3.0455923	19.057236	12.230138	../../benchmark_data/class-i/pdb/7n5p_pmhc_tcr.pdb	../pred_pdb/protenix_v2/pmhc_tcr/classI/classI_protenix_v2_no_msa/ranked_1/7n5p_pmhc_tcr.pdb	after	ranked_1
72	7na5	0.073	0.082	15.024	22.313	59.35090909090909	63.39777777777778	49.77	59.55099999999999	58.497	48.986666666666665	49.31807692307693	49.782592592592586	44.73372222222222	31.734444444444446	44.114708994709	54.74199074074074	0.6062907	1.4866456	0.644577	1.8162652	5.110925	3.1009953	6.5945582	16.42776	19.458225	2.6472182	19.053951	10.270238	../../benchmark_data/class-i/pdb/7na5_pmhc_tcr.pdb	../pred_pdb/protenix_v2/pmhc_tcr/classI/classI_protenix_v2_no_msa/ranked_1/7na5_pmhc_tcr.pdb	after	ranked_1
73	7ndq	0.047	0.1	16.929	45.288	75.39833333333331	77.95	55.59199999999999	77.488	82.04818181818182	57.787692307692296	56.61142857142858	60.51480392156863	46.48475138121546	31.513333333333335	45.77557894736842	73.36091743119265	0.3407397	0.36512187	2.1162581	0.5854229	0.48360848	2.2011657	6.917866	22.858608	11.498403	2.197046	13.2541895	13.064242	../../benchmark_data/class-i/pdb/7ndq_pmhc_tcr.pdb	../pred_pdb/protenix_v2/pmhc_tcr/classI/classI_protenix_v2_no_msa/ranked_1/7ndq_pmhc_tcr.pdb	after	ranked_1
74	7ndt	0.021	0.033	24.134	51.571	73.37083333333332	60.35125	60.044999999999995	80.543	46.622727272727275	77.49416666666666	68.09846153846155	58.0590099009901	44.30177777777777	44.57125	44.313244680851064	70.02291666666667	1.3759267	4.202814	2.1731038	0.38628748	5.870359	0.500558	14.225269	24.377827	14.86421	2.0873904	17.045317	14.586349	../../benchmark_data/class-i/pdb/7ndt_pmhc_tcr.pdb	../pred_pdb/protenix_v2/pmhc_tcr/classI/classI_protenix_v2_no_msa/ranked_1/7ndt_pmhc_tcr.pdb	after	ranked_1
75	7ndu	0.051	0.108	15.834	44.031	69.82833333333333	74.84125	48.38066666666667	72.276	63.556363636363635	51.431538461538466	49.797142857142866	56.14044226044227	45.320939226519336	31.11625	44.719682539682545	66.04192660550459	0.5770238	0.8147342	3.4540548	0.2476023	1.5763695	3.921882	8.812175	21.144876	15.232411	1.9677447	15.224863	15.055344	../../benchmark_data/class-i/pdb/7ndu_pmhc_tcr.pdb	../pred_pdb/protenix_v2/pmhc_tcr/classI/classI_protenix_v2_no_msa/ranked_1/7ndu_pmhc_tcr.pdb	after	ranked_1
76	7nme	0.026	0.027	18.175	39.348	37.41636363636364	38.23100000000001	37.39615384615385	37.706999999999994	34.17545454545455	37.17818181818182	37.29625000000001	40.31938271604938	42.93453038674033	31.574444444444445	42.396421052631574	38.48386046511627	2.710643	3.0320792	3.7654395	2.6503937	3.413321	4.3124537	10.941441	18.609327	16.076885	1.1628522	15.875222	16.685156	../../benchmark_data/class-i/pdb/7nme_pmhc_tcr.pdb	../pred_pdb/protenix_v2/pmhc_tcr/classI/classI_protenix_v2_no_msa/ranked_1/7nme_pmhc_tcr.pdb	after	ranked_1
77	7nmf	0.035	0.056	17.967	40.272	37.025454545454544	36.824	38.28153846153846	38.306	33.17818181818182	37.796363636363644	38.05916666666667	40.39024691358024	43.0746408839779	31.503333333333337	42.526526315789475	38.50237209302327	2.1092145	5.038475	4.554022	2.8750434	4.9229865	5.562298	11.653898	18.334324	16.094265	3.5856986	15.909648	14.751487	../../benchmark_data/class-i/pdb/7nmf_pmhc_tcr.pdb	../pred_pdb/protenix_v2/pmhc_tcr/classI/classI_protenix_v2_no_msa/ranked_1/7nmf_pmhc_tcr.pdb	after	ranked_1
78	7nmg	0.026	0.028	18.779	39.219	37.278181818181814	37.54299999999999	37.02923076923077	37.943	32.77818181818182	38.00636363636364	37.47708333333333	40.52535802469136	43.651933701657455	30.605555555555554	43.033947368421046	38.308465116279066	3.362265	4.5192456	5.437296	2.66115	5.45144	5.5748177	9.672061	18.977602	15.079713	2.4218829	15.370045	16.471851	../../benchmark_data/class-i/pdb/7nmg_pmhc_tcr.pdb	../pred_pdb/protenix_v2/pmhc_tcr/classI/classI_protenix_v2_no_msa/ranked_1/7nmg_pmhc_tcr.pdb	after	ranked_1
79	7ow5	0.017	0.0	18.459	39.521	37.685833333333335	34.97636363636364	37.863125	41.17700000000001	39.916000000000004	36.9775	37.4203125	39.08542168674699	41.234944444444444	29.921	40.63947368421053	37.77311111111111	2.86864	1.2583051	4.652987	3.1629279	1.6597407	4.5724354	9.242162	20.25739	17.231552	3.7812407	17.971024	16.1152	../../benchmark_data/class-i/pdb/7ow5_pmhc_tcr.pdb	../pred_pdb/protenix_v2/pmhc_tcr/classI/classI_protenix_v2_no_msa/ranked_1/7ow5_pmhc_tcr.pdb	after	ranked_1
80	7ow6	0.034	0.0	16.434	26.219	45.26500000000001	40.721818181818186	45.796875	48.31400000000001	43.021	46.806875	46.301874999999995	43.479158653846156	43.13132596685084	31.798000000000002	42.537958115183244	44.27813333333334	2.885799	4.6482635	6.8353014	2.787293	2.9549346	5.6364512	13.572668	18.89946	17.902891	5.63219	18.096355	17.089018	../../benchmark_data/class-i/pdb/7ow6_pmhc_tcr.pdb	../pred_pdb/protenix_v2/pmhc_tcr/classI/classI_protenix_v2_no_msa/ranked_1/7ow6_pmhc_tcr.pdb	after	ranked_1
81	7pb2	0.018	0.0	16.808	39.304	43.48166666666666	36.451818181818176	42.4575	43.441	40.38700000000001	39.53375	40.995625000000004	40.44363855421686	41.91694444444444	29.744999999999997	41.276315789473685	39.74048888888889	2.7143452	2.7076604	4.935648	2.7423	1.2303854	5.50595	7.151101	20.739899	17.4799	6.093117	18.83498	14.456683	../../benchmark_data/class-i/pdb/7pb2_pmhc_tcr.pdb	../pred_pdb/protenix_v2/pmhc_tcr/classI/classI_protenix_v2_no_msa/ranked_1/7pb2_pmhc_tcr.pdb	after	ranked_1
82	7pbe	0.018	0.026	20.357	57.326	60.593636363636364	59.315	50.97166666666666	66.624	67.95363636363635	55.34692307692307	53.2468	49.955358024691364	39.6375138121547	31.150000000000002	39.235473684210525	59.428744186046515	1.5085843	1.4685888	1.4370562	0.68959785	3.3819182	1.1314523	3.1304955	23.347803	16.867308	2.3859572	17.797022	5.38171	../../benchmark_data/class-i/pdb/7pbe_pmhc_tcr.pdb	../pred_pdb/protenix_v2/pmhc_tcr/classI/classI_protenix_v2_no_msa/ranked_1/7pbe_pmhc_tcr.pdb	after	ranked_1
83	7phr	0.013	0.0	16.058	48.115	40.3	47.543	44.346363636363634	42.885000000000005	54.666	45.22923076923077	44.82458333333333	44.6058	44.05425414364641	30.970000000000002	43.43447368421052	45.66557142857143	2.3785067	2.6586022	3.5167866	1.8504156	4.3084607	5.3812504	9.023617	21.60859	14.606809	2.6459136	14.947658	15.574274	../../benchmark_data/class-i/pdb/7phr_pmhc_tcr.pdb	../pred_pdb/protenix_v2/pmhc_tcr/classI/classI_protenix_v2_no_msa/ranked_1/7phr_pmhc_tcr.pdb	after	ranked_1
84	7q99	0.029	0.0	17.866	28.818	38.589090909090906	44.10666666666667	41.32090909090909	36.704545454545446	37.13666666666667	37.04866666666667	38.856153846153845	38.50221130221131	39.96635359116022	29.877999999999997	39.43816753926702	37.67458333333333	2.3798044	3.8478627	2.2679255	2.2849488	3.990454	2.7827523	8.807683	17.260593	15.177205	2.9692569	16.234259	15.3508415	../../benchmark_data/class-i/pdb/7q99_pmhc_tcr.pdb	../pred_pdb/protenix_v2/pmhc_tcr/classI/classI_protenix_v2_no_msa/ranked_1/7q99_pmhc_tcr.pdb	after	ranked_1
85	7q9a	0.018	0.013	17.385	45.305	38.193636363636365	44.92111111111112	41.79363636363637	36.23727272727273	38.03333333333333	37.582666666666675	39.36423076923077	38.59911547911548	39.892265193370164	32.3	39.49476439790577	37.80712962962963	2.202122	3.874077	6.992545	2.2250137	3.5599883	4.422761	12.985392	20.304478	19.517393	2.2558284	20.482214	18.061354	../../benchmark_data/class-i/pdb/7q9a_pmhc_tcr.pdb	../pred_pdb/protenix_v2/pmhc_tcr/classI/classI_protenix_v2_no_msa/ranked_1/7q9a_pmhc_tcr.pdb	after	ranked_1
86	7q9b	0.081	0.113	14.351	23.116	60.622727272727275	64.2988888888889	53.3475	47.091	45.982	46.477500000000006	48.767500000000005	48.7176049382716	43.946961325966846	31.374000000000002	43.28869109947644	53.56303738317756	2.1168802	1.5013665	4.7032638	1.9988983	3.3771434	7.169249	11.077075	14.6714735	14.319657	2.3316603	14.0686245	11.463884	../../benchmark_data/class-i/pdb/7q9b_pmhc_tcr.pdb	../pred_pdb/protenix_v2/pmhc_tcr/classI/classI_protenix_v2_no_msa/ranked_1/7q9b_pmhc_tcr.pdb	after	ranked_1
87	7qpj	0.046	0.072	15.795	34.237	63.74636363636364	56.52111111111111	64.57923076923076	67.066	57.24300000000001	61.776363636363634	63.29458333333334	53.97451612903227	45.19566666666667	32.24777777777777	44.579100529100536	62.272336448598125	1.9061913	3.4477026	0.757017	2.412889	5.160817	3.0269277	2.3014627	15.68612	13.56578	2.1489303	13.877195	12.007038	../../benchmark_data/class-i/pdb/7qpj_pmhc_tcr.pdb	../pred_pdb/protenix_v2/pmhc_tcr/classI/classI_protenix_v2_no_msa/ranked_1/7qpj_pmhc_tcr.pdb	after	ranked_1
88	7r80	0.034	0.032	18.165	32.655	75.32636363636364	88.41600000000001	78.77999999999999	66.324	50.529	75.934	77.25535714285715	62.49960880195599	46.25906077348066	35.21111111111111	45.73573684210526	77.04360730593606	2.33741	0.46225455	2.1564403	1.95247	6.2016544	1.8819724	2.2192302	20.584778	13.490782	3.7425652	14.284991	10.191706	../../benchmark_data/class-i/pdb/7r80_pmhc_tcr.pdb	../pred_pdb/protenix_v2/pmhc_tcr/classI/classI_protenix_v2_no_msa/ranked_1/7r80_pmhc_tcr.pdb	after	ranked_1
89	7rk7	0.05	0.03	14.493	24.33	69.30166666666666	76.69	44.477500000000006	60.607000000000006	56.307	50.878	48.03333333333333	51.18310843373494	39.252817679558014	32.62	38.938631578947366	61.52288888888888	0.4913913	0.26423097	3.3394823	0.5027408	4.533507	5.952552	5.56331	16.736956	15.548857	4.296454	17.064901	8.967841	../../benchmark_data/class-i/pdb/7rk7_pmhc_tcr.pdb	../pred_pdb/protenix_v2/pmhc_tcr/classI/classI_protenix_v2_no_msa/ranked_1/7rk7_pmhc_tcr.pdb	after	ranked_1
90	7rm4	0.034	0.021	18.44	30.094	36.559090909090905	39.724000000000004	38.475	43.61600000000001	42.99545454545454	41.08133333333333	39.92296296296296	40.57794621026894	43.48303867403315	29.10777777777778	42.80210526315789	38.6483105022831	3.8483732	4.6031475	3.8798802	2.9955375	5.329171	4.029991	6.2293806	18.476912	15.098657	1.5576869	15.255036	16.633808	../../benchmark_data/class-i/pdb/7rm4_pmhc_tcr.pdb	../pred_pdb/protenix_v2/pmhc_tcr/classI/classI_protenix_v2_no_msa/ranked_1/7rm4_pmhc_tcr.pdb	after	ranked_1
91	7rrg	0.041	0.079	18.563	43.495	63.657500000000006	57.37625	54.43266666666667	57.864999999999995	59.23454545454546	55.15428571428573	54.781034482758635	50.48897310513448	43.12563535911603	44.24666666666667	43.178736842105266	56.831187214611866	1.2871047	3.6892748	4.019662	1.6823546	2.2663105	5.1312	9.406608	18.517025	18.093086	2.2684815	18.526434	15.923607	../../benchmark_data/class-i/pdb/7rrg_pmhc_tcr.pdb	../pred_pdb/protenix_v2/pmhc_tcr/classI/classI_protenix_v2_no_msa/ranked_1/7rrg_pmhc_tcr.pdb	after	ranked_1
92	7rtr	0.049	0.095	18.866	38.974	35.051818181818184	35.95111111111111	39.92	36.989	35.67909090909091	39.101818181818174	39.51090909090909	38.805356265356274	41.987237569060774	28.452222222222222	41.34610526315789	36.58073732718894	3.1076956	4.124442	2.0317047	2.745312	5.563082	4.4440193	11.774298	18.47024	14.784404	2.938207	16.032047	16.914827	../../benchmark_data/class-i/pdb/7rtr_pmhc_tcr.pdb	../pred_pdb/protenix_v2/pmhc_tcr/classI/classI_protenix_v2_no_msa/ranked_1/7rtr_pmhc_tcr.pdb	after	ranked_1
93	7su9	0.046	0.069	18.937	32.709	49.67583333333334	49.54375	47.50266666666666	49.88700000000001	47.242000000000004	42.95333333333334	45.228	47.68360294117647	44.46894444444444	32.437777777777775	43.89603174603174	50.952328767123284	3.8479958	4.5689425	2.0807405	3.719417	5.330781	2.9564953	8.602732	23.132334	16.148134	4.23977	17.094614	17.527237	../../benchmark_data/class-i/pdb/7su9_pmhc_tcr.pdb	../pred_pdb/protenix_v2/pmhc_tcr/classI/classI_protenix_v2_no_msa/ranked_1/7su9_pmhc_tcr.pdb	after	ranked_1
94	8cx4	0.009	0.0	21.559	54.73	76.30000000000001	88.30499999999999	55.968823529411765	59.226	63.272000000000006	50.806666666666665	53.5490625	54.463777239709444	43.86033149171271	40.19444444444444	43.68668421052631	63.64605381165919	0.9143786	0.43519783	6.933768	0.8245246	1.1191274	7.3697596	10.634365	19.15324	17.165638	1.9989232	16.895815	15.541579	../../benchmark_data/class-i/pdb/8cx4_pmhc_tcr.pdb	../pred_pdb/protenix_v2/pmhc_tcr/classI/classI_protenix_v2_no_msa/ranked_1/8cx4_pmhc_tcr.pdb	after	ranked_1
95	8d5q	0.01	0.0	17.748	56.212	44.49272727272727	62.538	44.510625000000005	44.18000000000001	67.04363636363637	41.09666666666667	42.85870967741936	46.754019607843134	41.926818181818184	28.514999999999997	41.20575268817205	51.402567567567566	3.236695	2.841853	3.1355891	2.6945152	0.5636439	3.2086184	6.947567	22.779388	18.908045	2.7492676	18.855818	15.453859	../../benchmark_data/class-i/pdb/8d5q_pmhc_tcr.pdb	../pred_pdb/protenix_v2/pmhc_tcr/classI/classI_protenix_v2_no_msa/ranked_1/8d5q_pmhc_tcr.pdb	after	ranked_1
96	8dnt	0.023	0.014	19.721	37.244	40.63363636363636	45.995555555555555	43.26500000000001	44.586	43.835454545454546	50.559999999999995	47.19307692307692	42.13506142506143	39.99419889502763	34.74111111111111	39.74536842105264	44.22741935483871	2.5012505	3.4802623	4.534475	2.5045743	3.589675	4.206331	6.552033	22.340048	18.302395	4.200048	19.013731	17.123142	../../benchmark_data/class-i/pdb/8dnt_pmhc_tcr.pdb	../pred_pdb/protenix_v2/pmhc_tcr/classI/classI_protenix_v2_no_msa/ranked_1/8dnt_pmhc_tcr.pdb	after	ranked_1
97	8en8	0.029	0.027	19.72	35.867	36.591818181818184	46.855000000000004	39.24857142857143	33.665454545454544	32.80833333333334	33.443333333333335	36.24586206896552	40.54771844660194	44.832055555555556	30.985555555555557	44.17269841269841	37.47542600896861	4.1916575	4.0380435	7.7458386	4.0967007	4.6449065	8.340136	10.344075	18.130537	13.446768	2.3396957	13.7776985	16.738417	../../benchmark_data/class-i/pdb/8en8_pmhc_tcr.pdb	../pred_pdb/protenix_v2/pmhc_tcr/classI/classI_protenix_v2_no_msa/ranked_1/8en8_pmhc_tcr.pdb	after	ranked_1
98	8enh	0.058	0.086	15.877	28.859	36.306363636363635	44.437	44.98285714285714	35.199090909090906	34.594166666666666	38.287333333333336	41.5196551724138	41.36068126520681	44.465754189944136	30.44888888888889	43.79473404255319	39.30865470852018	4.4608517	3.6611674	6.4309564	4.930372	5.163089	6.484818	9.936056	18.973822	17.822441	3.8136108	17.735685	17.428879	../../benchmark_data/class-i/pdb/8enh_pmhc_tcr.pdb	../pred_pdb/protenix_v2/pmhc_tcr/classI/classI_protenix_v2_no_msa/ranked_1/8enh_pmhc_tcr.pdb	after	ranked_1
99	8eo8	0.048	0.0	18.147	21.437	37.46363636363637	45.465	46.29071428571429	35.31363636363636	35.509166666666665	38.763333333333335	42.39724137931034	41.78664233576642	44.37575418994413	31.48	43.75840425531915	40.12434977578476	4.9934945	3.8806822	6.6103377	4.915217	5.070367	5.9077177	9.465968	18.621021	16.608522	3.6661427	16.890285	17.480732	../../benchmark_data/class-i/pdb/8eo8_pmhc_tcr.pdb	../pred_pdb/protenix_v2/pmhc_tcr/classI/classI_protenix_v2_no_msa/ranked_1/8eo8_pmhc_tcr.pdb	after	ranked_1
100	8f5a	0.01	0.0	19.358	55.486	66.09545454545456	64.79599999999999	58.93666666666666	53.385000000000005	48.586	56.794999999999995	57.98481481481481	53.854376528117356	49.91707182320442	50.985	49.97298429319372	57.25504587155962	1.9061766	3.1690047	3.0347202	1.6972166	5.1177893	1.661553	9.875789	21.401293	13.884749	4.2269845	16.461954	18.017324	../../benchmark_data/class-i/pdb/8f5a_pmhc_tcr.pdb	../pred_pdb/protenix_v2/pmhc_tcr/classI/classI_protenix_v2_no_msa/ranked_1/8f5a_pmhc_tcr.pdb	after	ranked_1
101	8gom	0.027	0.025	18.517	37.701	61.821666666666665	75.78777777777778	52.92090909090908	80.756	78.25636363636364	60.04933333333334	57.03346153846154	56.10546341463415	41.936574585635356	32.21888888888889	41.47626315789474	68.73977272727274	1.6504296	1.1119195	1.2113525	0.28781313	1.6921607	2.332728	15.2003355	18.961626	17.402405	2.645857	17.299175	17.940914	../../benchmark_data/class-i/pdb/8gom_pmhc_tcr.pdb	../pred_pdb/protenix_v2/pmhc_tcr/classI/classI_protenix_v2_no_msa/ranked_1/8gom_pmhc_tcr.pdb	after	ranked_1
102	8gon	0.034	0.0	17.008	26.24	63.43416666666666	75.75888888888889	55.34818181818182	81.51400000000001	78.61	62.35266666666666	59.38923076923077	56.69873170731707	42.44823204419889	29.492222222222225	41.83452631578948	69.53599999999999	1.210782	1.340158	1.0785617	0.23191029	1.8231016	2.28041	7.0038667	21.968277	14.643887	1.9407313	15.176183	15.824449	../../benchmark_data/class-i/pdb/8gon_pmhc_tcr.pdb	../pred_pdb/protenix_v2/pmhc_tcr/classI/classI_protenix_v2_no_msa/ranked_1/8gon_pmhc_tcr.pdb	after	ranked_1
103	8gvb	0.016	0.0	19.701	41.232	65.07454545454546	63.396363636363624	58.782857142857154	69.162	81.52363636363636	52.26866666666667	55.413448275862066	58.98331707317073	48.45116666666666	30.2275	47.675691489361704	68.55914414414414	1.6236056	2.4247239	2.102076	0.9656224	0.6656479	1.8800745	8.1984825	23.47936	22.387577	2.170732	22.285486	16.727406	../../benchmark_data/class-i/pdb/8gvb_pmhc_tcr.pdb	../pred_pdb/protenix_v2/pmhc_tcr/classI/classI_protenix_v2_no_msa/ranked_1/8gvb_pmhc_tcr.pdb	after	ranked_1
104	8gvg	0.037	0.03	18.032	30.178	43.526363636363634	38.14181818181819	39.79071428571428	40.275	41.537272727272736	38.126666666666665	38.93000000000001	42.671192214111926	44.159281767955804	31.9975	43.64449735449736	41.84256756756756	2.2278535	4.8849406	2.928564	1.6028742	4.297103	7.1665077	11.330429	19.867613	15.258014	1.7017522	15.076305	18.219088	../../benchmark_data/class-i/pdb/8gvg_pmhc_tcr.pdb	../pred_pdb/protenix_v2/pmhc_tcr/classI/classI_protenix_v2_no_msa/ranked_1/8gvg_pmhc_tcr.pdb	after	ranked_1
105	8gvi	0.049	0.0	17.648	21.111	41.56727272727273	43.708181818181814	49.93214285714286	41.426	43.37545454545454	38.56466666666667	44.05241379310345	43.386618004866186	44.00662983425414	31.442500000000003	43.47481481481482	43.31153153153153	2.5354257	3.2499518	5.5429254	1.8605908	4.4829297	4.6132717	11.109585	17.930077	15.679585	1.696849	15.520525	19.208326	../../benchmark_data/class-i/pdb/8gvi_pmhc_tcr.pdb	../pred_pdb/protenix_v2/pmhc_tcr/classI/classI_protenix_v2_no_msa/ranked_1/8gvi_pmhc_tcr.pdb	after	ranked_1
106	8i5c	0.045	0.063	18.565	32.629	45.795454545454554	35.08888888888888	43.560833333333335	47.242	42.246	40.17307692307692	41.7992	43.85641975308641	43.46259668508288	29.86	42.81826315789474	44.773860465116286	3.2613013	1.0945437	2.766656	1.9353545	1.3564413	2.5240128	10.474785	23.329084	15.194228	2.0360627	17.206722	17.685116	../../benchmark_data/class-i/pdb/8i5c_pmhc_tcr.pdb	../pred_pdb/protenix_v2/pmhc_tcr/classI/classI_protenix_v2_no_msa/ranked_1/8i5c_pmhc_tcr.pdb	after	ranked_1
107	8i5d	0.031	0.034	19.829	35.282	39.763	39.839999999999996	38.12583333333333	38.986000000000004	39.88363636363637	37.71	37.894814814814815	41.481831683168316	43.68204419889502	30.05222222222222	43.03642105263158	40.10158878504672	3.0567071	4.351069	4.827261	2.1412475	4.304881	5.236687	9.353277	21.18131	14.456135	2.5473788	15.042617	17.237099	../../benchmark_data/class-i/pdb/8i5d_pmhc_tcr.pdb	../pred_pdb/protenix_v2/pmhc_tcr/classI/classI_protenix_v2_no_msa/ranked_1/8i5d_pmhc_tcr.pdb	after	ranked_1
108	8qfy	0.038	0.0	15.441	24.825	43.39909090909091	40.69555555555556	45.19583333333333	48.039	43.903636363636366	45.314166666666665	45.254999999999995	44.73501234567901	43.399337016574584	30.72555555555556	42.79899999999999	46.44590697674419	2.7306428	5.8291664	3.0292206	2.4540813	7.5198016	1.9660649	10.221815	20.339869	13.234148	3.9375334	14.16829	18.481031	../../benchmark_data/class-i/pdb/8qfy_pmhc_tcr.pdb	../pred_pdb/protenix_v2/pmhc_tcr/classI/classI_protenix_v2_no_msa/ranked_1/8qfy_pmhc_tcr.pdb	after	ranked_1
109	8shi	0.035	0.0	17.945	25.977	39.165	43.123999999999995	40.434705882352944	38.983000000000004	41.18300000000001	39.99928571428571	40.238064516129036	53.686905940594066	68.05222222222223	31.541249999999998	66.49856382978723	42.536018518518524	4.381504	4.452439	4.941024	3.7576911	4.7256093	3.476951	11.416361	19.472523	17.425055	2.310054	17.751482	16.521425	../../benchmark_data/class-i/pdb/8shi_pmhc_tcr.pdb	../pred_pdb/protenix_v2/pmhc_tcr/classI/classI_protenix_v2_no_msa/ranked_1/8shi_pmhc_tcr.pdb	after	ranked_1
110	8wte	0.011	0.0	19.133	50.925	83.19909090909091	83.47555555555556	72.69846153846153	77.218	69.26599999999999	70.893125	71.70241379310345	63.058312958435216	43.08988950276243	41.03888888888889	42.992736842105266	80.46680365296804	0.36711177	0.38752162	1.254555	1.3842108	0.5688234	2.4940042	10.250821	19.942318	16.700495	2.9407675	18.47429	15.652662	../../benchmark_data/class-i/pdb/8wte_pmhc_tcr.pdb	../pred_pdb/protenix_v2/pmhc_tcr/classI/classI_protenix_v2_no_msa/ranked_1/8wte_pmhc_tcr.pdb	after	ranked_1
111	8wul	0.01	0.0	20.509	51.949	82.24909090909091	84.24111111111112	70.29230769230769	77.15	69.72	68.489375	69.29758620689655	63.50202933985331	45.53016574585635	40.89333333333334	45.31052631578947	79.28461187214613	0.49398983	0.21074158	1.2903818	1.3680552	4.397415	2.0655363	9.459202	20.118843	17.90186	3.52826	19.837194	15.9036665	../../benchmark_data/class-i/pdb/8wul_pmhc_tcr.pdb	../pred_pdb/protenix_v2/pmhc_tcr/classI/classI_protenix_v2_no_msa/ranked_1/8wul_pmhc_tcr.pdb	after	ranked_1
112	6zkw	0.039	0.034	15.424	30.078	72.45727272727272	86.751	57.739999999999995	55.38100000000001	50.609	44.00375	50.16137931034482	53.8040097799511	46.79311111111111	35.01555555555555	46.23227513227513	60.30881818181818	0.5648923	0.28722268	1.160874	2.0983205	2.9079785	3.9333036	8.315223	18.606913	13.464827	2.7766526	13.475907	10.3835	../../benchmark_data/class-i/pdb/6zkw_pmhc_tcr.pdb	../pred_pdb/protenix_v2/pmhc_tcr/classI/classI_protenix_v2_no_msa/ranked_2/6zkw_pmhc_tcr.pdb	after	ranked_2
113	6zkx	0.016	0.0	19.68	39.763	72.47636363636364	87.925	57.576153846153844	54.265	47.730000000000004	43.803124999999994	49.97724137931035	53.460608272506086	47.33597765363128	30.608333333333334	46.285026178010476	59.690318181818185	0.43283394	0.24046531	0.8653281	1.2766019	5.142997	4.0096197	8.833154	20.643578	15.811885	2.6005826	16.722994	11.934777	../../benchmark_data/class-i/pdb/6zkx_pmhc_tcr.pdb	../pred_pdb/protenix_v2/pmhc_tcr/classI/classI_protenix_v2_no_msa/ranked_2/6zkx_pmhc_tcr.pdb	after	ranked_2
114	6zky	0.026	0.0	16.722	30.653	74.70181818181818	86.473	59.94384615384615	54.66300000000001	48.055	44.84125	51.61137931034482	52.37100490196078	43.18716666666667	31.942500000000003	42.70867021276595	60.627909090909085	0.5301921	0.35353202	2.172293	2.49224	4.7789164	3.7734277	9.759519	22.485504	17.60433	2.0278358	17.636354	14.205809	../../benchmark_data/class-i/pdb/6zky_pmhc_tcr.pdb	../pred_pdb/protenix_v2/pmhc_tcr/classI/classI_protenix_v2_no_msa/ranked_2/6zky_pmhc_tcr.pdb	after	ranked_2
115	6zkz	0.029	0.034	16.043	39.062	75.61181818181818	88.751	64.20230769230768	58.874	49.681	55.27312499999999	59.27586206896551	56.854166666666664	43.15161111111111	29.49125	42.57031914893618	69.06036363636363	0.8404804	0.24845758	2.0959413	1.8543503	2.5918157	3.9960825	8.35447	16.121313	16.279787	1.7577151	16.54827	11.923659	../../benchmark_data/class-i/pdb/6zkz_pmhc_tcr.pdb	../pred_pdb/protenix_v2/pmhc_tcr/classI/classI_protenix_v2_no_msa/ranked_2/6zkz_pmhc_tcr.pdb	after	ranked_2
116	7dzm	0.026	0.047	16.796	53.876	40.9975	52.12875	38.90999999999999	47.116	44.24272727272727	49.65916666666667	43.687407407407406	41.42012315270936	39.559444444444445	33.09777777777778	39.25174603174602	43.30870967741935	3.6818726	4.902598	4.5247245	2.2435663	3.0153816	4.5237536	8.552497	23.682873	14.055602	3.8346086	14.711583	14.742753	../../benchmark_data/class-i/pdb/7dzm_pmhc_tcr.pdb	../pred_pdb/protenix_v2/pmhc_tcr/classI/classI_protenix_v2_no_msa/ranked_2/7dzm_pmhc_tcr.pdb	after	ranked_2
117	7dzn	0.011	0.0	16.514	54.447	34.482499999999995	43.09375	36.582	45.726	42.88181818181818	48.41166666666666	41.83962962962963	42.61953086419754	45.76418994413408	32.99444444444444	45.15287234042554	40.42474654377881	1.9751289	4.473319	5.0804267	3.554794	3.2599208	5.2244344	11.143276	22.398893	13.644307	3.9392872	14.698061	15.601561	../../benchmark_data/class-i/pdb/7dzn_pmhc_tcr.pdb	../pred_pdb/protenix_v2/pmhc_tcr/classI/classI_protenix_v2_no_msa/ranked_2/7dzn_pmhc_tcr.pdb	after	ranked_2
118	7l1d	0.023	0.041	21.881	55.297	73.27090909090909	76.65777777777778	61.28692307692308	86.503	89.13899999999998	65.72052631578947	63.919374999999995	63.13750611246944	43.43872928176795	57.456666666666656	44.102736842105266	79.65168949771689	1.827145	0.28165835	2.1604064	0.23854567	0.32807487	5.702794	13.077421	21.94006	16.542578	3.464293	17.640924	13.442282	../../benchmark_data/class-i/pdb/7l1d_pmhc_tcr.pdb	../pred_pdb/protenix_v2/pmhc_tcr/classI/classI_protenix_v2_no_msa/ranked_2/7l1d_pmhc_tcr.pdb	after	ranked_2
119	7n2n	0.018	0.018	20.117	46.542	39.07363636363636	39.202	35.58705882352941	38.537000000000006	38.074	36.28	35.911875	39.18651331719129	40.83066298342542	30.63222222222222	40.34757894736842	38.19726457399103	2.5234156	6.0937204	7.0716834	3.4890947	3.624415	6.8313746	10.92518	21.07993	19.58145	2.3995156	19.19751	18.795948	../../benchmark_data/class-i/pdb/7n2n_pmhc_tcr.pdb	../pred_pdb/protenix_v2/pmhc_tcr/classI/classI_protenix_v2_no_msa/ranked_2/7n2n_pmhc_tcr.pdb	after	ranked_2
120	7n2o	0.033	0.068	18.526	52.743	38.46818181818182	39.805	35.86235294117647	38.38600000000001	40.69799999999999	34.58133333333333	35.261875	39.00750605326876	40.73386740331492	32.47333333333333	40.34257894736842	37.86999999999999	2.6113906	6.1540956	5.6514826	3.14935	2.4113839	3.4690976	9.900775	23.614437	17.274076	1.8563297	17.243448	18.7639	../../benchmark_data/class-i/pdb/7n2o_pmhc_tcr.pdb	../pred_pdb/protenix_v2/pmhc_tcr/classI/classI_protenix_v2_no_msa/ranked_2/7n2o_pmhc_tcr.pdb	after	ranked_2
121	7n2p	0.011	0.0	17.99	52.604	78.77	87.176	80.97545454545455	90.17800000000001	92.908	79.89800000000001	80.35384615384615	66.52078624078624	44.491270718232045	34.236666666666665	44.00552631578947	86.23460829493088	0.50320745	0.58063406	1.0876067	0.23864259	0.17345597	0.78966665	7.075579	19.967373	17.66757	2.352384	17.364449	14.4078455	../../benchmark_data/class-i/pdb/7n2p_pmhc_tcr.pdb	../pred_pdb/protenix_v2/pmhc_tcr/classI/classI_protenix_v2_no_msa/ranked_2/7n2p_pmhc_tcr.pdb	after	ranked_2
122	7n2q	0.011	0.0	16.505	54.447	81.30363636363636	88.877	80.84636363636365	90.50800000000001	91.374	77.244	78.76807692307693	66.83174447174446	44.8021546961326	44.72222222222222	44.79836842105262	86.1236405529954	0.4812006	0.539057	1.3133833	0.1623214	0.25238642	1.8447137	6.8139105	20.907795	11.613893	2.0545876	11.760014	14.933576	../../benchmark_data/class-i/pdb/7n2q_pmhc_tcr.pdb	../pred_pdb/protenix_v2/pmhc_tcr/classI/classI_protenix_v2_no_msa/ranked_2/7n2q_pmhc_tcr.pdb	after	ranked_2
123	7n2r	0.011	0.0	17.686	51.443	80.94272727272727	87.323	82.5290909090909	90.419	91.434	78.19133333333333	80.02653846153846	66.40361179361179	44.35370165745856	32.05777777777777	43.771263157894744	86.21995391705067	0.59243023	0.35555345	1.1548429	0.2888417	0.16337334	1.4782681	7.188934	20.498072	16.752869	3.8352017	16.871515	14.527855	../../benchmark_data/class-i/pdb/7n2r_pmhc_tcr.pdb	../pred_pdb/protenix_v2/pmhc_tcr/classI/classI_protenix_v2_no_msa/ranked_2/7n2r_pmhc_tcr.pdb	after	ranked_2
124	7n2s	0.03	0.0	20.629	28.03	49.32272727272727	46.07699999999999	51.026875000000004	38.975	38.396	34.31066666666666	42.93838709677419	42.46805825242718	41.71303867403314	35.42777777777778	41.41531578947368	43.369054054054054	2.0804064	5.0041537	5.8709292	2.1349418	3.5424712	3.2152047	11.846782	21.21887	18.054033	2.2759686	18.40314	18.258738	../../benchmark_data/class-i/pdb/7n2s_pmhc_tcr.pdb	../pred_pdb/protenix_v2/pmhc_tcr/classI/classI_protenix_v2_no_msa/ranked_2/7n2s_pmhc_tcr.pdb	after	ranked_2
125	7n4k	0.045	0.036	13.952	27.388	53.99166666666667	37.88125	45.537692307692296	54.53599999999999	50.807	46.79818181818182	46.11541666666667	47.597225	47.40977401129944	45.119	47.287272727272736	47.86934272300469	2.4977052	3.331325	2.382387	2.2899103	1.8701856	4.134928	7.7982397	21.273552	17.006987	4.1288786	17.062105	8.985513	../../benchmark_data/class-i/pdb/7n4k_pmhc_tcr.pdb	../pred_pdb/protenix_v2/pmhc_tcr/classI/classI_protenix_v2_no_msa/ranked_2/7n4k_pmhc_tcr.pdb	after	ranked_2
126	7n5c	0.019	0.018	20.665	45.401	54.64249999999999	38.81125	46.76846153846154	56.544999999999995	51.885000000000005	49.394545454545444	47.97208333333333	46.11544554455446	43.54906077348066	34.253	43.06235602094241	48.85319248826292	2.574016	3.7826807	2.407199	2.2297733	2.8875644	1.110917	3.63303	20.874668	20.49976	2.1826143	21.972921	11.697728	../../benchmark_data/class-i/pdb/7n5c_pmhc_tcr.pdb	../pred_pdb/protenix_v2/pmhc_tcr/classI/classI_protenix_v2_no_msa/ranked_2/7n5c_pmhc_tcr.pdb	after	ranked_2
127	7n5p	0.017	0.017	19.446	49.476	54.277499999999996	37.44125	47.19461538461538	56.06	51.55799999999999	52.30909090909092	49.53874999999999	48.50025062656642	49.87835227272728	34.512	49.052204301075264	48.01826291079812	2.5002117	2.065319	5.288627	2.245887	2.8420076	4.180419	9.714226	22.292473	16.527742	3.336937	16.813625	17.61461	../../benchmark_data/class-i/pdb/7n5p_pmhc_tcr.pdb	../pred_pdb/protenix_v2/pmhc_tcr/classI/classI_protenix_v2_no_msa/ranked_2/7n5p_pmhc_tcr.pdb	after	ranked_2
128	7na5	0.045	0.02	18.939	24.364	59.802727272727275	63.09222222222221	51.06636363636364	61.458000000000006	60.348	52.09799999999999	51.66153846153847	50.37207407407407	45.07372222222222	33.89555555555555	44.54142857142857	55.47388888888889	0.814503	1.4532921	0.55294245	1.9271516	4.701242	3.0059376	9.986848	18.45146	15.412519	4.9173098	15.997264	13.185725	../../benchmark_data/class-i/pdb/7na5_pmhc_tcr.pdb	../pred_pdb/protenix_v2/pmhc_tcr/classI/classI_protenix_v2_no_msa/ranked_2/7na5_pmhc_tcr.pdb	after	ranked_2
129	7ndq	0.037	0.067	17.074	43.179	75.9475	78.9225	56.84466666666667	78.29799999999999	83.95909090909092	58.11307692307692	57.43357142857143	60.85779411764706	47.22696132596685	30.210000000000004	46.42089473684211	73.4404128440367	1.202669	0.350424	2.1952376	0.5641242	0.49500632	1.4449476	7.236051	23.535412	13.911309	2.997773	15.204861	13.875281	../../benchmark_data/class-i/pdb/7ndq_pmhc_tcr.pdb	../pred_pdb/protenix_v2/pmhc_tcr/classI/classI_protenix_v2_no_msa/ranked_2/7ndq_pmhc_tcr.pdb	after	ranked_2
130	7ndt	0.025	0.049	20.635	58.054	68.965	59.6225	57.36857142857143	76.209	41.89727272727272	70.69583333333333	63.51961538461539	56.555420792079204	43.652055555555556	40.94875	43.53702127659575	67.88625	1.4119183	4.569623	2.2859306	0.42210755	6.516665	0.699192	12.667926	25.32499	14.226826	2.0056744	15.312936	14.486255	../../benchmark_data/class-i/pdb/7ndt_pmhc_tcr.pdb	../pred_pdb/protenix_v2/pmhc_tcr/classI/classI_protenix_v2_no_msa/ranked_2/7ndt_pmhc_tcr.pdb	after	ranked_2
131	7ndu	0.038	0.062	18.595	39.088	71.07	75.95625000000001	49.18666666666666	73.265	58.87363636363636	51.95846153846154	50.473571428571425	56.96203931203931	46.27486187845304	29.35875	45.55883597883598	66.84830275229358	1.1261667	0.80540746	1.9669961	0.5932379	2.8047671	4.1795797	13.242096	22.840624	14.2157345	1.9252069	15.26301	18.762527	../../benchmark_data/class-i/pdb/7ndu_pmhc_tcr.pdb	../pred_pdb/protenix_v2/pmhc_tcr/classI/classI_protenix_v2_no_msa/ranked_2/7ndu_pmhc_tcr.pdb	after	ranked_2
132	7nme	0.037	0.08	17.364	55.334	36.77454545454545	37.878	38.006923076923066	37.511	32.57363636363636	37.878181818181815	37.947916666666664	40.096938271604934	42.67033149171271	30.96555555555556	42.11589473684211	38.31274418604651	2.5959785	4.642722	4.451575	2.6395445	4.1340632	6.393249	11.997951	19.605522	15.288181	1.9524801	15.348038	16.490522	../../benchmark_data/class-i/pdb/7nme_pmhc_tcr.pdb	../pred_pdb/protenix_v2/pmhc_tcr/classI/classI_protenix_v2_no_msa/ranked_2/7nme_pmhc_tcr.pdb	after	ranked_2
133	7nmf	0.033	0.028	17.264	32.387	38.94909090909091	38.35	38.94461538461538	36.859	33.43545454545454	36.905454545454546	38.01	40.17523456790123	42.89198895027624	29.216666666666672	42.24421052631579	38.34683720930232	2.5333128	2.169528	4.2525096	3.1886156	4.591371	6.669783	11.664861	21.473215	15.543971	1.3925527	16.172825	16.950686	../../benchmark_data/class-i/pdb/7nmf_pmhc_tcr.pdb	../pred_pdb/protenix_v2/pmhc_tcr/classI/classI_protenix_v2_no_msa/ranked_2/7nmf_pmhc_tcr.pdb	after	ranked_2
134	7nmg	0.022	0.014	18.537	39.212	37.43	36.661	38.20384615384615	37.313	33.169090909090905	36.550000000000004	37.44583333333333	40.43562962962963	43.33209944751381	31.596666666666668	42.776210526315786	38.367209302325584	2.6389668	2.9746685	5.7060895	2.6609604	2.593028	5.8453007	9.919062	20.0993	14.950798	2.787194	14.935582	16.109789	../../benchmark_data/class-i/pdb/7nmg_pmhc_tcr.pdb	../pred_pdb/protenix_v2/pmhc_tcr/classI/classI_protenix_v2_no_msa/ranked_2/7nmg_pmhc_tcr.pdb	after	ranked_2
135	7ow5	0.024	0.016	19.453	37.277	39.94166666666667	35.766363636363636	39.91374999999999	41.956999999999994	40.485	37.121875	38.51781249999999	39.72428915662651	41.85672222222222	31.110000000000003	41.291105263157895	38.4012	2.803454	3.1205645	5.0735927	3.223891	0.86742014	4.9426355	8.360513	18.75617	17.647253	2.8885827	17.810635	14.857166	../../benchmark_data/class-i/pdb/7ow5_pmhc_tcr.pdb	../pred_pdb/protenix_v2/pmhc_tcr/classI/classI_protenix_v2_no_msa/ranked_2/7ow5_pmhc_tcr.pdb	after	ranked_2
136	7ow6	0.019	0.015	17.441	44.749	45.61916666666667	40.235454545454544	45.601875	45.642	41.544000000000004	43.424375	44.513125	42.426875	42.64337016574586	31.578000000000003	42.06403141361257	42.73488888888889	1.9230208	4.8795996	6.5648603	3.17198	3.3119001	6.8399744	9.165317	20.840197	17.08253	2.9962409	17.02539	14.284012	../../benchmark_data/class-i/pdb/7ow6_pmhc_tcr.pdb	../pred_pdb/protenix_v2/pmhc_tcr/classI/classI_protenix_v2_no_msa/ranked_2/7ow6_pmhc_tcr.pdb	after	ranked_2
137	7pb2	0.02	0.0	17.759	36.323	44.32916666666668	37.31727272727273	42.792500000000004	43.054	40.284000000000006	38.66375000000001	40.728125000000006	40.013156626506024	40.6145	29.859	40.048421052631575	39.98337777777779	2.3035004	3.2182994	8.193833	2.2374718	1.6640179	6.8203936	9.453138	18.959717	14.352507	5.9950886	15.334168	12.822072	../../benchmark_data/class-i/pdb/7pb2_pmhc_tcr.pdb	../pred_pdb/protenix_v2/pmhc_tcr/classI/classI_protenix_v2_no_msa/ranked_2/7pb2_pmhc_tcr.pdb	after	ranked_2
138	7pbe	0.011	0.0	16.451	53.908	59.55363636363636	60.695	49.5225	62.400999999999996	65.39818181818183	50.216923076923074	49.88360000000001	49.74417283950617	39.83320441988951	28.92	39.31626315789474	58.95953488372093	1.4803965	1.4624673	1.0087333	1.9831378	3.5727015	2.1225727	7.222756	21.694242	16.14308	2.1936908	16.06141	14.963189	../../benchmark_data/class-i/pdb/7pbe_pmhc_tcr.pdb	../pred_pdb/protenix_v2/pmhc_tcr/classI/classI_protenix_v2_no_msa/ranked_2/7pbe_pmhc_tcr.pdb	after	ranked_2
139	7phr	0.022	0.012	18.315	38.514	39.596000000000004	45.834	44.45363636363636	41.70700000000001	53.646	44.216923076923074	44.32541666666666	44.3013	44.479392265193376	30.68111111111111	43.82578947368422	44.73152380952381	0.9106448	4.093176	3.811813	2.5017354	4.4109216	4.206307	9.570171	19.795713	14.342111	2.194437	15.95201	16.157887	../../benchmark_data/class-i/pdb/7phr_pmhc_tcr.pdb	../pred_pdb/protenix_v2/pmhc_tcr/classI/classI_protenix_v2_no_msa/ranked_2/7phr_pmhc_tcr.pdb	after	ranked_2
140	7q99	0.016	0.014	18.524	50.119	37.595454545454544	43.531111111111116	40.23363636363637	38.307272727272725	38.577777777777776	36.82533333333333	38.26730769230769	38.6604914004914	40.52845303867403	31.814999999999998	40.07225130890052	37.412129629629625	2.2447407	3.9881206	5.16719	2.4087389	0.5478718	2.328646	8.780448	19.744394	20.109167	3.469421	20.246767	14.457623	../../benchmark_data/class-i/pdb/7q99_pmhc_tcr.pdb	../pred_pdb/protenix_v2/pmhc_tcr/classI/classI_protenix_v2_no_msa/ranked_2/7q99_pmhc_tcr.pdb	after	ranked_2
141	7q9a	0.014	0.0	17.434	45.14	37.95545454545455	44.04111111111111	40.908181818181816	36.67272727272728	39.010000000000005	38.11866666666666	39.298846153846156	38.98886977886978	40.82187845303868	32.577	40.39020942408377	37.74972222222222	2.5462577	4.380286	2.5491862	1.5332325	2.1982918	2.720823	7.3272066	21.715366	20.114313	1.984285	20.24981	16.037346	../../benchmark_data/class-i/pdb/7q9a_pmhc_tcr.pdb	../pred_pdb/protenix_v2/pmhc_tcr/classI/classI_protenix_v2_no_msa/ranked_2/7q9a_pmhc_tcr.pdb	after	ranked_2
142	7q9b	0.053	0.037	15.908	23.941	59.45636363636365	63.04999999999999	52.28	48.758	46.788	46.825	48.64333333333334	48.33246913580247	44.0814364640884	30.337	43.361832460732984	52.7688785046729	1.8636826	1.5358255	4.427367	1.8146031	2.9774003	8.188254	9.004776	15.858554	14.611866	2.8490617	15.566963	11.622656	../../benchmark_data/class-i/pdb/7q9b_pmhc_tcr.pdb	../pred_pdb/protenix_v2/pmhc_tcr/classI/classI_protenix_v2_no_msa/ranked_2/7q9b_pmhc_tcr.pdb	after	ranked_2
143	7qpj	0.071	0.087	13.782	23.754	62.83818181818181	57.22	62.92692307692308	64.783	53.27299999999999	62.71272727272728	62.82874999999999	53.808610421836235	45.26066666666668	30.275555555555556	44.547089947089944	61.98817757009345	1.5870322	3.0543323	1.4677839	2.092184	4.657404	0.90724033	1.7659769	15.743974	15.073572	2.593644	15.126686	12.388429	../../benchmark_data/class-i/pdb/7qpj_pmhc_tcr.pdb	../pred_pdb/protenix_v2/pmhc_tcr/classI/classI_protenix_v2_no_msa/ranked_2/7qpj_pmhc_tcr.pdb	after	ranked_2
144	7r80	0.024	0.0	13.825	33.307	78.82363636363637	89.724	81.42307692307692	65.85499999999999	49.719	75.68466666666664	78.34892857142857	62.21535452322739	44.75801104972375	34.25222222222222	44.260368421052625	77.79273972602738	2.1484654	0.53790665	2.1106005	2.077135	2.504618	1.96871	2.443332	15.233539	14.026288	4.2257237	14.365953	8.623115	../../benchmark_data/class-i/pdb/7r80_pmhc_tcr.pdb	../pred_pdb/protenix_v2/pmhc_tcr/classI/classI_protenix_v2_no_msa/ranked_2/7r80_pmhc_tcr.pdb	after	ranked_2
145	7rk7	0.05	0.015	13.326	22.811	69.17416666666666	74.02625	45.355625	61.71600000000001	57.35000000000001	52.032500000000006	49.065000000000005	50.99691566265061	38.53779005524862	28.95555555555556	38.083894736842105	61.90124444444444	1.4254553	0.31851882	2.539825	1.6046952	3.3756006	6.2128787	5.586894	16.592741	18.091125	1.6930966	17.908894	7.860356	../../benchmark_data/class-i/pdb/7rk7_pmhc_tcr.pdb	../pred_pdb/protenix_v2/pmhc_tcr/classI/classI_protenix_v2_no_msa/ranked_2/7rk7_pmhc_tcr.pdb	after	ranked_2
146	7rm4	0.027	0.021	16.717	36.56	38.369090909090914	42.003	39.12666666666666	42.826	42.768181818181816	42.07	40.76185185185185	39.864621026894866	41.212099447513815	29.41222222222222	40.65315789473684	39.18050228310503	3.4921365	3.1190765	4.9471526	3.2142575	6.7525935	4.3472576	11.073317	19.251759	16.951038	1.954851	17.459564	16.656939	../../benchmark_data/class-i/pdb/7rm4_pmhc_tcr.pdb	../pred_pdb/protenix_v2/pmhc_tcr/classI/classI_protenix_v2_no_msa/ranked_2/7rm4_pmhc_tcr.pdb	after	ranked_2
147	7rrg	0.019	0.0	20.184	36.646	68.85416666666667	59.445	58.06666666666667	56.663	58.46636363636364	55.360000000000014	56.76	51.23132029339853	43.301215469613254	36.955555555555556	43.00063157894737	58.372100456621	1.9505434	3.7016213	4.0015845	2.160693	4.8229957	5.1673474	10.519236	22.38657	17.015638	2.3035667	17.697563	15.191058	../../benchmark_data/class-i/pdb/7rrg_pmhc_tcr.pdb	../pred_pdb/protenix_v2/pmhc_tcr/classI/classI_protenix_v2_no_msa/ranked_2/7rrg_pmhc_tcr.pdb	after	ranked_2
148	7rtr	0.052	0.032	16.479	23.31	34.98909090909091	34.69555555555556	38.71454545454546	36.19200000000001	35.61090909090909	39.24272727272727	38.97863636363637	37.63299754299754	40.24414364640883	28.582222222222224	39.69173684210526	35.830414746543774	3.42178	3.943816	2.1496305	2.2248445	6.0668173	3.7377114	7.9294834	20.430452	18.78771	3.3871686	18.919382	15.853356	../../benchmark_data/class-i/pdb/7rtr_pmhc_tcr.pdb	../pred_pdb/protenix_v2/pmhc_tcr/classI/classI_protenix_v2_no_msa/ranked_2/7rtr_pmhc_tcr.pdb	after	ranked_2
149	7su9	0.022	0.017	18.205	40.239	47.9025	47.084999999999994	47.232000000000006	47.538	45.61	41.97666666666667	44.60433333333333	46.61977941176471	43.79666666666667	30.10888888888889	43.14486772486772	49.61867579908676	3.921706	3.9299603	3.0344293	3.7216551	5.4066687	3.3574548	7.248101	22.007069	16.742147	4.3481646	16.865753	15.094071	../../benchmark_data/class-i/pdb/7su9_pmhc_tcr.pdb	../pred_pdb/protenix_v2/pmhc_tcr/classI/classI_protenix_v2_no_msa/ranked_2/7su9_pmhc_tcr.pdb	after	ranked_2
150	8cx4	0.019	0.017	19.655	45.193	73.84363636363638	86.396	53.1970588235294	59.96600000000001	64.491	49.40866666666666	51.42125	53.08997578692493	42.49872928176795	38.68555555555555	42.31810526315789	62.267802690582954	0.78425145	0.42433766	6.8959584	0.7624747	1.0649573	8.444769	10.794088	21.103548	19.698103	2.5119557	19.5713	13.827735	../../benchmark_data/class-i/pdb/8cx4_pmhc_tcr.pdb	../pred_pdb/protenix_v2/pmhc_tcr/classI/classI_protenix_v2_no_msa/ranked_2/8cx4_pmhc_tcr.pdb	after	ranked_2
151	8d5q	0.018	0.019	20.994	47.6	43.697272727272725	61.979	42.958749999999995	43.42727272727273	67.21454545454546	40.09933333333334	41.57516129032258	46.666691176470586	41.86386363636363	29.1	41.177634408602145	51.26563063063062	2.8172796	2.8912792	5.5500193	3.5463872	0.8894861	3.7918193	7.5252886	21.746948	17.853024	3.6194396	18.950071	15.291961	../../benchmark_data/class-i/pdb/8d5q_pmhc_tcr.pdb	../pred_pdb/protenix_v2/pmhc_tcr/classI/classI_protenix_v2_no_msa/ranked_2/8d5q_pmhc_tcr.pdb	after	ranked_2
152	8dnt	0.023	0.027	19.53	44.667	40.81818181818182	46.80222222222223	44.084166666666675	43.077000000000005	42.38272727272727	50.84428571428572	47.72423076923077	42.322285012285015	40.10353591160221	35.02777777777778	39.863105263157905	44.47548387096774	2.268848	3.1165302	3.869204	1.7805711	3.4413664	3.7994971	11.785785	22.02419	16.121727	3.1754057	16.264975	16.898333	../../benchmark_data/class-i/pdb/8dnt_pmhc_tcr.pdb	../pred_pdb/protenix_v2/pmhc_tcr/classI/classI_protenix_v2_no_msa/ranked_2/8dnt_pmhc_tcr.pdb	after	ranked_2
153	8en8	0.018	0.0	17.107	37.964	37.25545454545455	47.528000000000006	39.949999999999996	32.797272727272734	32.637499999999996	34.724666666666664	37.24724137931034	40.610995145631065	44.44972222222223	32.343333333333334	43.87322751322752	37.84614349775785	4.0317554	4.192308	7.8503284	4.254551	5.890606	7.1695046	10.469981	22.602158	13.703058	3.3782716	13.785538	18.465206	../../benchmark_data/class-i/pdb/8en8_pmhc_tcr.pdb	../pred_pdb/protenix_v2/pmhc_tcr/classI/classI_protenix_v2_no_msa/ranked_2/8en8_pmhc_tcr.pdb	after	ranked_2
154	8enh	0.042	0.0	18.789	23.135	36.32363636363636	44.955999999999996	43.36642857142857	33.51090909090909	34.26916666666666	35.174	39.12896551724139	40.73379562043796	44.551843575419	28.71888888888889	43.7938829787234	38.153991031390134	3.5093105	3.548787	7.099927	4.858016	4.391415	6.5853553	9.198957	21.139835	18.608067	3.135054	19.62652	17.203278	../../benchmark_data/class-i/pdb/8enh_pmhc_tcr.pdb	../pred_pdb/protenix_v2/pmhc_tcr/classI/classI_protenix_v2_no_msa/ranked_2/8enh_pmhc_tcr.pdb	after	ranked_2
155	8eo8	0.044	0.014	18.288	23.975	36.801818181818184	49.553	47.644999999999996	36.6	38.01416666666667	40.28066666666666	43.83586206896552	43.95245742092458	46.10262569832402	31.744444444444444	45.415265957446806	42.71923766816143	3.6156104	3.8654058	6.6696353	4.3334193	4.0150037	5.0717	14.907976	18.164423	13.960326	2.6164956	15.407966	16.319769	../../benchmark_data/class-i/pdb/8eo8_pmhc_tcr.pdb	../pred_pdb/protenix_v2/pmhc_tcr/classI/classI_protenix_v2_no_msa/ranked_2/8eo8_pmhc_tcr.pdb	after	ranked_2
156	8f5a	0.016	0.0	25.047	39.117	66.85727272727271	63.41199999999999	69.56933333333333	54.338	49.76899999999999	55.857499999999995	63.47518518518519	55.03039119804401	50.93933701657459	42.785999999999994	50.5124607329843	58.98876146788991	1.7577119	3.282949	2.935668	2.1324549	5.7903347	1.6082345	11.950958	23.227274	13.203676	4.0515094	19.792267	17.836037	../../benchmark_data/class-i/pdb/8f5a_pmhc_tcr.pdb	../pred_pdb/protenix_v2/pmhc_tcr/classI/classI_protenix_v2_no_msa/ranked_2/8f5a_pmhc_tcr.pdb	after	ranked_2
157	8gom	0.014	0.013	19.513	53.037	58.0575	72.39333333333335	50.96454545454546	81.108	77.48727272727272	59.71333333333334	56.01192307692308	55.69148780487805	42.085911602209954	31.775555555555556	41.597526315789466	67.86354545454546	1.3623598	1.0943713	1.334279	0.18851297	1.954438	2.3248885	7.085284	21.521782	14.633429	2.6656806	15.230594	14.579271	../../benchmark_data/class-i/pdb/8gom_pmhc_tcr.pdb	../pred_pdb/protenix_v2/pmhc_tcr/classI/classI_protenix_v2_no_msa/ranked_2/8gom_pmhc_tcr.pdb	after	ranked_2
158	8gon	0.025	0.0	18.481	31.301	63.555	75.22111111111111	55.89363636363637	81.807	78.53090909090909	62.95533333333333	59.9676923076923	55.79675609756097	40.2807182320442	31.366666666666667	39.85847368421053	69.56163636363637	1.1062642	1.1052425	1.184298	0.19926922	1.9462476	1.7434765	7.575186	21.099657	16.941044	4.384881	16.750666	15.864921	../../benchmark_data/class-i/pdb/8gon_pmhc_tcr.pdb	../pred_pdb/protenix_v2/pmhc_tcr/classI/classI_protenix_v2_no_msa/ranked_2/8gon_pmhc_tcr.pdb	after	ranked_2
159	8gvb	0.012	0.0	20.592	48.581	64.71636363636364	62.26545454545455	57.68142857142857	71.81400000000001	81.51272727272726	55.018	56.303793103448264	58.48980487804878	47.98905555555555	29.979999999999997	47.22271276595744	68.0313063063063	1.7552596	2.109055	2.1429152	1.2874839	0.7176692	3.8833945	14.874054	23.860754	20.085533	0.98849565	20.226274	17.49049	../../benchmark_data/class-i/pdb/8gvb_pmhc_tcr.pdb	../pred_pdb/protenix_v2/pmhc_tcr/classI/classI_protenix_v2_no_msa/ranked_2/8gvb_pmhc_tcr.pdb	after	ranked_2
160	8gvg	0.014	0.0	17.603	45.256	42.07454545454545	38.34	38.21357142857143	41.119	45.13727272727273	38.96733333333332	38.603448275862064	42.039732360097325	43.35160220994475	33.545	42.93650793650794	41.27626126126126	2.3213687	4.3488355	4.891905	2.1663148	3.9247136	4.4145026	11.961118	20.226454	15.0084505	2.7658865	14.973179	19.359467	../../benchmark_data/class-i/pdb/8gvg_pmhc_tcr.pdb	../pred_pdb/protenix_v2/pmhc_tcr/classI/classI_protenix_v2_no_msa/ranked_2/8gvg_pmhc_tcr.pdb	after	ranked_2
161	8gvi	0.061	0.0	16.398	18.504	41.58545454545455	43.92454545454546	47.15714285714286	39.708000000000006	43.11181818181819	38.56866666666667	42.71482758620689	43.04683698296837	43.77441988950276	31.041249999999998	43.23544973544974	42.886261261261254	2.313874	3.1455004	4.323945	1.7545019	3.779608	4.6038885	9.8687315	16.390175	14.522729	1.6199965	14.489123	17.347015	../../benchmark_data/class-i/pdb/8gvi_pmhc_tcr.pdb	../pred_pdb/protenix_v2/pmhc_tcr/classI/classI_protenix_v2_no_msa/ranked_2/8gvi_pmhc_tcr.pdb	after	ranked_2
162	8i5c	0.025	0.016	18.047	35.725	46.857272727272736	36.638888888888886	43.240833333333335	45.85	41.068	39.84461538461539	41.474799999999995	43.471851851851845	43.88850828729282	30.226666666666663	43.24136842105263	43.675534883720935	1.1908551	2.6336584	4.127383	1.6414602	0.9046517	3.0957778	12.680348	18.810713	13.077237	4.983991	15.004429	13.813455	../../benchmark_data/class-i/pdb/8i5c_pmhc_tcr.pdb	../pred_pdb/protenix_v2/pmhc_tcr/classI/classI_protenix_v2_no_msa/ranked_2/8i5c_pmhc_tcr.pdb	after	ranked_2
163	8i5d	0.049	0.034	16.308	24.705	39.118	39.482000000000006	37.25583333333333	37.19	40.78727272727273	37.398	37.33481481481481	41.62331683168317	43.63944751381215	30.616666666666667	43.022578947368416	40.380981308411215	2.290527	3.8419003	4.2910767	2.324624	5.323857	3.6925912	8.9178505	19.897678	18.034708	3.3646207	18.74345	17.670622	../../benchmark_data/class-i/pdb/8i5d_pmhc_tcr.pdb	../pred_pdb/protenix_v2/pmhc_tcr/classI/classI_protenix_v2_no_msa/ranked_2/8i5d_pmhc_tcr.pdb	after	ranked_2
164	8qfy	0.031	0.0	18.361	27.854	43.72909090909091	41.57555555555555	43.099999999999994	49.913	46.24818181818183	46.9475	45.02375	45.61965432098765	44.24453038674033	29.893333333333334	43.56473684210526	47.43562790697674	2.4561884	4.7041698	4.342295	2.1207447	5.8296127	2.0675788	10.24945	19.097385	15.209672	2.1449392	15.547691	17.112595	../../benchmark_data/class-i/pdb/8qfy_pmhc_tcr.pdb	../pred_pdb/protenix_v2/pmhc_tcr/classI/classI_protenix_v2_no_msa/ranked_2/8qfy_pmhc_tcr.pdb	after	ranked_2
165	8shi	0.033	0.0	18.13	26.441	40.825	44.309000000000005	41.62705882352942	41.132999999999996	41.532	42.08999999999999	41.83612903225807	54.16051980198019	67.71866666666666	31.1625	66.16308510638298	43.71384259259259	4.198267	2.9735975	5.1355	3.798136	4.719502	3.7772393	12.291088	19.86859	17.646288	2.3249476	17.336863	16.413223	../../benchmark_data/class-i/pdb/8shi_pmhc_tcr.pdb	../pred_pdb/protenix_v2/pmhc_tcr/classI/classI_protenix_v2_no_msa/ranked_2/8shi_pmhc_tcr.pdb	after	ranked_2
166	8wte	0.021	0.015	19.703	41.015	84.98545454545456	85.21555555555557	73.79076923076921	77.528	69.679	72.51	73.08413793103449	63.76276283618582	43.6707182320442	41.489999999999995	43.56742105263159	81.28383561643835	0.35913	0.42486054	1.2694343	1.3935585	0.5528066	2.5547163	10.476845	19.046623	15.335196	1.8675547	18.417702	14.349124	../../benchmark_data/class-i/pdb/8wte_pmhc_tcr.pdb	../pred_pdb/protenix_v2/pmhc_tcr/classI/classI_protenix_v2_no_msa/ranked_2/8wte_pmhc_tcr.pdb	after	ranked_2
167	8wul	0.025	0.033	18.563	44.423	82.81090909090909	82.49222222222221	71.02076923076923	76.22900000000001	68.874	67.781875	69.23379310344828	62.553178484107576	43.73132596685083	35.11666666666666	43.32326315789474	79.23666666666666	0.4370437	0.29404694	1.3497514	1.5092129	3.843085	2.5363092	10.458763	20.244808	12.250405	1.3672379	15.348938	15.308811	../../benchmark_data/class-i/pdb/8wul_pmhc_tcr.pdb	../pred_pdb/protenix_v2/pmhc_tcr/classI/classI_protenix_v2_no_msa/ranked_2/8wul_pmhc_tcr.pdb	after	ranked_2
168	6zkw	0.026	0.0	19.061	30.889	72.58363636363636	86.551	57.527692307692305	54.529999999999994	50.392	43.486875	49.78103448275862	53.32119804400978	46.20794444444444	28.99666666666667	45.38835978835979	60.13622727272727	0.4835869	0.23059636	1.9504712	1.9915334	3.472481	3.157123	6.655761	20.189991	13.136395	2.2525709	13.733731	11.61479	../../benchmark_data/class-i/pdb/6zkw_pmhc_tcr.pdb	../pred_pdb/protenix_v2/pmhc_tcr/classI/classI_protenix_v2_no_msa/ranked_3/6zkw_pmhc_tcr.pdb	after	ranked_3
169	6zkx	0.017	0.0	18.89	39.45	71.5690909090909	87.82300000000001	57.78615384615384	54.697	49.07	42.313125	49.24931034482758	52.88771289537713	46.28162011173184	29.94333333333334	45.255130890052364	59.51418181818181	0.5991421	0.3497456	2.2568154	2.0294268	6.577905	6.4799137	10.766738	22.079597	13.749749	1.6968067	14.862276	13.217764	../../benchmark_data/class-i/pdb/6zkx_pmhc_tcr.pdb	../pred_pdb/protenix_v2/pmhc_tcr/classI/classI_protenix_v2_no_msa/ranked_3/6zkx_pmhc_tcr.pdb	after	ranked_3
170	6zky	0.021	0.019	17.881	43.805	75.69090909090909	88.69699999999999	60.79692307692307	55.774	48.43299999999999	46.32375	52.81172413793103	52.77696078431372	43.57238888888888	31.055	43.0397340425532	61.097863636363634	0.49464765	0.3639918	1.9489717	2.3738987	2.783971	4.0143185	8.302899	19.737215	11.295984	2.3762414	11.429721	11.771666	../../benchmark_data/class-i/pdb/6zky_pmhc_tcr.pdb	../pred_pdb/protenix_v2/pmhc_tcr/classI/classI_protenix_v2_no_msa/ranked_3/6zky_pmhc_tcr.pdb	after	ranked_3
171	6zkz	0.019	0.0	17.993	37.026	74.57999999999998	86.97600000000001	62.92384615384616	60.60699999999999	50.542	55.901875000000004	59.0496551724138	57.39865196078432	45.59633333333333	31.221249999999998	44.98462765957447	68.00699999999999	0.85044825	0.23209634	2.1921957	2.3932366	6.9267874	3.8784816	3.5468347	17.569944	15.155484	0.94021016	15.085795	8.70744	../../benchmark_data/class-i/pdb/6zkz_pmhc_tcr.pdb	../pred_pdb/protenix_v2/pmhc_tcr/classI/classI_protenix_v2_no_msa/ranked_3/6zkz_pmhc_tcr.pdb	after	ranked_3
172	7dzm	0.009	0.0	20.632	56.397	41.269999999999996	51.762499999999996	38.58533333333334	51.176	48.8890909090909	51.63	44.38296296296295	42.32359605911331	40.416333333333334	33.65777777777778	40.094497354497356	44.26506912442397	4.10158	4.656781	5.3406587	2.367791	3.1304593	4.811027	14.776495	21.655254	13.800572	3.8969543	14.657241	16.914057	../../benchmark_data/class-i/pdb/7dzm_pmhc_tcr.pdb	../pred_pdb/protenix_v2/pmhc_tcr/classI/classI_protenix_v2_no_msa/ranked_3/7dzm_pmhc_tcr.pdb	after	ranked_3
173	7dzn	0.029	0.024	16.472	34.78	36.78916666666667	42.475	36.858	47.819	45.57090909090909	49.02000000000001	42.263333333333335	43.357925925925926	46.34715083798882	33.45222222222222	45.72984042553191	41.30299539170507	3.3192465	4.8649917	4.9396124	4.042127	2.8905447	5.35518	8.326991	16.981285	12.434037	4.1819787	13.782854	11.370769	../../benchmark_data/class-i/pdb/7dzn_pmhc_tcr.pdb	../pred_pdb/protenix_v2/pmhc_tcr/classI/classI_protenix_v2_no_msa/ranked_3/7dzn_pmhc_tcr.pdb	after	ranked_3
174	7l1d	0.061	0.041	20.474	21.379	73.45363636363636	76.91333333333333	60.87230769230769	87.739	89.45599999999999	66.88368421052631	64.4415625	62.842836185819074	42.90458563535911	56.59	43.55284210526315	79.57844748858447	0.47517058	0.3787904	2.2456057	0.27150723	0.210269	6.0736423	21.50468	24.030603	13.350932	2.2140322	14.48585	19.269691	../../benchmark_data/class-i/pdb/7l1d_pmhc_tcr.pdb	../pred_pdb/protenix_v2/pmhc_tcr/classI/classI_protenix_v2_no_msa/ranked_3/7l1d_pmhc_tcr.pdb	after	ranked_3
175	7n2n	0.031	0.035	19.884	36.057	40.108181818181826	40.147	35.80352941176471	38.684	38.08800000000001	36.935333333333325	36.3340625	39.15653753026634	40.215303867403314	28.830000000000002	39.675999999999995	38.71394618834081	2.0548203	5.5463324	6.6822925	3.5248659	1.6725781	8.1481	11.860393	23.411808	18.93534	2.2149389	19.688847	17.755856	../../benchmark_data/class-i/pdb/7n2n_pmhc_tcr.pdb	../pred_pdb/protenix_v2/pmhc_tcr/classI/classI_protenix_v2_no_msa/ranked_3/7n2n_pmhc_tcr.pdb	after	ranked_3
176	7n2o	0.062	0.119	19.893	33.529	40.53636363636363	40.592000000000006	37.67352941176471	39.034000000000006	39.876000000000005	36.288	37.0240625	39.859418886198554	41.25878453038674	31.34222222222222	40.789052631578954	39.06735426008969	2.1463003	4.369842	4.7737346	3.5026422	3.7331152	6.410193	8.064208	22.77032	19.500807	1.921016	19.433323	18.580418	../../benchmark_data/class-i/pdb/7n2o_pmhc_tcr.pdb	../pred_pdb/protenix_v2/pmhc_tcr/classI/classI_protenix_v2_no_msa/ranked_3/7n2o_pmhc_tcr.pdb	after	ranked_3
177	7n2p	0.008	0.0	20.374	59.743	81.19363636363637	90.44800000000001	82.09181818181817	90.081	92.863	79.75533333333333	80.74384615384614	66.68628992628993	44.26690607734807	35.42	43.84784210526317	86.68308755760368	0.40504023	0.5667642	1.1137486	0.32883966	0.13891684	0.8314064	7.0129213	22.171824	14.681378	1.7248884	14.791041	14.780579	../../benchmark_data/class-i/pdb/7n2p_pmhc_tcr.pdb	../pred_pdb/protenix_v2/pmhc_tcr/classI/classI_protenix_v2_no_msa/ranked_3/7n2p_pmhc_tcr.pdb	after	ranked_3
178	7n2q	0.01	0.0	18.419	53.481	80.74272727272728	87.958	80.55363636363637	90.46199999999999	91.404	76.79666666666667	78.38615384615386	66.61176904176904	44.66281767955801	43.98	44.63047368421053	85.85806451612902	0.88009155	0.62479836	1.0095168	0.19640137	0.19515906	1.3131849	7.2128234	21.204662	15.748463	1.9433706	15.731215	14.674326	../../benchmark_data/class-i/pdb/7n2q_pmhc_tcr.pdb	../pred_pdb/protenix_v2/pmhc_tcr/classI/classI_protenix_v2_no_msa/ranked_3/7n2q_pmhc_tcr.pdb	after	ranked_3
179	7n2r	0.016	0.017	19.032	55.127	83.20363636363636	90.66799999999999	81.69090909090909	89.327	91.36799999999998	77.56400000000001	79.31	66.97083538083538	45.23861878453039	42.99666666666667	45.13242105263158	86.09202764976959	0.4302763	0.5132242	1.1598969	0.22642253	0.23113121	1.3841302	7.737447	21.975939	19.079062	1.9185729	18.804228	14.595177	../../benchmark_data/class-i/pdb/7n2r_pmhc_tcr.pdb	../pred_pdb/protenix_v2/pmhc_tcr/classI/classI_protenix_v2_no_msa/ranked_3/7n2r_pmhc_tcr.pdb	after	ranked_3
180	7n2s	0.013	0.015	20.941	59.815	48.63272727272727	45.642	51.09125	38.673	39.63	34.495333333333335	43.06096774193548	41.484611650485434	39.890607734806636	34.965555555555554	39.65731578947368	43.04851351351351	2.0777469	4.426805	5.5665603	3.2425277	3.2829216	6.414382	8.366374	20.135649	18.320036	1.9858775	18.423737	19.009773	../../benchmark_data/class-i/pdb/7n2s_pmhc_tcr.pdb	../pred_pdb/protenix_v2/pmhc_tcr/classI/classI_protenix_v2_no_msa/ranked_3/7n2s_pmhc_tcr.pdb	after	ranked_3
181	7n4k	0.012	0.0	17.952	49.6	54.65416666666667	38.7375	46.803076923076915	55.879	50.709999999999994	48.50545454545454	47.583333333333336	47.453450000000004	47.16892655367232	38.924	46.72802139037433	48.09032863849766	2.6878157	3.7387297	1.2137321	2.5070543	3.5688965	1.0439513	4.7317	22.199455	17.36423	4.1953406	17.969666	11.328192	../../benchmark_data/class-i/pdb/7n4k_pmhc_tcr.pdb	../pred_pdb/protenix_v2/pmhc_tcr/classI/classI_protenix_v2_no_msa/ranked_3/7n4k_pmhc_tcr.pdb	after	ranked_3
182	7n5c	0.032	0.035	15.989	35.718	53.22583333333333	37.835	45.06000000000001	55.40599999999999	51.395	46.892727272727264	45.9	45.30975247524752	42.84458563535912	32.111000000000004	42.282617801047124	48.02422535211267	2.5086944	2.379721	2.1916664	2.2937324	2.6953866	3.131478	3.1999445	18.005007	17.969015	3.9330077	18.494864	11.176249	../../benchmark_data/class-i/pdb/7n5c_pmhc_tcr.pdb	../pred_pdb/protenix_v2/pmhc_tcr/classI/classI_protenix_v2_no_msa/ranked_3/7n5c_pmhc_tcr.pdb	after	ranked_3
183	7n5p	0.027	0.0	19.049	29.855	53.26	36.915	46.45461538461538	53.227999999999994	49.96	45.70363636363636	46.11041666666667	46.74483709273183	47.42744318181818	33.687	46.68870967741935	46.793849765258216	2.740281	4.766755	5.478455	2.4244392	2.472097	4.4468493	10.3505125	19.83835	18.034136	3.4066265	18.311518	13.651104	../../benchmark_data/class-i/pdb/7n5p_pmhc_tcr.pdb	../pred_pdb/protenix_v2/pmhc_tcr/classI/classI_protenix_v2_no_msa/ranked_3/7n5p_pmhc_tcr.pdb	after	ranked_3
184	7na5	0.042	0.0	15.276	23.405	59.871818181818185	62.34777777777778	49.960909090909084	60.266999999999996	57.266999999999996	50.001999999999995	49.98461538461539	49.39254320987654	43.318888888888885	33.657777777777774	42.858835978835984	55.109537037037036	0.84450155	1.5330133	0.78433955	1.0621171	4.6982913	3.1473002	5.613111	17.101099	16.67088	3.0961468	17.28038	10.510652	../../benchmark_data/class-i/pdb/7na5_pmhc_tcr.pdb	../pred_pdb/protenix_v2/pmhc_tcr/classI/classI_protenix_v2_no_msa/ranked_3/7na5_pmhc_tcr.pdb	after	ranked_3
185	7ndq	0.037	0.067	17.694	43.34	76.38000000000001	78.805	56.342666666666666	77.022	84.05090909090909	57.353076923076934	56.81178571428571	60.43848039215687	46.63309392265194	31.176666666666662	45.90094736842106	73.10880733944954	0.4157385	0.32928646	2.087302	0.6135317	0.54535	2.1634443	10.31193	22.411858	14.819733	2.290387	15.938488	15.611003	../../benchmark_data/class-i/pdb/7ndq_pmhc_tcr.pdb	../pred_pdb/protenix_v2/pmhc_tcr/classI/classI_protenix_v2_no_msa/ranked_3/7ndq_pmhc_tcr.pdb	after	ranked_3
186	7ndt	0.022	0.033	20.748	49.076	72.28083333333335	57.96125	58.987142857142864	74.951	41.87727272727273	70.22833333333332	64.17538461538462	56.58116336633664	43.17911111111111	40.31375	43.057180851063826	68.35203703703704	1.4407147	4.723173	2.201333	0.45159784	4.967978	0.26919228	16.076256	22.606583	14.3385725	1.9892966	14.872315	14.169684	../../benchmark_data/class-i/pdb/7ndt_pmhc_tcr.pdb	../pred_pdb/protenix_v2/pmhc_tcr/classI/classI_protenix_v2_no_msa/ranked_3/7ndt_pmhc_tcr.pdb	after	ranked_3
187	7ndu	0.04	0.062	18.094	35.984	70.36833333333334	75.6	48.00933333333333	72.068	63.040000000000006	50.31384615384616	49.079285714285724	55.81171990171991	45.2056906077348	29.9875	44.561534391534394	65.56532110091743	0.5543061	0.7935558	3.3247795	0.3746416	2.1752806	4.28124	13.56387	21.520544	14.852656	2.3234723	15.0651045	16.970701	../../benchmark_data/class-i/pdb/7ndu_pmhc_tcr.pdb	../pred_pdb/protenix_v2/pmhc_tcr/classI/classI_protenix_v2_no_msa/ranked_3/7ndu_pmhc_tcr.pdb	after	ranked_3
188	7nme	0.038	0.027	16.985	29.046	38.67909090909091	38.236000000000004	38.54153846153845	37.124	33.41	36.23636363636363	37.485	39.94518518518518	42.84364640883978	28.54111111111111	42.16615789473684	37.98246511627907	2.6085312	2.1868994	3.5448918	2.9729772	4.9036307	7.32668	12.0805855	21.22658	15.415666	1.4434925	16.131933	16.62768	../../benchmark_data/class-i/pdb/7nme_pmhc_tcr.pdb	../pred_pdb/protenix_v2/pmhc_tcr/classI/classI_protenix_v2_no_msa/ranked_3/7nme_pmhc_tcr.pdb	after	ranked_3
189	7nmf	0.019	0.014	16.284	44.621	38.42	38.004999999999995	37.58769230769231	39.06400000000001	33.700909090909086	39.61363636363637	38.51625	40.825950617283944	43.1278453038674	30.494444444444444	42.52942105263158	39.320558139534874	3.3815336	4.133663	5.3621473	2.8990803	4.217495	6.230471	9.819943	18.43375	15.47304	2.08407	15.643577	16.721493	../../benchmark_data/class-i/pdb/7nmf_pmhc_tcr.pdb	../pred_pdb/protenix_v2/pmhc_tcr/classI/classI_protenix_v2_no_msa/ranked_3/7nmf_pmhc_tcr.pdb	after	ranked_3
190	7nmg	0.02	0.014	18.106	42.69	37.697272727272725	37.198	36.690000000000005	36.424	33.29363636363636	36.942727272727275	36.80583333333333	39.300543209876544	41.47734806629834	31.547777777777778	41.007	37.792511627906975	3.036457	4.60403	5.148361	2.4527009	4.53566	4.334034	9.061609	21.297337	12.858699	3.141774	13.361639	18.084864	../../benchmark_data/class-i/pdb/7nmg_pmhc_tcr.pdb	../pred_pdb/protenix_v2/pmhc_tcr/classI/classI_protenix_v2_no_msa/ranked_3/7nmg_pmhc_tcr.pdb	after	ranked_3
191	7ow5	0.034	0.062	18.402	46.05	42.11916666666667	36.721818181818186	43.573125000000005	41.836	39.783	38.574374999999996	41.07375	40.30881927710844	41.55977777777778	30.519	40.97868421052632	39.74315555555555	2.653877	2.8258457	4.4525523	2.8262918	1.7063625	2.9763272	13.131244	25.321133	15.6008415	3.6996372	16.353708	18.134165	../../benchmark_data/class-i/pdb/7ow5_pmhc_tcr.pdb	../pred_pdb/protenix_v2/pmhc_tcr/classI/classI_protenix_v2_no_msa/ranked_3/7ow5_pmhc_tcr.pdb	after	ranked_3
192	7ow6	0.035	0.015	17.714	28.232	45.94583333333333	41.661818181818184	46.91875	48.947	43.762	47.033125	46.97593750000001	43.69528846153845	43.10292817679559	30.855000000000008	42.46167539267016	44.74248888888889	1.657308	3.4894192	6.240136	2.3899012	3.2901554	5.8173842	14.303984	20.094484	15.398282	4.57929	15.640356	17.522606	../../benchmark_data/class-i/pdb/7ow6_pmhc_tcr.pdb	../pred_pdb/protenix_v2/pmhc_tcr/classI/classI_protenix_v2_no_msa/ranked_3/7ow6_pmhc_tcr.pdb	after	ranked_3
193	7pb2	0.013	0.0	18.105	45.803	45.68083333333334	38.25454545454546	44.333125	41.168	37.10099999999999	38.08625000000001	41.2096875	40.05120481927711	40.633500000000005	30.607999999999997	40.105842105263164	40.005066666666664	2.39275	3.1128767	7.1075683	2.2935848	5.055348	6.3832107	12.083454	24.162563	19.694326	6.3444395	19.556158	16.602905	../../benchmark_data/class-i/pdb/7pb2_pmhc_tcr.pdb	../pred_pdb/protenix_v2/pmhc_tcr/classI/classI_protenix_v2_no_msa/ranked_3/7pb2_pmhc_tcr.pdb	after	ranked_3
194	7pbe	0.027	0.026	19.557	37.435	58.70454545454545	61.37625	49.366666666666674	63.410000000000004	64.3790909090909	51.52384615384616	50.48839999999999	49.422469135802466	39.26966850828729	29.42777777777778	38.80347368421052	58.8066976744186	1.3593915	1.4936396	2.2386453	1.9672506	3.379665	1.6421713	4.558298	18.618773	16.035757	3.1142204	16.200613	11.382656	../../benchmark_data/class-i/pdb/7pbe_pmhc_tcr.pdb	../pred_pdb/protenix_v2/pmhc_tcr/classI/classI_protenix_v2_no_msa/ranked_3/7pbe_pmhc_tcr.pdb	after	ranked_3
195	7phr	0.029	0.0	20.494	28.63	37.431999999999995	45.716	42.78818181818181	41.286	54.495999999999995	44.83153846153846	43.895	43.25365	42.84740331491713	28.863333333333337	42.185	44.220523809523804	3.7834177	2.7252781	4.3777766	2.5767398	4.3104057	5.12696	8.362438	17.62587	15.570693	3.1945074	15.917589	15.395001	../../benchmark_data/class-i/pdb/7phr_pmhc_tcr.pdb	../pred_pdb/protenix_v2/pmhc_tcr/classI/classI_protenix_v2_no_msa/ranked_3/7phr_pmhc_tcr.pdb	after	ranked_3
196	7q99	0.016	0.0	17.16	41.283	37.14	42.90555555555556	39.06636363636364	38.81727272727273	38.20111111111112	37.78	38.324230769230766	39.034496314496316	41.3653591160221	31.922999999999995	40.870994764397906	37.410555555555554	3.137919	4.8045964	3.2788951	1.541865	0.39983135	1.9802539	7.686505	18.9307	16.85367	5.052111	16.768194	12.438637	../../benchmark_data/class-i/pdb/7q99_pmhc_tcr.pdb	../pred_pdb/protenix_v2/pmhc_tcr/classI/classI_protenix_v2_no_msa/ranked_3/7q99_pmhc_tcr.pdb	after	ranked_3
197	7q9a	0.017	0.0	16.245	39.825	38.12363636363636	43.43333333333334	39.835454545454546	35.63	37.51	37.086000000000006	38.24923076923077	38.02493857493858	40.14900552486188	31.641000000000002	39.70356020942409	36.540601851851854	1.914986	3.5053358	2.5691245	2.359704	4.188952	2.4526584	9.1510105	22.996758	17.616188	2.721942	18.323729	16.235443	../../benchmark_data/class-i/pdb/7q9a_pmhc_tcr.pdb	../pred_pdb/protenix_v2/pmhc_tcr/classI/classI_protenix_v2_no_msa/ranked_3/7q9a_pmhc_tcr.pdb	after	ranked_3
198	7q9b	0.086	0.212	19.27	41.25	58.81636363636364	62.756666666666675	50.9475	48.591	45.371	48.756875	49.48708333333334	47.916345679012345	43.86983425414365	32.608000000000004	43.28020942408377	52.05420560747664	1.898799	1.2183608	3.3021216	2.421595	3.9688363	5.7888894	10.302761	16.99131	14.1840105	2.3683481	14.351791	14.109471	../../benchmark_data/class-i/pdb/7q9b_pmhc_tcr.pdb	../pred_pdb/protenix_v2/pmhc_tcr/classI/classI_protenix_v2_no_msa/ranked_3/7q9b_pmhc_tcr.pdb	after	ranked_3
199	7qpj	0.068	0.0	12.546	17.562	62.75090909090909	56.82444444444444	61.85769230769232	65.428	54.92199999999999	62.046363636363644	61.94416666666666	53.54245657568239	44.63083333333334	31.953333333333333	44.02714285714286	61.946168224299065	1.4927248	2.90789	1.418085	2.4071302	5.078903	0.6670111	1.5775082	14.214044	15.181589	2.9839842	15.254522	12.307037	../../benchmark_data/class-i/pdb/7qpj_pmhc_tcr.pdb	../pred_pdb/protenix_v2/pmhc_tcr/classI/classI_protenix_v2_no_msa/ranked_3/7qpj_pmhc_tcr.pdb	after	ranked_3
200	7r80	0.012	0.0	15.509	51.874	76.96636363636364	88.32199999999999	83.39461538461539	72.04300000000002	58.672000000000004	79.10933333333334	81.09892857142857	62.85647921760392	45.629392265193374	34.96666666666667	45.12431578947368	78.24054794520548	1.9768578	0.487214	2.104407	2.5939832	1.254095	1.9986063	2.4744263	21.621326	13.176326	4.314421	13.094399	6.0694327	../../benchmark_data/class-i/pdb/7r80_pmhc_tcr.pdb	../pred_pdb/protenix_v2/pmhc_tcr/classI/classI_protenix_v2_no_msa/ranked_3/7r80_pmhc_tcr.pdb	after	ranked_3
201	7rk7	0.04	0.0	15.794	24.148	68.88916666666667	74.18375	43.92875	60.922000000000004	57.099000000000004	50.9095	47.80694444444444	50.89886746987951	38.42723756906077	33.126666666666665	38.176157894736846	61.642488888888884	0.9305264	0.20543295	4.1961	0.73241615	3.1718233	6.5600457	6.749179	16.578152	15.329441	3.7433114	15.528435	10.35679	../../benchmark_data/class-i/pdb/7rk7_pmhc_tcr.pdb	../pred_pdb/protenix_v2/pmhc_tcr/classI/classI_protenix_v2_no_msa/ranked_3/7rk7_pmhc_tcr.pdb	after	ranked_3
202	7rm4	0.017	0.021	18.81	52.857	39.125454545454545	41.973	40.04166666666668	42.329	42.09	41.60733333333334	40.91148148148149	40.18295843520783	41.50303867403314	29.938888888888886	40.955263157894734	39.512922374429216	3.176271	3.0122833	5.0447197	3.50959	6.3368707	4.5205626	6.3106823	20.854595	16.78925	2.2901356	16.701923	15.897675	../../benchmark_data/class-i/pdb/7rm4_pmhc_tcr.pdb	../pred_pdb/protenix_v2/pmhc_tcr/classI/classI_protenix_v2_no_msa/ranked_3/7rm4_pmhc_tcr.pdb	after	ranked_3
203	7rrg	0.021	0.016	17.893	41.928	67.27749999999999	59.213750000000005	58.727333333333334	56.778	58.96272727272728	55.199999999999996	57.02448275862069	49.802885085574566	40.088729281767954	37.18333333333334	39.9511052631579	58.35009132420091	1.9628239	2.048603	4.426398	1.7103503	2.1958525	4.795591	9.948191	22.780159	16.104565	2.9373894	16.830997	14.684018	../../benchmark_data/class-i/pdb/7rrg_pmhc_tcr.pdb	../pred_pdb/protenix_v2/pmhc_tcr/classI/classI_protenix_v2_no_msa/ranked_3/7rrg_pmhc_tcr.pdb	after	ranked_3
204	7rtr	0.057	0.079	19.225	27.538	36.04909090909091	37.458888888888886	40.49363636363636	36.977999999999994	35.39272727272728	38.944545454545455	39.71909090909091	38.88095823095823	41.586132596685076	29.872222222222224	41.031263157894735	36.99820276497696	2.271048	3.2199523	2.7878017	2.395919	6.0599427	5.7260327	10.329044	19.102942	16.48738	2.1981764	17.125944	17.728588	../../benchmark_data/class-i/pdb/7rtr_pmhc_tcr.pdb	../pred_pdb/protenix_v2/pmhc_tcr/classI/classI_protenix_v2_no_msa/ranked_3/7rtr_pmhc_tcr.pdb	after	ranked_3
205	7su9	0.051	0.086	18.782	33.781	47.53666666666666	48.426249999999996	46.062666666666665	46.501	47.622	41.91	43.98633333333334	46.74254901960784	43.54144444444444	31.547777777777778	42.97031746031747	49.99803652968037	3.9334867	4.6417727	3.031382	3.871119	5.1217847	2.472634	6.3169065	21.71677	14.820631	4.2406135	14.977214	14.999627	../../benchmark_data/class-i/pdb/7su9_pmhc_tcr.pdb	../pred_pdb/protenix_v2/pmhc_tcr/classI/classI_protenix_v2_no_msa/ranked_3/7su9_pmhc_tcr.pdb	after	ranked_3
206	8cx4	0.05	0.034	16.77	24.332	75.28636363636363	86.024	55.461176470588235	60.165	65.043	50.76733333333333	53.260937500000004	53.91404358353511	43.254861878453035	38.53777777777778	43.03142105263158	63.186233183856494	0.8594171	0.43794703	6.090222	0.81462365	0.9788067	7.9127893	11.861239	16.107819	17.294273	1.7690694	17.043573	12.530406	../../benchmark_data/class-i/pdb/8cx4_pmhc_tcr.pdb	../pred_pdb/protenix_v2/pmhc_tcr/classI/classI_protenix_v2_no_msa/ranked_3/8cx4_pmhc_tcr.pdb	after	ranked_3
207	8d5q	0.011	0.0	18.453	52.325	43.959090909090904	64.502	43.625625	43.81181818181818	68.33272727272728	41.44866666666667	42.57225806451613	46.562598039215686	40.89159090909091	28.360000000000003	40.21784946236559	51.87846846846847	2.874795	2.87754	2.7571993	3.5468452	0.5872033	3.2468681	10.273857	22.197645	17.098135	3.1899076	17.670424	16.145935	../../benchmark_data/class-i/pdb/8d5q_pmhc_tcr.pdb	../pred_pdb/protenix_v2/pmhc_tcr/classI/classI_protenix_v2_no_msa/ranked_3/8d5q_pmhc_tcr.pdb	after	ranked_3
208	8dnt	0.012	0.0	19.616	47.029	41.54636363636364	47.292222222222215	44.40416666666667	43.751999999999995	42.73727272727273	51.465714285714284	48.20653846153846	41.91783783783783	38.95872928176795	33.766666666666666	38.71278947368421	44.72410138248848	2.5555124	3.3433614	4.463607	2.2131808	4.1840973	3.9896333	12.955248	22.143913	16.63694	4.3604293	16.88747	16.668375	../../benchmark_data/class-i/pdb/8dnt_pmhc_tcr.pdb	../pred_pdb/protenix_v2/pmhc_tcr/classI/classI_protenix_v2_no_msa/ranked_3/8dnt_pmhc_tcr.pdb	after	ranked_3
209	8en8	0.056	0.027	16.822	21.621	37.08636363636364	46.741	38.949285714285715	34.056363636363635	32.354166666666664	34.907333333333334	36.858620689655176	40.99359223300971	45.46388888888889	31.88666666666667	44.81735449735449	37.75282511210763	3.1920843	4.0347123	8.382561	4.527921	4.6984415	6.6099086	10.312385	19.140165	13.053496	3.3205886	13.232866	17.623217	../../benchmark_data/class-i/pdb/8en8_pmhc_tcr.pdb	../pred_pdb/protenix_v2/pmhc_tcr/classI/classI_protenix_v2_no_msa/ranked_3/8en8_pmhc_tcr.pdb	after	ranked_3
210	8enh	0.019	0.012	19.298	42.159	34.82545454545455	44.434	44.51642857142857	34.75090909090909	35.4	38.449333333333335	41.37827586206896	41.46715328467153	44.88648044692738	29.63111111111111	44.15617021276596	39.20017937219731	2.8354328	4.097667	6.414848	4.3525877	4.086476	5.6301985	13.182136	22.148384	16.593626	2.1927836	16.697762	19.300312	../../benchmark_data/class-i/pdb/8enh_pmhc_tcr.pdb	../pred_pdb/protenix_v2/pmhc_tcr/classI/classI_protenix_v2_no_msa/ranked_3/8enh_pmhc_tcr.pdb	after	ranked_3
211	8eo8	0.03	0.014	16.81	31.471	37.269999999999996	46.733999999999995	46.88357142857143	34.43363636363636	36.52833333333333	37.97533333333333	42.275862068965516	41.890121654501215	43.83608938547486	29.693333333333335	43.1590425531915	40.82035874439461	5.2102523	4.0956492	6.713532	4.57746	4.062855	5.6281934	10.469391	22.2241	17.844267	2.0210536	17.95689	17.329262	../../benchmark_data/class-i/pdb/8eo8_pmhc_tcr.pdb	../pred_pdb/protenix_v2/pmhc_tcr/classI/classI_protenix_v2_no_msa/ranked_3/8eo8_pmhc_tcr.pdb	after	ranked_3
212	8f5a	0.017	0.014	23.067	45.326	65.97090909090909	60.807	70.73466666666666	53.346000000000004	47.971999999999994	54.82916666666666	63.66555555555556	54.533643031784834	50.743977900552494	42.074000000000005	50.29005235602095	58.25165137614679	1.8090233	3.1802697	2.6335473	1.8732424	6.264674	1.6916507	11.731873	20.538769	13.701048	3.709906	16.952127	17.638882	../../benchmark_data/class-i/pdb/8f5a_pmhc_tcr.pdb	../pred_pdb/protenix_v2/pmhc_tcr/classI/classI_protenix_v2_no_msa/ranked_3/8f5a_pmhc_tcr.pdb	after	ranked_3
213	8gom	0.018	0.025	18.241	56.161	58.3025	73.24777777777778	50.88090909090909	80.63799999999999	76.48454545454545	59.148	55.65038461538462	55.63878048780488	42.41635359116022	32.79777777777778	41.960736842105256	67.45163636363637	1.2969897	1.1160964	1.171215	0.22398087	1.967175	2.1856942	9.450053	20.1225	16.062416	3.9522297	16.107107	15.917938	../../benchmark_data/class-i/pdb/8gom_pmhc_tcr.pdb	../pred_pdb/protenix_v2/pmhc_tcr/classI/classI_protenix_v2_no_msa/ranked_3/8gom_pmhc_tcr.pdb	after	ranked_3
214	8gon	0.019	0.029	18.832	56.769	62.92499999999999	75.94444444444446	53.650909090909096	80.988	78.11272727272727	59.774666666666675	57.183846153846154	56.5610487804878	42.24889502762431	30.278888888888886	41.681894736842104	69.41122727272727	1.4938371	1.1841825	1.2733816	0.2673066	1.8119326	2.5988383	7.0527086	20.76372	17.82618	2.8601646	18.044834	13.609187	../../benchmark_data/class-i/pdb/8gon_pmhc_tcr.pdb	../pred_pdb/protenix_v2/pmhc_tcr/classI/classI_protenix_v2_no_msa/ranked_3/8gon_pmhc_tcr.pdb	after	ranked_3
215	8gvb	0.051	0.076	22.531	30.058	63.29636363636364	63.99363636363638	56.91214285714286	69.15899999999999	80.18272727272726	51.789333333333346	54.26241379310345	56.71331707317073	46.00711111111111	27.541249999999998	45.22132978723405	66.44527027027029	2.2433949	1.2979271	1.7203362	0.9888296	0.65605813	4.641216	9.158445	19.793434	16.11033	1.5466841	15.936725	12.785656	../../benchmark_data/class-i/pdb/8gvb_pmhc_tcr.pdb	../pred_pdb/protenix_v2/pmhc_tcr/classI/classI_protenix_v2_no_msa/ranked_3/8gvb_pmhc_tcr.pdb	after	ranked_3
216	8gvg	0.015	0.0	21.023	42.375	41.22818181818182	37.562727272727265	38.651428571428575	41.768	44.25272727272727	38.30266666666667	38.471034482758625	42.16552311435523	43.646022099447514	32.035	43.15455026455027	41.32351351351352	2.96315	5.1108522	3.9819024	2.1569939	3.9167957	6.7453694	10.544726	19.020185	16.122328	1.8595363	16.113092	15.462602	../../benchmark_data/class-i/pdb/8gvg_pmhc_tcr.pdb	../pred_pdb/protenix_v2/pmhc_tcr/classI/classI_protenix_v2_no_msa/ranked_3/8gvg_pmhc_tcr.pdb	after	ranked_3
217	8gvi	0.059	0.015	16.994	19.933	41.905454545454546	45.13181818181818	48.646428571428565	41.989	44.78727272727272	38.432	43.36310344827586	43.925328467153285	44.28745856353592	32.13125	43.77291005291005	44.05509009009009	2.2938688	3.107632	4.004348	2.461014	4.1221337	4.620639	9.068434	18.004696	18.106417	2.691209	17.920961	17.0366	../../benchmark_data/class-i/pdb/8gvi_pmhc_tcr.pdb	../pred_pdb/protenix_v2/pmhc_tcr/classI/classI_protenix_v2_no_msa/ranked_3/8gvi_pmhc_tcr.pdb	after	ranked_3
218	8i5c	0.039	0.0	17.204	24.414	44.18181818181818	35.26666666666667	42.02166666666666	45.29899999999999	40.157000000000004	40.52846153846154	41.2452	43.231777777777786	42.66154696132597	31.04444444444444	42.11126315789474	44.222	2.089665	2.4037058	2.3408825	1.5632706	1.4951651	3.491462	11.108576	20.035086	14.365899	5.8981075	14.5801735	10.463872	../../benchmark_data/class-i/pdb/8i5c_pmhc_tcr.pdb	../pred_pdb/protenix_v2/pmhc_tcr/classI/classI_protenix_v2_no_msa/ranked_3/8i5c_pmhc_tcr.pdb	after	ranked_3
219	8i5d	0.032	0.0	17.248	27.535	39.071999999999996	39.30300000000001	38.27	37.823	39.33	36.167333333333325	37.101851851851855	40.88309405940594	42.739116022099445	30.077777777777776	42.13936842105264	39.767710280373834	2.2819314	3.7126875	3.5551531	3.1128757	5.1926455	3.20304	8.097704	19.608719	18.597532	1.7581146	18.488235	17.00339	../../benchmark_data/class-i/pdb/8i5d_pmhc_tcr.pdb	../pred_pdb/protenix_v2/pmhc_tcr/classI/classI_protenix_v2_no_msa/ranked_3/8i5d_pmhc_tcr.pdb	after	ranked_3
220	8qfy	0.037	0.0	18.102	24.81	43.01	40.48	45.28833333333333	50.175	45.47090909090909	46.17583333333332	45.73208333333333	44.9724938271605	43.1943093922652	29.918888888888894	42.56547368421053	47.099627906976735	2.728368	4.6698933	3.506533	3.073008	6.517251	3.3721614	10.674905	21.013214	13.258388	2.0747247	14.146473	19.163765	../../benchmark_data/class-i/pdb/8qfy_pmhc_tcr.pdb	../pred_pdb/protenix_v2/pmhc_tcr/classI/classI_protenix_v2_no_msa/ranked_3/8qfy_pmhc_tcr.pdb	after	ranked_3
221	8shi	0.027	0.042	18.619	45.997	40.330999999999996	42.945	40.63823529411765	39.278	40.414	42.019285714285715	41.261935483870964	53.74188118811882	68.00361111111111	30.81625	66.42117021276596	42.70620370370371	4.2391925	4.518917	4.973998	2.583248	4.371785	4.0509777	8.444011	20.874012	17.38896	2.2872646	18.17069	16.672203	../../benchmark_data/class-i/pdb/8shi_pmhc_tcr.pdb	../pred_pdb/protenix_v2/pmhc_tcr/classI/classI_protenix_v2_no_msa/ranked_3/8shi_pmhc_tcr.pdb	after	ranked_3
222	8wte	0.013	0.0	20.221	44.665	84.89909090909092	84.88111111111112	73.60153846153847	77.77399999999999	69.17299999999999	70.954375	72.14103448275861	63.365403422982894	43.2917679558011	44.67666666666667	43.35736842105263	80.72397260273974	0.40891048	0.38633785	1.1873503	1.4338627	0.36698475	2.6223662	10.500493	21.428328	16.55715	1.7959104	18.61766	15.393732	../../benchmark_data/class-i/pdb/8wte_pmhc_tcr.pdb	../pred_pdb/protenix_v2/pmhc_tcr/classI/classI_protenix_v2_no_msa/ranked_3/8wte_pmhc_tcr.pdb	after	ranked_3
223	8wul	0.009	0.0	19.763	58.37	80.73363636363636	81.47666666666667	69.64769230769231	75.686	69.104	67.48875000000001	68.45655172413794	62.45657701711491	43.938011049723755	39.48333333333333	43.727	78.70598173515982	0.54101324	0.26787138	2.0498507	1.3160594	4.290881	2.5361793	10.109721	20.520454	14.576097	4.946984	16.360016	15.95953	../../benchmark_data/class-i/pdb/8wul_pmhc_tcr.pdb	../pred_pdb/protenix_v2/pmhc_tcr/classI/classI_protenix_v2_no_msa/ranked_3/8wul_pmhc_tcr.pdb	after	ranked_3
224	6zkw	0.022	0.017	18.479	40.769	74.34727272727274	87.646	59.22461538461539	55.827999999999996	50.864	44.442499999999995	51.06896551724138	54.08638141809291	46.61377777777778	33.91222222222222	46.00894179894179	61.025636363636366	0.44019532	0.21415558	2.0886397	1.9278895	6.8828382	3.7158778	9.815612	24.778976	14.300304	2.1515403	14.549402	14.819439	../../benchmark_data/class-i/pdb/6zkw_pmhc_tcr.pdb	../pred_pdb/protenix_v2/pmhc_tcr/classI/classI_protenix_v2_no_msa/ranked_4/6zkw_pmhc_tcr.pdb	after	ranked_4
225	6zkx	0.016	0.014	18.542	50.204	71.06454545454545	85.86800000000001	56.969230769230776	55.242	54.090999999999994	44.9725	50.35034482758622	53.817080291970804	47.247988826815636	30.194166666666664	46.17654450261781	60.45045454545454	0.3211541	0.23854585	0.87857586	0.92509073	2.7938092	3.8735247	10.204176	19.277378	13.4818735	8.56743	14.6600065	16.103762	../../benchmark_data/class-i/pdb/6zkx_pmhc_tcr.pdb	../pred_pdb/protenix_v2/pmhc_tcr/classI/classI_protenix_v2_no_msa/ranked_4/6zkx_pmhc_tcr.pdb	after	ranked_4
226	6zky	0.01	0.0	16.404	58.968	73.19636363636363	87.954	58.00307692307694	55.150999999999996	50.077	44.786249999999995	50.71103448275863	52.37526960784314	42.65238888888888	29.618750000000002	42.0977659574468	61.157863636363636	0.5519128	0.3936239	2.176216	2.3817203	2.7420404	3.7114298	6.67839	22.587454	17.126156	2.2279027	16.955923	16.224848	../../benchmark_data/class-i/pdb/6zky_pmhc_tcr.pdb	../pred_pdb/protenix_v2/pmhc_tcr/classI/classI_protenix_v2_no_msa/ranked_4/6zky_pmhc_tcr.pdb	after	ranked_4
227	6zkz	0.021	0.0	18.311	34.615	75.56909090909092	89.48400000000001	62.71384615384616	58.644000000000005	47.264	56.411874999999995	59.23689655172413	58.09174019607843	44.88266666666667	34.06625	44.42239361702128	69.77281818181818	0.5579603	0.19082949	2.051704	1.6930733	5.408501	3.8021781	12.777984	22.355143	16.56003	1.5680687	16.473873	15.794503	../../benchmark_data/class-i/pdb/6zkz_pmhc_tcr.pdb	../pred_pdb/protenix_v2/pmhc_tcr/classI/classI_protenix_v2_no_msa/ranked_4/6zkz_pmhc_tcr.pdb	after	ranked_4
228	7dzm	0.016	0.0	20.257	40.917	41.02166666666667	51.4075	39.50066666666667	50.933	48.64363636363637	50.931666666666665	44.58111111111111	42.12724137931034	39.945611111111106	34.35333333333333	39.67931216931217	44.259308755760365	3.1469026	4.9298525	4.3390374	2.5892456	2.578689	5.0334296	12.981594	22.873335	13.025831	4.074881	13.741554	16.904572	../../benchmark_data/class-i/pdb/7dzm_pmhc_tcr.pdb	../pred_pdb/protenix_v2/pmhc_tcr/classI/classI_protenix_v2_no_msa/ranked_4/7dzm_pmhc_tcr.pdb	after	ranked_4
229	7dzn	0.045	0.095	20.866	45.808	35.97916666666667	44.3925	35.958	46.678000000000004	44.21545454545455	48.134166666666665	41.36962962962962	42.69479012345679	45.55145251396649	32.843333333333334	44.94308510638297	40.746958525345626	2.7676005	4.1616497	5.659636	3.3191977	3.0690262	6.0016026	9.292872	20.148844	12.862499	4.1822314	13.692294	13.858471	../../benchmark_data/class-i/pdb/7dzn_pmhc_tcr.pdb	../pred_pdb/protenix_v2/pmhc_tcr/classI/classI_protenix_v2_no_msa/ranked_4/7dzn_pmhc_tcr.pdb	after	ranked_4
230	7l1d	0.044	0.041	20.985	27.796	73.95272727272727	79.01444444444445	61.189230769230775	87.68299999999999	89.8	66.29578947368421	64.22125	62.82885085574573	42.34165745856353	56.684444444444445	43.02105263157894	80.01369863013699	0.44927168	0.31757516	2.3848913	0.2472456	0.1850988	5.652008	19.388449	23.030643	14.532213	1.381638	15.940522	18.284424	../../benchmark_data/class-i/pdb/7l1d_pmhc_tcr.pdb	../pred_pdb/protenix_v2/pmhc_tcr/classI/classI_protenix_v2_no_msa/ranked_4/7l1d_pmhc_tcr.pdb	after	ranked_4
231	7n2n	0.036	0.035	17.991	31.867	39.74454545454545	38.971	35.66764705882353	37.461	38.788	37.054	36.317499999999995	38.689661016949145	39.78839779005524	28.586666666666662	39.257789473684205	38.205605381165924	2.6235359	5.2167916	6.896563	3.633719	3.0319974	9.557119	11.013759	21.419405	17.52592	2.083773	18.890675	18.332273	../../benchmark_data/class-i/pdb/7n2n_pmhc_tcr.pdb	../pred_pdb/protenix_v2/pmhc_tcr/classI/classI_protenix_v2_no_msa/ranked_4/7n2n_pmhc_tcr.pdb	after	ranked_4
232	7n2o	0.019	0.017	18.66	46.374	39.63636363636364	39.176	36.057647058823534	37.77	38.523	34.398	35.2796875	38.51348668280872	40.218011049723756	31.536666666666665	39.80678947368421	37.41156950672645	2.718364	5.334976	6.1432943	1.9857812	2.8542871	3.9342167	11.914812	23.19702	17.908073	2.1772335	18.1124	18.5586	../../benchmark_data/class-i/pdb/7n2o_pmhc_tcr.pdb	../pred_pdb/protenix_v2/pmhc_tcr/classI/classI_protenix_v2_no_msa/ranked_4/7n2o_pmhc_tcr.pdb	after	ranked_4
233	7n2p	0.01	0.0	19.148	53.357	79.91818181818182	89.047	82.31636363636363	91.91900000000001	93.175	80.08466666666666	81.02884615384616	66.55457002457003	43.90138121546962	32.757777777777775	43.37352631578947	86.85133640552995	0.496253	0.48457575	1.23395	0.26260948	0.18243073	1.8773806	7.1907973	19.82116	15.317056	1.6984819	15.6727085	14.24347	../../benchmark_data/class-i/pdb/7n2p_pmhc_tcr.pdb	../pred_pdb/protenix_v2/pmhc_tcr/classI/classI_protenix_v2_no_msa/ranked_4/7n2p_pmhc_tcr.pdb	after	ranked_4
234	7n2q	0.019	0.034	19.535	61.816	80.10363636363635	88.833	79.87545454545453	90.367	91.438	76.86999999999999	78.14153846153846	66.97904176904177	45.485082872928174	42.59888888888889	45.34836842105263	85.91834101382489	0.41711974	0.5093341	1.286322	0.22417134	0.1302014	1.5646503	7.0195317	21.86538	18.805477	2.0164516	18.941422	14.512958	../../benchmark_data/class-i/pdb/7n2q_pmhc_tcr.pdb	../pred_pdb/protenix_v2/pmhc_tcr/classI/classI_protenix_v2_no_msa/ranked_4/7n2q_pmhc_tcr.pdb	after	ranked_4
235	7n2r	0.016	0.017	19.996	53.996	78.55454545454546	87.008	80.96636363636362	90.204	91.41499999999999	77.756	79.11423076923077	66.24348894348894	43.789779005524856	38.48111111111112	43.53831578947368	86.12359447004609	0.40828574	0.64153665	1.1532006	0.23183368	0.18864349	1.3593081	7.378518	20.814877	20.043493	2.2811842	19.927715	14.29499	../../benchmark_data/class-i/pdb/7n2r_pmhc_tcr.pdb	../pred_pdb/protenix_v2/pmhc_tcr/classI/classI_protenix_v2_no_msa/ranked_4/7n2r_pmhc_tcr.pdb	after	ranked_4
236	7n2s	0.033	0.03	20.998	33.016	48.040000000000006	43.844	49.681875	37.629000000000005	36.98700000000001	32.897333333333336	41.560322580645156	41.045194174757285	40.00933701657459	35.16444444444445	39.77984210526316	42.12815315315315	1.9722998	5.734261	5.506113	3.4456873	2.9885154	3.7675893	9.620362	21.458654	19.339518	1.8388579	20.18505	19.356556	../../benchmark_data/class-i/pdb/7n2s_pmhc_tcr.pdb	../pred_pdb/protenix_v2/pmhc_tcr/classI/classI_protenix_v2_no_msa/ranked_4/7n2s_pmhc_tcr.pdb	after	ranked_4
237	7n4k	0.052	0.055	13.282	27.367	52.67333333333334	36.5325	44.77307692307693	52.616	48.07299999999999	46.66818181818182	45.64166666666667	46.895149999999994	47.213841807909596	37.245999999999995	46.68080213903743	47.083333333333336	2.6066744	2.1752675	1.8682547	2.274455	4.1805105	4.287235	5.4635124	17.3951	17.303349	4.188129	17.618767	14.25573	../../benchmark_data/class-i/pdb/7n4k_pmhc_tcr.pdb	../pred_pdb/protenix_v2/pmhc_tcr/classI/classI_protenix_v2_no_msa/ranked_4/7n4k_pmhc_tcr.pdb	after	ranked_4
238	7n5c	0.022	0.018	16.752	40.733	54.27166666666667	38.301249999999996	46.18538461538462	54.81299999999999	50.693	46.454545454545446	46.30875	46.093019801980205	43.83613259668508	34.825	43.36434554973822	48.53985915492959	2.504713	3.171304	2.211803	2.3493	2.8790529	0.7820468	2.388294	18.236359	17.87395	2.4655063	18.213785	9.805112	../../benchmark_data/class-i/pdb/7n5c_pmhc_tcr.pdb	../pred_pdb/protenix_v2/pmhc_tcr/classI/classI_protenix_v2_no_msa/ranked_4/7n5c_pmhc_tcr.pdb	after	ranked_4
239	7n5p	0.063	0.085	15.579	26.089	52.695833333333326	37.917500000000004	45.96076923076923	52.247	48.446	45.32363636363636	45.668749999999996	47.051954887218045	48.20295454545454	33.473	47.41102150537635	46.73840375586854	2.6595116	2.5984533	5.2196712	2.3675404	3.1884663	5.0652547	8.679068	18.403658	16.881813	3.705252	17.128513	15.140839	../../benchmark_data/class-i/pdb/7n5p_pmhc_tcr.pdb	../pred_pdb/protenix_v2/pmhc_tcr/classI/classI_protenix_v2_no_msa/ranked_4/7n5p_pmhc_tcr.pdb	after	ranked_4
240	7na5	0.044	0.041	17.744	28.056	59.72727272727273	63.64	50.370909090909095	60.45	59.73100000000001	50.128	50.23076923076922	49.675555555555555	44.35916666666667	31.256666666666668	43.7352380952381	54.87333333333334	0.8986715	1.5626903	1.1254191	1.7287945	5.037386	2.4321713	9.388311	20.576057	17.34242	3.8943808	17.270483	13.340064	../../benchmark_data/class-i/pdb/7na5_pmhc_tcr.pdb	../pred_pdb/protenix_v2/pmhc_tcr/classI/classI_protenix_v2_no_msa/ranked_4/7na5_pmhc_tcr.pdb	after	ranked_4
241	7ndq	0.047	0.083	19.952	35.942	76.26083333333332	78.95875	56.26200000000001	78.513	82.60181818181817	57.26615384615384	56.72821428571428	60.646936274509805	46.45116022099447	31.848888888888887	45.75947368421052	73.622247706422	0.5529471	0.42248014	1.8679081	0.486008	0.5407678	1.8197236	11.81816	22.336582	12.610283	3.1366827	14.640416	18.414705	../../benchmark_data/class-i/pdb/7ndq_pmhc_tcr.pdb	../pred_pdb/protenix_v2/pmhc_tcr/classI/classI_protenix_v2_no_msa/ranked_4/7ndq_pmhc_tcr.pdb	after	ranked_4
242	7ndt	0.038	0.033	20.405	29.62	71.35166666666666	50.1475	60.432857142857145	74.928	40.48909090909091	67.12249999999999	63.520384615384614	54.88413366336634	42.044777777777774	30.025	41.53329787234043	66.50430555555556	1.665027	3.7477353	2.409659	0.402447	6.346547	0.27526227	16.392767	18.066586	12.396359	1.9590334	12.416972	12.476711	../../benchmark_data/class-i/pdb/7ndt_pmhc_tcr.pdb	../pred_pdb/protenix_v2/pmhc_tcr/classI/classI_protenix_v2_no_msa/ranked_4/7ndt_pmhc_tcr.pdb	after	ranked_4
243	7ndu	0.039	0.0	19.277	24.068	70.94583333333333	78.11375000000001	47.82466666666666	71.47399999999999	62.15636363636363	50.348461538461535	48.996428571428574	55.589262899262906	45.52193370165745	29.81	44.8568783068783	64.89394495412844	0.6487279	0.8015285	2.9418948	0.4583443	1.6975608	4.053927	10.622802	19.938496	15.336527	1.4906222	15.237327	13.28276	../../benchmark_data/class-i/pdb/7ndu_pmhc_tcr.pdb	../pred_pdb/protenix_v2/pmhc_tcr/classI/classI_protenix_v2_no_msa/ranked_4/7ndu_pmhc_tcr.pdb	after	ranked_4
244	7nme	0.016	0.0	17.412	40.593	38.00636363636364	39.04600000000001	38.82615384615385	39.41799999999999	34.515454545454546	38.17727272727273	38.528749999999995	41.507777777777775	43.76983425414364	31.24666666666667	43.17663157894737	40.03297674418604	2.3055773	4.50896	4.8559823	2.560935	6.2432675	6.057957	8.944438	20.666142	15.856829	2.090031	15.646405	15.707404	../../benchmark_data/class-i/pdb/7nme_pmhc_tcr.pdb	../pred_pdb/protenix_v2/pmhc_tcr/classI/classI_protenix_v2_no_msa/ranked_4/7nme_pmhc_tcr.pdb	after	ranked_4
245	7nmf	0.032	0.0	15.24	27.9	38.00727272727273	37.003	38.05615384615385	39.23	33.302727272727275	38.24636363636364	38.14333333333333	40.675061728395065	42.795248618784534	30.093333333333337	42.19357894736842	39.33311627906976	2.109972	4.9311557	6.6827526	2.5710657	6.9477973	5.727423	9.24764	20.638964	15.938498	2.5866532	16.108332	16.194012	../../benchmark_data/class-i/pdb/7nmf_pmhc_tcr.pdb	../pred_pdb/protenix_v2/pmhc_tcr/classI/classI_protenix_v2_no_msa/ranked_4/7nmf_pmhc_tcr.pdb	after	ranked_4
246	7nmg	0.038	0.0	14.622	24.866	38.13818181818181	38.096	38.27153846153846	38.997	36.18363636363636	39.07272727272727	38.638749999999995	41.32535802469136	43.704585635359116	31.63444444444444	43.132842105263165	39.7280465116279	3.3028755	4.2835135	5.3709927	2.4128916	3.9006329	5.038376	10.58675	16.797176	15.454978	2.131774	15.153729	16.01045	../../benchmark_data/class-i/pdb/7nmg_pmhc_tcr.pdb	../pred_pdb/protenix_v2/pmhc_tcr/classI/classI_protenix_v2_no_msa/ranked_4/7nmg_pmhc_tcr.pdb	after	ranked_4
247	7ow5	0.024	0.0	19.77	31.801	41.67583333333334	36.13727272727272	43.1275	41.694	38.644000000000005	39.024375	41.075937499999995	39.28713253012048	39.74216666666667	30.851999999999997	39.27426315789474	39.297999999999995	3.292171	4.110525	4.3973284	2.222178	4.0897317	4.8793206	18.017397	22.259638	15.765462	2.5154686	15.454362	14.992317	../../benchmark_data/class-i/pdb/7ow5_pmhc_tcr.pdb	../pred_pdb/protenix_v2/pmhc_tcr/classI/classI_protenix_v2_no_msa/ranked_4/7ow5_pmhc_tcr.pdb	after	ranked_4
248	7ow6	0.047	0.015	16.265	23.181	41.373333333333335	37.58545454545454	41.62	47.045	42.888999999999996	45.34625	43.483125	41.651658653846155	41.63088397790055	32.128	41.13335078534032	42.09164444444444	2.428361	1.9462093	2.8324013	2.770054	2.2671623	5.626444	12.495171	21.482742	16.459558	3.3686106	16.907324	17.565067	../../benchmark_data/class-i/pdb/7ow6_pmhc_tcr.pdb	../pred_pdb/protenix_v2/pmhc_tcr/classI/classI_protenix_v2_no_msa/ranked_4/7ow6_pmhc_tcr.pdb	after	ranked_4
249	7pb2	0.015	0.0	18.773	42.26	44.13999999999999	37.67000000000001	42.481875	41.85	38.604	38.668125	40.575	39.759734939759035	41.12244444444445	29.794999999999998	40.526263157894746	39.11244444444444	2.8384113	2.7972713	5.766639	2.81046	4.3422995	4.245302	9.054264	21.153093	17.50556	6.250542	18.40726	16.812359	../../benchmark_data/class-i/pdb/7pb2_pmhc_tcr.pdb	../pred_pdb/protenix_v2/pmhc_tcr/classI/classI_protenix_v2_no_msa/ranked_4/7pb2_pmhc_tcr.pdb	after	ranked_4
250	7pbe	0.021	0.026	19.642	46.714	58.718181818181826	58.18125	49.13166666666667	65.483	68.03909090909092	53.27307692307692	51.285199999999996	50.324691358024694	39.787458563535914	32.06333333333333	39.421578947368424	59.96000000000001	0.45029867	1.4689133	1.0486854	1.2917755	3.4774854	2.0592768	7.911404	17.173304	16.478348	3.5037742	17.043941	11.570954	../../benchmark_data/class-i/pdb/7pbe_pmhc_tcr.pdb	../pred_pdb/protenix_v2/pmhc_tcr/classI/classI_protenix_v2_no_msa/ranked_4/7pbe_pmhc_tcr.pdb	after	ranked_4
251	7phr	0.019	0.0	17.235	37.055	37.481	43.597	41.522727272727266	39.736000000000004	52.44	46.223846153846154	44.06916666666666	42.28695	41.42729281767955	30.05111111111111	40.888421052631585	43.55228571428571	4.2345047	3.5855634	4.005762	4.03502	4.474838	4.9681287	9.120765	22.392973	16.926004	2.4131942	17.032372	16.23039	../../benchmark_data/class-i/pdb/7phr_pmhc_tcr.pdb	../pred_pdb/protenix_v2/pmhc_tcr/classI/classI_protenix_v2_no_msa/ranked_4/7phr_pmhc_tcr.pdb	after	ranked_4
252	7q99	0.033	0.014	15.826	29.596	37.97090909090909	44.04444444444445	40.72818181818182	38.88454545454545	38.62444444444444	37.68266666666666	38.97115384615384	39.0187714987715	40.721767955801106	30.195	40.170628272251314	38.00023148148148	2.4597893	4.096143	2.4654841	1.768206	0.6293124	2.5029678	7.1481647	19.537449	17.2947	3.839827	17.61901	13.647609	../../benchmark_data/class-i/pdb/7q99_pmhc_tcr.pdb	../pred_pdb/protenix_v2/pmhc_tcr/classI/classI_protenix_v2_no_msa/ranked_4/7q99_pmhc_tcr.pdb	after	ranked_4
253	7q9a	0.046	0.0	17.856	21.958	37.015454545454546	42.17666666666666	39.194545454545455	36.39	38.663333333333334	37.53333333333333	38.23615384615385	38.52894348894349	40.946850828729275	33.160000000000004	40.53916230366492	36.75138888888888	3.2924232	4.2002964	5.3503175	3.082136	0.9317721	2.386511	6.363774	20.155819	16.441154	4.190001	16.473259	15.994723	../../benchmark_data/class-i/pdb/7q9a_pmhc_tcr.pdb	../pred_pdb/protenix_v2/pmhc_tcr/classI/classI_protenix_v2_no_msa/ranked_4/7q9a_pmhc_tcr.pdb	after	ranked_4
254	7q9b	0.059	0.05	15.585	23.148	61.849090909090904	63.24333333333334	53.98125	47.531	46.418000000000006	45.77375	48.50958333333333	48.82162962962963	43.78088397790055	30.871	43.10497382198953	53.92387850467289	2.3894255	1.5834614	4.7681355	2.2018013	3.597909	5.0304403	9.629256	15.711959	15.815439	2.6969755	16.320816	10.44629	../../benchmark_data/class-i/pdb/7q9b_pmhc_tcr.pdb	../pred_pdb/protenix_v2/pmhc_tcr/classI/classI_protenix_v2_no_msa/ranked_4/7q9b_pmhc_tcr.pdb	after	ranked_4
255	7qpj	0.096	0.116	13.658	19.376	62.473636363636366	57.56555555555556	62.17769230769231	65.937	54.266	62.9390909090909	62.526666666666664	53.655086848635236	44.803888888888885	32.96666666666667	44.24021164021164	61.970093457943925	1.3918186	3.332685	1.817941	2.8141632	4.9876423	0.96209383	2.7063756	15.446798	14.928694	2.5969272	16.591621	12.816119	../../benchmark_data/class-i/pdb/7qpj_pmhc_tcr.pdb	../pred_pdb/protenix_v2/pmhc_tcr/classI/classI_protenix_v2_no_msa/ranked_4/7qpj_pmhc_tcr.pdb	after	ranked_4
256	7r80	0.024	0.0	19.203	31.848	75.46727272727273	88.323	78.51615384615386	64.90599999999999	48.361000000000004	75.82400000000001	77.07392857142858	61.44232273838631	44.51281767955801	34.73555555555556	44.04968421052631	76.53182648401827	2.023985	0.44179133	2.058449	2.2488294	5.4272695	1.8680031	2.4405558	19.4231	14.880203	4.1293316	14.71719	9.8099575	../../benchmark_data/class-i/pdb/7r80_pmhc_tcr.pdb	../pred_pdb/protenix_v2/pmhc_tcr/classI/classI_protenix_v2_no_msa/ranked_4/7r80_pmhc_tcr.pdb	after	ranked_4
257	7rk7	0.042	0.015	15.952	25.342	67.87	78.25999999999999	45.468125	60.112	56.887	50.060500000000005	48.01944444444444	51.21378313253012	39.06756906077348	31.834444444444443	38.72494736842105	61.75991111111111	0.9237868	0.70216364	3.2330022	0.58399713	4.2728467	5.8773255	6.4939756	19.220083	14.8928585	2.2138352	14.683297	15.342346	../../benchmark_data/class-i/pdb/7rk7_pmhc_tcr.pdb	../pred_pdb/protenix_v2/pmhc_tcr/classI/classI_protenix_v2_no_msa/ranked_4/7rk7_pmhc_tcr.pdb	after	ranked_4
258	7rm4	0.052	0.062	17.64	27.706	38.20454545454546	40.747	38.69166666666667	43.528000000000006	41.85636363636363	40.13333333333333	39.4925925925926	39.44892420537897	41.38381215469613	29.371111111111116	40.814789473684215	38.263926940639266	3.3968449	3.5359988	4.6972547	3.5034182	6.7785826	4.1534595	10.625565	19.530348	17.164293	2.0301106	16.893826	18.252806	../../benchmark_data/class-i/pdb/7rm4_pmhc_tcr.pdb	../pred_pdb/protenix_v2/pmhc_tcr/classI/classI_protenix_v2_no_msa/ranked_4/7rm4_pmhc_tcr.pdb	after	ranked_4
259	7rrg	0.013	0.0	19.135	45.985	69.605	59.37375	61.59466666666666	56.149	58.532727272727264	55.34499999999999	58.57758620689656	51.53317848410758	42.85453038674033	36.51888888888888	42.554421052631575	59.32296803652968	0.93890816	1.9158875	4.3097506	2.3475006	3.2327578	5.2426414	15.220698	23.662016	18.196375	3.2097237	18.479956	18.504532	../../benchmark_data/class-i/pdb/7rrg_pmhc_tcr.pdb	../pred_pdb/protenix_v2/pmhc_tcr/classI/classI_protenix_v2_no_msa/ranked_4/7rrg_pmhc_tcr.pdb	after	ranked_4
260	7rtr	0.035	0.0	15.526	25.993	37.57636363636364	38.035555555555554	40.79363636363637	37.15	34.83272727272727	38.57	39.68181818181819	38.02815724815725	39.80906077348067	29.60777777777778	39.325842105263156	36.89193548387097	3.2069016	3.1992333	4.978597	2.6920938	4.483574	4.865974	8.942138	19.4875	18.481731	3.747666	18.376371	18.181696	../../benchmark_data/class-i/pdb/7rtr_pmhc_tcr.pdb	../pred_pdb/protenix_v2/pmhc_tcr/classI/classI_protenix_v2_no_msa/ranked_4/7rtr_pmhc_tcr.pdb	after	ranked_4
261	7su9	0.027	0.034	18.719	41.634	48.875	47.7525	46.202	48.717000000000006	45.419999999999995	42.42133333333333	44.31166666666666	46.26299019607844	42.68155555555556	31.13888888888889	42.131904761904764	49.82817351598173	3.8381073	4.7482686	2.930506	3.5967917	5.5086927	3.1901484	4.8708405	20.30505	13.520574	3.6810954	14.101431	13.904452	../../benchmark_data/class-i/pdb/7su9_pmhc_tcr.pdb	../pred_pdb/protenix_v2/pmhc_tcr/classI/classI_protenix_v2_no_msa/ranked_4/7su9_pmhc_tcr.pdb	after	ranked_4
262	8cx4	0.009	0.0	20.021	59.017	75.96636363636365	87.18599999999999	55.18294117647059	59.97299999999999	64.983	50.34733333333333	52.916250000000005	52.7373607748184	42.140220994475136	35.08	41.80578947368421	62.051255605381165	0.9817699	0.42921725	6.937287	1.3716598	1.0036708	7.715516	10.570622	23.919249	19.493765	2.382552	19.184689	7.160812	../../benchmark_data/class-i/pdb/8cx4_pmhc_tcr.pdb	../pred_pdb/protenix_v2/pmhc_tcr/classI/classI_protenix_v2_no_msa/ranked_4/8cx4_pmhc_tcr.pdb	after	ranked_4
263	8d5q	0.016	0.019	18.063	54.752	44.028181818181814	62.73900000000001	42.501875000000005	44.38454545454545	67.37818181818182	41.035333333333334	41.792258064516126	46.446960784313724	40.93534090909091	28.43	40.263010752688174	51.62810810810811	2.5970995	3.0514097	3.5519953	3.0048203	0.8159284	4.6166453	8.417	22.438427	16.30911	2.8030157	17.134897	17.676237	../../benchmark_data/class-i/pdb/8d5q_pmhc_tcr.pdb	../pred_pdb/protenix_v2/pmhc_tcr/classI/classI_protenix_v2_no_msa/ranked_4/8d5q_pmhc_tcr.pdb	after	ranked_4
264	8dnt	0.032	0.014	19.887	29.734	40.61363636363636	46.68222222222222	43.80833333333334	42.894999999999996	43.61	50.69928571428572	47.51884615384615	42.248353808353805	40.12298342541437	33.903333333333336	39.828368421052616	44.367235023041474	2.406734	3.425019	4.64058	1.8430372	5.0070066	3.809945	6.5700397	21.961355	17.354563	4.4586887	17.55618	17.021927	../../benchmark_data/class-i/pdb/8dnt_pmhc_tcr.pdb	../pred_pdb/protenix_v2/pmhc_tcr/classI/classI_protenix_v2_no_msa/ranked_4/8dnt_pmhc_tcr.pdb	after	ranked_4
265	8en8	0.025	0.014	18.964	34.907	37.24545454545454	46.51	40.152857142857144	33.58363636363636	33.66916666666666	33.89066666666667	36.91379310344827	40.33830097087379	43.831722222222226	31.82222222222222	43.25984126984127	37.86219730941704	4.280282	3.870612	7.3595514	3.405321	5.121082	5.2434597	10.885331	22.90861	13.60607	3.583791	13.792227	19.440105	../../benchmark_data/class-i/pdb/8en8_pmhc_tcr.pdb	../pred_pdb/protenix_v2/pmhc_tcr/classI/classI_protenix_v2_no_msa/ranked_4/8en8_pmhc_tcr.pdb	after	ranked_4
266	8enh	0.042	0.0	18.025	23.124	36.2109090909091	43.31	44.630714285714284	34.96636363636364	34.934999999999995	37.96066666666666	41.180689655172415	41.46992700729927	45.452905027932964	28.294444444444444	44.63148936170214	38.80457399103138	3.591502	3.876346	4.900957	4.852563	4.576433	4.6601257	8.002316	19.197329	17.825136	1.7410728	18.874638	17.839947	../../benchmark_data/class-i/pdb/8enh_pmhc_tcr.pdb	../pred_pdb/protenix_v2/pmhc_tcr/classI/classI_protenix_v2_no_msa/ranked_4/8enh_pmhc_tcr.pdb	after	ranked_4
267	8eo8	0.038	0.014	18.808	26.213	35.88545454545454	45.006	45.763571428571424	34.48	35.225	38.24133333333334	41.87275862068965	41.44827250608272	44.75737430167597	29.738888888888887	44.03840425531916	39.264663677130045	3.8810456	3.8697007	5.51931	4.439741	4.9716687	4.0161223	11.843391	19.995996	17.594286	3.4476233	18.141447	18.92481	../../benchmark_data/class-i/pdb/8eo8_pmhc_tcr.pdb	../pred_pdb/protenix_v2/pmhc_tcr/classI/classI_protenix_v2_no_msa/ranked_4/8eo8_pmhc_tcr.pdb	after	ranked_4
268	8f5a	0.015	0.0	22.321	41.326	64.28818181818183	58.898	62.42333333333334	54.830999999999996	49.751999999999995	58.44833333333333	60.656666666666666	54.067408312958435	50.90541436464089	40.062	50.33769633507854	57.33518348623854	1.8653097	3.3449564	2.9207315	1.5336405	5.855595	1.702231	10.486481	23.185238	13.160063	3.6061556	14.496787	17.826433	../../benchmark_data/class-i/pdb/8f5a_pmhc_tcr.pdb	../pred_pdb/protenix_v2/pmhc_tcr/classI/classI_protenix_v2_no_msa/ranked_4/8f5a_pmhc_tcr.pdb	after	ranked_4
269	8gom	0.02	0.025	21.365	47.561	59.48833333333334	73.7988888888889	50.937272727272735	81.169	77.18909090909091	59.183333333333344	55.69461538461539	55.67956097560976	42.04320441988951	29.85111111111111	41.46568421052633	67.95518181818181	1.9410245	0.8827964	1.5299014	0.3290523	1.7270825	1.8091198	10.36381	19.887169	14.651069	3.9137132	15.081066	10.633645	../../benchmark_data/class-i/pdb/8gom_pmhc_tcr.pdb	../pred_pdb/protenix_v2/pmhc_tcr/classI/classI_protenix_v2_no_msa/ranked_4/8gom_pmhc_tcr.pdb	after	ranked_4
270	8gon	0.014	0.014	17.361	58.731	63.4775	76.14111111111112	54.20727272727274	81.29999999999998	77.99	60.18	57.653076923076924	56.53682926829268	42.38281767955801	30.704444444444448	41.829631578947364	69.2385	1.1276456	1.1777897	1.2139391	0.25064427	0.8539767	1.0932256	6.9189215	21.159513	18.518377	2.650992	18.321285	13.808095	../../benchmark_data/class-i/pdb/8gon_pmhc_tcr.pdb	../pred_pdb/protenix_v2/pmhc_tcr/classI/classI_protenix_v2_no_msa/ranked_4/8gon_pmhc_tcr.pdb	after	ranked_4
271	8gvb	0.041	0.015	20.218	25.038	63.03545454545454	64.11454545454545	56.58714285714285	69.178	80.4890909090909	51.99133333333334	54.20999999999999	57.60356097560975	47.7636111111111	30.29	47.02005319148937	66.56617117117116	2.105197	1.2694063	1.1353438	1.3568434	0.6692729	3.8108685	9.704408	19.646828	16.66434	1.2023573	16.848654	12.972943	../../benchmark_data/class-i/pdb/8gvb_pmhc_tcr.pdb	../pred_pdb/protenix_v2/pmhc_tcr/classI/classI_protenix_v2_no_msa/ranked_4/8gvb_pmhc_tcr.pdb	after	ranked_4
272	8gvg	0.013	0.0	20.399	44.988	40.082727272727276	36.733636363636364	38.21785714285714	37.765	42.68181818181818	35.775333333333336	36.954482758620685	39.84639902676399	41.55651933701658	29.68875	41.05417989417989	38.818153153153155	3.7425349	2.7598622	4.9672318	2.3879602	3.4693446	5.6206083	8.446036	24.223751	17.918081	1.4014455	18.389277	17.397669	../../benchmark_data/class-i/pdb/8gvg_pmhc_tcr.pdb	../pred_pdb/protenix_v2/pmhc_tcr/classI/classI_protenix_v2_no_msa/ranked_4/8gvg_pmhc_tcr.pdb	after	ranked_4
273	8gvi	0.039	0.0	17.049	24.259	39.92	42.67727272727273	45.972857142857144	40.678	40.57	38.38866666666666	42.05000000000001	42.17496350364964	43.58419889502762	32.15125	43.10026455026455	41.387207207207204	2.0900428	3.9517047	4.7314262	1.5226098	2.5931342	4.7194843	10.044048	18.114439	17.801065	1.3458385	17.657442	16.175245	../../benchmark_data/class-i/pdb/8gvi_pmhc_tcr.pdb	../pred_pdb/protenix_v2/pmhc_tcr/classI/classI_protenix_v2_no_msa/ranked_4/8gvi_pmhc_tcr.pdb	after	ranked_4
274	8i5c	0.025	0.032	18.717	43.841	45.85818181818182	34.92888888888889	45.05500000000001	44.831	38.417	41.14999999999999	43.02439999999999	43.73903703703703	44.00198895027625	31.81888888888889	43.424894736842106	44.016651162790694	0.86769795	3.1635802	3.5414574	1.5517069	2.048652	3.4396243	14.351223	19.8125	14.204401	2.1393545	15.5058775	18.526638	../../benchmark_data/class-i/pdb/8i5c_pmhc_tcr.pdb	../pred_pdb/protenix_v2/pmhc_tcr/classI/classI_protenix_v2_no_msa/ranked_4/8i5c_pmhc_tcr.pdb	after	ranked_4
275	8i5d	0.036	0.0	17.218	25.455	38.709999999999994	38.836	37.38666666666667	37.212	39.50090909090909	37.22866666666667	37.29888888888889	40.583217821782185	42.54187845303868	30.307777777777776	41.96236842105263	39.35873831775701	2.5286975	4.2055144	2.6559365	2.759482	4.715118	3.3555572	8.607456	20.798597	16.96702	2.5365758	17.377802	17.109816	../../benchmark_data/class-i/pdb/8i5d_pmhc_tcr.pdb	../pred_pdb/protenix_v2/pmhc_tcr/classI/classI_protenix_v2_no_msa/ranked_4/8i5d_pmhc_tcr.pdb	after	ranked_4
276	8qfy	0.017	0.0	17.737	39.729	42.696363636363635	40.53777777777778	43.59166666666666	48.202999999999996	42.74818181818181	45.48500000000001	44.538333333333334	45.01604938271605	44.96182320441989	29.58	44.233210526315794	45.707860465116276	2.73383	5.5696154	4.1906943	2.940313	7.6203914	1.9548565	8.703559	19.859945	11.803192	2.100267	11.715839	19.594873	../../benchmark_data/class-i/pdb/8qfy_pmhc_tcr.pdb	../pred_pdb/protenix_v2/pmhc_tcr/classI/classI_protenix_v2_no_msa/ranked_4/8qfy_pmhc_tcr.pdb	after	ranked_4
277	8shi	0.037	0.062	21.156	40.101	40.385000000000005	43.866	40.31411764705883	41.34400000000001	39.409000000000006	43.46428571428571	41.736774193548385	53.97091584158416	67.80972222222222	29.925	66.19760638297873	43.329166666666666	4.17273	4.9918747	3.430923	4.352684	5.0713573	4.0483575	9.645547	21.569527	17.419939	2.4415486	17.852459	16.341677	../../benchmark_data/class-i/pdb/8shi_pmhc_tcr.pdb	../pred_pdb/protenix_v2/pmhc_tcr/classI/classI_protenix_v2_no_msa/ranked_4/8shi_pmhc_tcr.pdb	after	ranked_4
278	8wte	0.045	0.092	17.296	44.469	84.39818181818181	86.54	72.44846153846153	77.545	69.34599999999999	71.770625	72.07448275862069	63.00941320293399	42.73933701657458	47.51222222222222	42.965421052631584	80.3991780821918	0.38833365	0.4733737	1.3123801	1.3760674	0.532146	1.8883305	10.193512	19.244865	19.142181	1.7394506	19.725199	15.061712	../../benchmark_data/class-i/pdb/8wte_pmhc_tcr.pdb	../pred_pdb/protenix_v2/pmhc_tcr/classI/classI_protenix_v2_no_msa/ranked_4/8wte_pmhc_tcr.pdb	after	ranked_4
279	8wul	0.018	0.017	20.378	47.33	82.49545454545454	84.11	70.75384615384615	77.06400000000001	71.112	68.831875	69.69344827586207	63.472885085574575	45.47696132596686	37.757777777777775	45.111315789473686	79.40301369863015	0.6110864	0.22656356	1.2250315	1.4406509	4.7423644	2.5011182	10.46243	20.973785	18.660572	4.4134626	20.095232	15.646559	../../benchmark_data/class-i/pdb/8wul_pmhc_tcr.pdb	../pred_pdb/protenix_v2/pmhc_tcr/classI/classI_protenix_v2_no_msa/ranked_4/8wul_pmhc_tcr.pdb	after	ranked_4
