	id	DockQ	Fnat	iRMS	LRMS	pLDDT-cdr1a	pLDDT-cdr2a	pLDDT-cdr3a	pLDDT-cdr1b	pLDDT-cdr2b	pLDDT-cdr3b	pLDDT-cdr3a+cdr3b	pLDDT	pLDDT-mhc	pLDDT-pep	pLDDT-pmhc	pLDDT-tcr	RMSD-cdr1a	RMSD-cdr2a	RMSD-cdr3a	RMSD-cdr1b	RMSD-cdr2b	RMSD-cdr3b	RMSD-cdr3a+cdr3b	RMSD	RMSD-mhc	RMSD-pep	RMSD-pmhc	RMSD-tcr	true_pdb_path	pred_pdb_path	2021-09-30	rank
0	6zkw	0.798	0.793	0.946	3.058	93.71999999999998	95.61	94.20384615384616	96.36600000000001	92.11899999999999	94.45125	94.34034482758621	96.31254278728606	96.418	93.68333333333334	96.28777777777778	96.33381818181819	0.4013498	0.24728158	0.52735883	0.21087185	0.17898273	0.5775145	0.8376024	1.1889051	0.49436677	0.32591173	0.49345118	0.7297951	../../benchmark_data/class-i/pdb/6zkw_pmhc_tcr.pdb	../pred_pdb/protenix_v1/pmhc_tcr/classI/classI_protenix_v1_default_with_msa/ranked_0/6zkw_pmhc_tcr.pdb	after	ranked_0
1	6zkx	0.263	0.304	4.293	10.954	91.07454545454546	93.94899999999998	92.26384615384616	95.29899999999999	90.27900000000001	92.15625	92.2044827586207	94.5516301703163	93.81966480446928	87.80833333333332	93.4419895287958	95.51499999999999	0.30738938	0.17295057	0.29644385	0.25215012	0.13631704	0.5427968	0.66885346	5.07702	1.5864726	0.82032573	1.5890298	0.98939574	../../benchmark_data/class-i/pdb/6zkx_pmhc_tcr.pdb	../pred_pdb/protenix_v1/pmhc_tcr/classI/classI_protenix_v1_default_with_msa/ranked_0/6zkx_pmhc_tcr.pdb	after	ranked_0
2	6zky	0.038	0.057	17.86	36.465	72.40999999999998	84.91	59.908461538461545	51.487	44.17	44.46875	51.39000000000001	48.114240196078434	38.54277777777778	29.255000000000003	38.14755319148936	56.631227272727266	0.5133261	0.42673692	2.4422355	2.162507	1.578746	3.385593	9.49594	18.411972	15.123295	2.2158275	15.418712	15.578615	../../benchmark_data/class-i/pdb/6zky_pmhc_tcr.pdb	../pred_pdb/protenix_v1/pmhc_tcr/classI/classI_protenix_v1_default_with_msa/ranked_0/6zky_pmhc_tcr.pdb	after	ranked_0
3	6zkz	0.036	0.0	19.658	25.375	72.35272727272726	85.58699999999999	60.345384615384624	57.74699999999999	47.620999999999995	50.36875	54.84103448275862	51.91644607843137	41.25255555555556	31.0175	40.817021276595746	61.40140909090909	0.6408772	0.26527172	2.4662266	1.8453518	2.40763	3.5465555	9.864866	18.130007	11.666152	1.5032754	11.889366	15.560568	../../benchmark_data/class-i/pdb/6zkz_pmhc_tcr.pdb	../pred_pdb/protenix_v1/pmhc_tcr/classI/classI_protenix_v1_default_with_msa/ranked_0/6zkz_pmhc_tcr.pdb	after	ranked_0
4	7dzm	0.391	0.465	2.465	9.652	89.29833333333333	91.11875	81.30666666666666	90.224	86.62545454545456	90.105	85.21703703703704	93.80662561576354	94.51966666666667	89.84777777777776	94.29719576719576	93.37935483870967	0.16951494	0.14785814	1.5633578	0.25849405	0.21093087	0.31757653	1.4679914	3.0167687	0.73190403	0.51102185	0.73964113	0.677229	../../benchmark_data/class-i/pdb/7dzm_pmhc_tcr.pdb	../pred_pdb/protenix_v1/pmhc_tcr/classI/classI_protenix_v1_default_with_msa/ranked_0/7dzm_pmhc_tcr.pdb	after	ranked_0
5	7dzn	0.027	0.048	18.27	52.715	31.57833333333333	45.0025	32.434666666666665	34.675	33.62727272727273	37.36000000000001	34.623703703703704	35.72187654320988	37.56860335195531	27.747777777777777	37.09845744680851	34.52926267281106	3.6747258	4.9619617	3.6771064	2.6227834	3.9222767	5.2317758	7.349402	23.357265	15.109317	4.2443156	15.049464	16.533226	../../benchmark_data/class-i/pdb/7dzn_pmhc_tcr.pdb	../pred_pdb/protenix_v1/pmhc_tcr/classI/classI_protenix_v1_default_with_msa/ranked_0/7dzn_pmhc_tcr.pdb	after	ranked_0
6	7l1d	0.013	0.014	20.171	57.466	71.4090909090909	79.08555555555556	58.95692307692308	84.934	86.701	64.40473684210527	62.191562499999996	58.08806845965769	37.34243093922652	51.27111111111111	38.00221052631579	75.51415525114156	0.969485	0.2789872	1.8284992	0.2937309	0.2508914	5.719055	8.740541	21.226744	15.941253	1.8228873	19.284239	14.923571	../../benchmark_data/class-i/pdb/7l1d_pmhc_tcr.pdb	../pred_pdb/protenix_v1/pmhc_tcr/classI/classI_protenix_v1_default_with_msa/ranked_0/7l1d_pmhc_tcr.pdb	after	ranked_0
7	7n2n	0.015	0.018	21.603	57.256	81.31545454545454	89.79899999999998	64.99470588235295	60.35999999999999	69.81800000000001	51.91666666666666	58.864374999999995	58.657070217917685	52.16132596685083	33.72111111111111	51.28784210526315	64.93578475336324	0.45342022	0.36221924	1.7257819	1.2277304	0.1872967	7.6788692	9.274109	21.536283	19.724472	1.834328	19.511623	15.215675	../../benchmark_data/class-i/pdb/7n2n_pmhc_tcr.pdb	../pred_pdb/protenix_v1/pmhc_tcr/classI/classI_protenix_v1_default_with_msa/ranked_0/7n2n_pmhc_tcr.pdb	after	ranked_0
8	7n2o	0.015	0.017	20.515	57.024	73.66727272727273	86.12	53.555294117647065	54.873000000000005	63.5	46.504000000000005	50.25	53.021016949152546	47.52950276243094	28.574444444444445	46.63163157894737	58.46488789237669	0.32018912	0.44557914	1.2926078	1.1054344	0.20812304	6.809383	9.637258	23.119358	21.137587	1.9440355	20.768469	14.264565	../../benchmark_data/class-i/pdb/7n2o_pmhc_tcr.pdb	../pred_pdb/protenix_v1/pmhc_tcr/classI/classI_protenix_v1_default_with_msa/ranked_0/7n2o_pmhc_tcr.pdb	after	ranked_0
9	7n2p	0.164	0.063	6.857	10.784	87.14818181818181	86.886	87.03181818181817	90.33099999999999	88.897	83.79333333333334	85.16346153846152	93.13125307125307	93.96298342541436	88.09555555555555	93.68505263157893	92.64635944700461	0.3609509	0.36543652	1.1109185	0.29421607	0.15280207	1.1389326	1.576001	20.916975	0.40133357	0.38303533	0.41566882	0.94401217	../../benchmark_data/class-i/pdb/7n2p_pmhc_tcr.pdb	../pred_pdb/protenix_v1/pmhc_tcr/classI/classI_protenix_v1_default_with_msa/ranked_0/7n2p_pmhc_tcr.pdb	after	ranked_0
10	7n2q	0.014	0.017	18.545	62.313	78.95727272727274	85.04499999999999	78.22363636363636	88.84700000000001	89.322	76.36066666666666	77.14884615384615	63.46127764127765	40.79580110497237	32.306666666666665	40.39368421052631	83.65870967741937	1.8688067	0.44737214	1.5414886	0.18320511	0.15427864	2.4580405	7.0118494	22.53018	18.252773	2.469378	18.011347	15.967227	../../benchmark_data/class-i/pdb/7n2q_pmhc_tcr.pdb	../pred_pdb/protenix_v1/pmhc_tcr/classI/classI_protenix_v1_default_with_msa/ranked_0/7n2q_pmhc_tcr.pdb	after	ranked_0
11	7n2r	0.014	0.017	21.59	58.262	76.42818181818181	85.807	72.89454545454547	77.792	84.837	62.124	66.68076923076923	65.14840294840295	52.6992817679558	36.83444444444444	51.94778947368421	76.70654377880184	0.58156717	0.4240796	0.9826663	0.5320318	0.15832022	2.013056	7.369358	22.337627	20.108583	2.1048853	19.92535	15.1365185	../../benchmark_data/class-i/pdb/7n2r_pmhc_tcr.pdb	../pred_pdb/protenix_v1/pmhc_tcr/classI/classI_protenix_v1_default_with_msa/ranked_0/7n2r_pmhc_tcr.pdb	after	ranked_0
12	7n2s	0.196	0.045	5.925	8.78	94.61454545454544	95.55300000000001	93.39625000000001	96.90199999999997	96.545	96.07066666666667	94.69032258064514	97.08606796116504	97.71917127071822	96.61777777777779	97.66699999999997	96.5888738738739	1.3047333	0.4302314	3.3895347	0.44010487	0.20612018	1.5842072	3.3045778	20.809347	0.5111848	0.37155136	0.5123457	2.0865304	../../benchmark_data/class-i/pdb/7n2s_pmhc_tcr.pdb	../pred_pdb/protenix_v1/pmhc_tcr/classI/classI_protenix_v1_default_with_msa/ranked_0/7n2s_pmhc_tcr.pdb	after	ranked_0
13	7n4k	0.833	0.873	0.996	2.31	92.29083333333334	94.59625	88.07923076923076	94.722	92.495	93.90454545454546	90.74916666666667	95.78012500000001	96.03254237288137	95.08500000000001	95.98187165775401	95.60300469483569	0.17840074	0.72172534	0.939899	0.37620398	0.11704777	0.15206233	0.82435787	1.2057464	1.2611812	0.2533803	1.231071	0.70272154	../../benchmark_data/class-i/pdb/7n4k_pmhc_tcr.pdb	../pred_pdb/protenix_v1/pmhc_tcr/classI/classI_protenix_v1_default_with_msa/ranked_0/7n4k_pmhc_tcr.pdb	after	ranked_0
14	7n5c	0.024	0.018	17.463	38.767	37.2125	28.66	38.636153846153846	59.924	56.94899999999999	51.71909090909091	44.63249999999999	41.202301980198015	35.65209944751381	25.782	35.13534031413612	46.64262910798123	1.9121397	4.261319	5.5428205	2.3001676	3.0504596	4.158204	5.622686	18.423353	17.08016	3.7167063	17.480547	12.5296545	../../benchmark_data/class-i/pdb/7n5c_pmhc_tcr.pdb	../pred_pdb/protenix_v1/pmhc_tcr/classI/classI_protenix_v1_default_with_msa/ranked_0/7n5c_pmhc_tcr.pdb	after	ranked_0
15	7n5p	0.052	0.017	16.171	21.937	46.314166666666665	29.47375	44.473076923076924	59.281000000000006	60.338	50.73727272727273	47.344166666666666	43.24694235588972	37.56482954545454	25.788	36.931666666666665	48.761690140845076	1.3132477	3.3903363	5.318746	2.4207792	2.336661	4.15869	10.598618	22.433321	15.62109	2.9028435	15.767762	17.332724	../../benchmark_data/class-i/pdb/7n5p_pmhc_tcr.pdb	../pred_pdb/protenix_v1/pmhc_tcr/classI/classI_protenix_v1_default_with_msa/ranked_0/7n5p_pmhc_tcr.pdb	after	ranked_0
16	7na5	0.307	0.286	3.31	9.132	93.16727272727272	93.18888888888888	93.89818181818183	94.673	91.09799999999998	93.80333333333334	93.84346153846153	94.9260987654321	94.31066666666666	93.26222222222222	94.26074074074076	95.50828703703704	0.5552886	0.2882866	0.51501197	0.19538826	0.33997172	0.5361986	0.6743554	3.6513157	0.8475588	0.33676702	0.8339251	1.0238951	../../benchmark_data/class-i/pdb/7na5_pmhc_tcr.pdb	../pred_pdb/protenix_v1/pmhc_tcr/classI/classI_protenix_v1_default_with_msa/ranked_0/7na5_pmhc_tcr.pdb	after	ranked_0
17	7ndq	0.148	0.167	5.969	16.065	87.96750000000002	89.0775	82.264	88.74699999999999	86.14181818181818	83.68769230769232	82.925	93.42174019607843	94.25773480662984	90.04222222222222	94.05805263157895	92.86715596330275	0.42267787	0.35451597	1.5845499	0.2784503	0.4065407	1.9826888	2.1685333	6.4578643	0.94219875	2.1516721	1.0687156	1.3234512	../../benchmark_data/class-i/pdb/7ndq_pmhc_tcr.pdb	../pred_pdb/protenix_v1/pmhc_tcr/classI/classI_protenix_v1_default_with_msa/ranked_0/7ndq_pmhc_tcr.pdb	after	ranked_0
18	7ndt	0.29	0.18	5.079	6.79	85.85833333333333	86.60125	84.2157142857143	89.61999999999999	87.49727272727273	88.42416666666668	86.1580769230769	92.50710396039602	92.95244444444444	84.9775	92.613085106383	92.41486111111111	0.3327166	0.24808334	1.5728503	0.25105375	0.22257166	0.45355567	1.3344781	20.278126	0.57536	1.4769526	0.7275525	0.9053521	../../benchmark_data/class-i/pdb/7ndt_pmhc_tcr.pdb	../pred_pdb/protenix_v1/pmhc_tcr/classI/classI_protenix_v1_default_with_msa/ranked_0/7ndt_pmhc_tcr.pdb	after	ranked_0
19	7ndu	0.681	0.677	1.591	2.921	93.46749999999999	92.86	88.438	96.599	95.50545454545455	94.20461538461541	91.11535714285715	96.43447174447175	96.94082872928178	95.79125	96.89216931216933	96.03766055045871	0.4873469	0.33820266	0.91401863	0.22797216	0.3142999	1.8367766	1.6079469	1.4993213	1.1680372	1.3756353	1.2526755	0.99848306	../../benchmark_data/class-i/pdb/7ndu_pmhc_tcr.pdb	../pred_pdb/protenix_v1/pmhc_tcr/classI/classI_protenix_v1_default_with_msa/ranked_0/7ndu_pmhc_tcr.pdb	after	ranked_0
20	7nme	0.607	0.693	1.853	5.161	91.78454545454544	93.47099999999999	94.03769230769231	94.875	94.15454545454544	95.62090909090908	94.76333333333332	96.1711851851852	96.66397790055248	94.69222222222223	96.57057894736842	95.81823255813953	0.47880238	0.30499557	0.30643472	0.29076475	0.15891866	0.457216	0.44483206	2.3240201	0.5291766	0.2887701	0.5246156	0.72924894	../../benchmark_data/class-i/pdb/7nme_pmhc_tcr.pdb	../pred_pdb/protenix_v1/pmhc_tcr/classI/classI_protenix_v1_default_with_msa/ranked_0/7nme_pmhc_tcr.pdb	after	ranked_0
21	7nmf	0.604	0.69	1.89	5.091	91.91363636363634	93.58699999999999	94.15076923076923	95.00500000000001	94.2809090909091	95.70818181818181	94.86458333333333	96.22471604938272	96.71386740331491	94.80444444444444	96.6234210526316	95.87237209302324	0.5009125	0.21116626	0.39066586	0.23463272	0.19136965	0.42669073	0.50669426	2.2586002	0.47956038	0.41710505	0.48069105	0.7094447	../../benchmark_data/class-i/pdb/7nmf_pmhc_tcr.pdb	../pred_pdb/protenix_v1/pmhc_tcr/classI/classI_protenix_v1_default_with_msa/ranked_0/7nmf_pmhc_tcr.pdb	after	ranked_0
22	7nmg	0.605	0.681	1.943	4.756	90.25090909090909	92.209	92.99076923076922	93.955	93.1127272727273	94.72000000000001	93.78333333333335	95.66513580246912	96.23480662983425	93.79555555555555	96.11926315789475	95.26381395348838	0.4029688	0.24188104	0.37586823	0.31679714	0.17389357	0.47631845	0.54245	2.290092	0.4814637	0.48409212	0.48719037	0.71983117	../../benchmark_data/class-i/pdb/7nmg_pmhc_tcr.pdb	../pred_pdb/protenix_v1/pmhc_tcr/classI/classI_protenix_v1_default_with_msa/ranked_0/7nmg_pmhc_tcr.pdb	after	ranked_0
23	7ow5	0.758	0.703	1.01	3.106	95.26166666666666	89.95636363636363	94.794375	96.981	96.256	93.744375	94.269375	96.56780722891565	97.19816666666668	92.834	96.96847368421052	96.22946666666665	0.34196016	1.1345127	0.4585571	0.25159436	0.20452751	0.817377	0.81021506	1.1456898	0.41363814	1.7705885	0.596564	0.8055007	../../benchmark_data/class-i/pdb/7ow5_pmhc_tcr.pdb	../pred_pdb/protenix_v1/pmhc_tcr/classI/classI_protenix_v1_default_with_msa/ranked_0/7ow5_pmhc_tcr.pdb	after	ranked_0
24	7ow6	0.864	0.846	0.619	2.959	97.75999999999999	93.90272727272728	97.8675	98.184	97.851	96.83375000000001	97.35062500000001	97.85694711538463	98.24016574585634	97.80100000000002	98.21717277486913	97.55115555555555	0.26153958	1.1964339	0.29461807	0.2107928	0.3216866	0.5790158	0.49356225	1.0182408	0.346949	0.29060712	0.34854355	0.76212037	../../benchmark_data/class-i/pdb/7ow6_pmhc_tcr.pdb	../pred_pdb/protenix_v1/pmhc_tcr/classI/classI_protenix_v1_default_with_msa/ranked_0/7ow6_pmhc_tcr.pdb	after	ranked_0
25	7pb2	0.249	0.246	3.808	11.15	87.24833333333332	84.14727272727272	79.5275	89.873	86.001	82.15187499999999	80.8396875	92.69624096385543	94.30883333333335	84.34200000000001	93.78426315789473	91.77746666666667	0.3409836	1.2696548	2.818261	0.22069858	0.16044626	3.1784732	3.3265603	3.828579	0.45140535	1.1899468	0.52366006	1.8893895	../../benchmark_data/class-i/pdb/7pb2_pmhc_tcr.pdb	../pred_pdb/protenix_v1/pmhc_tcr/classI/classI_protenix_v1_default_with_msa/ranked_0/7pb2_pmhc_tcr.pdb	after	ranked_0
26	7pbe	0.797	0.805	1.184	1.488	92.94818181818181	92.47375	93.55000000000001	96.494	94.42181818181817	95.78923076923078	94.71440000000001	96.50145679012344	97.0828729281768	96.07666666666667	97.03521052631581	96.02976744186044	0.46814656	1.5173097	0.8585724	0.5782427	0.22795302	0.7290741	1.0360297	1.0543222	0.65944386	0.15111211	0.64627385	0.94236976	../../benchmark_data/class-i/pdb/7pbe_pmhc_tcr.pdb	../pred_pdb/protenix_v1/pmhc_tcr/classI/classI_protenix_v1_default_with_msa/ranked_0/7pbe_pmhc_tcr.pdb	after	ranked_0
27	7phr	0.923	0.841	0.391	0.742	98.15	98.583	98.23	98.697	98.728	98.72923076923075	98.50041666666668	97.85932499999998	98.49685082872928	98.71555555555555	98.50721052631576	97.27314285714286	0.2574016	0.271918	0.52217907	0.16122279	0.2575306	0.17732517	0.40166643	0.9540699	0.37634668	0.20364171	0.37144887	1.191056	../../benchmark_data/class-i/pdb/7phr_pmhc_tcr.pdb	../pred_pdb/protenix_v1/pmhc_tcr/classI/classI_protenix_v1_default_with_msa/ranked_0/7phr_pmhc_tcr.pdb	after	ranked_0
28	7q99	0.866	0.877	0.818	1.963	96.11	96.96666666666667	95.83636363636364	94.66727272727275	93.54111111111112	94.72800000000001	95.19692307692307	96.78090909090909	97.62740331491712	97.128	97.6012565445026	96.05550925925925	0.33201495	0.28036022	0.24696437	0.34196016	0.25644615	0.3001314	0.5138578	0.9835805	0.36244833	0.20807663	0.36048487	0.9490074	../../benchmark_data/class-i/pdb/7q99_pmhc_tcr.pdb	../pred_pdb/protenix_v1/pmhc_tcr/classI/classI_protenix_v1_default_with_msa/ranked_0/7q99_pmhc_tcr.pdb	after	ranked_0
29	7q9a	0.786	0.76	1.012	2.641	97.41818181818181	97.80555555555556	96.8409090909091	95.49727272727273	94.27888888888889	96.30333333333333	96.53076923076924	97.11653562653565	97.81861878453037	97.436	97.79858638743455	96.51342592592593	0.31348348	0.30778977	0.955251	0.24243405	0.24745333	0.34929934	0.8319439	1.1770424	0.32999933	0.21761571	0.3292226	1.0205599	../../benchmark_data/class-i/pdb/7q9a_pmhc_tcr.pdb	../pred_pdb/protenix_v1/pmhc_tcr/classI/classI_protenix_v1_default_with_msa/ranked_0/7q9a_pmhc_tcr.pdb	after	ranked_0
30	7q9b	0.404	0.45	3.212	7.207	92.5390909090909	94.95333333333333	91.2325	93.553	91.453	88.911875	89.68541666666665	95.86809876543211	96.67878453038675	94.775	96.57910994764399	95.2335046728972	0.46641722	0.2910658	1.6385646	0.31164917	0.2623674	1.586834	2.544109	3.5502472	0.624548	0.38937113	0.62466663	1.5109824	../../benchmark_data/class-i/pdb/7q9b_pmhc_tcr.pdb	../pred_pdb/protenix_v1/pmhc_tcr/classI/classI_protenix_v1_default_with_msa/ranked_0/7q9b_pmhc_tcr.pdb	after	ranked_0
31	7qpj	0.878	0.768	0.515	1.425	98.12636363636365	98.3477777777778	98.0569230769231	97.79500000000002	96.867	97.39090909090909	97.75166666666667	97.97369727047145	98.10383333333331	98.27333333333333	98.11190476190473	97.8516355140187	0.15611039	0.33972535	0.13898735	0.18251865	0.12167289	0.5111499	0.65014607	0.6032721	0.4224376	0.4766236	0.43474233	0.43338278	../../benchmark_data/class-i/pdb/7qpj_pmhc_tcr.pdb	../pred_pdb/protenix_v1/pmhc_tcr/classI/classI_protenix_v1_default_with_msa/ranked_0/7qpj_pmhc_tcr.pdb	after	ranked_0
32	7r80	0.173	0.113	7.063	11.273	84.43636363636365	87.65	87.84538461538462	89.476	86.099	85.36266666666666	86.51535714285716	92.8798533007335	93.1692817679558	86.7	92.86284210526316	92.89461187214611	1.8626604	0.30904326	0.361834	0.2421851	0.22757635	0.57227576	0.68884736	19.513685	0.4554266	0.37070814	0.4602998	0.99140906	../../benchmark_data/class-i/pdb/7r80_pmhc_tcr.pdb	../pred_pdb/protenix_v1/pmhc_tcr/classI/classI_protenix_v1_default_with_msa/ranked_0/7r80_pmhc_tcr.pdb	after	ranked_0
33	7rk7	0.392	0.47	3.277	7.934	86.54666666666667	87.785	76.52312500000001	88.68199999999999	86.863	73.3635	74.76777777777778	91.58240963855421	93.24806629834255	88.14888888888888	93.00652631578946	90.37982222222222	0.45360935	0.6020998	3.304214	0.45616603	0.2392693	3.3817637	3.7680287	3.6922688	0.51030344	0.5782216	0.5170252	1.6493483	../../benchmark_data/class-i/pdb/7rk7_pmhc_tcr.pdb	../pred_pdb/protenix_v1/pmhc_tcr/classI/classI_protenix_v1_default_with_msa/ranked_0/7rk7_pmhc_tcr.pdb	after	ranked_0
34	7rm4	0.569	0.562	2.168	3.986	84.29818181818182	87.326	83.38083333333334	91.07199999999999	85.40636363636364	83.03666666666666	83.18962962962962	92.48158924205379	93.2385082872928	89.11777777777777	93.04331578947368	91.99424657534246	0.4539483	0.45802778	1.2397257	0.14941333	0.20364426	2.3941603	2.7427645	2.2936907	0.3776296	0.38208833	0.38481688	1.4633788	../../benchmark_data/class-i/pdb/7rm4_pmhc_tcr.pdb	../pred_pdb/protenix_v1/pmhc_tcr/classI/classI_protenix_v1_default_with_msa/ranked_0/7rm4_pmhc_tcr.pdb	after	ranked_0
35	7rrg	0.324	0.302	3.521	8.235	86.34666666666668	87.94	76.45333333333335	88.397	84.24090909090908	84.82714285714285	80.49586206896551	92.33393643031785	93.03508287292817	85.32333333333332	92.66978947368418	92.04255707762557	0.24771483	0.1664859	1.7616931	0.17838384	0.42949077	0.5065646	1.6480564	3.357043	0.56987965	0.71604925	0.58192647	0.99423933	../../benchmark_data/class-i/pdb/7rrg_pmhc_tcr.pdb	../pred_pdb/protenix_v1/pmhc_tcr/classI/classI_protenix_v1_default_with_msa/ranked_0/7rrg_pmhc_tcr.pdb	after	ranked_0
36	7rtr	0.684	0.81	1.637	4.421	88.02545454545454	89.87444444444445	90.09272727272727	90.465	87.7609090909091	90.85090909090908	90.47181818181818	93.81014742014742	94.26447513812154	90.32777777777778	94.078	93.57562211981565	0.3975026	0.29006442	0.45161334	0.5879897	0.17241594	0.49335015	0.6294106	2.0243776	0.3913715	0.23019819	0.38883075	0.8115626	../../benchmark_data/class-i/pdb/7rtr_pmhc_tcr.pdb	../pred_pdb/protenix_v1/pmhc_tcr/classI/classI_protenix_v1_default_with_msa/ranked_0/7rtr_pmhc_tcr.pdb	after	ranked_0
37	7su9	0.444	0.534	2.909	7.114	92.50833333333334	93.03625000000001	88.70533333333333	93.54099999999998	92.35499999999999	89.34333333333333	89.02433333333332	95.66610294117648	96.19238888888887	92.7988888888889	96.03079365079365	95.35136986301369	0.31903425	0.19624029	1.9942558	0.2868494	0.21615879	2.1170805	2.4223635	3.6236124	0.5837088	0.3392461	0.57943153	1.6618158	../../benchmark_data/class-i/pdb/7su9_pmhc_tcr.pdb	../pred_pdb/protenix_v1/pmhc_tcr/classI/classI_protenix_v1_default_with_msa/ranked_0/7su9_pmhc_tcr.pdb	after	ranked_0
38	8cx4	0.719	0.797	1.449	3.647	96.79272727272728	97.299	94.27117647058823	97.65700000000001	96.857	97.20066666666665	95.644375	97.53757869249395	97.97944751381215	97.97333333333333	97.97915789473682	97.16134529147982	0.7807364	0.34873542	1.2602091	0.19651562	0.19991203	0.59332794	1.0420463	1.8768499	0.44645733	0.21258359	0.4414151	0.83874655	../../benchmark_data/class-i/pdb/8cx4_pmhc_tcr.pdb	../pred_pdb/protenix_v1/pmhc_tcr/classI/classI_protenix_v1_default_with_msa/ranked_0/8cx4_pmhc_tcr.pdb	after	ranked_0
39	8d5q	0.693	0.736	1.567	3.35	93.24272727272728	95.185	90.04875000000001	94.89909090909092	95.02272727272727	94.38533333333334	92.14709677419354	95.93367647058824	95.90471590909088	92.699	95.73236559139784	96.10234234234235	0.5101616	0.23508845	0.8609923	0.23969083	0.20683175	0.9704751	1.0024518	1.7514904	0.7935347	0.7295213	0.7992981	0.675093	../../benchmark_data/class-i/pdb/8d5q_pmhc_tcr.pdb	../pred_pdb/protenix_v1/pmhc_tcr/classI/classI_protenix_v1_default_with_msa/ranked_0/8d5q_pmhc_tcr.pdb	after	ranked_0
40	8dnt	0.686	0.712	1.398	4.108	97.27090909090909	97.77666666666667	94.04	96.336	92.29909090909092	95.42	94.78307692307693	96.95776412776412	97.73408839779005	97.26333333333335	97.7117894736842	96.29755760368664	0.50814724	0.382278	0.71663505	0.4656379	0.54120266	0.6856722	1.0592991	2.2306201	0.8080591	0.8634195	0.83279496	1.5927347	../../benchmark_data/class-i/pdb/8dnt_pmhc_tcr.pdb	../pred_pdb/protenix_v1/pmhc_tcr/classI/classI_protenix_v1_default_with_msa/ranked_0/8dnt_pmhc_tcr.pdb	after	ranked_0
41	8en8	0.429	0.411	2.395	7.023	95.26909090909089	96.272	91.60142857142857	92.07727272727273	92.89666666666666	88.592	90.0448275862069	96.0706067961165	96.88294444444445	94.61666666666667	96.77502645502648	95.47358744394619	0.47615764	0.1643127	1.748601	0.3265923	0.46471646	2.3584297	2.7683022	2.2572134	0.38350073	0.28978044	0.38699225	1.5926627	../../benchmark_data/class-i/pdb/8en8_pmhc_tcr.pdb	../pred_pdb/protenix_v1/pmhc_tcr/classI/classI_protenix_v1_default_with_msa/ranked_0/8en8_pmhc_tcr.pdb	after	ranked_0
42	8enh	0.399	0.407	2.844	7.36	88.71000000000001	89.708	83.50142857142858	86.16454545454543	85.83166666666666	79.57733333333333	81.47172413793103	92.86671532846715	94.07804469273744	90.19888888888889	93.89234042553193	92.00206278026906	0.3876821	0.18232799	2.0112884	0.29759702	0.42103678	3.4408116	3.501784	3.3584414	0.59764683	0.18333122	0.585421	2.25248	../../benchmark_data/class-i/pdb/8enh_pmhc_tcr.pdb	../pred_pdb/protenix_v1/pmhc_tcr/classI/classI_protenix_v1_default_with_msa/ranked_0/8enh_pmhc_tcr.pdb	after	ranked_0
43	8eo8	0.456	0.446	2.406	6.35	92.76909090909092	94.38499999999999	88.13857142857141	90.10181818181819	90.36416666666668	85.00199999999998	86.51620689655174	95.04231143552312	96.13810055865922	92.22999999999999	95.95101063829787	94.27623318385649	0.42123002	0.1700162	1.9701717	0.35194722	0.24770267	2.6395566	3.04356	2.4864194	0.5305248	0.44742835	0.5312793	2.0355933	../../benchmark_data/class-i/pdb/8eo8_pmhc_tcr.pdb	../pred_pdb/protenix_v1/pmhc_tcr/classI/classI_protenix_v1_default_with_msa/ranked_0/8eo8_pmhc_tcr.pdb	after	ranked_0
44	8f5a	0.335	0.4	3.371	9.602	88.19181818181818	88.732	84.90266666666666	90.258	88.44200000000001	89.08749999999999	86.76259259259258	94.07141809290955	94.93254143646409	87.365	94.53633507853404	93.66408256880734	0.28042245	2.1483893	1.6413125	0.29191464	0.33586934	1.0981901	2.324694	3.4741106	0.32979208	2.6103187	0.7821796	1.3487108	../../benchmark_data/class-i/pdb/8f5a_pmhc_tcr.pdb	../pred_pdb/protenix_v1/pmhc_tcr/classI/classI_protenix_v1_default_with_msa/ranked_0/8f5a_pmhc_tcr.pdb	after	ranked_0
45	8gom	0.529	0.575	2.437	5.063	89.56416666666667	90.33999999999999	89.80181818181819	93.894	90.65090909090908	87.77466666666666	88.63230769230769	94.89882926829267	95.78872928176797	91.74444444444444	95.59715789473684	94.29572727272726	0.27590668	0.2942298	0.7850063	0.18436395	0.37389147	1.5466512	1.5925453	2.4545174	0.40925047	0.25653914	0.40590087	0.8311605	../../benchmark_data/class-i/pdb/8gom_pmhc_tcr.pdb	../pred_pdb/protenix_v1/pmhc_tcr/classI/classI_protenix_v1_default_with_msa/ranked_0/8gom_pmhc_tcr.pdb	after	ranked_0
46	8gon	0.449	0.414	2.552	5.87	90.16333333333334	91.35444444444444	91.18909090909091	95.502	93.09363636363638	89.308	90.10384615384615	95.62987804878048	96.43574585635356	94.11	96.32557894736843	95.02904545454545	0.5371398	0.17583914	0.86983764	0.19038582	0.3506763	0.5465448	0.96362936	2.3188243	0.37029654	0.39208788	0.37803867	0.56457347	../../benchmark_data/class-i/pdb/8gon_pmhc_tcr.pdb	../pred_pdb/protenix_v1/pmhc_tcr/classI/classI_protenix_v1_default_with_msa/ranked_0/8gon_pmhc_tcr.pdb	after	ranked_0
47	8gvb	0.659	0.682	1.735	3.316	93.14545454545454	96.16818181818184	91.72142857142856	97.98599999999999	97.19	97.454	94.68655172413793	97.18331707317073	97.66144444444443	97.49499999999999	97.65436170212764	96.78441441441441	1.833004	0.8649904	1.5905879	0.44846815	0.63129413	0.5286683	1.5550653	1.7742832	0.49935016	0.3803088	0.50320226	1.1136738	../../benchmark_data/class-i/pdb/8gvb_pmhc_tcr.pdb	../pred_pdb/protenix_v1/pmhc_tcr/classI/classI_protenix_v1_default_with_msa/ranked_0/8gvb_pmhc_tcr.pdb	after	ranked_0
48	8gvg	0.836	0.821	0.984	0.95	90.51181818181819	96.0281818181818	90.92499999999998	97.981	97.38363636363637	97.282	94.21310344827586	97.08513381995134	97.66298342541437	97.16874999999999	97.64206349206349	96.61099099099098	1.2400752	0.9252322	0.7654639	0.49780658	0.6514185	0.45663816	0.85469973	0.86574936	0.64834565	0.35430178	0.647408	0.96833736	../../benchmark_data/class-i/pdb/8gvg_pmhc_tcr.pdb	../pred_pdb/protenix_v1/pmhc_tcr/classI/classI_protenix_v1_default_with_msa/ranked_0/8gvg_pmhc_tcr.pdb	after	ranked_0
49	8gvi	0.844	0.853	0.993	1.135	95.47636363636364	97.02999999999999	97.4257142857143	98.33000000000001	98.36545454545454	97.95799999999998	97.70103448275862	97.85138686131387	98.09939226519336	98.3475	98.10989417989418	97.63130630630631	1.4999526	0.89379215	0.6013761	0.519373	0.38346273	0.5218107	0.72341627	0.9139018	0.5372997	0.36234087	0.53316176	0.9559448	../../benchmark_data/class-i/pdb/8gvi_pmhc_tcr.pdb	../pred_pdb/protenix_v1/pmhc_tcr/classI/classI_protenix_v1_default_with_msa/ranked_0/8gvi_pmhc_tcr.pdb	after	ranked_0
50	8i5c	0.702	0.635	1.346	2.561	88.54181818181817	89.60444444444445	88.40916666666668	89.228	87.532	87.26538461538462	87.81439999999999	94.14400000000002	94.64386740331493	89.99888888888889	94.42384210526315	93.8966976744186	0.45870483	0.27858052	0.24681234	0.28826714	0.34072322	1.3879783	1.2823901	1.2842786	0.35081103	1.0862812	0.42094472	0.612742	../../benchmark_data/class-i/pdb/8i5c_pmhc_tcr.pdb	../pred_pdb/protenix_v1/pmhc_tcr/classI/classI_protenix_v1_default_with_msa/ranked_0/8i5c_pmhc_tcr.pdb	after	ranked_0
51	8i5d	0.707	0.797	1.55	3.71	95.441	97.25699999999999	94.21666666666665	97.289	96.51181818181819	95.55933333333333	94.96259259259259	97.34502475247524	97.7839226519337	93.80555555555556	97.59547368421052	97.12266355140187	0.28796592	0.21762125	0.8207277	0.28017542	0.17971571	0.4865569	0.9963092	1.736409	0.41302705	0.8088256	0.4558683	1.2672215	../../benchmark_data/class-i/pdb/8i5d_pmhc_tcr.pdb	../pred_pdb/protenix_v1/pmhc_tcr/classI/classI_protenix_v1_default_with_msa/ranked_0/8i5d_pmhc_tcr.pdb	after	ranked_0
52	8qfy	0.802	0.738	0.967	1.68	96.59	96.90444444444445	96.24916666666667	98.28	95.69	98.19416666666666	97.22166666666665	97.388	97.67453038674036	97.63555555555556	97.67268421052634	97.13641860465117	0.37353614	0.27835184	0.32552394	0.33334774	0.2984399	0.3436706	0.47878388	1.0419675	0.7628171	0.4321473	0.7643994	0.62929827	../../benchmark_data/class-i/pdb/8qfy_pmhc_tcr.pdb	../pred_pdb/protenix_v1/pmhc_tcr/classI/classI_protenix_v1_default_with_msa/ranked_0/8qfy_pmhc_tcr.pdb	after	ranked_0
53	8shi	0.32	0.354	3.337	9.663	88.691	90.54399999999998	80.11176470588235	91.133	87.132	90.03928571428571	84.59516129032258	93.35710396039605	93.6601111111111	87.27625	93.3884574468085	93.32981481481481	0.39893338	0.41841772	2.0533342	0.26397216	0.20529315	0.35691583	1.6518574	3.4318538	0.6278946	1.4759637	0.70757496	0.9898848	../../benchmark_data/class-i/pdb/8shi_pmhc_tcr.pdb	../pred_pdb/protenix_v1/pmhc_tcr/classI/classI_protenix_v1_default_with_msa/ranked_0/8shi_pmhc_tcr.pdb	after	ranked_0
54	8wte	0.302	0.308	3.539	9.452	90.54727272727273	91.37333333333333	90.84461538461538	92.412	90.51599999999999	88.963125	89.80655172413795	94.78330073349633	95.24707182320442	88.12555555555555	94.90973684210526	94.67360730593606	0.27463225	0.34290442	0.3600267	0.26842502	0.17781954	1.3387522	1.1991702	4.2891154	0.35049972	1.6012071	0.5082522	1.0111067	../../benchmark_data/class-i/pdb/8wte_pmhc_tcr.pdb	../pred_pdb/protenix_v1/pmhc_tcr/classI/classI_protenix_v1_default_with_msa/ranked_0/8wte_pmhc_tcr.pdb	after	ranked_0
55	8wul	0.666	0.683	1.649	3.42	91.68181818181817	92.77666666666667	91.75769230769232	93.81899999999999	91.633	89.97999999999999	90.77689655172416	95.55904645476771	96.17889502762429	93.16777777777777	96.03626315789474	95.14502283105023	0.4630358	0.19981344	0.43752164	0.23877007	0.21810563	1.1565969	1.1006448	1.7346488	0.37062773	0.26531225	0.37321264	0.9328008	../../benchmark_data/class-i/pdb/8wul_pmhc_tcr.pdb	../pred_pdb/protenix_v1/pmhc_tcr/classI/classI_protenix_v1_default_with_msa/ranked_0/8wul_pmhc_tcr.pdb	after	ranked_0
56	6zkw	0.75	0.707	0.995	3.584	93.73727272727272	95.611	94.19000000000003	96.348	92.107	94.445625	94.33103448275861	96.31388753056235	96.42205555555556	93.68111111111112	96.2915343915344	96.3330909090909	0.34516987	0.26836357	0.60026586	0.222837	0.16475366	0.6379361	0.9519687	1.2956219	0.49038827	0.35803804	0.49037096	0.7856196	../../benchmark_data/class-i/pdb/6zkw_pmhc_tcr.pdb	../pred_pdb/protenix_v1/pmhc_tcr/classI/classI_protenix_v1_default_with_msa/ranked_1/6zkw_pmhc_tcr.pdb	after	ranked_1
57	6zkx	0.237	0.319	4.846	12.811	90.99454545454546	93.836	92.29615384615386	95.109	90.195	92.0	92.13275862068967	94.50394160583943	93.75525139664806	87.80333333333334	93.38130890052356	95.4785909090909	0.34726888	0.15130728	0.5052762	0.2175439	0.1324903	0.6697725	0.93141294	5.820124	1.6004611	0.81812996	1.6094074	1.0151069	../../benchmark_data/class-i/pdb/6zkx_pmhc_tcr.pdb	../pred_pdb/protenix_v1/pmhc_tcr/classI/classI_protenix_v1_default_with_msa/ranked_1/6zkx_pmhc_tcr.pdb	after	ranked_1
58	6zky	0.025	0.0	18.578	31.065	72.19909090909091	84.438	59.88307692307693	51.767999999999994	44.202	45.315	51.84551724137932	47.786127450980395	38.234500000000004	29.1325	37.84718085106383	56.2794090909091	0.6318258	0.34524992	2.786485	2.0169573	1.8690134	3.7222722	9.843055	21.984179	14.2045355	2.2181818	14.36522	15.35255	../../benchmark_data/class-i/pdb/6zky_pmhc_tcr.pdb	../pred_pdb/protenix_v1/pmhc_tcr/classI/classI_protenix_v1_default_with_msa/ranked_1/6zky_pmhc_tcr.pdb	after	ranked_1
59	6zkz	0.069	0.017	15.52	18.085	71.51818181818182	85.28200000000001	59.824615384615385	58.961	48.199000000000005	52.103125000000006	55.56448275862069	51.78281862745098	41.435	30.544999999999998	40.97159574468086	61.021499999999996	0.55749875	0.31531438	2.2611046	1.8899189	2.0910895	3.9146483	9.24033	15.008779	11.975191	1.7367921	12.253218	15.356269	../../benchmark_data/class-i/pdb/6zkz_pmhc_tcr.pdb	../pred_pdb/protenix_v1/pmhc_tcr/classI/classI_protenix_v1_default_with_msa/ranked_1/6zkz_pmhc_tcr.pdb	after	ranked_1
60	7dzm	0.389	0.488	2.612	9.781	89.20583333333332	90.88125	81.22066666666666	90.33099999999999	86.67909090909092	90.07083333333333	85.15407407407409	93.78339901477833	94.48094444444442	89.85333333333334	94.26058201058198	93.36778801843317	0.20145361	0.25867677	1.4103931	0.23849142	0.21335082	0.37412444	1.3494562	3.1343384	0.83825487	0.7687316	0.85315126	0.6833605	../../benchmark_data/class-i/pdb/7dzm_pmhc_tcr.pdb	../pred_pdb/protenix_v1/pmhc_tcr/classI/classI_protenix_v1_default_with_msa/ranked_1/7dzm_pmhc_tcr.pdb	after	ranked_1
61	7dzn	0.028	0.0	19.035	29.283	31.8225	44.81	31.681333333333335	30.531	31.485454545454544	36.98083333333333	34.03666666666667	34.82654320987654	37.72793296089385	29.165555555555557	37.318031914893616	32.668018433179725	3.7998254	4.82611	3.6156166	2.0206566	4.9382057	4.710636	9.684483	21.12012	11.074826	4.246025	13.516703	17.674242	../../benchmark_data/class-i/pdb/7dzn_pmhc_tcr.pdb	../pred_pdb/protenix_v1/pmhc_tcr/classI/classI_protenix_v1_default_with_msa/ranked_1/7dzn_pmhc_tcr.pdb	after	ranked_1
62	7l1d	0.009	0.0	20.836	56.363	71.77909090909091	80.6888888888889	59.69538461538462	85.03200000000001	86.46900000000001	64.94684210526317	62.813437500000006	58.899902200488995	38.6617679558011	51.33222222222222	39.26194736842105	75.93739726027398	1.044594	0.30017787	1.635464	0.2863217	0.24447706	5.99732	8.609015	20.72367	15.7914915	1.7758807	19.299921	15.101997	../../benchmark_data/class-i/pdb/7l1d_pmhc_tcr.pdb	../pred_pdb/protenix_v1/pmhc_tcr/classI/classI_protenix_v1_default_with_msa/ranked_1/7l1d_pmhc_tcr.pdb	after	ranked_1
63	7n2n	0.016	0.018	19.117	54.603	79.75454545454546	89.09899999999999	62.57176470588235	61.28099999999999	74.022	51.06000000000001	57.175625	58.258668280871674	51.63801104972375	33.95	50.800157894736834	64.61345291479822	0.7237733	0.44770974	1.5739623	0.59578836	0.20221472	7.303589	9.508283	21.519896	19.399952	2.0684829	19.20491	16.101257	../../benchmark_data/class-i/pdb/7n2n_pmhc_tcr.pdb	../pred_pdb/protenix_v1/pmhc_tcr/classI/classI_protenix_v1_default_with_msa/ranked_1/7n2n_pmhc_tcr.pdb	after	ranked_1
64	7n2o	0.008	0.0	18.83	60.908	75.55818181818182	86.412	55.33705882352941	55.949	67.26	47.86733333333334	51.835625	54.89932203389831	49.79226519337016	29.13666666666667	48.813842105263156	60.084260089686104	0.23358114	0.4677749	1.34954	0.5521962	0.14907056	7.1853495	9.60611	20.958914	19.128513	1.9577601	18.929018	14.74754	../../benchmark_data/class-i/pdb/7n2o_pmhc_tcr.pdb	../pred_pdb/protenix_v1/pmhc_tcr/classI/classI_protenix_v1_default_with_msa/ranked_1/7n2o_pmhc_tcr.pdb	after	ranked_1
65	7n2p	0.218	0.095	6.555	8.329	86.77090909090909	87.08899999999998	86.90181818181817	90.49199999999999	88.809	83.634	85.01653846153846	93.11218673218673	93.95254143646407	88.05666666666667	93.67326315789472	92.62092165898618	0.6409266	0.35109448	1.2300403	0.27030274	0.18940714	1.1363088	1.528179	21.231787	0.39297917	0.7225913	0.4271049	0.8369173	../../benchmark_data/class-i/pdb/7n2p_pmhc_tcr.pdb	../pred_pdb/protenix_v1/pmhc_tcr/classI/classI_protenix_v1_default_with_msa/ranked_1/7n2p_pmhc_tcr.pdb	after	ranked_1
66	7n2q	0.021	0.034	17.036	58.615	78.45818181818181	84.064	78.35909090909091	88.94800000000001	89.434	77.17999999999999	77.67884615384615	63.57847665847665	40.71348066298342	31.34111111111111	40.26952631578948	83.98723502304149	0.2818173	0.47218087	1.4009242	0.19476132	0.17665917	2.350838	6.8802643	21.013294	18.249857	1.6755172	18.13656	15.72392	../../benchmark_data/class-i/pdb/7n2q_pmhc_tcr.pdb	../pred_pdb/protenix_v1/pmhc_tcr/classI/classI_protenix_v1_default_with_msa/ranked_1/7n2q_pmhc_tcr.pdb	after	ranked_1
67	7n2r	0.014	0.017	20.214	58.632	76.82363636363637	86.248	73.10727272727273	77.261	84.702	60.925333333333334	66.07923076923076	64.9829484029484	52.80867403314917	37.01222222222222	52.060421052631575	76.29760368663595	1.2971163	0.4626394	0.8158079	0.6629176	0.2001532	1.864661	7.554885	21.663717	19.561695	2.069792	19.437756	15.075238	../../benchmark_data/class-i/pdb/7n2r_pmhc_tcr.pdb	../pred_pdb/protenix_v1/pmhc_tcr/classI/classI_protenix_v1_default_with_msa/ranked_1/7n2r_pmhc_tcr.pdb	after	ranked_1
68	7n2s	0.21	0.045	5.819	8.152	94.59727272727274	95.51599999999999	93.4225	96.899	96.558	96.084	94.71032258064515	97.08550970873787	97.72198895027624	96.61555555555555	97.66957894736841	96.58563063063065	1.2933861	0.39821216	3.38159	0.46313027	0.20206457	1.5405413	3.2910085	21.184328	0.51724005	0.38241214	0.51942575	2.1697745	../../benchmark_data/class-i/pdb/7n2s_pmhc_tcr.pdb	../pred_pdb/protenix_v1/pmhc_tcr/classI/classI_protenix_v1_default_with_msa/ranked_1/7n2s_pmhc_tcr.pdb	after	ranked_1
69	7n4k	0.87	0.964	0.971	2.105	92.29416666666668	94.51875000000001	88.01384615384616	94.699	92.522	93.89909090909092	90.71125	95.77724999999998	96.03457627118644	95.072	95.98310160427809	95.59652582159623	0.15859051	0.71562743	0.6953659	0.34732753	0.10849838	0.18993528	0.6431117	1.2079463	1.2355355	0.24285817	1.2061288	0.75514936	../../benchmark_data/class-i/pdb/7n4k_pmhc_tcr.pdb	../pred_pdb/protenix_v1/pmhc_tcr/classI/classI_protenix_v1_default_with_msa/ranked_1/7n4k_pmhc_tcr.pdb	after	ranked_1
70	7n5c	0.026	0.035	19.168	43.862	35.95666666666667	27.55375	37.683076923076925	60.32000000000001	60.464	52.79545454545455	44.60958333333334	42.41170792079208	37.263204419889504	25.982	36.67256544502617	47.5580751173709	2.8338249	4.038521	5.5403714	2.4348292	1.8527173	4.177853	5.790014	19.850237	19.238588	3.4540207	19.020693	12.721778	../../benchmark_data/class-i/pdb/7n5c_pmhc_tcr.pdb	../pred_pdb/protenix_v1/pmhc_tcr/classI/classI_protenix_v1_default_with_msa/ranked_1/7n5c_pmhc_tcr.pdb	after	ranked_1
71	7n5p	0.043	0.0	14.348	23.284	47.857499999999995	30.735	44.892307692307696	59.065999999999995	61.608000000000004	51.88545454545456	48.0975	43.70591478696742	37.37835227272728	23.142	36.61295698924731	49.89976525821597	0.8966972	1.8448439	5.391651	1.7599709	2.0617423	4.0706153	8.751756	21.899826	15.725653	3.6700032	15.87769	11.721972	../../benchmark_data/class-i/pdb/7n5p_pmhc_tcr.pdb	../pred_pdb/protenix_v1/pmhc_tcr/classI/classI_protenix_v1_default_with_msa/ranked_1/7n5p_pmhc_tcr.pdb	after	ranked_1
72	7na5	0.337	0.388	3.375	9.242	93.19454545454546	93.20333333333332	93.94272727272728	94.59	91.05799999999999	93.83133333333335	93.87846153846155	94.92683950617284	94.31038888888891	93.25333333333333	94.26005291005289	95.51027777777779	0.6893856	0.29317522	0.62998235	0.21441224	0.35403052	0.515861	0.69304746	3.6802576	0.7849133	0.30766493	0.7732217	1.0931861	../../benchmark_data/class-i/pdb/7na5_pmhc_tcr.pdb	../pred_pdb/protenix_v1/pmhc_tcr/classI/classI_protenix_v1_default_with_msa/ranked_1/7na5_pmhc_tcr.pdb	after	ranked_1
73	7ndq	0.179	0.217	5.503	14.653	88.115	89.2525	82.116	88.798	86.2	84.40538461538462	83.17892857142859	93.45379901960783	94.26022099447513	90.04777777777778	94.0606842105263	92.92486238532109	0.41473398	0.35610828	0.62286437	0.33436003	0.34089622	0.6595938	0.9543797	6.030291	1.0085044	2.2166555	1.137564	0.9421788	../../benchmark_data/class-i/pdb/7ndq_pmhc_tcr.pdb	../pred_pdb/protenix_v1/pmhc_tcr/classI/classI_protenix_v1_default_with_msa/ranked_1/7ndq_pmhc_tcr.pdb	after	ranked_1
74	7ndt	0.267	0.18	5.049	7.852	85.67500000000001	86.24125	84.04714285714286	89.51	87.74000000000001	88.33416666666666	86.02576923076923	92.46445544554456	92.94077777777775	84.88375	92.5979255319149	92.34828703703704	0.3107782	0.2091216	1.5664234	0.24638149	0.2086697	0.33063242	1.3262895	20.266226	0.53307354	1.5357813	0.69824225	0.89426637	../../benchmark_data/class-i/pdb/7ndt_pmhc_tcr.pdb	../pred_pdb/protenix_v1/pmhc_tcr/classI/classI_protenix_v1_default_with_msa/ranked_1/7ndt_pmhc_tcr.pdb	after	ranked_1
75	7ndu	0.656	0.646	1.615	3.43	93.48833333333334	92.87125	88.43266666666665	96.612	95.52545454545454	94.25230769230771	91.13464285714288	96.43604422604423	96.94331491712705	95.80375000000001	96.89507936507935	96.03807339449543	0.4288187	0.29917562	1.3447587	0.16265862	0.3054665	1.6365623	1.6048096	1.651094	1.1738292	1.3395146	1.2590538	0.92049724	../../benchmark_data/class-i/pdb/7ndu_pmhc_tcr.pdb	../pred_pdb/protenix_v1/pmhc_tcr/classI/classI_protenix_v1_default_with_msa/ranked_1/7ndu_pmhc_tcr.pdb	after	ranked_1
76	7nme	0.641	0.72	1.768	4.447	91.79727272727273	93.493	94.07461538461537	94.87200000000001	94.16636363636363	95.6	94.77374999999999	96.1725925925926	96.66524861878453	94.69222222222223	96.5717894736842	95.81981395348835	0.46979442	0.27553114	0.31234577	0.26686382	0.17091757	0.44109076	0.45186543	2.126448	0.53191113	0.25613484	0.52612555	0.6585273	../../benchmark_data/class-i/pdb/7nme_pmhc_tcr.pdb	../pred_pdb/protenix_v1/pmhc_tcr/classI/classI_protenix_v1_default_with_msa/ranked_1/7nme_pmhc_tcr.pdb	after	ranked_1
77	7nmf	0.634	0.704	1.807	4.374	91.92636363636365	93.604	94.18692307692308	95.003	94.29272727272728	95.68818181818182	94.875	96.22592592592592	96.71552486187846	94.80444444444444	96.625	95.87325581395349	0.49179083	0.17735118	0.4046276	0.19633974	0.19714372	0.41419685	0.52019024	2.060764	0.46704766	0.38810802	0.4674115	0.6344976	../../benchmark_data/class-i/pdb/7nmf_pmhc_tcr.pdb	../pred_pdb/protenix_v1/pmhc_tcr/classI/classI_protenix_v1_default_with_msa/ranked_1/7nmf_pmhc_tcr.pdb	after	ranked_1
78	7nmg	0.59	0.667	1.972	5.092	90.22090909090909	92.175	92.94923076923077	93.952	93.0872727272727	94.72727272727273	93.76416666666667	95.66266666666668	96.23375690607733	93.80555555555556	96.11873684210525	95.25962790697675	0.44108078	0.31325027	0.43680727	0.49772492	0.18661189	0.47080365	0.54976803	2.2961779	0.46554416	0.4915748	0.47403887	0.70726645	../../benchmark_data/class-i/pdb/7nmg_pmhc_tcr.pdb	../pred_pdb/protenix_v1/pmhc_tcr/classI/classI_protenix_v1_default_with_msa/ranked_1/7nmg_pmhc_tcr.pdb	after	ranked_1
79	7ow5	0.751	0.656	0.979	2.92	95.26583333333332	90.03999999999999	94.715	97.00800000000001	96.329	93.71187499999999	94.2134375	96.56727710843373	97.19644444444445	92.812	96.96568421052633	96.23084444444444	0.395391	1.3715919	0.40178615	0.23383507	0.19100606	0.75817513	0.7435687	1.0082258	0.3775192	1.6842695	0.55368406	0.7291742	../../benchmark_data/class-i/pdb/7ow5_pmhc_tcr.pdb	../pred_pdb/protenix_v1/pmhc_tcr/classI/classI_protenix_v1_default_with_msa/ranked_1/7ow5_pmhc_tcr.pdb	after	ranked_1
80	7ow6	0.877	0.846	0.648	2.123	97.75583333333333	93.95727272727272	97.86000000000001	98.18	97.83200000000002	96.860625	97.36031249999999	97.85846153846153	98.24049723756906	97.81	98.21795811518325	97.55328888888889	0.27367723	1.390262	0.28684726	0.21838807	0.35187116	0.5324029	0.47975817	0.7584418	0.36050132	0.3413883	0.36435404	0.6596887	../../benchmark_data/class-i/pdb/7ow6_pmhc_tcr.pdb	../pred_pdb/protenix_v1/pmhc_tcr/classI/classI_protenix_v1_default_with_msa/ranked_1/7ow6_pmhc_tcr.pdb	after	ranked_1
81	7pb2	0.259	0.279	3.78	11.251	87.70333333333333	83.90181818181817	80.50312500000001	89.961	86.126	81.704375	81.10375	92.71778313253013	94.25833333333334	84.127	93.72510526315791	91.86715555555556	0.307622	1.3040446	3.1688402	0.2364434	0.21368682	3.170624	3.3825467	3.7874253	0.5162899	0.9661487	0.5596103	1.775978	../../benchmark_data/class-i/pdb/7pb2_pmhc_tcr.pdb	../pred_pdb/protenix_v1/pmhc_tcr/classI/classI_protenix_v1_default_with_msa/ranked_1/7pb2_pmhc_tcr.pdb	after	ranked_1
82	7pbe	0.784	0.805	1.263	1.717	92.92454545454545	92.48	93.55083333333334	96.49	94.42454545454547	95.80538461538464	94.72319999999999	96.49886419753086	97.08022099447514	96.08111111111111	97.03289473684211	96.02693023255814	0.45359167	1.4826614	0.8761702	0.7891074	0.22501875	0.6714547	1.0374391	1.0924051	0.669814	0.17443609	0.65589744	0.98095506	../../benchmark_data/class-i/pdb/7pbe_pmhc_tcr.pdb	../pred_pdb/protenix_v1/pmhc_tcr/classI/classI_protenix_v1_default_with_msa/ranked_1/7pbe_pmhc_tcr.pdb	after	ranked_1
83	7phr	0.919	0.841	0.409	1.103	98.143	98.58200000000001	98.21545454545453	98.69800000000001	98.726	98.72923076923075	98.49374999999999	97.846875	98.49635359116022	98.71111111111111	98.50652631578946	97.25004761904763	0.28270692	0.2697186	0.45843446	0.17131174	0.25226435	0.15895389	0.35002768	1.0491996	0.38671884	0.19101812	0.38156617	1.2408649	../../benchmark_data/class-i/pdb/7phr_pmhc_tcr.pdb	../pred_pdb/protenix_v1/pmhc_tcr/classI/classI_protenix_v1_default_with_msa/ranked_1/7phr_pmhc_tcr.pdb	after	ranked_1
84	7q99	0.859	0.849	0.769	2.252	96.07090909090911	96.94777777777779	95.8	94.66727272727272	93.54666666666668	94.73466666666667	95.18538461538462	96.78130221130222	97.62740331491712	97.124	97.60104712041884	96.05643518518518	0.30572045	0.25552174	0.32093936	0.3270961	0.24659157	0.2819873	0.47598064	0.9953495	0.3301976	0.18825501	0.32803306	0.9952971	../../benchmark_data/class-i/pdb/7q99_pmhc_tcr.pdb	../pred_pdb/protenix_v1/pmhc_tcr/classI/classI_protenix_v1_default_with_msa/ranked_1/7q99_pmhc_tcr.pdb	after	ranked_1
85	7q9a	0.769	0.76	1.088	2.961	97.39818181818183	97.79444444444445	96.82	95.49545454545455	94.31555555555555	96.30266666666667	96.52153846153848	97.12341523341523	97.81950276243094	97.434	97.79931937172773	96.52574074074074	0.26694024	0.2789184	0.9628059	0.24554232	0.24935263	0.37983945	0.82968646	1.2628524	0.31700492	0.27794686	0.31993836	1.1101559	../../benchmark_data/class-i/pdb/7q9a_pmhc_tcr.pdb	../pred_pdb/protenix_v1/pmhc_tcr/classI/classI_protenix_v1_default_with_msa/ranked_1/7q9a_pmhc_tcr.pdb	after	ranked_1
86	7q9b	0.395	0.425	3.193	7.248	92.49454545454545	94.92888888888889	91.20375	93.542	91.34400000000001	88.86937499999999	89.6475	95.85402469135803	96.67066298342542	94.78099999999999	96.57172774869109	95.21345794392523	0.46274254	0.29165268	1.6548353	0.31278083	0.26792353	1.6264274	2.5405214	3.5447648	0.640543	0.3974036	0.6398121	1.4685181	../../benchmark_data/class-i/pdb/7q9b_pmhc_tcr.pdb	../pred_pdb/protenix_v1/pmhc_tcr/classI/classI_protenix_v1_default_with_msa/ranked_1/7q9b_pmhc_tcr.pdb	after	ranked_1
87	7qpj	0.879	0.754	0.49	1.214	98.12454545454544	98.34333333333333	98.04923076923079	97.776	96.83800000000001	97.36181818181818	97.73416666666668	97.97114143920597	98.10138888888886	98.26666666666667	98.10925925925925	97.84915887850468	0.15447295	0.32832092	0.099582985	0.14234145	0.12535407	0.4908172	0.6034785	0.5715074	0.4187613	0.3542225	0.42300907	0.43194845	../../benchmark_data/class-i/pdb/7qpj_pmhc_tcr.pdb	../pred_pdb/protenix_v1/pmhc_tcr/classI/classI_protenix_v1_default_with_msa/ranked_1/7qpj_pmhc_tcr.pdb	after	ranked_1
88	7r80	0.157	0.097	7.017	12.084	84.87636363636364	87.73799999999999	88.01692307692306	89.22299999999998	86.18100000000001	85.25	86.53464285714283	92.8963325183374	93.18055248618785	86.63666666666666	92.87057894736844	92.91867579908677	1.8926333	0.3475349	0.28893855	0.24615246	0.22562927	0.7647503	0.9069261	20.242964	0.55874413	0.44910356	0.5624696	0.9609656	../../benchmark_data/class-i/pdb/7r80_pmhc_tcr.pdb	../pred_pdb/protenix_v1/pmhc_tcr/classI/classI_protenix_v1_default_with_msa/ranked_1/7r80_pmhc_tcr.pdb	after	ranked_1
89	7rk7	0.339	0.333	3.648	7.855	85.88833333333334	88.16250000000001	74.38875	88.86500000000001	86.281	74.4385	74.41638888888889	91.47060240963856	93.15486187845303	88.02666666666667	92.91194736842104	90.25346666666668	0.3243513	0.28217587	3.5560272	0.44710666	0.24722078	3.1034844	3.737016	3.9613008	0.56395924	0.5766764	0.5664475	1.8641634	../../benchmark_data/class-i/pdb/7rk7_pmhc_tcr.pdb	../pred_pdb/protenix_v1/pmhc_tcr/classI/classI_protenix_v1_default_with_msa/ranked_1/7rk7_pmhc_tcr.pdb	after	ranked_1
90	7rm4	0.544	0.625	2.16	5.8	83.87272727272727	87.429	83.62166666666666	91.242	85.46545454545455	83.10200000000002	83.33296296296295	92.46061124694377	93.1971270718232	89.06	93.00115789473683	91.99164383561643	0.4596522	0.46118906	0.84473765	0.13512956	0.19085358	1.9274105	2.3455403	2.6888678	0.43168786	0.39379397	0.43776488	1.3094534	../../benchmark_data/class-i/pdb/7rm4_pmhc_tcr.pdb	../pred_pdb/protenix_v1/pmhc_tcr/classI/classI_protenix_v1_default_with_msa/ranked_1/7rm4_pmhc_tcr.pdb	after	ranked_1
91	7rrg	0.305	0.286	3.669	8.735	86.39750000000002	88.14750000000001	76.66466666666665	88.49100000000001	84.28363636363636	85.06214285714286	80.71862068965517	92.38041564792177	93.06071823204418	85.42444444444445	92.69899999999998	92.10401826484018	0.17967448	0.27599674	1.9080559	0.14718197	0.41696358	0.45817173	1.7988596	3.4534628	0.5778089	0.66709185	0.598952	1.1000557	../../benchmark_data/class-i/pdb/7rrg_pmhc_tcr.pdb	../pred_pdb/protenix_v1/pmhc_tcr/classI/classI_protenix_v1_default_with_msa/ranked_1/7rrg_pmhc_tcr.pdb	after	ranked_1
92	7rtr	0.633	0.762	1.852	5.012	88.10909090909091	89.85777777777777	90.05	90.6	87.78363636363635	90.85272727272728	90.45136363636365	93.82707616707616	94.27856353591159	90.34444444444445	94.09221052631577	93.59493087557603	0.40094253	0.3155377	0.44740528	0.47714493	0.18543051	0.537982	0.6783669	2.3442018	0.4227787	0.21524425	0.41802403	0.98146164	../../benchmark_data/class-i/pdb/7rtr_pmhc_tcr.pdb	../pred_pdb/protenix_v1/pmhc_tcr/classI/classI_protenix_v1_default_with_msa/ranked_1/7rtr_pmhc_tcr.pdb	after	ranked_1
93	7su9	0.499	0.5	2.406	5.336	92.54333333333334	93.30625	88.67266666666666	93.44	92.34100000000001	89.32600000000001	88.99933333333334	95.66700980392157	96.19455555555558	92.74444444444444	96.03026455026453	95.35351598173517	0.31886584	0.13906062	2.1708744	0.33123818	0.16486011	2.106008	2.4959133	2.79146	0.4878759	0.32134232	0.4838828	1.3252481	../../benchmark_data/class-i/pdb/7su9_pmhc_tcr.pdb	../pred_pdb/protenix_v1/pmhc_tcr/classI/classI_protenix_v1_default_with_msa/ranked_1/7su9_pmhc_tcr.pdb	after	ranked_1
94	8cx4	0.681	0.814	1.706	4.321	96.82181818181817	97.28999999999999	94.40647058823528	97.65	96.877	97.19599999999998	95.71406250000001	97.54389830508475	97.98331491712707	97.97999999999999	97.98315789473682	97.16964125560538	0.74121726	0.3548198	1.0399721	0.22881483	0.18264654	0.5863937	1.0163995	2.179717	0.44229722	0.20220463	0.43750435	0.79425746	../../benchmark_data/class-i/pdb/8cx4_pmhc_tcr.pdb	../pred_pdb/protenix_v1/pmhc_tcr/classI/classI_protenix_v1_default_with_msa/ranked_1/8cx4_pmhc_tcr.pdb	after	ranked_1
95	8d5q	0.724	0.755	1.442	2.87	93.28272727272729	95.193	90.15625	94.89272727272727	95.07272727272726	94.38799999999999	92.20387096774192	95.9470343137255	95.92164772727273	92.69500000000001	95.74817204301075	96.11364864864865	0.46991327	0.19839571	1.5822328	0.22640544	0.2064286	0.49275053	1.2597154	1.5629964	0.70842123	0.7316916	0.71720606	0.6918719	../../benchmark_data/class-i/pdb/8d5q_pmhc_tcr.pdb	../pred_pdb/protenix_v1/pmhc_tcr/classI/classI_protenix_v1_default_with_msa/ranked_1/8d5q_pmhc_tcr.pdb	after	ranked_1
96	8dnt	0.702	0.726	1.329	3.995	97.27454545454545	97.76666666666668	94.01083333333332	96.333	92.26	95.40142857142857	94.7596153846154	96.95100737100736	97.7317679558011	97.25	97.70894736842108	96.28737327188941	0.55196357	0.36949578	0.81617856	0.4850879	0.54614097	0.6717713	1.1311345	2.1539214	0.80270135	0.83282685	0.8228578	1.6854657	../../benchmark_data/class-i/pdb/8dnt_pmhc_tcr.pdb	../pred_pdb/protenix_v1/pmhc_tcr/classI/classI_protenix_v1_default_with_msa/ranked_1/8dnt_pmhc_tcr.pdb	after	ranked_1
97	8en8	0.361	0.315	3.044	7.342	95.28636363636365	96.15199999999999	91.77428571428572	91.99909090909091	92.38083333333333	87.61999999999998	89.62551724137934	95.98235436893204	96.81627777777778	94.45222222222223	96.70370370370371	95.3709865470852	0.35360867	0.15055516	1.7931364	0.26790845	0.4959329	4.1131063	4.007917	2.7975004	0.32666418	0.19774264	0.3277228	2.0952833	../../benchmark_data/class-i/pdb/8en8_pmhc_tcr.pdb	../pred_pdb/protenix_v1/pmhc_tcr/classI/classI_protenix_v1_default_with_msa/ranked_1/8en8_pmhc_tcr.pdb	after	ranked_1
98	8enh	0.458	0.42	2.607	5.51	88.96090909090908	89.749	83.5185714285714	86.05818181818181	86.36916666666667	79.80266666666667	81.59655172413794	92.92688564476884	94.14201117318437	90.12666666666667	93.94978723404256	92.06452914798206	0.47065142	0.16283435	2.1533608	0.29171842	0.4503222	3.5208905	3.5238042	2.823279	0.5302305	0.23516366	0.5210904	2.1910996	../../benchmark_data/class-i/pdb/8enh_pmhc_tcr.pdb	../pred_pdb/protenix_v1/pmhc_tcr/classI/classI_protenix_v1_default_with_msa/ranked_1/8enh_pmhc_tcr.pdb	after	ranked_1
99	8eo8	0.465	0.486	2.518	6.279	92.71181818181819	94.285	88.04071428571429	90.13363636363636	90.26666666666667	84.80866666666667	86.36896551724138	95.01603406326034	96.1240782122905	92.05111111111111	95.92909574468084	94.24627802690583	0.42294216	0.14621818	1.9286405	0.35617903	0.31402072	3.3061492	3.1664958	2.7688866	0.5699838	0.26377612	0.5606064	1.8255657	../../benchmark_data/class-i/pdb/8eo8_pmhc_tcr.pdb	../pred_pdb/protenix_v1/pmhc_tcr/classI/classI_protenix_v1_default_with_msa/ranked_1/8eo8_pmhc_tcr.pdb	after	ranked_1
100	8f5a	0.338	0.357	3.204	8.884	87.95818181818181	88.865	84.91866666666667	90.41799999999999	88.314	89.1025	86.77814814814816	94.06743276283619	94.91900552486187	87.63399999999999	94.53759162303665	93.65550458715596	0.25689307	2.139766	1.7175066	0.27265516	0.39545968	1.1728306	2.2796347	3.166879	0.35758805	2.8402905	0.837003	1.2866889	../../benchmark_data/class-i/pdb/8f5a_pmhc_tcr.pdb	../pred_pdb/protenix_v1/pmhc_tcr/classI/classI_protenix_v1_default_with_msa/ranked_1/8f5a_pmhc_tcr.pdb	after	ranked_1
101	8gom	0.551	0.625	2.367	5.015	89.57166666666666	90.33555555555556	89.91999999999999	93.885	90.62272727272726	87.68666666666667	88.63153846153847	94.89548780487803	95.78530386740331	91.71555555555557	95.59252631578948	94.2935	0.29455596	0.3290529	0.8251909	0.19276439	0.37561277	1.5153053	1.5767969	2.4249704	0.37707475	0.40771547	0.3858288	0.8156602	../../benchmark_data/class-i/pdb/8gom_pmhc_tcr.pdb	../pred_pdb/protenix_v1/pmhc_tcr/classI/classI_protenix_v1_default_with_msa/ranked_1/8gom_pmhc_tcr.pdb	after	ranked_1
102	8gon	0.505	0.5	2.501	4.914	90.44	91.41555555555554	91.17272727272729	95.48200000000001	93.02545454545454	89.28600000000002	90.08423076923077	95.63982926829269	96.44911602209945	94.16000000000001	96.34068421052632	95.03454545454545	0.53278375	0.6453071	0.7663791	0.289008	0.35140237	1.4843143	1.5502342	2.5393605	0.34459183	0.34568825	0.35331786	0.8518635	../../benchmark_data/class-i/pdb/8gon_pmhc_tcr.pdb	../pred_pdb/protenix_v1/pmhc_tcr/classI/classI_protenix_v1_default_with_msa/ranked_1/8gon_pmhc_tcr.pdb	after	ranked_1
103	8gvb	0.683	0.712	1.612	3.25	93.21	96.2009090909091	91.79785714285715	97.999	97.2090909090909	97.49999999999999	94.74724137931035	97.19373170731707	97.66283333333332	97.5125	97.65643617021279	96.80189189189191	1.5111382	0.8541553	1.4350507	0.43856537	0.6370019	0.5369575	1.4100001	1.7186798	0.525179	0.36504656	0.5280804	0.98346317	../../benchmark_data/class-i/pdb/8gvb_pmhc_tcr.pdb	../pred_pdb/protenix_v1/pmhc_tcr/classI/classI_protenix_v1_default_with_msa/ranked_1/8gvb_pmhc_tcr.pdb	after	ranked_1
104	8gvg	0.822	0.821	1.069	1.153	90.55	95.99454545454546	91.0292857142857	97.982	97.40818181818182	97.26333333333334	94.25379310344827	97.09352798053528	97.66640883977902	97.1875	97.64613756613758	96.62306306306306	1.2055502	0.9379676	0.87938297	0.49095967	0.65343904	0.449197	0.9770632	0.95147854	0.61325544	0.38886234	0.6140196	1.0189707	../../benchmark_data/class-i/pdb/8gvg_pmhc_tcr.pdb	../pred_pdb/protenix_v1/pmhc_tcr/classI/classI_protenix_v1_default_with_msa/ranked_1/8gvg_pmhc_tcr.pdb	after	ranked_1
105	8gvi	0.867	0.882	0.911	0.932	95.48454545454545	97.03363636363638	97.40785714285717	98.33200000000001	98.36363636363636	97.95333333333332	97.69000000000001	97.84885644768858	98.09690607734807	98.3425	98.1073015873016	97.62882882882884	1.5349953	0.8767533	0.5008212	0.5677166	0.3749831	0.4978169	0.66119426	0.83061486	0.5091665	0.32776996	0.5062942	0.9629641	../../benchmark_data/class-i/pdb/8gvi_pmhc_tcr.pdb	../pred_pdb/protenix_v1/pmhc_tcr/classI/classI_protenix_v1_default_with_msa/ranked_1/8gvi_pmhc_tcr.pdb	after	ranked_1
106	8i5c	0.679	0.651	1.448	3.319	88.34181818181818	89.8711111111111	88.38499999999999	89.378	87.21	87.27384615384615	87.80720000000001	94.14427160493827	94.6464640883978	90.13666666666666	94.43284210526315	93.88925581395348	0.35092437	0.32749495	0.24523075	0.22062832	0.3374044	1.2994806	1.2671708	1.3017511	0.38252133	0.4384255	0.3880931	0.633659	../../benchmark_data/class-i/pdb/8i5c_pmhc_tcr.pdb	../pred_pdb/protenix_v1/pmhc_tcr/classI/classI_protenix_v1_default_with_msa/ranked_1/8i5c_pmhc_tcr.pdb	after	ranked_1
107	8i5d	0.669	0.763	1.751	3.984	95.474	97.26599999999999	94.21749999999999	97.278	96.46454545454547	95.552	94.95888888888891	97.3454702970297	97.78464088397789	93.83	97.59731578947367	97.12186915887851	0.23445049	0.2230472	0.6951157	0.26277822	0.17968507	0.48823237	0.96121687	1.9209267	0.40704677	1.1686368	0.49366543	1.3555231	../../benchmark_data/class-i/pdb/8i5d_pmhc_tcr.pdb	../pred_pdb/protenix_v1/pmhc_tcr/classI/classI_protenix_v1_default_with_msa/ranked_1/8i5d_pmhc_tcr.pdb	after	ranked_1
108	8qfy	0.804	0.738	0.923	1.968	96.57545454545456	96.90555555555555	96.21583333333332	98.289	95.68818181818183	98.19833333333332	97.20708333333334	97.38641975308641	97.67375690607736	97.63222222222221	97.67178947368421	97.13423255813954	0.32651052	0.30683687	0.3352778	0.3732995	0.26816532	0.32101244	0.50113124	1.0498441	0.72550815	0.40672085	0.7239637	0.5946815	../../benchmark_data/class-i/pdb/8qfy_pmhc_tcr.pdb	../pred_pdb/protenix_v1/pmhc_tcr/classI/classI_protenix_v1_default_with_msa/ranked_1/8qfy_pmhc_tcr.pdb	after	ranked_1
109	8shi	0.343	0.396	3.269	9.209	88.657	90.651	80.13235294117646	90.94500000000001	86.92999999999999	90.06071428571428	84.61612903225807	93.32675742574258	93.61005555555555	87.37375	93.34468085106383	93.3111574074074	0.4259056	0.41492876	2.2836785	0.21803655	0.20602542	0.3313699	1.7925926	3.3407338	0.60103095	1.4504774	0.7007201	1.033294	../../benchmark_data/class-i/pdb/8shi_pmhc_tcr.pdb	../pred_pdb/protenix_v1/pmhc_tcr/classI/classI_protenix_v1_default_with_msa/ranked_1/8shi_pmhc_tcr.pdb	after	ranked_1
110	8wte	0.308	0.308	3.479	9.223	90.55545454545455	91.42333333333333	90.83153846153846	92.436	90.503	88.940625	89.78827586206897	94.77999999999999	95.24707182320442	88.00444444444445	94.90400000000001	94.6724200913242	0.2518049	0.27922723	0.52360815	0.27967808	0.17202426	1.3226799	1.2251741	4.2541013	0.37937123	1.7372718	0.5586022	0.93798417	../../benchmark_data/class-i/pdb/8wte_pmhc_tcr.pdb	../pred_pdb/protenix_v1/pmhc_tcr/classI/classI_protenix_v1_default_with_msa/ranked_1/8wte_pmhc_tcr.pdb	after	ranked_1
111	8wul	0.701	0.683	1.425	2.936	91.72454545454546	92.72111111111113	91.6946153846154	93.89099999999999	91.59299999999999	89.88499999999999	90.69620689655173	95.55376528117357	96.17629834254143	93.15444444444444	96.03315789473682	95.13785388127855	0.43415144	0.23133098	0.44625714	0.15022503	0.21753049	1.2105523	1.0824118	1.4094821	0.4052555	0.2955861	0.4065462	0.9441268	../../benchmark_data/class-i/pdb/8wul_pmhc_tcr.pdb	../pred_pdb/protenix_v1/pmhc_tcr/classI/classI_protenix_v1_default_with_msa/ranked_1/8wul_pmhc_tcr.pdb	after	ranked_1
112	6zkw	0.702	0.672	1.109	4.415	93.74454545454546	95.61	94.16615384615383	96.335	92.136	94.46125	94.3289655172414	96.31041564792176	96.41766666666665	93.67222222222223	96.28693121693121	96.33059090909093	0.51371247	0.23513082	0.6246634	0.19272622	0.19703326	0.5724325	0.9642727	1.6006926	0.5075448	0.29039586	0.50537276	0.81017816	../../benchmark_data/class-i/pdb/6zkw_pmhc_tcr.pdb	../pred_pdb/protenix_v1/pmhc_tcr/classI/classI_protenix_v1_default_with_msa/ranked_2/6zkw_pmhc_tcr.pdb	after	ranked_2
113	6zkx	0.563	0.565	1.932	4.931	91.29000000000002	93.915	92.17307692307692	95.25899999999999	90.019	92.07125	92.11689655172414	94.52175182481753	93.76262569832403	87.92583333333333	93.39591623036651	95.49918181818181	0.27739555	0.19163719	0.40529302	0.25850433	0.12822115	0.7301616	0.8260154	1.7776401	1.4946009	0.89852357	1.5230671	0.86832935	../../benchmark_data/class-i/pdb/6zkx_pmhc_tcr.pdb	../pred_pdb/protenix_v1/pmhc_tcr/classI/classI_protenix_v1_default_with_msa/ranked_2/6zkx_pmhc_tcr.pdb	after	ranked_2
114	6zky	0.041	0.0	15.482	23.808	71.91181818181819	82.818	60.32923076923077	52.696000000000005	45.892	45.83125	52.3303448275862	47.25392156862745	37.19811111111111	29.92375	36.88856382978724	56.11159090909091	0.7600638	0.35101858	2.6981585	1.5887347	1.0937881	3.892168	9.333152	18.794239	18.331604	1.6547759	18.12611	16.080313	../../benchmark_data/class-i/pdb/6zky_pmhc_tcr.pdb	../pred_pdb/protenix_v1/pmhc_tcr/classI/classI_protenix_v1_default_with_msa/ranked_2/6zky_pmhc_tcr.pdb	after	ranked_2
115	6zkz	0.012	0.0	17.726	49.227	71.6490909090909	84.246	60.20692307692308	57.709	46.928000000000004	52.186875	55.78206896551724	50.24784313725491	39.716944444444444	27.665	39.20409574468085	59.68522727272728	0.5473399	0.25771403	2.5308661	1.9588181	6.88625	3.6019895	8.954339	20.402687	14.592348	2.7533777	14.579016	17.122778	../../benchmark_data/class-i/pdb/6zkz_pmhc_tcr.pdb	../pred_pdb/protenix_v1/pmhc_tcr/classI/classI_protenix_v1_default_with_msa/ranked_2/6zkz_pmhc_tcr.pdb	after	ranked_2
116	7dzm	0.388	0.442	2.635	8.895	89.19083333333333	90.9375	81.24800000000002	90.386	86.7218181818182	90.09583333333335	85.18037037037038	93.79960591133005	94.49555555555554	89.84111111111112	94.27391534391535	93.38649769585253	0.19847871	0.17946154	1.2954224	0.25371802	0.20998578	0.37044382	1.297488	3.0070045	0.80955535	0.7282159	0.82633454	0.6900928	../../benchmark_data/class-i/pdb/7dzm_pmhc_tcr.pdb	../pred_pdb/protenix_v1/pmhc_tcr/classI/classI_protenix_v1_default_with_msa/ranked_2/7dzm_pmhc_tcr.pdb	after	ranked_2
117	7dzn	0.02	0.0	16.931	36.617	30.580833333333334	41.07375	29.522666666666666	33.791	32.50181818181819	38.07666666666666	33.324444444444445	34.81883950617284	37.69793296089386	26.83555555555556	37.177925531914894	32.775023041474654	3.4788144	5.2464485	3.9706194	1.6553681	4.19897	5.5103188	8.053844	20.272303	11.401745	4.2047276	11.8804245	16.257807	../../benchmark_data/class-i/pdb/7dzn_pmhc_tcr.pdb	../pred_pdb/protenix_v1/pmhc_tcr/classI/classI_protenix_v1_default_with_msa/ranked_2/7dzn_pmhc_tcr.pdb	after	ranked_2
118	7l1d	0.018	0.027	19.1	58.198	71.93545454545455	80.39222222222222	60.060769230769225	83.43299999999999	84.14500000000001	59.93421052631579	59.985625	58.07887530562348	37.5821546961326	51.191111111111105	38.226789473684214	75.30214611872145	1.171281	0.3181482	2.119606	0.30942744	0.2738499	3.428474	8.381327	22.676044	12.022548	1.8828344	16.325768	16.191908	../../benchmark_data/class-i/pdb/7l1d_pmhc_tcr.pdb	../pred_pdb/protenix_v1/pmhc_tcr/classI/classI_protenix_v1_default_with_msa/ranked_2/7l1d_pmhc_tcr.pdb	after	ranked_2
119	7n2n	0.01	0.0	18.642	56.214	79.60818181818182	89.09700000000001	62.74235294117648	60.879999999999995	74.454	49.81933333333333	56.684687499999995	58.05346246973366	51.300828729281776	34.167777777777786	50.48926315789473	64.49829596412556	0.5042053	0.38004038	1.0396419	0.76622987	0.19819695	7.0009913	9.260781	20.518806	19.41936	1.9966133	19.28972	14.992472	../../benchmark_data/class-i/pdb/7n2n_pmhc_tcr.pdb	../pred_pdb/protenix_v1/pmhc_tcr/classI/classI_protenix_v1_default_with_msa/ranked_2/7n2n_pmhc_tcr.pdb	after	ranked_2
120	7n2o	0.016	0.017	19.622	52.912	73.0281818181818	85.27000000000001	51.17764705882353	56.42999999999999	65.11	46.42533333333333	48.95	53.58014527845036	48.48602209944751	25.720000000000002	47.407631578947374	58.839237668161424	0.20060597	0.42076024	1.1096495	0.610256	0.37570626	6.8246965	9.841442	20.425003	19.234564	2.0350847	19.067036	14.981778	../../benchmark_data/class-i/pdb/7n2o_pmhc_tcr.pdb	../pred_pdb/protenix_v1/pmhc_tcr/classI/classI_protenix_v1_default_with_msa/ranked_2/7n2o_pmhc_tcr.pdb	after	ranked_2
121	7n2p	0.216	0.127	6.936	8.903	87.39181818181818	87.513	86.69181818181818	90.56099999999999	88.4	83.57533333333335	84.89384615384614	93.16965601965603	94.0350276243094	88.23777777777778	93.7604210526316	92.65239631336405	0.26760274	0.36357513	0.88161916	0.28814778	0.18646169	1.0222051	1.2524122	20.1481	0.35908446	0.50886595	0.37676477	0.7133996	../../benchmark_data/class-i/pdb/7n2p_pmhc_tcr.pdb	../pred_pdb/protenix_v1/pmhc_tcr/classI/classI_protenix_v1_default_with_msa/ranked_2/7n2p_pmhc_tcr.pdb	after	ranked_2
122	7n2q	0.014	0.017	18.971	60.227	76.16363636363636	84.084	77.51272727272728	88.72800000000001	89.21099999999998	76.43733333333333	76.89230769230768	63.690933660933666	41.35022099447514	33.55222222222223	40.98084210526315	83.57534562211981	1.4037457	0.5534397	1.3634727	0.19657348	0.22016297	2.3365314	7.152372	21.728792	18.419182	1.9338939	18.120285	15.858836	../../benchmark_data/class-i/pdb/7n2q_pmhc_tcr.pdb	../pred_pdb/protenix_v1/pmhc_tcr/classI/classI_protenix_v1_default_with_msa/ranked_2/7n2q_pmhc_tcr.pdb	after	ranked_2
123	7n2r	0.01	0.0	17.756	54.006	74.24363636363636	82.753	72.99181818181818	77.259	84.385	60.94533333333332	66.04192307692308	64.72257985257984	52.5656906077348	37.61888888888889	51.85768421052631	75.98677419354837	0.3242708	0.3900544	1.1074749	0.60303855	0.18770336	2.07454	7.241995	20.237991	19.468397	1.7523214	19.292673	15.729946	../../benchmark_data/class-i/pdb/7n2r_pmhc_tcr.pdb	../pred_pdb/protenix_v1/pmhc_tcr/classI/classI_protenix_v1_default_with_msa/ranked_2/7n2r_pmhc_tcr.pdb	after	ranked_2
124	7n2s	0.2	0.061	5.955	8.878	94.60363636363635	95.536	93.355625	96.89499999999998	96.54299999999999	96.04199999999999	94.65548387096773	97.07781553398058	97.72038674033149	96.60333333333334	97.6674736842105	96.57315315315314	1.2301959	0.35677674	3.3065515	0.4710904	0.20475692	1.5240606	3.2354407	20.814404	0.53144795	0.36052492	0.5332684	1.991289	../../benchmark_data/class-i/pdb/7n2s_pmhc_tcr.pdb	../pred_pdb/protenix_v1/pmhc_tcr/classI/classI_protenix_v1_default_with_msa/ranked_2/7n2s_pmhc_tcr.pdb	after	ranked_2
125	7n4k	0.863	0.909	0.933	1.756	92.26666666666667	94.53	87.9676923076923	94.713	92.53099999999999	93.92909090909092	90.7	95.77082499999999	96.03502824858758	95.064	95.98310160427808	95.58446009389672	0.13123012	0.70108026	0.6690197	0.35945913	0.11805882	0.24336685	0.66955644	1.0374858	1.2110859	0.23954448	1.1823956	0.52516335	../../benchmark_data/class-i/pdb/7n4k_pmhc_tcr.pdb	../pred_pdb/protenix_v1/pmhc_tcr/classI/classI_protenix_v1_default_with_msa/ranked_2/7n4k_pmhc_tcr.pdb	after	ranked_2
126	7n5c	0.038	0.035	15.633	30.998	34.872499999999995	26.4525	38.12692307692308	59.263999999999996	59.597	52.46363636363637	44.697916666666664	41.805198019801985	36.63883977900553	28.308	36.20267015706806	46.82906103286385	3.6489177	3.4914558	5.9260826	2.3488586	1.9985232	4.203086	8.980752	22.106274	18.464655	3.2687826	18.886501	11.35621	../../benchmark_data/class-i/pdb/7n5c_pmhc_tcr.pdb	../pred_pdb/protenix_v1/pmhc_tcr/classI/classI_protenix_v1_default_with_msa/ranked_2/7n5c_pmhc_tcr.pdb	after	ranked_2
127	7n5p	0.024	0.0	16.476	32.178	45.919999999999995	29.596249999999998	42.22846153846154	61.06099999999999	61.50899999999999	50.73727272727273	46.12833333333333	43.3596992481203	37.579829545454544	26.845999999999997	37.002741935483876	48.91084507042254	0.84973717	3.7836027	4.027783	2.0101187	1.7879612	4.15903	7.6499767	17.988434	18.780043	2.869428	18.802952	15.046231	../../benchmark_data/class-i/pdb/7n5p_pmhc_tcr.pdb	../pred_pdb/protenix_v1/pmhc_tcr/classI/classI_protenix_v1_default_with_msa/ranked_2/7n5p_pmhc_tcr.pdb	after	ranked_2
128	7na5	0.324	0.306	3.363	8.51	93.11363636363636	93.26111111111112	93.91454545454548	94.66499999999999	91.02099999999999	93.89200000000001	93.90153846153846	94.9273086419753	94.30566666666665	93.26555555555555	94.25613756613754	95.51458333333333	0.63119817	0.3162289	0.5319396	0.20037967	0.38459194	0.6149938	0.7278323	3.5551713	1.0005485	0.4365667	0.98206127	1.0480379	../../benchmark_data/class-i/pdb/7na5_pmhc_tcr.pdb	../pred_pdb/protenix_v1/pmhc_tcr/classI/classI_protenix_v1_default_with_msa/ranked_2/7na5_pmhc_tcr.pdb	after	ranked_2
129	7ndq	0.213	0.233	4.828	12.417	88.16416666666667	89.09625	82.20266666666666	88.978	86.67909090909089	85.09923076923077	83.5475	93.53661764705883	94.33060773480663	90.1888888888889	94.13442105263158	93.01559633027522	0.42839432	0.37079155	0.91414905	0.29493368	0.38323724	1.2498972	1.5733438	5.152624	0.92462325	2.2333257	1.0683209	1.1296114	../../benchmark_data/class-i/pdb/7ndq_pmhc_tcr.pdb	../pred_pdb/protenix_v1/pmhc_tcr/classI/classI_protenix_v1_default_with_msa/ranked_2/7ndq_pmhc_tcr.pdb	after	ranked_2
130	7ndt	0.665	0.574	1.48	2.618	86.06416666666667	87.88875	84.64428571428572	89.64200000000001	86.78363636363638	88.0825	86.23115384615386	92.49121287128712	92.8706111111111	84.51249999999999	92.51494680851064	92.47055555555555	0.27092335	0.20059885	0.6416931	0.22473189	0.1905358	0.7294745	0.8611654	1.3497739	0.6888147	2.2587016	0.9046423	0.9326916	../../benchmark_data/class-i/pdb/7ndt_pmhc_tcr.pdb	../pred_pdb/protenix_v1/pmhc_tcr/classI/classI_protenix_v1_default_with_msa/ranked_2/7ndt_pmhc_tcr.pdb	after	ranked_2
131	7ndu	0.718	0.708	1.498	2.036	93.50833333333334	92.88999999999999	88.67666666666665	96.607	95.53818181818183	94.21076923076922	91.24607142857144	96.44267813267813	96.9257458563536	95.79875	96.87804232804235	96.06522935779816	0.46237287	0.3244657	1.231138	0.26282322	0.30656344	1.8342464	1.6587845	1.306452	1.0867821	1.3380975	1.1885369	1.0343817	../../benchmark_data/class-i/pdb/7ndu_pmhc_tcr.pdb	../pred_pdb/protenix_v1/pmhc_tcr/classI/classI_protenix_v1_default_with_msa/ranked_2/7ndu_pmhc_tcr.pdb	after	ranked_2
132	7nme	0.606	0.653	1.833	4.732	91.8	93.471	94.05000000000001	94.965	94.13454545454546	95.57454545454544	94.74875000000002	96.1716049382716	96.66441988950277	94.66222222222221	96.56957894736843	95.81990697674418	0.47835347	0.2863891	0.34713277	0.35272798	0.15433483	0.43381733	0.44427222	2.3504553	0.5014248	0.2428594	0.49470052	0.7990139	../../benchmark_data/class-i/pdb/7nme_pmhc_tcr.pdb	../pred_pdb/protenix_v1/pmhc_tcr/classI/classI_protenix_v1_default_with_msa/ranked_2/7nme_pmhc_tcr.pdb	after	ranked_2
133	7nmf	0.605	0.648	1.861	4.622	91.92818181818181	93.58399999999999	94.16153846153847	95.09299999999999	94.25999999999999	95.66272727272727	94.84958333333333	96.22446913580248	96.71320441988952	94.77444444444444	96.62136842105262	95.87372093023257	0.50111896	0.17232636	0.41208404	0.3681701	0.1815122	0.4049773	0.5007605	2.275428	0.438044	0.37808943	0.43759656	0.77513903	../../benchmark_data/class-i/pdb/7nmf_pmhc_tcr.pdb	../pred_pdb/protenix_v1/pmhc_tcr/classI/classI_protenix_v1_default_with_msa/ranked_2/7nmf_pmhc_tcr.pdb	after	ranked_2
134	7nmg	0.626	0.694	1.83	4.506	90.25909090909092	92.20200000000001	92.97923076923077	93.946	93.08272727272727	94.71272727272726	93.77374999999999	95.66893827160493	96.23464088397789	93.80444444444444	96.11952631578949	95.27074418604651	0.43728763	0.28682333	0.38479248	0.3066476	0.18158795	0.4666472	0.52716607	2.1432967	0.49950954	0.49183553	0.50510895	0.7730684	../../benchmark_data/class-i/pdb/7nmg_pmhc_tcr.pdb	../pred_pdb/protenix_v1/pmhc_tcr/classI/classI_protenix_v1_default_with_msa/ranked_2/7nmg_pmhc_tcr.pdb	after	ranked_2
135	7ow5	0.729	0.703	1.14	3.585	95.25666666666666	89.99636363636364	94.781875	96.96900000000001	96.208	93.72687499999999	94.25437500000001	96.56255421686745	97.19338888888888	92.78699999999999	96.96147368421053	96.22568888888888	0.35203937	1.612531	0.42892212	0.25155523	0.20579723	0.67987657	0.7375672	1.3130586	0.39504263	1.6707067	0.55660886	0.767221	../../benchmark_data/class-i/pdb/7ow5_pmhc_tcr.pdb	../pred_pdb/protenix_v1/pmhc_tcr/classI/classI_protenix_v1_default_with_msa/ranked_2/7ow5_pmhc_tcr.pdb	after	ranked_2
136	7ow6	0.886	0.846	0.642	1.601	97.7383333333333	93.78818181818183	97.84812500000001	98.174	97.83900000000001	96.8575	97.3528125	97.84939903846154	98.23734806629835	97.807	98.2148167539267	97.5392	0.29562536	1.35957	0.3165963	0.23374149	0.3426454	0.5372974	0.49538207	0.66332716	0.3506218	0.34544817	0.35648793	0.6635802	../../benchmark_data/class-i/pdb/7ow6_pmhc_tcr.pdb	../pred_pdb/protenix_v1/pmhc_tcr/classI/classI_protenix_v1_default_with_msa/ranked_2/7ow6_pmhc_tcr.pdb	after	ranked_2
137	7pb2	0.267	0.213	3.555	9.654	87.55	84.08727272727272	79.52375	90.112	86.304	82.365	80.944375	92.7672530120482	94.38122222222223	84.1	93.84010526315791	91.86128888888888	0.32799232	1.2434013	2.603275	0.19653308	0.16612542	3.2917533	3.1790216	3.3038478	0.43704787	1.2853343	0.52897954	1.7444685	../../benchmark_data/class-i/pdb/7pb2_pmhc_tcr.pdb	../pred_pdb/protenix_v1/pmhc_tcr/classI/classI_protenix_v1_default_with_msa/ranked_2/7pb2_pmhc_tcr.pdb	after	ranked_2
138	7pbe	0.789	0.805	1.231	1.626	92.97909090909091	92.51375	93.5025	96.50300000000001	94.39999999999999	95.7969230769231	94.69560000000001	96.50195061728395	97.08436464088398	96.08333333333333	97.03694736842105	96.02916279069768	0.44477835	1.5012676	0.82889	0.5245522	0.21899183	0.6654781	1.0479658	1.0372657	0.6790326	0.16985954	0.66440856	0.9357878	../../benchmark_data/class-i/pdb/7pbe_pmhc_tcr.pdb	../pred_pdb/protenix_v1/pmhc_tcr/classI/classI_protenix_v1_default_with_msa/ranked_2/7pbe_pmhc_tcr.pdb	after	ranked_2
139	7phr	0.926	0.841	0.363	0.755	98.14200000000001	98.58000000000001	98.21363636363635	98.697	98.728	98.72692307692306	98.49166666666667	97.852225	98.49662983425414	98.71	98.50673684210524	97.26004761904763	0.26220447	0.26631027	0.52695346	0.12848684	0.25117314	0.1710544	0.3998996	0.8978393	0.36294088	0.19752224	0.35784554	1.1108847	../../benchmark_data/class-i/pdb/7phr_pmhc_tcr.pdb	../pred_pdb/protenix_v1/pmhc_tcr/classI/classI_protenix_v1_default_with_msa/ranked_2/7phr_pmhc_tcr.pdb	after	ranked_2
140	7q99	0.883	0.89	0.749	1.811	96.09363636363638	96.94111111111111	95.82	94.66272727272727	93.52666666666667	94.73600000000002	95.19461538461539	96.78348894348896	97.62674033149173	97.127	97.60057591623037	96.06097222222223	0.32645386	0.2527422	0.2596937	0.32392696	0.2470494	0.28581575	0.46888265	0.91161865	0.34270558	0.18581273	0.33933082	0.9227624	../../benchmark_data/class-i/pdb/7q99_pmhc_tcr.pdb	../pred_pdb/protenix_v1/pmhc_tcr/classI/classI_protenix_v1_default_with_msa/ranked_2/7q99_pmhc_tcr.pdb	after	ranked_2
141	7q9a	0.791	0.8	1.05	2.783	97.4	97.79	96.83090909090907	95.49636363636364	94.3111111111111	96.30866666666667	96.52961538461538	97.1243488943489	97.81668508287292	97.433	97.79659685863874	96.5299074074074	0.24559541	0.31156874	0.87635696	0.2847224	0.26087818	0.40415978	0.7930098	1.1967497	0.3441608	0.2705764	0.3459228	1.0128	../../benchmark_data/class-i/pdb/7q9a_pmhc_tcr.pdb	../pred_pdb/protenix_v1/pmhc_tcr/classI/classI_protenix_v1_default_with_msa/ranked_2/7q9a_pmhc_tcr.pdb	after	ranked_2
142	7q9b	0.364	0.4	3.471	7.908	92.47272727272728	94.94777777777779	91.1	93.542	91.519	88.709375	89.50625000000001	95.8593827160494	96.6878453038674	94.75500000000001	96.58664921465969	95.21028037383178	0.50819397	0.2535382	1.6458914	0.31940478	0.26521835	1.5314562	2.5996137	3.8831851	0.6726949	0.3995579	0.6722296	1.6520734	../../benchmark_data/class-i/pdb/7q9b_pmhc_tcr.pdb	../pred_pdb/protenix_v1/pmhc_tcr/classI/classI_protenix_v1_default_with_msa/ranked_2/7q9b_pmhc_tcr.pdb	after	ranked_2
143	7qpj	0.887	0.768	0.474	1.107	98.12363636363635	98.34	98.05615384615386	97.781	96.852	97.35818181818182	97.73625	97.97225806451613	98.10283333333332	98.26666666666667	98.1106349206349	97.85004672897196	0.14626296	0.3228096	0.104048304	0.14165953	0.12691095	0.47238758	0.5803002	0.53828156	0.36563158	0.37469584	0.37388036	0.43915358	../../benchmark_data/class-i/pdb/7qpj_pmhc_tcr.pdb	../pred_pdb/protenix_v1/pmhc_tcr/classI/classI_protenix_v1_default_with_msa/ranked_2/7qpj_pmhc_tcr.pdb	after	ranked_2
144	7r80	0.248	0.161	4.227	9.01	85.1590909090909	87.21	88.33846153846154	89.89399999999999	87.071	85.11999999999998	86.61428571428571	93.07457212713936	93.3628729281768	86.52333333333334	93.0388947368421	93.10552511415526	2.0363333	0.3060407	0.36732796	0.28194427	0.21944697	0.40998113	0.53398395	4.081308	0.47619852	0.58645993	0.4932884	0.92987186	../../benchmark_data/class-i/pdb/7r80_pmhc_tcr.pdb	../pred_pdb/protenix_v1/pmhc_tcr/classI/classI_protenix_v1_default_with_msa/ranked_2/7r80_pmhc_tcr.pdb	after	ranked_2
145	7rk7	0.471	0.5	2.419	6.445	86.57	87.7825	75.5	88.98299999999999	86.842	73.3955	74.33083333333333	91.57224096385544	93.29950276243093	88.25	93.06031578947368	90.31564444444444	0.31433392	0.5127654	3.4188497	0.42117056	0.22901008	2.6090415	3.3913674	2.6857905	0.54043096	0.47793993	0.543758	1.5915964	../../benchmark_data/class-i/pdb/7rk7_pmhc_tcr.pdb	../pred_pdb/protenix_v1/pmhc_tcr/classI/classI_protenix_v1_default_with_msa/ranked_2/7rk7_pmhc_tcr.pdb	after	ranked_2
146	7rm4	0.559	0.625	2.144	5.248	84.45636363636362	87.288	83.47333333333334	90.988	85.23181818181817	82.538	82.95370370370368	92.50303178484107	93.29906077348069	89.33666666666666	93.11136842105265	91.97525114155252	0.45911345	0.47469407	0.85126275	0.15390122	0.19235452	1.7923735	1.7848403	2.4808578	0.3896602	0.3834532	0.39834633	1.1105595	../../benchmark_data/class-i/pdb/7rm4_pmhc_tcr.pdb	../pred_pdb/protenix_v1/pmhc_tcr/classI/classI_protenix_v1_default_with_msa/ranked_2/7rm4_pmhc_tcr.pdb	after	ranked_2
147	7rrg	0.288	0.19	3.582	8.091	86.30583333333334	88.02625	76.458	88.467	84.21272727272729	84.72214285714287	80.44758620689657	92.38295843520781	93.12320441988952	85.61666666666666	92.76763157894737	92.04922374429223	0.2724014	0.22874588	2.0391715	0.13950771	0.3913417	0.46102947	1.7376069	3.3737807	0.554008	0.77663046	0.59186286	0.9842046	../../benchmark_data/class-i/pdb/7rrg_pmhc_tcr.pdb	../pred_pdb/protenix_v1/pmhc_tcr/classI/classI_protenix_v1_default_with_msa/ranked_2/7rrg_pmhc_tcr.pdb	after	ranked_2
148	7rtr	0.679	0.778	1.6	4.358	88.08545454545455	89.88	90.17272727272729	90.588	87.77272727272727	90.9009090909091	90.53681818181819	93.84162162162163	94.28900552486186	90.33888888888889	94.10189473684208	93.61373271889401	0.41448465	0.3179314	0.5126296	0.4990999	0.18416981	0.42287096	0.6728292	2.0438113	0.34855393	0.20990126	0.34653816	0.8939096	../../benchmark_data/class-i/pdb/7rtr_pmhc_tcr.pdb	../pred_pdb/protenix_v1/pmhc_tcr/classI/classI_protenix_v1_default_with_msa/ranked_2/7rtr_pmhc_tcr.pdb	after	ranked_2
149	7su9	0.526	0.569	2.402	5.2	92.57833333333333	93.54249999999999	88.6993333333333	93.55099999999999	92.35900000000001	89.33933333333333	89.01933333333336	95.70497549019608	96.24344444444445	92.80777777777777	96.07984126984127	95.38146118721461	0.30552897	0.20875792	2.023792	0.3517377	0.17477787	2.070853	2.3840473	2.816768	0.38209674	0.27371326	0.3802098	1.3463511	../../benchmark_data/class-i/pdb/7su9_pmhc_tcr.pdb	../pred_pdb/protenix_v1/pmhc_tcr/classI/classI_protenix_v1_default_with_msa/ranked_2/7su9_pmhc_tcr.pdb	after	ranked_2
150	8cx4	0.749	0.831	1.403	3.074	96.78454545454544	97.274	94.40117647058823	97.64500000000001	96.86399999999999	97.18333333333334	95.70531249999999	97.54627118644068	97.98762430939227	97.9811111111111	97.98731578947368	97.17049327354262	0.8812357	0.30681518	1.0700817	0.19447124	0.20516752	0.57835186	1.0743897	1.606215	0.45655182	0.35305128	0.4577843	0.7292924	../../benchmark_data/class-i/pdb/8cx4_pmhc_tcr.pdb	../pred_pdb/protenix_v1/pmhc_tcr/classI/classI_protenix_v1_default_with_msa/ranked_2/8cx4_pmhc_tcr.pdb	after	ranked_2
151	8d5q	0.7	0.736	1.534	3.217	93.26363636363635	95.19300000000001	90.07124999999999	94.88909090909091	95.02454545454547	94.40333333333334	92.1674193548387	95.93953431372549	95.91488636363637	92.686	95.74129032258065	96.10563063063061	0.4301335	0.21371397	1.5124484	0.21123466	0.21448365	0.56778437	1.2253017	1.71414	0.7168128	0.770621	0.7279633	0.7078871	../../benchmark_data/class-i/pdb/8d5q_pmhc_tcr.pdb	../pred_pdb/protenix_v1/pmhc_tcr/classI/classI_protenix_v1_default_with_msa/ranked_2/8d5q_pmhc_tcr.pdb	after	ranked_2
152	8dnt	0.692	0.726	1.343	4.33	97.27090909090909	97.76111111111112	93.99083333333334	96.32700000000001	92.27636363636363	95.36928571428574	94.73307692307692	96.95245700245701	97.73182320441988	97.24111111111112	97.70857894736842	96.29041474654377	0.5065035	0.37230596	1.000082	0.5140536	0.561955	0.67039716	1.2032475	2.0919538	0.7485152	0.8068456	0.7705042	1.4926862	../../benchmark_data/class-i/pdb/8dnt_pmhc_tcr.pdb	../pred_pdb/protenix_v1/pmhc_tcr/classI/classI_protenix_v1_default_with_msa/ranked_2/8dnt_pmhc_tcr.pdb	after	ranked_2
153	8en8	0.453	0.37	2.278	5.722	95.2590909090909	96.29400000000001	91.625	92.03454545454547	93.24833333333333	88.65866666666668	90.09068965517241	96.09012135922332	96.89388888888888	94.6588888888889	96.78746031746033	95.49910313901343	0.4223552	0.14347471	1.7362379	0.29066494	0.43151274	2.219506	2.6397371	1.9547563	0.3131965	0.28927183	0.32435226	1.4122119	../../benchmark_data/class-i/pdb/8en8_pmhc_tcr.pdb	../pred_pdb/protenix_v1/pmhc_tcr/classI/classI_protenix_v1_default_with_msa/ranked_2/8en8_pmhc_tcr.pdb	after	ranked_2
154	8enh	0.319	0.272	3.409	8.106	88.35909090909091	89.65299999999999	82.69214285714285	86.52181818181818	86.45416666666667	79.604	81.09482758620688	92.89890510948906	94.13620111731842	90.56	93.96499999999999	92.00013452914797	0.4664225	0.20337	1.8288559	0.2775538	0.43166727	3.5274477	3.625179	4.1433454	0.5707596	0.20591116	0.55972207	2.050623	../../benchmark_data/class-i/pdb/8enh_pmhc_tcr.pdb	../pred_pdb/protenix_v1/pmhc_tcr/classI/classI_protenix_v1_default_with_msa/ranked_2/8enh_pmhc_tcr.pdb	after	ranked_2
155	8eo8	0.506	0.527	2.314	5.635	92.60545454545455	94.26299999999999	87.84857142857142	90.01181818181819	90.05916666666667	85.222	86.49	94.9860097323601	96.0831843575419	92.03555555555555	95.88941489361702	94.22439461883408	0.38812447	0.1362063	1.9679751	0.32044384	0.26749986	2.8432987	2.8063064	2.6136637	0.60388124	0.512599	0.60312957	1.7582461	../../benchmark_data/class-i/pdb/8eo8_pmhc_tcr.pdb	../pred_pdb/protenix_v1/pmhc_tcr/classI/classI_protenix_v1_default_with_msa/ranked_2/8eo8_pmhc_tcr.pdb	after	ranked_2
156	8f5a	0.363	0.457	3.145	9.446	88.39636363636365	88.838	84.85533333333333	90.274	88.437	89.26416666666667	86.81481481481481	94.09709046454766	94.94845303867405	87.573	94.56230366492146	93.68949541284402	0.23613296	2.1528504	1.5876701	0.28299388	0.33575463	1.2156432	2.2937233	3.2951076	0.33466008	2.679894	0.7891004	1.2813109	../../benchmark_data/class-i/pdb/8f5a_pmhc_tcr.pdb	../pred_pdb/protenix_v1/pmhc_tcr/classI/classI_protenix_v1_default_with_msa/ranked_2/8f5a_pmhc_tcr.pdb	after	ranked_2
157	8gom	0.548	0.613	2.417	4.847	89.5425	90.39333333333335	89.74727272727272	93.9	90.63545454545454	87.72866666666667	88.58269230769233	94.89602439024391	95.78591160220995	91.7211111111111	95.59336842105265	94.29377272727274	0.37081146	0.2946268	0.8193314	0.13460651	0.3611948	1.387451	1.5416727	2.4138596	0.33791164	0.34698042	0.3445821	0.7976922	../../benchmark_data/class-i/pdb/8gom_pmhc_tcr.pdb	../pred_pdb/protenix_v1/pmhc_tcr/classI/classI_protenix_v1_default_with_msa/ranked_2/8gom_pmhc_tcr.pdb	after	ranked_2
158	8gon	0.551	0.629	2.368	5.072	90.52166666666666	91.41222222222223	91.26727272727273	95.44399999999999	93.0281818181818	89.02133333333335	89.97153846153846	95.62273170731707	96.42397790055247	94.09777777777778	96.31378947368422	95.02590909090908	0.5125245	0.52334124	0.77625644	0.18762882	0.33196983	0.5797272	0.95048326	2.4704204	0.30338132	0.3369481	0.31227198	0.70313936	../../benchmark_data/class-i/pdb/8gon_pmhc_tcr.pdb	../pred_pdb/protenix_v1/pmhc_tcr/classI/classI_protenix_v1_default_with_msa/ranked_2/8gon_pmhc_tcr.pdb	after	ranked_2
159	8gvb	0.791	0.758	1.105	1.549	92.92909090909089	96.19000000000001	91.59928571428573	97.999	97.18727272727273	97.50666666666667	94.65482758620688	97.17453658536584	97.65	97.48625	97.64303191489361	96.7777927927928	1.5095979	0.8478033	0.97088295	0.42241487	0.62942	0.46694812	1.0028147	1.0261803	0.50536907	0.36709547	0.50693923	0.9231874	../../benchmark_data/class-i/pdb/8gvb_pmhc_tcr.pdb	../pred_pdb/protenix_v1/pmhc_tcr/classI/classI_protenix_v1_default_with_msa/ranked_2/8gvb_pmhc_tcr.pdb	after	ranked_2
160	8gvg	0.833	0.821	0.993	1.16	90.57727272727273	96.00636363636363	90.91285714285713	97.99	97.40363636363637	97.284	94.20827586206894	97.08836982968371	97.66690607734806	97.17375	97.64603174603174	96.61360360360361	1.23132	0.94450814	0.8867457	0.5243971	0.64390594	0.4361472	0.9408506	0.87137234	0.6088073	0.35366043	0.60895073	0.92028505	../../benchmark_data/class-i/pdb/8gvg_pmhc_tcr.pdb	../pred_pdb/protenix_v1/pmhc_tcr/classI/classI_protenix_v1_default_with_msa/ranked_2/8gvg_pmhc_tcr.pdb	after	ranked_2
161	8gvi	0.868	0.882	0.893	1.128	95.45	97.03454545454544	97.38928571428572	98.33200000000001	98.36363636363636	97.94733333333332	97.67793103448278	97.84204379562043	98.09491712707182	98.3425	98.10539682539684	97.61783783783784	1.5047705	0.9039222	0.5153031	0.39858988	0.3643609	0.50007147	0.6564045	0.8123584	0.49270812	0.33243757	0.49005073	0.9104814	../../benchmark_data/class-i/pdb/8gvi_pmhc_tcr.pdb	../pred_pdb/protenix_v1/pmhc_tcr/classI/classI_protenix_v1_default_with_msa/ranked_2/8gvi_pmhc_tcr.pdb	after	ranked_2
162	8i5c	0.749	0.667	1.172	1.729	88.47090909090907	89.86777777777779	88.435	89.286	87.44200000000001	87.20153846153848	87.79359999999998	94.16214814814815	94.65944751381215	90.23222222222222	94.44973684210525	93.90799999999999	0.3098966	0.3315389	0.2453678	0.24608447	0.34885582	1.2704573	1.257245	0.9903429	0.35898066	0.41298884	0.3635056	0.5921536	../../benchmark_data/class-i/pdb/8i5c_pmhc_tcr.pdb	../pred_pdb/protenix_v1/pmhc_tcr/classI/classI_protenix_v1_default_with_msa/ranked_2/8i5c_pmhc_tcr.pdb	after	ranked_2
163	8i5d	0.67	0.746	1.631	4.167	95.46899999999998	97.26299999999999	94.24083333333334	97.289	96.49000000000001	95.55799999999999	94.97259259259259	97.3483415841584	97.7878453038674	93.85444444444445	97.60152631578946	97.12355140186916	0.2640545	0.2790278	0.70640117	0.25073975	0.19442144	0.47878072	0.9213954	1.799516	0.43906245	1.3010347	0.5308921	1.2021824	../../benchmark_data/class-i/pdb/8i5d_pmhc_tcr.pdb	../pred_pdb/protenix_v1/pmhc_tcr/classI/classI_protenix_v1_default_with_msa/ranked_2/8i5d_pmhc_tcr.pdb	after	ranked_2
164	8qfy	0.741	0.689	1.189	2.522	96.57272727272726	96.9088888888889	96.21833333333332	98.28399999999999	95.66181818181818	98.19416666666666	97.20625	97.38701234567901	97.6750276243094	97.62444444444445	97.67263157894739	97.13460465116279	0.35772768	0.31555343	0.30602098	0.34256083	0.2504525	0.33006495	0.54300547	1.3348289	0.7316651	0.38666776	0.7324146	0.61304754	../../benchmark_data/class-i/pdb/8qfy_pmhc_tcr.pdb	../pred_pdb/protenix_v1/pmhc_tcr/classI/classI_protenix_v1_default_with_msa/ranked_2/8qfy_pmhc_tcr.pdb	after	ranked_2
165	8shi	0.065	0.104	14.114	29.12	88.33500000000001	90.37000000000002	78.80470588235295	91.05900000000001	86.92699999999999	89.35357142857141	83.56870967741935	93.15690594059406	93.47944444444443	87.35	93.21861702127659	93.10319444444445	0.37825617	0.44297296	2.3777566	0.24974217	0.21179529	0.29126787	1.8352237	15.613875	0.4926579	1.4700787	0.6040412	0.89666283	../../benchmark_data/class-i/pdb/8shi_pmhc_tcr.pdb	../pred_pdb/protenix_v1/pmhc_tcr/classI/classI_protenix_v1_default_with_msa/ranked_2/8shi_pmhc_tcr.pdb	after	ranked_2
166	8wte	0.289	0.308	3.598	10.171	90.74727272727272	91.29111111111109	90.85230769230769	92.303	90.92	88.91	89.7806896551724	94.8082151589242	95.28104972375692	88.11888888888889	94.94178947368421	94.6923287671233	0.2685742	0.32549536	0.4090412	0.27315268	0.17965011	1.3562406	1.1956859	4.4520288	0.39035818	1.6329005	0.55086225	0.96149486	../../benchmark_data/class-i/pdb/8wte_pmhc_tcr.pdb	../pred_pdb/protenix_v1/pmhc_tcr/classI/classI_protenix_v1_default_with_msa/ranked_2/8wte_pmhc_tcr.pdb	after	ranked_2
167	8wul	0.692	0.7	1.528	3.083	91.73272727272727	92.81666666666666	91.68846153846154	93.799	91.657	89.951875	90.73034482758621	95.56853300733496	96.19060773480663	93.18666666666667	96.04831578947369	95.15228310502282	0.3929837	0.20484953	0.41829216	0.19804712	0.22637282	1.1513163	1.0825762	1.513426	0.41034794	0.3206047	0.41225272	0.8754322	../../benchmark_data/class-i/pdb/8wul_pmhc_tcr.pdb	../pred_pdb/protenix_v1/pmhc_tcr/classI/classI_protenix_v1_default_with_msa/ranked_2/8wul_pmhc_tcr.pdb	after	ranked_2
168	6zkw	0.704	0.672	1.131	4.217	93.75636363636363	95.60900000000001	94.18	96.33000000000001	92.142	94.45	94.32896551724137	96.3169926650367	96.423	93.69777777777779	96.2932275132275	96.33740909090909	0.46669686	0.24689957	0.6430466	0.2151514	0.17310107	0.6379287	0.9692427	1.4871292	0.7010245	0.49980727	0.7020148	0.75887936	../../benchmark_data/class-i/pdb/6zkw_pmhc_tcr.pdb	../pred_pdb/protenix_v1/pmhc_tcr/classI/classI_protenix_v1_default_with_msa/ranked_3/6zkw_pmhc_tcr.pdb	after	ranked_3
169	6zkx	0.56	0.638	1.967	5.894	91.31363636363636	93.905	92.07846153846154	95.16199999999999	89.99999999999999	92.0675	92.07241379310345	94.51854014598538	93.76927374301677	87.97666666666669	93.40534031413611	95.48499999999999	0.28092736	0.23630531	0.33699375	0.2522032	0.13501248	0.74096304	0.76181227	1.970366	1.4832186	0.89277107	1.5028157	0.9058696	../../benchmark_data/class-i/pdb/6zkx_pmhc_tcr.pdb	../pred_pdb/protenix_v1/pmhc_tcr/classI/classI_protenix_v1_default_with_msa/ranked_3/6zkx_pmhc_tcr.pdb	after	ranked_3
170	6zky	0.043	0.038	15.093	28.545	70.70636363636363	82.369	57.831538461538464	53.473	45.376999999999995	46.676249999999996	51.676896551724134	48.15894607843137	39.00377777777778	28.69	38.56489361702128	56.35750000000001	0.4133415	0.3893687	1.9253793	1.9339557	1.9526484	3.789411	9.993179	17.274736	15.923189	2.245844	16.332304	14.349857	../../benchmark_data/class-i/pdb/6zky_pmhc_tcr.pdb	../pred_pdb/protenix_v1/pmhc_tcr/classI/classI_protenix_v1_default_with_msa/ranked_3/6zky_pmhc_tcr.pdb	after	ranked_3
171	6zkz	0.022	0.0	18.254	33.885	71.35727272727273	83.75999999999999	59.96076923076923	59.843	51.501	52.417500000000004	55.798965517241385	51.16051470588235	39.8945	32.5025	39.57994680851064	61.05663636363636	0.6706258	0.2738567	2.4777458	0.9600118	2.405795	3.8400056	9.128628	22.703003	12.470334	1.6002147	12.822084	15.893987	../../benchmark_data/class-i/pdb/6zkz_pmhc_tcr.pdb	../pred_pdb/protenix_v1/pmhc_tcr/classI/classI_protenix_v1_default_with_msa/ranked_3/6zkz_pmhc_tcr.pdb	after	ranked_3
172	7dzm	0.211	0.116	5.884	9.276	87.78333333333332	89.57125	80.688	89.898	84.97272727272727	89.42166666666667	84.56962962962963	93.16906403940888	93.74627777777779	89.07555555555555	93.52386243386245	92.8600460829493	0.19396332	0.13819857	1.3399998	0.22512883	0.16890186	0.19573708	1.1432769	20.493053	0.8134056	0.665857	0.8244274	0.63371074	../../benchmark_data/class-i/pdb/7dzm_pmhc_tcr.pdb	../pred_pdb/protenix_v1/pmhc_tcr/classI/classI_protenix_v1_default_with_msa/ranked_3/7dzm_pmhc_tcr.pdb	after	ranked_3
173	7dzn	0.011	0.0	19.68	50.572	32.744166666666665	44.0775	30.573999999999995	35.291999999999994	30.096363636363638	40.25166666666667	34.87518518518518	35.80241975308642	38.28430167597765	30.442222222222224	37.9088829787234	33.97746543778802	3.6571414	5.1705694	3.933304	3.0390608	4.3346796	5.308395	9.823904	22.197248	13.312288	4.2400494	14.908666	15.677555	../../benchmark_data/class-i/pdb/7dzn_pmhc_tcr.pdb	../pred_pdb/protenix_v1/pmhc_tcr/classI/classI_protenix_v1_default_with_msa/ranked_3/7dzn_pmhc_tcr.pdb	after	ranked_3
174	7l1d	0.012	0.0	17.571	49.421	71.91090909090909	78.99333333333334	59.79846153846154	85.17699999999999	87.44300000000001	65.36473684210526	63.1034375	59.06413202933986	38.703480662983424	50.351111111111116	39.255210526315786	76.24995433789955	0.86066765	0.31760305	1.4584029	0.2667868	0.2614124	6.359744	8.728283	20.30479	14.209882	1.7880814	16.846493	13.382249	../../benchmark_data/class-i/pdb/7l1d_pmhc_tcr.pdb	../pred_pdb/protenix_v1/pmhc_tcr/classI/classI_protenix_v1_default_with_msa/ranked_3/7l1d_pmhc_tcr.pdb	after	ranked_3
175	7n2n	0.024	0.035	21.73	47.461	81.1209090909091	89.715	64.90411764705881	64.418	72.617	53.00066666666667	59.324374999999996	58.690314769975785	52.416629834254145	34.22222222222222	51.55478947368421	64.76991031390133	0.4865605	0.3992138	1.8878063	0.649739	0.2186051	6.8009286	9.415041	23.99418	19.52683	2.1013646	19.378614	15.838226	../../benchmark_data/class-i/pdb/7n2n_pmhc_tcr.pdb	../pred_pdb/protenix_v1/pmhc_tcr/classI/classI_protenix_v1_default_with_msa/ranked_3/7n2n_pmhc_tcr.pdb	after	ranked_3
176	7n2o	0.016	0.017	20.858	52.769	75.63272727272728	85.90200000000002	54.47588235294118	57.835	62.027	46.36933333333334	50.675937499999996	54.55418886198547	49.7542541436464	27.953333333333333	48.721578947368414	59.523677130044845	0.3353961	0.4122488	1.9181361	0.6436965	0.283267	6.784959	8.03679	21.22493	20.349865	2.0139132	20.209408	16.154713	../../benchmark_data/class-i/pdb/7n2o_pmhc_tcr.pdb	../pred_pdb/protenix_v1/pmhc_tcr/classI/classI_protenix_v1_default_with_msa/ranked_3/7n2o_pmhc_tcr.pdb	after	ranked_3
177	7n2p	0.241	0.19	6.853	8.711	86.1490909090909	87.416	86.16454545454545	90.65700000000001	87.58	83.32266666666668	84.52499999999999	92.95405405405404	93.83049723756906	87.75333333333333	93.54263157894736	92.43870967741935	0.4258889	0.3828668	1.2007159	0.25897327	0.21472844	1.4741511	1.6753892	19.599024	0.35960016	0.5210413	0.38306096	0.91848415	../../benchmark_data/class-i/pdb/7n2p_pmhc_tcr.pdb	../pred_pdb/protenix_v1/pmhc_tcr/classI/classI_protenix_v1_default_with_msa/ranked_3/7n2p_pmhc_tcr.pdb	after	ranked_3
178	7n2q	0.008	0.0	17.119	65.197	81.2390909090909	87.41	78.65818181818182	88.77000000000001	89.276	77.03933333333333	77.72423076923077	63.204742014742	40.226685082872926	31.43444444444444	39.810210526315785	83.6884331797235	0.3523358	0.39103082	1.4571024	0.2343148	0.20369431	2.5716515	6.853588	20.651613	17.555952	1.4366803	17.806011	15.830415	../../benchmark_data/class-i/pdb/7n2q_pmhc_tcr.pdb	../pred_pdb/protenix_v1/pmhc_tcr/classI/classI_protenix_v1_default_with_msa/ranked_3/7n2q_pmhc_tcr.pdb	after	ranked_3
179	7n2r	0.019	0.017	17.46	45.442	73.37818181818183	83.50800000000001	71.8290909090909	77.422	84.402	60.650000000000006	65.37961538461538	64.50867321867321	52.00596685082873	36.41	51.26721052631579	76.1025806451613	1.4855969	0.36427832	0.7970935	0.5491666	0.16328065	1.7363994	7.2241273	20.910856	19.464905	1.829448	19.307545	14.89404	../../benchmark_data/class-i/pdb/7n2r_pmhc_tcr.pdb	../pred_pdb/protenix_v1/pmhc_tcr/classI/classI_protenix_v1_default_with_msa/ranked_3/7n2r_pmhc_tcr.pdb	after	ranked_3
180	7n2s	0.187	0.061	5.946	9.593	94.65181818181819	95.59799999999998	93.424375	96.91699999999999	96.545	96.044	94.69193548387099	97.08548543689321	97.72270718232045	96.63777777777779	97.67131578947368	96.58409909909909	1.2655188	0.4308641	3.3380277	0.44074717	0.19533063	1.5931358	3.2584584	20.628677	0.53476346	0.3734809	0.5345541	1.9005071	../../benchmark_data/class-i/pdb/7n2s_pmhc_tcr.pdb	../pred_pdb/protenix_v1/pmhc_tcr/classI/classI_protenix_v1_default_with_msa/ranked_3/7n2s_pmhc_tcr.pdb	after	ranked_3
181	7n4k	0.861	0.945	1.004	2.027	92.30416666666667	94.53	87.9423076923077	94.723	92.53999999999999	93.93	90.68666666666667	95.78037499999999	96.04107344632769	95.082	95.98978609625668	95.59652582159625	0.12318888	0.74434036	0.90635276	0.37160963	0.11304461	0.24058168	0.81949484	1.1623894	1.214146	0.23876649	1.1854837	0.6839984	../../benchmark_data/class-i/pdb/7n4k_pmhc_tcr.pdb	../pred_pdb/protenix_v1/pmhc_tcr/classI/classI_protenix_v1_default_with_msa/ranked_3/7n4k_pmhc_tcr.pdb	after	ranked_3
182	7n5c	0.027	0.018	18.693	34.641	36.777499999999996	28.19	37.44615384615384	60.48299999999999	58.311	53.17636363636364	44.655833333333334	41.48668316831683	35.560607734806624	24.853	34.99999999999999	47.30338028169014	3.9072893	4.136711	5.3195596	2.2954423	3.0345037	4.0783043	7.17657	21.803398	18.04789	3.138543	18.798965	16.037434	../../benchmark_data/class-i/pdb/7n5c_pmhc_tcr.pdb	../pred_pdb/protenix_v1/pmhc_tcr/classI/classI_protenix_v1_default_with_msa/ranked_3/7n5c_pmhc_tcr.pdb	after	ranked_3
183	7n5p	0.029	0.017	18.954	32.466	46.53666666666667	29.04625	42.940769230769234	59.68299999999999	59.69500000000001	52.17545454545455	47.173333333333325	43.73621553884712	37.44505681818182	25.607999999999997	36.80865591397849	49.7856338028169	1.0327586	2.5858817	5.247156	2.3770716	2.3955464	4.187764	10.489767	20.924559	17.543598	3.0983622	18.106424	14.544569	../../benchmark_data/class-i/pdb/7n5p_pmhc_tcr.pdb	../pred_pdb/protenix_v1/pmhc_tcr/classI/classI_protenix_v1_default_with_msa/ranked_3/7n5p_pmhc_tcr.pdb	after	ranked_3
184	7na5	0.351	0.429	3.148	9.577	93.15181818181819	93.16333333333333	93.85454545454546	94.541	91.10799999999999	93.81333333333335	93.83076923076922	94.91995061728396	94.30338888888889	93.25777777777778	94.25359788359789	95.50300925925927	0.75009006	0.30005836	0.60492665	0.2002421	0.34840402	0.499323	0.719903	3.5262563	0.6298474	0.33918554	0.6218351	0.8565994	../../benchmark_data/class-i/pdb/7na5_pmhc_tcr.pdb	../pred_pdb/protenix_v1/pmhc_tcr/classI/classI_protenix_v1_default_with_msa/ranked_3/7na5_pmhc_tcr.pdb	after	ranked_3
185	7ndq	0.559	0.567	1.878	5.3	88.17833333333333	86.91625	81.34133333333334	89.615	88.38909090909091	84.72461538461539	82.91214285714287	93.50424019607844	94.35856353591161	90.79555555555557	94.1897894736842	92.90674311926605	0.41769278	0.35355124	1.3046478	0.3189817	0.38317764	1.0384495	1.5787061	1.9340217	0.8848414	2.2054265	1.034317	0.99251854	../../benchmark_data/class-i/pdb/7ndq_pmhc_tcr.pdb	../pred_pdb/protenix_v1/pmhc_tcr/classI/classI_protenix_v1_default_with_msa/ranked_3/7ndq_pmhc_tcr.pdb	after	ranked_3
186	7ndt	0.668	0.607	1.524	2.77	86.07	87.95625000000001	84.70428571428572	89.65299999999999	86.78090909090909	88.13083333333333	86.28576923076925	92.51126237623762	92.89644444444444	84.4875	92.5386170212766	92.48745370370371	0.3020705	0.23561543	0.5806588	0.24174781	0.22912635	0.9546579	0.92012846	1.3314488	0.5093181	2.2890086	0.7982635	1.0574803	../../benchmark_data/class-i/pdb/7ndt_pmhc_tcr.pdb	../pred_pdb/protenix_v1/pmhc_tcr/classI/classI_protenix_v1_default_with_msa/ranked_3/7ndt_pmhc_tcr.pdb	after	ranked_3
187	7ndu	0.69	0.646	1.599	1.846	93.55333333333333	92.92125	88.99400000000001	96.58399999999999	95.54727272727273	94.20153846153845	91.41178571428573	96.4606388206388	96.9397237569061	95.7825	96.89074074074074	96.08775229357796	0.45185113	0.33773065	1.4836599	0.24715967	0.31283283	1.8739464	1.8135684	1.3174573	1.2245935	1.3331064	1.3068898	1.1309329	../../benchmark_data/class-i/pdb/7ndu_pmhc_tcr.pdb	../pred_pdb/protenix_v1/pmhc_tcr/classI/classI_protenix_v1_default_with_msa/ranked_3/7ndu_pmhc_tcr.pdb	after	ranked_3
188	7nme	0.647	0.72	1.702	4.471	91.80727272727273	93.5	94.05230769230768	94.903	94.13363636363637	95.60636363636364	94.76458333333333	96.17898765432098	96.66745856353592	94.69111111111111	96.57384210526317	95.8300465116279	0.48006943	0.28040767	0.28658983	0.443719	0.14718093	0.4598037	0.43290082	2.140631	0.5554258	0.2660145	0.5478797	0.83747655	../../benchmark_data/class-i/pdb/7nme_pmhc_tcr.pdb	../pred_pdb/protenix_v1/pmhc_tcr/classI/classI_protenix_v1_default_with_msa/ranked_3/7nme_pmhc_tcr.pdb	after	ranked_3
189	7nmf	0.644	0.718	1.742	4.417	91.93727272727273	93.61399999999999	94.16692307692308	95.03	94.26090909090908	95.69363636363636	94.86666666666667	96.23217283950618	96.71690607734807	94.80333333333334	96.62626315789473	95.88390697674419	0.50255245	0.17650983	0.37560245	0.44361377	0.176256	0.42891255	0.49335986	2.07302	0.49386296	0.39777187	0.49234584	0.79292434	../../benchmark_data/class-i/pdb/7nmf_pmhc_tcr.pdb	../pred_pdb/protenix_v1/pmhc_tcr/classI/classI_protenix_v1_default_with_msa/ranked_3/7nmf_pmhc_tcr.pdb	after	ranked_3
190	7nmg	0.611	0.681	1.923	4.58	90.26454545454546	92.206	92.97769230769231	93.99199999999999	93.08363636363634	94.71	93.77166666666666	95.66483950617284	96.23624309392267	93.77555555555556	96.11968421052633	95.26288372093023	0.44209418	0.27294153	0.40507618	0.28825885	0.1746705	0.47190604	0.556395	2.2436872	0.4562045	0.48287636	0.462453	0.7094947	../../benchmark_data/class-i/pdb/7nmg_pmhc_tcr.pdb	../pred_pdb/protenix_v1/pmhc_tcr/classI/classI_protenix_v1_default_with_msa/ranked_3/7nmg_pmhc_tcr.pdb	after	ranked_3
191	7ow5	0.764	0.703	0.974	3.063	95.21916666666665	89.90727272727274	94.77375	97.015	96.322	93.676875	94.2253125	96.56614457831324	97.19716666666666	92.84299999999999	96.96799999999999	96.22680000000001	0.39934617	1.4905193	0.4322596	0.23893844	0.17390417	0.7951578	0.7649997	1.0920073	0.3970073	1.9219625	0.6085015	0.83308476	../../benchmark_data/class-i/pdb/7ow5_pmhc_tcr.pdb	../pred_pdb/protenix_v1/pmhc_tcr/classI/classI_protenix_v1_default_with_msa/ranked_3/7ow5_pmhc_tcr.pdb	after	ranked_3
192	7ow6	0.865	0.831	0.65	2.479	97.75833333333333	93.87454545454544	97.86000000000001	98.17800000000001	97.83300000000001	96.845625	97.3528125	97.85394230769232	98.23906077348069	97.80100000000002	98.21612565445028	97.54648888888889	0.31084058	1.3518969	0.2979734	0.2078716	0.34285724	0.6076918	0.52176124	0.864279	0.3499689	0.3353299	0.356029	0.6868913	../../benchmark_data/class-i/pdb/7ow6_pmhc_tcr.pdb	../pred_pdb/protenix_v1/pmhc_tcr/classI/classI_protenix_v1_default_with_msa/ranked_3/7ow6_pmhc_tcr.pdb	after	ranked_3
193	7pb2	0.163	0.098	4.559	13.253	87.87583333333333	84.56454545454544	80.54875000000001	90.103	86.169	82.294375	81.4215625	92.78467469879519	94.287	84.326	93.76273684210526	91.95875555555556	0.39725268	1.3506848	2.9484649	0.21392359	0.20696183	3.3201797	3.3040874	4.460682	0.42961034	0.8973173	0.47457832	1.885352	../../benchmark_data/class-i/pdb/7pb2_pmhc_tcr.pdb	../pred_pdb/protenix_v1/pmhc_tcr/classI/classI_protenix_v1_default_with_msa/ranked_3/7pb2_pmhc_tcr.pdb	after	ranked_3
194	7pbe	0.773	0.766	1.241	1.738	92.87454545454544	92.46375	93.47083333333332	96.48800000000001	94.37181818181817	95.75692307692306	94.6596	96.49365432098763	97.07977900552487	96.0511111111111	97.03105263157893	96.0187441860465	0.4507786	1.4824063	0.8097964	0.5658748	0.20670731	0.84881	1.1399605	1.0424131	0.67257977	0.16944984	0.6582696	0.9571817	../../benchmark_data/class-i/pdb/7pbe_pmhc_tcr.pdb	../pred_pdb/protenix_v1/pmhc_tcr/classI/classI_protenix_v1_default_with_msa/ranked_3/7pbe_pmhc_tcr.pdb	after	ranked_3
195	7phr	0.917	0.841	0.43	0.987	98.147	98.583	98.21727272727274	98.69800000000001	98.725	98.72846153846152	98.49416666666666	97.84375	98.49596685082871	98.71	98.50610526315788	97.24447619047619	0.24099332	0.26507536	0.5063874	0.16251203	0.24881196	0.16968632	0.376017	0.7358398	0.360205	0.19677381	0.35546595	0.7397451	../../benchmark_data/class-i/pdb/7phr_pmhc_tcr.pdb	../pred_pdb/protenix_v1/pmhc_tcr/classI/classI_protenix_v1_default_with_msa/ranked_3/7phr_pmhc_tcr.pdb	after	ranked_3
196	7q99	0.855	0.863	0.801	2.459	96.08363636363637	96.9488888888889	95.80181818181819	94.62090909090908	93.51444444444445	94.7366666666667	95.18730769230768	96.77358722358721	97.62723756906077	97.125	97.60094240837695	96.04199074074074	0.27140072	0.26104346	0.26265433	0.38774663	0.25652424	0.3131659	0.46196285	1.076472	0.3261515	0.19754678	0.32500723	0.8253543	../../benchmark_data/class-i/pdb/7q99_pmhc_tcr.pdb	../pred_pdb/protenix_v1/pmhc_tcr/classI/classI_protenix_v1_default_with_msa/ranked_3/7q99_pmhc_tcr.pdb	after	ranked_3
197	7q9a	0.789	0.747	0.998	2.393	97.41090909090909	97.7911111111111	96.83363636363634	95.49000000000001	94.27444444444444	96.306	96.52923076923078	97.12309582309582	97.81762430939226	97.432	97.7974345549738	96.52680555555555	0.29095355	0.29864252	0.94767237	0.24441196	0.23180033	0.40652934	0.8275315	1.0919228	0.3203595	0.26487067	0.3218274	1.0050768	../../benchmark_data/class-i/pdb/7q9a_pmhc_tcr.pdb	../pred_pdb/protenix_v1/pmhc_tcr/classI/classI_protenix_v1_default_with_msa/ranked_3/7q9a_pmhc_tcr.pdb	after	ranked_3
198	7q9b	0.38	0.375	3.201	7.18	92.45636363636363	94.88666666666667	91.07249999999999	93.475	91.393	88.68625	89.48166666666667	95.83844444444445	96.66883977900551	94.73400000000001	96.56753926701572	95.18771028037382	0.5291305	0.25043032	1.6864454	0.27934775	0.2791908	1.7672899	2.592443	3.6232932	0.63435876	0.37157044	0.63225776	1.5983106	../../benchmark_data/class-i/pdb/7q9b_pmhc_tcr.pdb	../pred_pdb/protenix_v1/pmhc_tcr/classI/classI_protenix_v1_default_with_msa/ranked_3/7q9b_pmhc_tcr.pdb	after	ranked_3
199	7qpj	0.909	0.841	0.475	1.286	98.12090909090908	98.34333333333333	98.04692307692311	97.785	96.86300000000001	97.35909090909091	97.73166666666667	97.97017369727047	98.10333333333332	98.26555555555555	98.11105820105819	97.84574766355139	0.16548556	0.3422549	0.11219583	0.14447945	0.13243192	0.45902807	0.5997673	0.55858225	0.403111	0.30353385	0.4046973	0.41847762	../../benchmark_data/class-i/pdb/7qpj_pmhc_tcr.pdb	../pred_pdb/protenix_v1/pmhc_tcr/classI/classI_protenix_v1_default_with_msa/ranked_3/7qpj_pmhc_tcr.pdb	after	ranked_3
200	7r80	0.224	0.145	4.616	9.778	85.34454545454545	87.08000000000001	88.40076923076923	89.65299999999999	86.899	85.04866666666666	86.605	93.04097799511003	93.31872928176797	86.48777777777778	92.99515789473685	93.08073059360731	1.9510193	0.35692945	0.3447752	0.28816116	0.21345706	0.4702593	0.5605856	4.6182256	0.48136994	0.46964878	0.49164432	0.97529167	../../benchmark_data/class-i/pdb/7r80_pmhc_tcr.pdb	../pred_pdb/protenix_v1/pmhc_tcr/classI/classI_protenix_v1_default_with_msa/ranked_3/7r80_pmhc_tcr.pdb	after	ranked_3
201	7rk7	0.458	0.409	2.643	5.3	86.42166666666667	87.775	75.41312500000001	88.905	86.571	74.41499999999999	74.8586111111111	91.57614457831325	93.252817679558	88.14333333333335	93.01078947368421	90.36466666666666	0.3169968	0.55212945	3.3322349	0.47505546	0.22331081	2.539096	3.2417457	2.8404284	0.53027916	0.54302275	0.535931	1.6358724	../../benchmark_data/class-i/pdb/7rk7_pmhc_tcr.pdb	../pred_pdb/protenix_v1/pmhc_tcr/classI/classI_protenix_v1_default_with_msa/ranked_3/7rk7_pmhc_tcr.pdb	after	ranked_3
202	7rm4	0.459	0.521	3.173	5.927	84.62272727272726	87.85199999999999	83.71666666666667	90.857	84.97272727272727	82.63933333333334	83.11814814814815	92.5140097799511	93.26988950276244	89.31666666666666	93.08263157894737	92.02068493150685	0.5703023	0.40300623	1.111943	0.14947763	0.20820984	2.3414402	2.453319	3.475744	0.34014335	0.322111	0.34509736	1.304158	../../benchmark_data/class-i/pdb/7rm4_pmhc_tcr.pdb	../pred_pdb/protenix_v1/pmhc_tcr/classI/classI_protenix_v1_default_with_msa/ranked_3/7rm4_pmhc_tcr.pdb	after	ranked_3
203	7rrg	0.102	0.079	8.376	17.31	85.98666666666666	88.07625	75.50133333333335	87.713	82.96727272727273	84.14285714285714	79.67310344827587	91.90621026894866	92.54370165745857	84.86333333333333	92.1798947368421	91.66876712328767	0.25018257	0.24105373	2.6552026	0.21119742	0.40588796	0.3931767	2.0752213	18.508453	0.5690598	0.943024	0.6051928	1.228802	../../benchmark_data/class-i/pdb/7rrg_pmhc_tcr.pdb	../pred_pdb/protenix_v1/pmhc_tcr/classI/classI_protenix_v1_default_with_msa/ranked_3/7rrg_pmhc_tcr.pdb	after	ranked_3
204	7rtr	0.638	0.698	1.71	4.513	88.12090909090908	89.97	90.10000000000001	90.75899999999999	87.82181818181817	91.04272727272728	90.57136363636363	93.86036855036855	94.31121546961327	90.37888888888888	94.12494736842106	93.62870967741935	0.3732588	0.24799885	0.4922359	0.4650055	0.23521711	0.46438578	0.64568657	2.1729624	0.36134636	0.20781247	0.3584865	1.0334349	../../benchmark_data/class-i/pdb/7rtr_pmhc_tcr.pdb	../pred_pdb/protenix_v1/pmhc_tcr/classI/classI_protenix_v1_default_with_msa/ranked_3/7rtr_pmhc_tcr.pdb	after	ranked_3
205	7su9	0.31	0.379	3.527	10.433	92.40666666666665	92.92	87.73333333333332	93.292	92.24999999999999	89.33000000000001	88.53166666666665	95.58625	96.15549999999999	92.7088888888889	95.99137566137567	95.2366210045662	0.293096	0.19441485	1.8936995	0.24815321	0.16152653	2.2474113	2.4969096	4.4249387	0.4709047	0.3703897	0.4694474	1.4660301	../../benchmark_data/class-i/pdb/7su9_pmhc_tcr.pdb	../pred_pdb/protenix_v1/pmhc_tcr/classI/classI_protenix_v1_default_with_msa/ranked_3/7su9_pmhc_tcr.pdb	after	ranked_3
206	8cx4	0.591	0.644	1.9	4.986	96.81090909090909	97.169	94.15882352941176	97.636	96.82400000000001	97.11333333333332	95.54374999999999	97.51658595641648	97.96856353591161	97.94444444444444	97.96742105263158	97.13246636771301	0.77412045	0.320587	1.718028	0.17206348	0.16304497	0.60594976	1.3404887	2.452778	0.48177662	0.62220496	0.5046496	1.0629158	../../benchmark_data/class-i/pdb/8cx4_pmhc_tcr.pdb	../pred_pdb/protenix_v1/pmhc_tcr/classI/classI_protenix_v1_default_with_msa/ranked_3/8cx4_pmhc_tcr.pdb	after	ranked_3
207	8d5q	0.709	0.698	1.377	3.068	93.23454545454545	95.211	89.988125	94.91181818181818	95.03181818181817	94.43199999999999	92.1383870967742	95.93821078431372	95.9152840909091	92.691	95.74193548387096	96.10265765765764	0.4181868	0.23526837	0.875951	0.23130292	0.1993458	0.54503036	0.80656385	1.5957277	0.7548101	0.7707701	0.76496154	0.6157902	../../benchmark_data/class-i/pdb/8d5q_pmhc_tcr.pdb	../pred_pdb/protenix_v1/pmhc_tcr/classI/classI_protenix_v1_default_with_msa/ranked_3/8d5q_pmhc_tcr.pdb	after	ranked_3
208	8dnt	0.769	0.753	1.093	2.813	97.25999999999999	97.77000000000001	93.93333333333332	96.32900000000001	92.33090909090909	95.43500000000002	94.74192307692307	96.95351351351351	97.73812154696132	97.25	97.71499999999999	96.28677419354838	0.49185812	0.41205838	0.9126544	0.48141226	0.51175237	0.6771947	1.0350336	1.6756525	0.7355128	0.8628889	0.76671094	1.3536198	../../benchmark_data/class-i/pdb/8dnt_pmhc_tcr.pdb	../pred_pdb/protenix_v1/pmhc_tcr/classI/classI_protenix_v1_default_with_msa/ranked_3/8dnt_pmhc_tcr.pdb	after	ranked_3
209	8en8	0.417	0.411	2.647	7.002	95.28818181818183	96.191	91.79214285714284	92.11545454545455	92.75166666666667	88.27266666666667	89.97172413793103	96.04150485436895	96.85116666666666	94.58888888888887	96.74343915343917	95.44659192825114	0.31937808	0.17631324	1.7955909	0.29639235	0.4212477	3.5647624	3.3804736	2.4440362	0.36337703	0.27805072	0.3667666	1.8261544	../../benchmark_data/class-i/pdb/8en8_pmhc_tcr.pdb	../pred_pdb/protenix_v1/pmhc_tcr/classI/classI_protenix_v1_default_with_msa/ranked_3/8en8_pmhc_tcr.pdb	after	ranked_3
210	8enh	0.355	0.333	3.529	7.249	88.94363636363636	89.72399999999999	83.10142857142857	86.61636363636363	87.33749999999999	80.04066666666667	81.51827586206896	93.04	94.2578212290503	90.64555555555555	94.08489361702127	92.15910313901345	0.4651888	0.15945786	2.1700397	0.284349	0.43677863	3.3427353	3.3703563	4.13319	0.5060254	0.29549435	0.49888864	2.0413368	../../benchmark_data/class-i/pdb/8enh_pmhc_tcr.pdb	../pred_pdb/protenix_v1/pmhc_tcr/classI/classI_protenix_v1_default_with_msa/ranked_3/8enh_pmhc_tcr.pdb	after	ranked_3
211	8eo8	0.477	0.5	2.598	5.806	92.63636363636364	94.246	87.90642857142856	90.05272727272727	90.0575	84.80333333333334	86.30137931034481	94.97104622871048	96.09318435754189	91.9222222222222	95.89351063829785	94.19336322869952	0.43208057	0.14392188	2.0401473	0.3213602	0.25144532	3.4284859	3.3186283	2.7985585	0.5428331	0.3489612	0.5370765	1.9621251	../../benchmark_data/class-i/pdb/8eo8_pmhc_tcr.pdb	../pred_pdb/protenix_v1/pmhc_tcr/classI/classI_protenix_v1_default_with_msa/ranked_3/8eo8_pmhc_tcr.pdb	after	ranked_3
212	8f5a	0.426	0.443	2.633	7.1	88.29818181818182	88.898	84.29733333333334	90.26199999999999	87.857	89.19416666666666	86.47370370370369	94.01572127139363	94.90712707182321	87.227	94.50502617801048	93.58701834862384	0.33477613	2.1481547	1.904412	0.29441032	0.39934382	1.2711698	2.558361	2.4393435	0.33592024	2.5268779	0.7084279	1.5427859	../../benchmark_data/class-i/pdb/8f5a_pmhc_tcr.pdb	../pred_pdb/protenix_v1/pmhc_tcr/classI/classI_protenix_v1_default_with_msa/ranked_3/8f5a_pmhc_tcr.pdb	after	ranked_3
213	8gom	0.525	0.525	2.349	4.777	89.55416666666666	90.37333333333333	89.7990909090909	93.882	90.5809090909091	87.664	88.5673076923077	94.8919268292683	95.79116022099446	91.7111111111111	95.5978947368421	94.28222727272727	0.26869962	0.2863058	0.8082454	0.1893058	0.3862543	1.5044192	1.608984	2.3467147	0.33408993	0.3345657	0.3384073	0.82023764	../../benchmark_data/class-i/pdb/8gom_pmhc_tcr.pdb	../pred_pdb/protenix_v1/pmhc_tcr/classI/classI_protenix_v1_default_with_msa/ranked_3/8gom_pmhc_tcr.pdb	after	ranked_3
214	8gon	0.454	0.4	2.442	5.743	90.14833333333333	91.32333333333334	91.14363636363636	95.42399999999999	93.03818181818181	89.04533333333335	89.93307692307691	95.60270731707317	96.41491712707182	94.05555555555554	96.30315789473683	94.99777272727272	0.5540331	0.5730961	0.81914157	0.18601309	0.3621383	0.5996178	0.9280987	2.0973678	0.32827616	0.37791508	0.3373263	0.6073672	../../benchmark_data/class-i/pdb/8gon_pmhc_tcr.pdb	../pred_pdb/protenix_v1/pmhc_tcr/classI/classI_protenix_v1_default_with_msa/ranked_3/8gon_pmhc_tcr.pdb	after	ranked_3
215	8gvb	0.682	0.667	1.521	3.037	93.11454545454545	96.19272727272728	91.66285714285713	97.99299999999998	97.18909090909091	97.49333333333334	94.67862068965516	97.1798780487805	97.65833333333333	97.51	97.65202127659576	96.78004504504504	1.4850419	0.8550407	1.3939682	0.41476566	0.6446934	0.53447175	1.3159537	1.6110473	0.5233936	0.38214463	0.52605265	0.9356084	../../benchmark_data/class-i/pdb/8gvb_pmhc_tcr.pdb	../pred_pdb/protenix_v1/pmhc_tcr/classI/classI_protenix_v1_default_with_msa/ranked_3/8gvb_pmhc_tcr.pdb	after	ranked_3
216	8gvg	0.804	0.821	1.138	1.844	90.53999999999999	95.99272727272728	90.85214285714287	97.986	97.38545454545452	97.29733333333334	94.18586206896552	97.0816301703163	97.66243093922651	97.18125	97.64206349206349	96.60450450450449	1.1656222	0.9395547	0.8622154	0.5406081	0.6458495	0.47496834	0.8779957	1.0925634	0.58790964	0.35593575	0.5874335	0.9499086	../../benchmark_data/class-i/pdb/8gvg_pmhc_tcr.pdb	../pred_pdb/protenix_v1/pmhc_tcr/classI/classI_protenix_v1_default_with_msa/ranked_3/8gvg_pmhc_tcr.pdb	after	ranked_3
217	8gvi	0.867	0.868	0.89	0.674	95.48181818181818	97.03545454545453	97.40357142857144	98.325	98.36090909090909	97.94133333333333	97.68172413793103	97.84515815085159	98.09685082872927	98.33875	98.10708994708996	97.62216216216217	1.5233887	0.88971543	0.4910282	0.41777146	0.38002864	0.53243613	0.6655735	0.8107961	0.5209497	0.33783266	0.51751417	0.943423	../../benchmark_data/class-i/pdb/8gvi_pmhc_tcr.pdb	../pred_pdb/protenix_v1/pmhc_tcr/classI/classI_protenix_v1_default_with_msa/ranked_3/8gvi_pmhc_tcr.pdb	after	ranked_3
218	8i5c	0.681	0.635	1.383	3.34	88.45818181818181	90.02444444444444	88.35166666666665	89.41099999999999	87.24699999999999	87.3176923076923	87.814	94.16501234567902	94.67204419889502	89.92777777777776	94.44731578947368	93.91553488372094	0.29067937	0.32844418	0.23726837	0.22289333	0.35364994	1.339318	1.3563062	1.2887567	0.40033698	1.121483	0.46377814	0.63768667	../../benchmark_data/class-i/pdb/8i5c_pmhc_tcr.pdb	../pred_pdb/protenix_v1/pmhc_tcr/classI/classI_protenix_v1_default_with_msa/ranked_3/8i5c_pmhc_tcr.pdb	after	ranked_3
219	8i5d	0.69	0.797	1.614	4.118	95.434	97.255	94.21999999999998	97.278	96.49818181818182	95.536	94.95111111111112	97.34264851485149	97.7878453038674	93.82111111111112	97.59994736842104	97.11420560747665	0.31069455	0.27961004	0.81131804	0.25589657	0.17733292	0.45545107	0.8739352	1.8774452	0.40172464	1.1882621	0.5009811	1.193286	../../benchmark_data/class-i/pdb/8i5d_pmhc_tcr.pdb	../pred_pdb/protenix_v1/pmhc_tcr/classI/classI_protenix_v1_default_with_msa/ranked_3/8i5d_pmhc_tcr.pdb	after	ranked_3
220	8qfy	0.778	0.721	1.067	1.977	96.5809090909091	96.89222222222222	96.26333333333332	98.28299999999999	95.67181818181817	98.195	97.22916666666667	97.38985185185184	97.67674033149174	97.63111111111111	97.67457894736845	97.13823255813953	0.36444682	0.30085778	0.31277835	0.34858766	0.24458364	0.34952608	0.5766939	1.1484777	0.83170736	0.37750185	0.823342	0.64438146	../../benchmark_data/class-i/pdb/8qfy_pmhc_tcr.pdb	../pred_pdb/protenix_v1/pmhc_tcr/classI/classI_protenix_v1_default_with_msa/ranked_3/8qfy_pmhc_tcr.pdb	after	ranked_3
221	8shi	0.064	0.104	14.505	29.453	88.24499999999999	90.233	78.76764705882351	91.27599999999998	87.02099999999999	89.44857142857143	83.59129032258065	93.17074257425743	93.5106111111111	87.30875	93.24670212765956	93.10462962962963	0.37441766	0.4137284	2.5017135	0.24715234	0.20266916	0.28087884	1.9625392	16.078987	0.4735544	1.4646811	0.58285713	0.95512867	../../benchmark_data/class-i/pdb/8shi_pmhc_tcr.pdb	../pred_pdb/protenix_v1/pmhc_tcr/classI/classI_protenix_v1_default_with_msa/ranked_3/8shi_pmhc_tcr.pdb	after	ranked_3
222	8wte	0.317	0.323	3.429	9.066	90.66727272727275	91.41444444444444	90.85307692307694	92.473	90.67800000000001	88.91875	89.78586206896553	94.8039119804401	95.27292817679559	88.11444444444446	94.93384210526315	94.69118721461187	0.25701445	0.335445	0.400722	0.2584964	0.17129384	1.3589804	1.1975029	4.11442	0.3412096	1.6799647	0.52371097	0.9253557	../../benchmark_data/class-i/pdb/8wte_pmhc_tcr.pdb	../pred_pdb/protenix_v1/pmhc_tcr/classI/classI_protenix_v1_default_with_msa/ranked_3/8wte_pmhc_tcr.pdb	after	ranked_3
223	8wul	0.645	0.633	1.687	3.412	91.65090909090908	92.82222222222222	91.72384615384615	93.866	91.62899999999999	89.89000000000001	90.71206896551723	95.5620782396088	96.1861325966851	93.1711111111111	96.0433157894737	95.14456621004564	0.41780573	0.20129232	0.44594434	0.21195036	0.20715185	1.1952511	1.1280444	1.761156	0.33660975	0.28920823	0.34209344	0.8781099	../../benchmark_data/class-i/pdb/8wul_pmhc_tcr.pdb	../pred_pdb/protenix_v1/pmhc_tcr/classI/classI_protenix_v1_default_with_msa/ranked_3/8wul_pmhc_tcr.pdb	after	ranked_3
224	6zkw	0.603	0.603	1.426	5.81	93.74636363636364	95.60300000000001	94.1123076923077	96.284	92.19000000000003	94.41499999999999	94.27931034482758	96.31022004889977	96.42311111111113	93.64111111111112	96.29063492063493	96.32704545454544	0.40091714	0.24845265	0.6375412	0.2093782	0.14753206	0.57308435	0.95038074	2.078981	0.6301034	0.45200565	0.6337096	0.76639193	../../benchmark_data/class-i/pdb/6zkw_pmhc_tcr.pdb	../pred_pdb/protenix_v1/pmhc_tcr/classI/classI_protenix_v1_default_with_msa/ranked_4/6zkw_pmhc_tcr.pdb	after	ranked_4
225	6zkx	0.527	0.507	2.008	5.375	91.33181818181818	93.837	92.21230769230769	95.30999999999999	90.147	92.00375	92.09724137931035	94.52301703163018	93.75877094972067	87.96166666666666	93.394554973822	95.50272727272728	0.23421788	0.19686651	0.45729807	0.26221794	0.117053516	0.5784675	0.82459	1.9300069	1.5969563	0.8195886	1.6032625	0.81226337	../../benchmark_data/class-i/pdb/6zkx_pmhc_tcr.pdb	../pred_pdb/protenix_v1/pmhc_tcr/classI/classI_protenix_v1_default_with_msa/ranked_4/6zkx_pmhc_tcr.pdb	after	ranked_4
226	6zky	0.03	0.0	17.006	28.609	65.61363636363636	82.161	53.4476923076923	49.458	42.519000000000005	42.066875	47.16862068965517	46.21686274509805	37.10916666666667	27.978749999999998	36.72063829787234	54.33181818181818	0.6251184	0.3504537	1.621245	2.1867802	1.8979174	3.2462566	4.336375	20.142458	17.71781	2.2672155	17.942467	7.912791	../../benchmark_data/class-i/pdb/6zky_pmhc_tcr.pdb	../pred_pdb/protenix_v1/pmhc_tcr/classI/classI_protenix_v1_default_with_msa/ranked_4/6zky_pmhc_tcr.pdb	after	ranked_4
227	6zkz	0.065	0.068	14.969	23.281	68.34272727272727	83.34299999999999	54.26384615384616	58.041	48.701	50.40875	52.13689655172414	50.27936274509804	39.97361111111111	31.1075	39.59632978723405	59.4085	0.5023849	0.24397366	2.3322897	2.1333363	2.4787962	3.6657712	7.060774	15.760477	16.114216	1.434476	16.244158	8.138958	../../benchmark_data/class-i/pdb/6zkz_pmhc_tcr.pdb	../pred_pdb/protenix_v1/pmhc_tcr/classI/classI_protenix_v1_default_with_msa/ranked_4/6zkz_pmhc_tcr.pdb	after	ranked_4
228	7dzm	0.225	0.116	5.808	8.569	87.70083333333334	89.42375	80.56	89.947	85.05363636363636	89.34750000000001	84.46555555555557	93.1824630541872	93.78622222222221	89.15777777777777	93.56582010582008	92.84857142857143	0.20971231	0.1502654	2.2605417	0.22207946	0.25701895	0.21767423	1.7825583	20.46752	0.78651917	0.6961259	0.80477494	0.80219334	../../benchmark_data/class-i/pdb/7dzm_pmhc_tcr.pdb	../pred_pdb/protenix_v1/pmhc_tcr/classI/classI_protenix_v1_default_with_msa/ranked_4/7dzm_pmhc_tcr.pdb	after	ranked_4
229	7dzn	0.024	0.024	17.164	40.903	31.29666666666667	43.9125	31.308666666666664	34.071000000000005	31.190909090909088	39.3525	34.8837037037037	35.71995061728395	38.311340782122905	28.425555555555555	37.83808510638298	33.88488479262673	3.6216218	5.0828514	5.4117265	1.7043855	6.079254	5.3427763	9.251159	18.203087	13.36731	4.225476	13.76698	17.412472	../../benchmark_data/class-i/pdb/7dzn_pmhc_tcr.pdb	../pred_pdb/protenix_v1/pmhc_tcr/classI/classI_protenix_v1_default_with_msa/ranked_4/7dzn_pmhc_tcr.pdb	after	ranked_4
230	7l1d	0.034	0.041	20.805	34.346	69.1309090909091	77.67666666666668	59.34153846153845	85.108	87.685	66.07947368421054	63.342187499999994	57.672689486552564	37.10861878453039	43.559999999999995	37.41421052631579	75.24853881278538	1.2929678	0.33060566	1.9923172	0.30494758	0.24323924	6.441774	8.235538	20.433874	17.743567	1.6596185	19.484818	11.7146435	../../benchmark_data/class-i/pdb/7l1d_pmhc_tcr.pdb	../pred_pdb/protenix_v1/pmhc_tcr/classI/classI_protenix_v1_default_with_msa/ranked_4/7l1d_pmhc_tcr.pdb	after	ranked_4
231	7n2n	0.016	0.0	18.2	40.573	78.44545454545454	87.32499999999999	60.03588235294118	65.277	75.463	52.64266666666667	56.5703125	58.71602905569007	52.59558011049723	32.70777777777778	51.653526315789485	64.73340807174888	0.7383941	0.418508	1.3631814	0.52757597	0.2421941	6.844913	9.115994	20.058475	19.619965	2.0892696	19.460701	15.322568	../../benchmark_data/class-i/pdb/7n2n_pmhc_tcr.pdb	../pred_pdb/protenix_v1/pmhc_tcr/classI/classI_protenix_v1_default_with_msa/ranked_4/7n2n_pmhc_tcr.pdb	after	ranked_4
232	7n2o	0.019	0.0	21.001	36.405	74.24818181818182	83.63899999999998	54.27117647058824	59.309000000000005	65.627	49.41933333333334	51.996875	53.64803874092009	48.42121546961326	28.88111111111111	47.49563157894737	58.889999999999986	0.30571386	0.45545104	1.7214488	1.130242	0.1943113	6.9612856	9.731997	20.325787	18.323236	2.0821583	18.155115	15.691056	../../benchmark_data/class-i/pdb/7n2o_pmhc_tcr.pdb	../pred_pdb/protenix_v1/pmhc_tcr/classI/classI_protenix_v1_default_with_msa/ranked_4/7n2o_pmhc_tcr.pdb	after	ranked_4
233	7n2p	0.234	0.143	6.818	8.288	86.32636363636362	87.43499999999999	86.35909090909091	90.78	88.00000000000001	83.49866666666667	84.70884615384615	93.03506142506143	93.92414364640884	87.83222222222223	93.63557894736839	92.50926267281108	0.20775357	0.37337825	1.0476109	0.25487202	0.22111097	1.4006068	1.6281481	19.844324	0.3830968	0.44399378	0.400402	0.8774085	../../benchmark_data/class-i/pdb/7n2p_pmhc_tcr.pdb	../pred_pdb/protenix_v1/pmhc_tcr/classI/classI_protenix_v1_default_with_msa/ranked_4/7n2p_pmhc_tcr.pdb	after	ranked_4
234	7n2q	0.01	0.0	15.107	57.253	79.42545454545454	84.813	78.03000000000002	88.85799999999999	89.245	76.67533333333334	77.24846153846156	63.739656019656024	40.916629834254145	34.35777777777778	40.605947368421056	83.99497695852534	0.44460127	0.40395454	1.3411334	0.20416072	0.19240236	2.4549417	7.1527987	17.53638	11.875192	2.5394404	11.835515	15.478905	../../benchmark_data/class-i/pdb/7n2q_pmhc_tcr.pdb	../pred_pdb/protenix_v1/pmhc_tcr/classI/classI_protenix_v1_default_with_msa/ranked_4/7n2q_pmhc_tcr.pdb	after	ranked_4
235	7n2r	0.009	0.0	17.582	61.595	75.89545454545454	84.651	73.03999999999999	77.749	84.852	62.30733333333334	66.84807692307692	64.05189189189188	50.61917127071822	29.350000000000005	49.61168421052632	76.69539170506913	0.3203556	0.3785136	1.0058424	0.4043682	0.19491692	1.8622361	7.2901106	20.1025	17.499073	2.4093928	18.084667	15.964843	../../benchmark_data/class-i/pdb/7n2r_pmhc_tcr.pdb	../pred_pdb/protenix_v1/pmhc_tcr/classI/classI_protenix_v1_default_with_msa/ranked_4/7n2r_pmhc_tcr.pdb	after	ranked_4
236	7n2s	0.197	0.061	5.861	9.056	94.67272727272729	95.533	93.47125000000001	96.91899999999998	96.565	96.05399999999999	94.7209677419355	97.08910194174757	97.72110497237571	96.63222222222223	97.66952631578947	96.59234234234235	1.2956983	0.37938777	3.3519146	0.44369796	0.18630083	1.6022611	3.2849386	20.705042	0.5405344	0.36538437	0.54016525	1.9662482	../../benchmark_data/class-i/pdb/7n2s_pmhc_tcr.pdb	../pred_pdb/protenix_v1/pmhc_tcr/classI/classI_protenix_v1_default_with_msa/ranked_4/7n2s_pmhc_tcr.pdb	after	ranked_4
237	7n4k	0.853	0.909	0.981	1.978	92.29500000000002	94.5325	88.00076923076924	94.701	92.56200000000001	93.90818181818182	90.70833333333333	95.78192499999999	96.03943502824859	95.08500000000001	95.98839572192514	95.60065727699532	0.14986177	0.72784835	0.5163987	0.36230037	0.12677792	0.20094058	0.51557946	1.1239905	1.2069167	0.22669995	1.1785886	0.6593298	../../benchmark_data/class-i/pdb/7n4k_pmhc_tcr.pdb	../pred_pdb/protenix_v1/pmhc_tcr/classI/classI_protenix_v1_default_with_msa/ranked_4/7n4k_pmhc_tcr.pdb	after	ranked_4
238	7n5c	0.009	0.0	19.416	56.747	36.475	29.67	37.44384615384615	60.004000000000005	57.186	51.73545454545455	43.994166666666665	41.31759900990098	35.75922651933702	25.436	35.21874345549739	46.78652582159625	2.6352203	3.9763923	4.3610344	2.259533	2.25262	4.1879525	8.803156	22.55945	13.780079	3.3885944	15.206926	13.6819	../../benchmark_data/class-i/pdb/7n5c_pmhc_tcr.pdb	../pred_pdb/protenix_v1/pmhc_tcr/classI/classI_protenix_v1_default_with_msa/ranked_4/7n5c_pmhc_tcr.pdb	after	ranked_4
239	7n5p	0.029	0.0	17.207	28.724	48.34166666666666	29.423750000000002	45.730000000000004	60.766	61.327999999999996	52.029999999999994	48.61750000000001	43.4544611528822	36.107102272727275	22.987000000000002	35.401720430107524	50.48643192488263	0.7389677	4.1006546	5.4939175	2.365182	2.1642365	4.179784	11.989671	21.362885	18.077074	4.8217254	18.084255	15.126005	../../benchmark_data/class-i/pdb/7n5p_pmhc_tcr.pdb	../pred_pdb/protenix_v1/pmhc_tcr/classI/classI_protenix_v1_default_with_msa/ranked_4/7n5p_pmhc_tcr.pdb	after	ranked_4
240	7na5	0.472	0.49	2.389	6.321	93.19272727272727	93.13777777777779	93.88181818181819	94.689	91.054	93.82533333333335	93.84923076923074	94.9132839506173	94.28855555555558	93.17444444444443	94.23550264550266	95.5063425925926	0.73413205	0.25924683	0.6398155	0.19070081	0.3621341	0.62706536	0.78463095	2.6116436	1.0548463	0.4362823	1.0372517	1.0263616	../../benchmark_data/class-i/pdb/7na5_pmhc_tcr.pdb	../pred_pdb/protenix_v1/pmhc_tcr/classI/classI_protenix_v1_default_with_msa/ranked_4/7na5_pmhc_tcr.pdb	after	ranked_4
241	7ndq	0.437	0.433	2.679	6.389	88.01416666666665	87.22125	82.38733333333334	89.499	88.20454545454544	84.80153846153847	83.50821428571427	93.63066176470588	94.48359116022098	91.03777777777776	94.32036842105262	93.02954128440366	0.5114609	0.33452886	0.7622354	0.33537334	0.36655116	1.2669448	1.3753508	2.9847193	0.9921808	2.1628506	1.1137387	0.9804624	../../benchmark_data/class-i/pdb/7ndq_pmhc_tcr.pdb	../pred_pdb/protenix_v1/pmhc_tcr/classI/classI_protenix_v1_default_with_msa/ranked_4/7ndq_pmhc_tcr.pdb	after	ranked_4
242	7ndt	0.674	0.59	1.462	2.506	86.1025	87.95875000000001	84.62857142857142	89.76299999999999	86.84727272727274	88.20083333333332	86.27730769230767	92.52517326732672	92.89622222222222	84.67	92.54617021276597	92.50689814814814	0.27838156	0.20921212	1.0502307	0.22290431	0.21925345	0.7641839	1.1250571	1.3019946	0.5889191	1.7434889	0.7693455	0.97944224	../../benchmark_data/class-i/pdb/7ndt_pmhc_tcr.pdb	../pred_pdb/protenix_v1/pmhc_tcr/classI/classI_protenix_v1_default_with_msa/ranked_4/7ndt_pmhc_tcr.pdb	after	ranked_4
243	7ndu	0.625	0.569	1.795	2.904	93.3975	92.79125	88.45866666666664	96.61699999999999	95.54272727272725	94.19923076923078	91.12392857142856	96.42594594594594	96.9192817679558	95.75625	96.87005291005292	96.04091743119265	0.46126053	0.33706817	1.3641267	0.28230327	0.32077235	1.8100549	1.7396594	1.7537434	1.124628	1.3391212	1.217452	1.063988	../../benchmark_data/class-i/pdb/7ndu_pmhc_tcr.pdb	../pred_pdb/protenix_v1/pmhc_tcr/classI/classI_protenix_v1_default_with_msa/ranked_4/7ndu_pmhc_tcr.pdb	after	ranked_4
244	7nme	0.657	0.68	1.594	3.962	91.79181818181817	93.48400000000001	94.03923076923077	94.916	94.12090909090911	95.57363636363635	94.7425	96.16587654320988	96.66104972375692	94.6511111111111	96.56584210526317	95.81241860465116	0.49190956	0.28155106	0.31163433	0.35797092	0.15418716	0.41722628	0.40857404	1.9477494	0.5030861	0.2417152	0.4963059	0.7232881	../../benchmark_data/class-i/pdb/7nme_pmhc_tcr.pdb	../pred_pdb/protenix_v1/pmhc_tcr/classI/classI_protenix_v1_default_with_msa/ranked_4/7nme_pmhc_tcr.pdb	after	ranked_4
245	7nmf	0.655	0.676	1.618	3.881	91.91909090909091	93.595	94.15076923076923	95.046	94.24545454545455	95.66090909090909	94.84291666666667	96.21871604938272	96.71016574585636	94.76444444444445	96.618	95.86586046511626	0.51316595	0.18132403	0.3870289	0.37383658	0.18085106	0.39674255	0.46826753	1.883997	0.44457537	0.37324712	0.443865	0.7247048	../../benchmark_data/class-i/pdb/7nmf_pmhc_tcr.pdb	../pred_pdb/protenix_v1/pmhc_tcr/classI/classI_protenix_v1_default_with_msa/ranked_4/7nmf_pmhc_tcr.pdb	after	ranked_4
246	7nmg	0.642	0.653	1.692	3.813	90.24636363636364	92.199	92.97538461538463	93.929	93.04636363636364	94.66363636363636	93.74916666666667	95.64908641975308	96.22801104972373	93.75	96.11063157894735	95.24120930232559	0.44393688	0.26513955	0.39360985	0.27650416	0.17893542	0.46371174	0.5365945	1.9007429	0.45016134	0.4822718	0.45718962	0.66528285	../../benchmark_data/class-i/pdb/7nmg_pmhc_tcr.pdb	../pred_pdb/protenix_v1/pmhc_tcr/classI/classI_protenix_v1_default_with_msa/ranked_4/7nmg_pmhc_tcr.pdb	after	ranked_4
247	7ow5	0.794	0.734	0.97	2.104	95.22166666666665	89.92727272727274	94.764375	96.965	96.26899999999999	93.7475	94.25593749999999	96.5616626506024	97.19233333333332	92.852	96.96389473684211	96.22200000000001	0.3842484	1.3165493	0.43900535	0.25433517	0.21464846	0.7068774	0.7236086	0.91238266	0.40718478	1.9649165	0.62735355	0.7228625	../../benchmark_data/class-i/pdb/7ow5_pmhc_tcr.pdb	../pred_pdb/protenix_v1/pmhc_tcr/classI/classI_protenix_v1_default_with_msa/ranked_4/7ow5_pmhc_tcr.pdb	after	ranked_4
248	7ow6	0.844	0.815	0.679	3.019	97.74749999999999	93.96	97.85374999999999	98.18	97.84200000000001	96.82499999999999	97.339375	97.85353365384617	98.2371270718232	97.79299999999999	98.21387434554973	97.54764444444443	0.29050046	1.338601	0.2593064	0.17931853	0.33912194	0.5180363	0.4535285	0.93906176	0.3343841	0.3442389	0.34313908	0.66448474	../../benchmark_data/class-i/pdb/7ow6_pmhc_tcr.pdb	../pred_pdb/protenix_v1/pmhc_tcr/classI/classI_protenix_v1_default_with_msa/ranked_4/7ow6_pmhc_tcr.pdb	after	ranked_4
249	7pb2	0.268	0.164	4.743	7.697	85.51249999999999	81.0918181818182	79.2175	88.086	83.828	80.573125	79.8953125	91.81934939759036	93.43438888888888	82.346	92.85078947368422	90.94835555555557	0.35021487	1.2750366	3.2577505	0.22918831	0.2369201	3.137569	3.5736356	21.483492	0.4958074	0.92269725	0.53642416	2.0019526	../../benchmark_data/class-i/pdb/7pb2_pmhc_tcr.pdb	../pred_pdb/protenix_v1/pmhc_tcr/classI/classI_protenix_v1_default_with_msa/ranked_4/7pb2_pmhc_tcr.pdb	after	ranked_4
250	7pbe	0.796	0.818	1.219	1.535	92.89636363636363	92.47625	93.495	96.487	94.37636363636362	95.79692307692305	94.69200000000001	96.49496296296297	97.08132596685084	96.05	97.03247368421053	96.0199534883721	0.42520854	1.4759663	0.9145186	0.76342183	0.21987887	0.6602663	1.0646514	0.99569255	0.66475683	0.16999593	0.65097755	0.9220665	../../benchmark_data/class-i/pdb/7pbe_pmhc_tcr.pdb	../pred_pdb/protenix_v1/pmhc_tcr/classI/classI_protenix_v1_default_with_msa/ranked_4/7pbe_pmhc_tcr.pdb	after	ranked_4
251	7phr	0.924	0.854	0.399	1.021	98.15	98.583	98.2181818181818	98.69599999999998	98.726	98.72923076923075	98.495	97.84299999999999	98.49674033149171	98.71333333333332	98.50699999999999	97.2422380952381	0.27670583	0.26213175	0.50267255	0.1461208	0.26387903	0.1782017	0.3877066	0.99819976	0.3969023	0.21219218	0.39237955	1.1934971	../../benchmark_data/class-i/pdb/7phr_pmhc_tcr.pdb	../pred_pdb/protenix_v1/pmhc_tcr/classI/classI_protenix_v1_default_with_msa/ranked_4/7phr_pmhc_tcr.pdb	after	ranked_4
252	7q99	0.863	0.863	0.785	2.146	96.07454545454547	96.93333333333334	95.80727272727273	94.66181818181818	93.56444444444445	94.74066666666666	95.19192307692309	96.78068796068797	97.62723756906077	97.126	97.60099476439791	96.05532407407408	0.24873962	0.2569656	0.25059697	0.37483755	0.24099086	0.26857868	0.43353552	1.0103972	0.35738513	0.18162817	0.35350695	0.93027	../../benchmark_data/class-i/pdb/7q99_pmhc_tcr.pdb	../pred_pdb/protenix_v1/pmhc_tcr/classI/classI_protenix_v1_default_with_msa/ranked_4/7q99_pmhc_tcr.pdb	after	ranked_4
253	7q9a	0.775	0.76	1.023	3.101	97.39818181818183	97.79222222222222	96.8190909090909	95.45636363636363	94.28	96.30199999999999	96.52076923076923	97.11511056511056	97.81977900552485	97.437	97.79973821989529	96.50972222222224	0.2787121	0.3052835	0.908601	0.30378315	0.24813905	0.4328282	0.8305959	1.3097126	0.28380257	0.2629859	0.28679878	0.91243225	../../benchmark_data/class-i/pdb/7q9a_pmhc_tcr.pdb	../pred_pdb/protenix_v1/pmhc_tcr/classI/classI_protenix_v1_default_with_msa/ranked_4/7q9a_pmhc_tcr.pdb	after	ranked_4
254	7q9b	0.395	0.388	3.098	6.832	92.44727272727272	94.90444444444444	91.16375	93.57	91.381	88.99	89.71458333333332	95.85854320987654	96.67209944751382	94.77199999999999	96.57261780104713	95.22121495327102	0.4701095	0.26504716	1.7034783	0.3331782	0.27577436	1.4535372	2.3657517	3.4185221	0.6543712	0.3875324	0.6535092	1.4785535	../../benchmark_data/class-i/pdb/7q9b_pmhc_tcr.pdb	../pred_pdb/protenix_v1/pmhc_tcr/classI/classI_protenix_v1_default_with_msa/ranked_4/7q9b_pmhc_tcr.pdb	after	ranked_4
255	7qpj	0.889	0.783	0.497	1.058	98.11272727272727	98.33666666666666	98.05230769230772	97.778	96.822	97.34727272727272	97.72916666666667	97.96828784119107	98.09861111111111	98.26777777777778	98.10666666666667	97.84607476635513	0.16450766	0.32125482	0.12527445	0.14762287	0.1317125	0.46140808	0.45789978	0.6386518	0.41632727	0.2815169	0.41406438	0.4180669	../../benchmark_data/class-i/pdb/7qpj_pmhc_tcr.pdb	../pred_pdb/protenix_v1/pmhc_tcr/classI/classI_protenix_v1_default_with_msa/ranked_4/7qpj_pmhc_tcr.pdb	after	ranked_4
256	7r80	0.039	0.032	18.937	29.313	85.52636363636363	89.176	87.88307692307693	90.32	86.388	84.94666666666667	86.30999999999999	93.25880195599022	93.63099447513812	88.67333333333333	93.39615789473686	93.13963470319635	1.9786749	0.31151065	0.31730065	0.27940148	0.20769972	0.74800587	0.75741875	17.775621	0.49975362	0.69478244	0.51866686	0.8862498	../../benchmark_data/class-i/pdb/7r80_pmhc_tcr.pdb	../pred_pdb/protenix_v1/pmhc_tcr/classI/classI_protenix_v1_default_with_msa/ranked_4/7r80_pmhc_tcr.pdb	after	ranked_4
257	7rk7	0.045	0.0	16.832	22.13	84.73333333333333	85.35874999999999	73.52499999999999	87.0	84.39299999999999	70.0725	71.60694444444442	90.49575903614459	92.1371270718232	90.75666666666667	92.07173684210527	89.16493333333334	0.33605573	0.6528233	3.0392132	0.4739181	0.23559798	3.9159675	4.103786	17.253918	0.58913875	0.7951783	0.605832	1.8919654	../../benchmark_data/class-i/pdb/7rk7_pmhc_tcr.pdb	../pred_pdb/protenix_v1/pmhc_tcr/classI/classI_protenix_v1_default_with_msa/ranked_4/7rk7_pmhc_tcr.pdb	after	ranked_4
258	7rm4	0.036	0.0	14.44	25.926	83.58272727272727	86.942	81.9325	90.197	83.42090909090909	81.61066666666666	81.7537037037037	91.7061369193154	92.26154696132595	91.17999999999999	92.21031578947368	91.26872146118723	0.39183822	0.48078978	1.1629301	0.14491636	0.16634373	2.191269	2.4647336	17.195189	0.35928595	0.36039025	0.36615962	1.3535119	../../benchmark_data/class-i/pdb/7rm4_pmhc_tcr.pdb	../pred_pdb/protenix_v1/pmhc_tcr/classI/classI_protenix_v1_default_with_msa/ranked_4/7rm4_pmhc_tcr.pdb	after	ranked_4
259	7rrg	0.044	0.0	12.636	23.35	85.26916666666668	86.29625	75.70533333333333	89.85	86.27727272727272	84.72	80.05724137931036	92.37117359413202	93.03618784530386	88.03000000000002	92.79905263157895	91.99995433789954	0.2592222	0.15542504	3.2989864	0.22122148	0.37573504	0.34774134	2.6945143	18.134264	0.5916025	0.74832696	0.60632205	1.4875529	../../benchmark_data/class-i/pdb/7rrg_pmhc_tcr.pdb	../pred_pdb/protenix_v1/pmhc_tcr/classI/classI_protenix_v1_default_with_msa/ranked_4/7rrg_pmhc_tcr.pdb	after	ranked_4
260	7rtr	0.637	0.683	1.677	4.447	88.25	90.07111111111111	90.11272727272727	90.49600000000001	87.85454545454546	90.98181818181818	90.54727272727273	93.86678132678132	94.32756906077347	90.38222222222223	94.14068421052632	93.62695852534561	0.4327622	0.2915425	0.40269434	0.37293464	0.18535769	0.42337382	0.5491703	1.9427073	0.33829817	0.19179453	0.33542663	0.8982208	../../benchmark_data/class-i/pdb/7rtr_pmhc_tcr.pdb	../pred_pdb/protenix_v1/pmhc_tcr/classI/classI_protenix_v1_default_with_msa/ranked_4/7rtr_pmhc_tcr.pdb	after	ranked_4
261	7su9	0.621	0.724	1.964	4.647	92.55916666666667	93.6275	88.49266666666664	93.242	92.263	89.62200000000001	89.05733333333335	95.67683823529413	96.20572222222222	92.72444444444444	96.0399470899471	95.36347031963471	0.30048805	0.25088963	1.0444009	0.28348455	0.18168597	2.129153	2.0226402	2.2371736	0.44823256	0.3463903	0.44572788	0.9615826	../../benchmark_data/class-i/pdb/7su9_pmhc_tcr.pdb	../pred_pdb/protenix_v1/pmhc_tcr/classI/classI_protenix_v1_default_with_msa/ranked_4/7su9_pmhc_tcr.pdb	after	ranked_4
262	8cx4	0.494	0.61	2.547	6.744	96.79	97.09400000000001	94.62705882352941	97.635	96.86100000000002	97.126	95.7984375	97.5388861985472	97.97646408839778	97.94111111111111	97.97478947368421	97.16748878923768	0.7386161	0.3164524	1.0677198	0.18511908	0.15181401	0.5978191	1.1485835	3.2311356	0.4323056	0.28851426	0.43472385	0.8779328	../../benchmark_data/class-i/pdb/8cx4_pmhc_tcr.pdb	../pred_pdb/protenix_v1/pmhc_tcr/classI/classI_protenix_v1_default_with_msa/ranked_4/8cx4_pmhc_tcr.pdb	after	ranked_4
263	8d5q	0.714	0.774	1.532	3.152	93.31	95.189	90.08812499999999	94.92545454545456	95.06545454545454	94.38666666666668	92.16806451612902	95.94247549019607	95.91079545454546	92.69300000000001	95.73779569892474	96.11396396396398	0.5533544	0.22814879	1.460095	0.2293498	0.20688494	0.56406605	1.2169719	1.6879226	0.77873915	0.6439761	0.77854705	0.7755895	../../benchmark_data/class-i/pdb/8d5q_pmhc_tcr.pdb	../pred_pdb/protenix_v1/pmhc_tcr/classI/classI_protenix_v1_default_with_msa/ranked_4/8d5q_pmhc_tcr.pdb	after	ranked_4
264	8dnt	0.724	0.685	1.159	3.396	97.27	97.75444444444445	94.0025	96.329	92.37727272727273	95.38142857142859	94.74499999999999	96.9695823095823	97.73563535911603	97.23888888888888	97.71210526315791	96.31944700460829	0.48490834	0.3533471	0.8564325	0.4954437	0.54415184	0.6985946	1.105517	1.6882856	0.74348164	0.8464724	0.77049035	1.3702646	../../benchmark_data/class-i/pdb/8dnt_pmhc_tcr.pdb	../pred_pdb/protenix_v1/pmhc_tcr/classI/classI_protenix_v1_default_with_msa/ranked_4/8dnt_pmhc_tcr.pdb	after	ranked_4
265	8en8	0.609	0.589	1.911	3.477	94.96	96.182	91.26	91.96636363636364	92.62666666666667	88.94466666666668	90.06241379310343	96.01009708737863	96.81799999999998	94.47111111111111	96.7062433862434	95.42008968609865	0.40698594	0.15705061	2.021684	0.34515205	0.42995062	2.258353	2.7793822	1.6465636	0.34285894	0.21423315	0.34552923	1.7376826	../../benchmark_data/class-i/pdb/8en8_pmhc_tcr.pdb	../pred_pdb/protenix_v1/pmhc_tcr/classI/classI_protenix_v1_default_with_msa/ranked_4/8en8_pmhc_tcr.pdb	after	ranked_4
266	8enh	0.173	0.136	7.294	11.757	85.13272727272728	86.89500000000001	80.81928571428573	86.10909090909091	84.81583333333334	79.03733333333335	79.89758620689655	92.08233576642336	93.41156424581007	89.01444444444445	93.20106382978723	91.13919282511212	0.40951365	0.15828326	2.4389453	0.3474975	0.45222247	3.2595606	3.5975547	19.91199	0.528628	0.2626798	0.52181315	1.9159824	../../benchmark_data/class-i/pdb/8enh_pmhc_tcr.pdb	../pred_pdb/protenix_v1/pmhc_tcr/classI/classI_protenix_v1_default_with_msa/ranked_4/8enh_pmhc_tcr.pdb	after	ranked_4
267	8eo8	0.54	0.514	2.313	4.096	92.49000000000001	94.225	87.62142857142855	89.95818181818184	90.46749999999999	85.268	86.4041379310345	94.99888077858881	96.11223463687149	91.99	95.91489361702128	94.22663677130045	0.4354753	0.11017669	2.1454651	0.35029754	0.28133032	3.077296	3.0250504	2.3946905	0.47786692	0.45161915	0.48047954	1.8725374	../../benchmark_data/class-i/pdb/8eo8_pmhc_tcr.pdb	../pred_pdb/protenix_v1/pmhc_tcr/classI/classI_protenix_v1_default_with_msa/ranked_4/8eo8_pmhc_tcr.pdb	after	ranked_4
268	8f5a	0.239	0.186	5.41	9.205	86.17272727272727	85.563	82.86533333333334	87.86800000000001	86.65599999999999	87.82333333333334	85.06888888888889	93.03601466992666	93.91403314917129	84.822	93.4380104712042	92.68380733944954	0.27410656	2.157715	1.782418	0.29664245	0.35078204	1.242282	2.3823912	19.476646	0.3408951	1.0531938	0.4330476	1.3188032	../../benchmark_data/class-i/pdb/8f5a_pmhc_tcr.pdb	../pred_pdb/protenix_v1/pmhc_tcr/classI/classI_protenix_v1_default_with_msa/ranked_4/8f5a_pmhc_tcr.pdb	after	ranked_4
269	8gom	0.536	0.575	2.372	4.925	89.52083333333333	90.37444444444445	89.66999999999999	93.872	90.61	87.69866666666667	88.5326923076923	94.88690243902438	95.78624309392266	91.65333333333334	95.59047368421054	94.27927272727273	0.27735355	0.2878225	0.93613327	0.16300459	0.37358958	1.4486417	1.5929401	2.3489356	0.36537668	0.39109737	0.37560374	0.84796447	../../benchmark_data/class-i/pdb/8gom_pmhc_tcr.pdb	../pred_pdb/protenix_v1/pmhc_tcr/classI/classI_protenix_v1_default_with_msa/ranked_4/8gom_pmhc_tcr.pdb	after	ranked_4
270	8gon	0.552	0.571	2.254	4.552	90.53499999999998	91.45666666666666	91.18363636363635	95.43199999999999	92.97636363636364	89.07533333333336	89.9673076923077	95.62278048780489	96.43049723756906	94.08222222222224	96.31926315789475	95.02127272727273	0.55918	0.25175273	0.70719004	0.18313041	0.35368022	0.54000986	0.9218961	2.230664	0.3509609	0.35460854	0.36136985	0.68574876	../../benchmark_data/class-i/pdb/8gon_pmhc_tcr.pdb	../pred_pdb/protenix_v1/pmhc_tcr/classI/classI_protenix_v1_default_with_msa/ranked_4/8gon_pmhc_tcr.pdb	after	ranked_4
271	8gvb	0.776	0.727	1.12	1.772	92.93	96.1909090909091	91.66428571428571	97.996	97.18363636363637	97.51	94.68793103448276	97.17263414634147	97.65033333333334	97.48375	97.64324468085107	96.77409909909909	1.4762204	0.85460484	0.91433805	0.42600986	0.6339504	0.4738291	0.99881506	1.1077371	0.5186966	0.36840495	0.5207464	0.9631033	../../benchmark_data/class-i/pdb/8gvb_pmhc_tcr.pdb	../pred_pdb/protenix_v1/pmhc_tcr/classI/classI_protenix_v1_default_with_msa/ranked_4/8gvb_pmhc_tcr.pdb	after	ranked_4
272	8gvg	0.836	0.821	0.98	0.955	90.5109090909091	96.00545454545454	90.81714285714284	97.982	97.3809090909091	97.27866666666667	94.15931034482759	97.08072992700731	97.66176795580112	97.18	97.64137566137566	96.60342342342342	1.2365122	0.9377305	0.7795705	0.5328117	0.6506261	0.45774645	0.80791104	0.82282686	0.63538605	0.37326324	0.6344312	0.90715116	../../benchmark_data/class-i/pdb/8gvg_pmhc_tcr.pdb	../pred_pdb/protenix_v1/pmhc_tcr/classI/classI_protenix_v1_default_with_msa/ranked_4/8gvg_pmhc_tcr.pdb	after	ranked_4
273	8gvi	0.874	0.882	0.874	0.679	95.46	97.03181818181817	97.39642857142859	98.322	98.35272727272728	97.93533333333333	97.67517241379312	97.83822384428224	98.09314917127074	98.33625	98.10343915343917	97.61243243243246	1.5158128	0.8884282	0.5654576	0.52006024	0.36930427	0.51599246	0.66757053	0.7884149	0.4790936	0.35529783	0.4771295	0.9014787	../../benchmark_data/class-i/pdb/8gvi_pmhc_tcr.pdb	../pred_pdb/protenix_v1/pmhc_tcr/classI/classI_protenix_v1_default_with_msa/ranked_4/8gvi_pmhc_tcr.pdb	after	ranked_4
274	8i5c	0.736	0.698	1.16	3.085	88.3690909090909	89.97888888888889	88.36833333333334	89.459	87.284	87.31461538461538	87.8204	94.15807407407408	94.65104972375691	90.22555555555556	94.4414210526316	93.90767441860466	0.4166708	0.29565284	0.24520542	0.26608646	0.35360262	1.2677696	1.2769285	1.109472	0.38827717	0.42435116	0.392656	0.61108226	../../benchmark_data/class-i/pdb/8i5c_pmhc_tcr.pdb	../pred_pdb/protenix_v1/pmhc_tcr/classI/classI_protenix_v1_default_with_msa/ranked_4/8i5c_pmhc_tcr.pdb	after	ranked_4
275	8i5d	0.696	0.763	1.539	3.731	95.41999999999999	97.25	94.17166666666667	97.26899999999999	96.46727272727274	95.514	94.91740740740741	97.3354702970297	97.78281767955801	93.75777777777778	97.59215789473683	97.10757009345795	0.3199867	0.23492892	0.80058306	0.21530433	0.18769212	0.44957379	0.86074436	1.7231898	0.39837196	1.1478411	0.5026424	1.2210748	../../benchmark_data/class-i/pdb/8i5d_pmhc_tcr.pdb	../pred_pdb/protenix_v1/pmhc_tcr/classI/classI_protenix_v1_default_with_msa/ranked_4/8i5d_pmhc_tcr.pdb	after	ranked_4
276	8qfy	0.795	0.721	0.969	1.794	96.57090909090908	96.90777777777778	96.23833333333333	98.286	95.66727272727275	98.195	97.21666666666668	97.38199999999999	97.66767955801105	97.63777777777779	97.66626315789473	97.13079069767443	0.36922202	0.3041224	0.2929884	0.35249078	0.26810294	0.33311406	0.51331925	1.0797112	0.7804556	0.35965976	0.77262044	0.62051314	../../benchmark_data/class-i/pdb/8qfy_pmhc_tcr.pdb	../pred_pdb/protenix_v1/pmhc_tcr/classI/classI_protenix_v1_default_with_msa/ranked_4/8qfy_pmhc_tcr.pdb	after	ranked_4
277	8shi	0.063	0.104	14.365	29.762	88.39099999999999	90.39800000000001	79.18470588235294	91.35300000000001	86.99300000000001	89.42214285714284	83.80806451612905	93.2141584158416	93.53655555555557	87.30250000000001	93.27127659574468	93.16444444444444	0.37179738	0.44108614	2.5923884	0.26176667	0.2040656	0.339121	2.037891	15.970705	0.47534192	1.4195869	0.5808023	0.9804454	../../benchmark_data/class-i/pdb/8shi_pmhc_tcr.pdb	../pred_pdb/protenix_v1/pmhc_tcr/classI/classI_protenix_v1_default_with_msa/ranked_4/8shi_pmhc_tcr.pdb	after	ranked_4
278	8wte	0.287	0.323	3.767	10.402	90.64363636363636	91.36999999999999	90.83076923076922	92.373	90.812	88.93312499999999	89.78379310344828	94.80545232273839	95.27558011049722	88.11888888888888	94.9365789473684	94.6916894977169	0.28114784	0.28863326	0.38827315	0.24365403	0.16859727	1.3307357	1.1871452	4.7022185	0.37880075	1.5961573	0.5387528	0.92640334	../../benchmark_data/class-i/pdb/8wte_pmhc_tcr.pdb	../pred_pdb/protenix_v1/pmhc_tcr/classI/classI_protenix_v1_default_with_msa/ranked_4/8wte_pmhc_tcr.pdb	after	ranked_4
279	8wul	0.734	0.75	1.402	2.538	91.71000000000001	92.85777777777778	91.76384615384617	93.914	91.623	89.88250000000001	90.72586206896553	95.56332518337408	96.17955801104972	93.18	96.03747368421054	95.15196347031963	0.4068276	0.18898705	0.561246	0.21226326	0.23083398	1.13623	1.1177332	1.4516001	0.65853816	0.30353498	0.64977515	0.91083264	../../benchmark_data/class-i/pdb/8wul_pmhc_tcr.pdb	../pred_pdb/protenix_v1/pmhc_tcr/classI/classI_protenix_v1_default_with_msa/ranked_4/8wul_pmhc_tcr.pdb	after	ranked_4
