	id	DockQ	Fnat	iRMS	LRMS	pLDDT-cdr1a	pLDDT-cdr2a	pLDDT-cdr3a	pLDDT-cdr1b	pLDDT-cdr2b	pLDDT-cdr3b	pLDDT-cdr3a+cdr3b	pLDDT	pLDDT-mhc	pLDDT-pep	pLDDT-pmhc	pLDDT-tcr	RMSD-cdr1a	RMSD-cdr2a	RMSD-cdr3a	RMSD-cdr1b	RMSD-cdr2b	RMSD-cdr3b	RMSD-cdr3a+cdr3b	RMSD	RMSD-mhc	RMSD-pep	RMSD-pmhc	RMSD-tcr	true_pdb_path	pred_pdb_path	2021-09-30	rank
0	6zkw	0.686	0.776	1.604	4.038	95.4509090909091	96.84100000000001	97.31846153846155	97.632	93.869	97.46	97.39655172413795	96.70997555012227	96.76555555555557	97.88666666666667	96.8189417989418	96.61636363636363	0.49566418	0.17622413	0.20136422	0.12825578	0.20741178	0.75175273	0.7983797	1.9316556	0.73360074	0.15195264	0.7187453	0.79498345	../../benchmark_data/class-i/pdb/6zkw_pmhc_tcr.pdb	../pred_pdb/protenix_v2/pmhc_tcr/classI/classI_protenix_v2_with_template/ranked_0/6zkw_pmhc_tcr.pdb	after	ranked_0
1	6zkx	0.581	0.58	1.878	4.589	93.79181818181819	95.151	95.68692307692307	96.541	92.14	94.9825	95.29827586206896	95.57182481751823	95.71905027932961	92.62416666666667	95.52460732984294	95.6128181818182	0.38592312	0.26622453	0.24940842	0.17560408	0.13106479	0.748265	0.6769632	1.6521785	1.5603689	0.80548763	1.5723119	0.5792424	../../benchmark_data/class-i/pdb/6zkx_pmhc_tcr.pdb	../pred_pdb/protenix_v2/pmhc_tcr/classI/classI_protenix_v2_with_template/ranked_0/6zkx_pmhc_tcr.pdb	after	ranked_0
2	6zky	0.692	0.698	1.332	4.012	93.14363636363636	94.22900000000001	92.34538461538462	95.881	91.884	93.01812500000001	92.71655172413796	94.89308823529413	95.219	86.615	94.85287234042552	94.92745454545455	0.46462774	0.29442957	0.56557834	0.16863835	0.21214664	0.7276232	0.94209343	1.39832	0.9116576	1.962176	1.0596825	0.6997554	../../benchmark_data/class-i/pdb/6zky_pmhc_tcr.pdb	../pred_pdb/protenix_v2/pmhc_tcr/classI/classI_protenix_v2_with_template/ranked_0/6zky_pmhc_tcr.pdb	after	ranked_0
3	6zkz	0.675	0.61	1.342	3.43	86.39363636363636	89.088	84.83461538461538	91.933	85.779	83.69874999999999	84.20793103448277	92.02573529411765	93.323	87.17500000000001	93.06138297872342	91.14072727272728	0.36187154	0.18655145	0.32686475	0.15226527	0.15433341	0.76258093	0.79005194	1.2457095	0.93830216	2.282882	1.1174355	0.74192953	../../benchmark_data/class-i/pdb/6zkz_pmhc_tcr.pdb	../pred_pdb/protenix_v2/pmhc_tcr/classI/classI_protenix_v2_with_template/ranked_0/6zkz_pmhc_tcr.pdb	after	ranked_0
4	7dzm	0.897	0.86	0.565	1.847	97.33583333333333	97.3675	98.36933333333333	98.65899999999999	98.37454545454544	98.48416666666667	98.42037037037038	97.54800492610835	97.38366666666666	98.55777777777777	97.43957671957673	97.64244239631338	0.23222217	0.09487562	0.26430106	0.16120967	0.30653524	0.21811752	0.35119876	0.9099579	0.75377667	0.13569406	0.7384594	0.46946156	../../benchmark_data/class-i/pdb/7dzm_pmhc_tcr.pdb	../pred_pdb/protenix_v2/pmhc_tcr/classI/classI_protenix_v2_with_template/ranked_0/7dzm_pmhc_tcr.pdb	after	ranked_0
5	7dzn	0.219	0.238	5.797	11.455	90.81249999999999	93.70125	82.39466666666665	95.43699999999998	93.79272727272728	93.32	87.25037037037036	95.53627160493828	96.53664804469273	93.11777777777779	96.37297872340424	94.81138248847928	0.14480308	0.24525739	2.5114424	0.20179492	0.21166693	0.44327644	2.1149337	20.064472	0.40156445	1.0166662	0.4789445	0.94601357	../../benchmark_data/class-i/pdb/7dzn_pmhc_tcr.pdb	../pred_pdb/protenix_v2/pmhc_tcr/classI/classI_protenix_v2_with_template/ranked_0/7dzn_pmhc_tcr.pdb	after	ranked_0
6	7l1d	0.031	0.0	17.01	27.637	83.05454545454546	85.28222222222223	78.25384615384615	86.289	89.093	71.45052631578947	74.21437499999999	91.25259168704156	93.4370718232044	95.11	93.51631578947368	89.2886301369863	0.56294537	0.32037714	2.6408837	0.25823778	0.22167104	4.736665	5.710462	19.149446	0.516093	0.54159224	0.5272673	3.3407526	../../benchmark_data/class-i/pdb/7l1d_pmhc_tcr.pdb	../pred_pdb/protenix_v2/pmhc_tcr/classI/classI_protenix_v2_with_template/ranked_0/7l1d_pmhc_tcr.pdb	after	ranked_0
7	7n2n	0.406	0.333	2.647	6.361	88.27636363636363	89.19000000000001	84.94	92.326	88.14699999999999	85.66799999999999	85.28125	93.08878934624697	93.98259668508287	87.96333333333332	93.69747368421055	92.57017937219732	0.9947066	0.3349542	1.2286918	0.15867479	0.18038148	1.3102422	2.1252747	2.726805	0.43961513	0.19375713	0.44399238	1.1884427	../../benchmark_data/class-i/pdb/7n2n_pmhc_tcr.pdb	../pred_pdb/protenix_v2/pmhc_tcr/classI/classI_protenix_v2_with_template/ranked_0/7n2n_pmhc_tcr.pdb	after	ranked_0
8	7n2o	0.6	0.61	1.759	4.649	92.30272727272727	91.23400000000001	89.98176470588236	94.532	91.24199999999999	88.51466666666667	89.2940625	94.66380145278451	95.31171270718231	91.51444444444445	95.13184210526317	94.26502242152466	0.9127403	0.30714026	0.9278937	0.2235284	0.17163162	1.3708608	1.589981	2.0292945	0.34071702	0.59945536	0.36587003	1.1399137	../../benchmark_data/class-i/pdb/7n2o_pmhc_tcr.pdb	../pred_pdb/protenix_v2/pmhc_tcr/classI/classI_protenix_v2_with_template/ranked_0/7n2o_pmhc_tcr.pdb	after	ranked_0
9	7n2p	0.62	0.651	1.453	5.65	93.69818181818182	94.179	93.78909090909092	96.61200000000001	95.143	94.018	93.92115384615384	96.2354054054054	97.00491712707182	95.76666666666665	96.94626315789475	95.61299539170506	0.24054019	0.33879173	0.967755	0.20319615	0.23253824	0.5955024	0.9464342	2.0186925	0.37917602	0.19363254	0.38235417	0.9896312	../../benchmark_data/class-i/pdb/7n2p_pmhc_tcr.pdb	../pred_pdb/protenix_v2/pmhc_tcr/classI/classI_protenix_v2_with_template/ranked_0/7n2p_pmhc_tcr.pdb	after	ranked_0
10	7n2q	0.607	0.661	1.518	6.035	94.46454545454544	94.752	94.11454545454545	96.70899999999999	95.005	94.66733333333335	94.43346153846154	96.45287469287469	97.17767955801106	96.0	97.12189473684211	95.86709677419354	0.2723985	0.3803061	1.0875118	0.18735142	0.17918192	0.5549344	0.9465599	2.2051606	0.3385358	0.15415446	0.33806413	1.047221	../../benchmark_data/class-i/pdb/7n2q_pmhc_tcr.pdb	../pred_pdb/protenix_v2/pmhc_tcr/classI/classI_protenix_v2_with_template/ranked_0/7n2q_pmhc_tcr.pdb	after	ranked_0
11	7n2r	0.253	0.172	6.088	8.013	83.7490909090909	85.161	81.85181818181819	88.047	84.68900000000001	78.91666666666666	80.15846153846154	91.29044226044228	93.33149171270718	87.97444444444446	93.07773684210528	89.72552995391706	0.32940638	0.36154732	0.9148923	0.15791422	0.23246467	0.91168445	1.1406665	20.72326	0.40591225	0.41996402	0.41545016	0.8421227	../../benchmark_data/class-i/pdb/7n2r_pmhc_tcr.pdb	../pred_pdb/protenix_v2/pmhc_tcr/classI/classI_protenix_v2_with_template/ranked_0/7n2r_pmhc_tcr.pdb	after	ranked_0
12	7n2s	0.245	0.379	4.661	14.237	88.30818181818181	90.66100000000002	84.28562500000001	94.763	89.955	89.21000000000001	86.66838709677418	93.96805825242717	95.11834254143645	91.71222222222222	94.95700000000001	93.12166666666666	1.297612	0.4090416	1.9066216	0.48640767	0.19955258	0.5972212	1.996709	5.2942295	0.4458052	0.47405937	0.45611116	1.1623098	../../benchmark_data/class-i/pdb/7n2s_pmhc_tcr.pdb	../pred_pdb/protenix_v2/pmhc_tcr/classI/classI_protenix_v2_with_template/ranked_0/7n2s_pmhc_tcr.pdb	after	ranked_0
13	7n4k	0.851	0.891	0.916	2.252	92.68083333333334	91.76	91.70076923076924	95.91	94.531	93.31454545454545	92.44041666666665	95.84029999999998	96.15988700564971	96.263	96.16540106951872	95.554882629108	0.14146571	0.7611941	0.5621601	0.4087322	0.103305504	0.6344783	0.6349225	1.1956224	1.2420125	0.2094419	1.2114949	0.73931205	../../benchmark_data/class-i/pdb/7n4k_pmhc_tcr.pdb	../pred_pdb/protenix_v2/pmhc_tcr/classI/classI_protenix_v2_with_template/ranked_0/7n4k_pmhc_tcr.pdb	after	ranked_0
14	7n5c	0.71	0.684	1.355	2.931	93.21833333333335	93.0275	91.50615384615386	97.148	95.824	95.57636363636362	93.37166666666667	96.07675742574258	96.11602209944752	97.00699999999999	96.16267015706806	95.99971830985916	0.15993789	0.18505625	0.70320547	0.44441444	0.09500652	0.82408243	0.9298966	1.5765251	1.2397753	0.27002865	1.2089194	0.5956349	../../benchmark_data/class-i/pdb/7n5c_pmhc_tcr.pdb	../pred_pdb/protenix_v2/pmhc_tcr/classI/classI_protenix_v2_with_template/ranked_0/7n5c_pmhc_tcr.pdb	after	ranked_0
15	7n5p	0.79	0.881	1.147	3.449	93.53916666666667	92.47749999999999	93.31307692307692	96.325	94.94299999999998	94.51	93.86166666666666	96.31230576441104	96.36948863636363	96.65599999999999	96.38489247311828	96.24892018779343	0.12872618	0.20733185	0.50905925	0.42969579	0.10569692	0.28231323	0.4578708	1.5100956	0.9595345	0.23198397	0.94006807	0.5112619	../../benchmark_data/class-i/pdb/7n5p_pmhc_tcr.pdb	../pred_pdb/protenix_v2/pmhc_tcr/classI/classI_protenix_v2_with_template/ranked_0/7n5p_pmhc_tcr.pdb	after	ranked_0
16	7na5	0.323	0.224	3.598	6.978	94.41181818181818	96.04222222222222	93.65181818181819	97.297	94.627	96.62866666666667	95.36923076923077	95.54958024691358	95.51427777777779	97.39666666666668	95.60391534391536	95.50203703703703	0.44362918	0.25105837	0.934318	0.22336504	0.4318366	0.5464949	0.8493983	3.8359365	1.1601919	0.30774993	1.1347767	1.40301	../../benchmark_data/class-i/pdb/7na5_pmhc_tcr.pdb	../pred_pdb/protenix_v2/pmhc_tcr/classI/classI_protenix_v2_with_template/ranked_0/7na5_pmhc_tcr.pdb	after	ranked_0
17	7ndq	0.454	0.417	2.807	5.26	90.555	90.17249999999999	83.31066666666668	93.652	92.64636363636363	89.63615384615385	86.24750000000002	94.55514705882354	94.87243093922652	92.67444444444443	94.76831578947368	94.36935779816514	0.5096348	0.3006425	2.7016578	0.36983112	0.39886248	1.8219199	2.614031	2.7714508	1.0845412	2.140459	1.1902884	1.556283	../../benchmark_data/class-i/pdb/7ndq_pmhc_tcr.pdb	../pred_pdb/protenix_v2/pmhc_tcr/classI/classI_protenix_v2_with_template/ranked_0/7ndq_pmhc_tcr.pdb	after	ranked_0
18	7ndt	0.69	0.59	1.351	2.395	86.13583333333334	89.9075	83.92571428571428	91.574	88.9290909090909	88.26499999999999	85.92846153846153	92.83027227722772	92.76322222222221	86.815	92.51010638297873	93.10893518518517	0.26446387	0.21221831	1.6426914	0.15330641	0.20210764	1.1218454	1.6006589	1.39388	0.55487436	1.7113321	0.73685455	1.1614519	../../benchmark_data/class-i/pdb/7ndt_pmhc_tcr.pdb	../pred_pdb/protenix_v2/pmhc_tcr/classI/classI_protenix_v2_with_template/ranked_0/7ndt_pmhc_tcr.pdb	after	ranked_0
19	7ndu	0.682	0.662	1.69	2.047	96.17750000000001	96.33624999999999	89.91800000000002	97.58	96.74636363636364	94.66692307692307	92.12285714285714	96.79280098280098	97.01386740331493	95.425	96.94661375661377	96.6594495412844	0.41875505	0.3077214	1.2922224	0.292481	0.3194188	1.6765876	1.9498279	1.3623161	1.0944443	1.3787991	1.1814948	1.1377213	../../benchmark_data/class-i/pdb/7ndu_pmhc_tcr.pdb	../pred_pdb/protenix_v2/pmhc_tcr/classI/classI_protenix_v2_with_template/ranked_0/7ndu_pmhc_tcr.pdb	after	ranked_0
20	7nme	0.595	0.693	2.039	5.017	88.56454545454545	90.38300000000001	92.04461538461538	94.86999999999999	91.96909090909092	94.45727272727272	93.15041666666666	95.27212345679013	95.92773480662983	92.8288888888889	95.78094736842104	94.82246511627908	0.36445355	0.16437428	0.78691834	0.26149195	0.16116318	0.4842346	0.7520081	2.626035	0.51453847	0.34981924	0.5140615	0.8325723	../../benchmark_data/class-i/pdb/7nme_pmhc_tcr.pdb	../pred_pdb/protenix_v2/pmhc_tcr/classI/classI_protenix_v2_with_template/ranked_0/7nme_pmhc_tcr.pdb	after	ranked_0
21	7nmf	0.591	0.69	2.104	4.973	88.46999999999998	90.255	92.01307692307692	94.83700000000002	91.8990909090909	94.42818181818183	93.12	95.2500987654321	95.913591160221	92.80444444444444	95.76631578947368	94.79390697674418	0.38763022	0.123117074	0.8099431	0.19096	0.19089623	0.46204656	0.7995493	2.585356	0.4631896	0.47039756	0.47093993	0.7792998	../../benchmark_data/class-i/pdb/7nmf_pmhc_tcr.pdb	../pred_pdb/protenix_v2/pmhc_tcr/classI/classI_protenix_v2_with_template/ranked_0/7nmf_pmhc_tcr.pdb	after	ranked_0
22	7nmg	0.614	0.681	1.911	4.512	90.00909090909092	91.92699999999999	93.48923076923076	96.07	93.69818181818182	95.63727272727273	94.47375	95.92498765432097	96.51198895027623	93.66111111111111	96.37694736842107	95.52558139534884	0.3912818	0.29571757	0.4257161	0.26515505	0.18404998	0.46278828	0.55718404	2.3956726	0.44130605	0.55862623	0.45710588	0.77886736	../../benchmark_data/class-i/pdb/7nmg_pmhc_tcr.pdb	../pred_pdb/protenix_v2/pmhc_tcr/classI/classI_protenix_v2_with_template/ranked_0/7nmg_pmhc_tcr.pdb	after	ranked_0
23	7ow5	0.813	0.719	0.863	1.531	93.15166666666669	90.39181818181818	91.05250000000001	95.66300000000001	94.28900000000002	91.1125	91.0825	94.90387951807229	95.6607222222222	89.23500000000001	95.32252631578947	94.55035555555557	0.29299504	0.4419829	0.610058	0.20426236	0.241096	1.4033321	1.1976638	0.80618954	0.42775667	1.0853776	0.4958176	0.7947093	../../benchmark_data/class-i/pdb/7ow5_pmhc_tcr.pdb	../pred_pdb/protenix_v2/pmhc_tcr/classI/classI_protenix_v2_with_template/ranked_0/7ow5_pmhc_tcr.pdb	after	ranked_0
24	7ow6	0.792	0.677	0.957	0.896	91.5	89.07818181818182	88.48	94.505	92.869	87.09	87.785	94.10685096153846	95.03508287292819	88.464	94.69104712041884	93.61093333333334	0.30905718	0.4585686	0.52944565	0.14606294	0.2916474	1.4107735	1.2326504	0.7303178	0.4251369	1.5102191	0.56342494	0.75990075	../../benchmark_data/class-i/pdb/7ow6_pmhc_tcr.pdb	../pred_pdb/protenix_v2/pmhc_tcr/classI/classI_protenix_v2_with_template/ranked_0/7ow6_pmhc_tcr.pdb	after	ranked_0
25	7pb2	0.04	0.0	13.769	24.308	87.89666666666665	83.66363636363636	81.823125	90.74500000000002	88.04299999999999	80.17250000000001	80.9978125	91.67643373493976	92.95327777777779	89.73	92.78363157894736	90.74146666666665	0.28439966	1.2144347	3.2356117	0.1845638	0.24122092	2.986325	3.4158933	16.39147	0.45738384	1.3435394	0.5707328	2.0295496	../../benchmark_data/class-i/pdb/7pb2_pmhc_tcr.pdb	../pred_pdb/protenix_v2/pmhc_tcr/classI/classI_protenix_v2_with_template/ranked_0/7pb2_pmhc_tcr.pdb	after	ranked_0
26	7pbe	0.817	0.909	1.159	2.579	97.38454545454546	93.2425	97.37083333333334	97.396	97.78363636363635	96.71384615384615	97.0292	97.40679012345679	97.88994475138121	98.18444444444444	97.90389473684209	96.96748837209303	0.39030242	0.7379904	0.3569522	0.6455355	0.24945472	0.43463337	0.5889011	1.297779	0.6660593	0.14504583	0.65156674	0.75769943	../../benchmark_data/class-i/pdb/7pbe_pmhc_tcr.pdb	../pred_pdb/protenix_v2/pmhc_tcr/classI/classI_protenix_v2_with_template/ranked_0/7pbe_pmhc_tcr.pdb	after	ranked_0
27	7phr	0.904	0.793	0.394	1.092	97.88899999999998	98.17599999999999	97.40363636363635	98.47099999999999	98.517	98.61692307692307	98.06083333333333	97.039575	98.22121546961327	98.48888888888888	98.23389473684212	95.959	0.19629148	0.22918618	0.39521316	0.1784931	0.21759096	0.16833235	0.31434625	0.7737624	0.43810123	0.1825916	0.43039593	0.7132476	../../benchmark_data/class-i/pdb/7phr_pmhc_tcr.pdb	../pred_pdb/protenix_v2/pmhc_tcr/classI/classI_protenix_v2_with_template/ranked_0/7phr_pmhc_tcr.pdb	after	ranked_0
28	7q99	0.912	0.89	0.545	1.72	96.06636363636363	96.58444444444443	93.74363636363637	94.18272727272728	93.14	92.86999999999999	93.23961538461536	95.93547911547913	97.36546961325963	96.69299999999998	97.33026178010472	94.70212962962961	0.38350147	0.2668633	0.31135157	0.30530453	0.15489697	0.24964693	0.37571365	0.75132704	0.31341138	0.18528223	0.30859944	0.69417655	../../benchmark_data/class-i/pdb/7q99_pmhc_tcr.pdb	../pred_pdb/protenix_v2/pmhc_tcr/classI/classI_protenix_v2_with_template/ranked_0/7q99_pmhc_tcr.pdb	after	ranked_0
29	7q9a	0.875	0.84	0.683	1.826	97.56090909090909	97.5	96.43545454545455	95.44545454545454	94.46666666666665	96.276	96.34346153846153	96.70206388206388	97.73215469613258	97.873	97.73952879581152	95.78467592592591	0.2415766	0.2512324	0.8862976	0.25322896	0.20750338	0.18895945	0.7092865	0.80026954	0.32205766	0.16544709	0.31847242	0.7346425	../../benchmark_data/class-i/pdb/7q9a_pmhc_tcr.pdb	../pred_pdb/protenix_v2/pmhc_tcr/classI/classI_protenix_v2_with_template/ranked_0/7q9a_pmhc_tcr.pdb	after	ranked_0
30	7q9b	0.495	0.487	2.475	5.166	94.07181818181817	96.07555555555555	88.24000000000001	93.48599999999999	91.577	85.69874999999999	86.54583333333333	95.37656790123458	96.96817679558009	95.256	96.87853403141362	94.03602803738318	0.518095	0.26237676	0.8026388	0.29036412	0.2765034	1.303352	1.8750198	2.7074726	0.6077656	0.32061926	0.60297215	1.1872958	../../benchmark_data/class-i/pdb/7q9b_pmhc_tcr.pdb	../pred_pdb/protenix_v2/pmhc_tcr/classI/classI_protenix_v2_with_template/ranked_0/7q9b_pmhc_tcr.pdb	after	ranked_0
31	7qpj	0.951	0.971	0.505	1.037	98.39454545454545	98.52333333333334	98.35153846153845	97.56700000000001	96.724	97.40272727272728	97.91666666666667	97.95665012406947	98.27705555555555	98.3111111111111	98.27867724867724	97.67224299065421	0.2222615	0.43407443	0.12216453	0.16217805	0.13129908	0.48790205	0.4899937	0.6385691	0.4242332	0.23758797	0.42193156	0.54492545	../../benchmark_data/class-i/pdb/7qpj_pmhc_tcr.pdb	../pred_pdb/protenix_v2/pmhc_tcr/classI/classI_protenix_v2_with_template/ranked_0/7qpj_pmhc_tcr.pdb	after	ranked_0
32	7r80	0.178	0.081	4.963	11.068	81.73181818181818	86.26599999999999	84.46692307692307	89.07000000000001	84.638	81.53333333333335	82.89535714285715	91.63215158924206	93.0977348066298	86.88333333333334	92.80336842105261	90.61602739726027	1.8870407	0.37896	0.27484995	0.23548914	0.19281898	0.44411054	0.49597573	4.480427	0.45898953	0.69246966	0.48030663	0.9560916	../../benchmark_data/class-i/pdb/7r80_pmhc_tcr.pdb	../pred_pdb/protenix_v2/pmhc_tcr/classI/classI_protenix_v2_with_template/ranked_0/7r80_pmhc_tcr.pdb	after	ranked_0
33	7rk7	0.532	0.515	2.304	4.483	92.48166666666667	93.92625000000001	74.66312500000001	91.35400000000001	86.51	75.77950000000001	75.28333333333333	93.36308433734939	96.20950276243094	93.17555555555555	96.0657894736842	91.0808	0.28760278	0.246408	2.7844596	0.45375538	0.22301395	3.283328	3.6451406	2.2966194	0.5456406	0.46450478	0.55075824	2.1631026	../../benchmark_data/class-i/pdb/7rk7_pmhc_tcr.pdb	../pred_pdb/protenix_v2/pmhc_tcr/classI/classI_protenix_v2_with_template/ranked_0/7rk7_pmhc_tcr.pdb	after	ranked_0
34	7rm4	0.048	0.0	12.646	22.037	84.8309090909091	89.43299999999999	81.00249999999998	90.91799999999999	85.45454545454545	83.69133333333333	82.4962962962963	92.36660146699268	93.24712707182323	94.32444444444444	93.29815789473685	91.55840182648402	1.0587572	0.41823936	1.0280732	0.18041763	0.19894934	2.2817926	2.183538	14.461617	0.32282624	0.38868067	0.3334577	1.3432319	../../benchmark_data/class-i/pdb/7rm4_pmhc_tcr.pdb	../pred_pdb/protenix_v2/pmhc_tcr/classI/classI_protenix_v2_with_template/ranked_0/7rm4_pmhc_tcr.pdb	after	ranked_0
35	7rrg	0.043	0.0	14.925	23.14	86.15166666666669	85.80625	72.32666666666667	89.905	86.16181818181818	84.52928571428572	78.21758620689656	91.89374083129584	92.23182320441988	90.61777777777777	92.15536842105263	91.6667579908676	0.23143956	0.2274781	2.881787	0.2025993	0.38324618	1.307579	2.804709	17.03043	0.5491997	0.8106267	0.56907886	1.3198854	../../benchmark_data/class-i/pdb/7rrg_pmhc_tcr.pdb	../pred_pdb/protenix_v2/pmhc_tcr/classI/classI_protenix_v2_with_template/ranked_0/7rrg_pmhc_tcr.pdb	after	ranked_0
36	7rtr	0.477	0.698	2.89	8.154	96.84454545454545	96.82777777777778	97.59363636363636	97.713	97.66454545454545	97.51454545454544	97.55409090909092	97.70432432432433	97.7086187845304	97.08444444444444	97.67905263157893	97.72645161290322	0.45520437	0.2855627	0.28896487	0.39825794	0.20918553	0.21041638	0.31654528	3.714683	0.4337604	0.22363158	0.42830458	0.88472366	../../benchmark_data/class-i/pdb/7rtr_pmhc_tcr.pdb	../pred_pdb/protenix_v2/pmhc_tcr/classI/classI_protenix_v2_with_template/ranked_0/7rtr_pmhc_tcr.pdb	after	ranked_0
37	7su9	0.009	0.0	22.401	57.576	91.43166666666666	92.655	80.98733333333332	93.29599999999999	92.8	82.10266666666666	81.545	92.3080637254902	93.23588888888888	94.48333333333332	93.29529100529099	91.45607305936072	0.34287462	0.16682507	1.6909089	0.19783618	0.19954872	1.01307	1.4759996	22.99166	0.39127967	0.3138548	0.3889271	0.7582711	../../benchmark_data/class-i/pdb/7su9_pmhc_tcr.pdb	../pred_pdb/protenix_v2/pmhc_tcr/classI/classI_protenix_v2_with_template/ranked_0/7su9_pmhc_tcr.pdb	after	ranked_0
38	8cx4	0.836	0.746	0.795	1.171	94.52727272727272	94.17999999999999	91.77411764705884	96.163	94.82900000000001	92.86733333333335	92.2865625	95.98886198547214	96.92834254143646	95.88666666666667	96.879	95.23044843049327	0.6199494	0.23561427	0.5815886	0.19944178	0.18816744	0.6731032	0.77787226	0.7754109	0.40802932	0.36479032	0.41244677	0.6781368	../../benchmark_data/class-i/pdb/8cx4_pmhc_tcr.pdb	../pred_pdb/protenix_v2/pmhc_tcr/classI/classI_protenix_v2_with_template/ranked_0/8cx4_pmhc_tcr.pdb	after	ranked_0
39	8d5q	0.76	0.736	1.24	1.922	93.45	96.11300000000001	89.64625	96.63909090909088	96.0790909090909	96.19933333333333	92.81709677419356	95.9749019607843	96.42750000000001	95.705	96.3886559139785	95.62824324324326	0.35571495	0.15616927	1.9054526	0.22225767	0.20557888	0.3413738	1.6126671	1.1039131	0.68920517	0.99828553	0.71979564	0.82841456	../../benchmark_data/class-i/pdb/8d5q_pmhc_tcr.pdb	../pred_pdb/protenix_v2/pmhc_tcr/classI/classI_protenix_v2_with_template/ranked_0/8d5q_pmhc_tcr.pdb	after	ranked_0
40	8dnt	0.779	0.726	0.98	2.663	97.45818181818184	97.52777777777777	91.60166666666667	95.963	89.39818181818181	93.59642857142858	92.67576923076922	96.6172972972973	97.64104972375692	96.41000000000001	97.58273684210526	95.77198156682026	0.47631928	0.37818006	1.1407094	0.51185423	0.53909844	0.6133047	0.98257095	1.3944068	0.6715242	0.74972385	0.6933452	1.2859033	../../benchmark_data/class-i/pdb/8dnt_pmhc_tcr.pdb	../pred_pdb/protenix_v2/pmhc_tcr/classI/classI_protenix_v2_with_template/ranked_0/8dnt_pmhc_tcr.pdb	after	ranked_0
41	8en8	0.83	0.795	0.945	1.243	96.32454545454544	97.85400000000001	90.04214285714286	96.9681818181818	94.85416666666667	97.19466666666668	93.74172413793103	96.81167475728157	97.4601111111111	97.93	97.48248677248678	96.24313901345292	0.46161613	0.105571344	1.618224	0.42288902	0.35447574	0.24691258	1.4236058	0.8767504	0.52394074	0.17526247	0.5163462	0.95112145	../../benchmark_data/class-i/pdb/8en8_pmhc_tcr.pdb	../pred_pdb/protenix_v2/pmhc_tcr/classI/classI_protenix_v2_with_template/ranked_0/8en8_pmhc_tcr.pdb	after	ranked_0
42	8enh	0.75	0.704	1.219	2.053	95.84	97.65299999999999	89.49428571428571	97.10000000000001	95.39166666666667	97.14866666666667	93.45344827586207	97.01479318734793	97.78173184357541	97.94	97.78930851063829	96.36183856502244	0.54134214	0.092534564	1.9813104	0.36851212	0.39369202	0.21529244	1.7892833	1.1253161	0.48534083	0.18345965	0.47629666	1.2131726	../../benchmark_data/class-i/pdb/8enh_pmhc_tcr.pdb	../pred_pdb/protenix_v2/pmhc_tcr/classI/classI_protenix_v2_with_template/ranked_0/8enh_pmhc_tcr.pdb	after	ranked_0
43	8eo8	0.815	0.757	0.938	1.523	95.83636363636364	97.63199999999999	88.70285714285714	96.89090909090909	94.99583333333334	96.88599999999998	92.93551724137932	96.89291970802921	97.67541899441342	97.85777777777778	97.6841489361702	96.22587443946189	0.5101617	0.09906043	1.5832189	0.22676784	0.22081597	0.21791941	1.4011045	0.91772306	0.404727	0.1521558	0.39909118	0.9866429	../../benchmark_data/class-i/pdb/8eo8_pmhc_tcr.pdb	../pred_pdb/protenix_v2/pmhc_tcr/classI/classI_protenix_v2_with_template/ranked_0/8eo8_pmhc_tcr.pdb	after	ranked_0
44	8f5a	0.337	0.371	3.236	9.149	89.49181818181819	90.63199999999999	85.10799999999999	90.94699999999997	88.28800000000001	89.06500000000001	86.86666666666667	94.12180929095355	94.97740331491713	84.68400000000001	94.43848167539267	93.84435779816513	0.26338497	2.1987023	1.740443	0.3011133	0.2429845	1.4407159	2.452617	3.3799973	0.33610237	1.5426891	0.5146785	1.6233232	../../benchmark_data/class-i/pdb/8f5a_pmhc_tcr.pdb	../pred_pdb/protenix_v2/pmhc_tcr/classI/classI_protenix_v2_with_template/ranked_0/8f5a_pmhc_tcr.pdb	after	ranked_0
45	8gom	0.009	0.0	23.326	55.135	89.82916666666667	88.79444444444442	88.69999999999999	92.62700000000001	91.62272727272729	85.88133333333333	87.07384615384618	91.39080487804877	92.5138674033149	93.07666666666665	92.54052631578946	90.39786363636362	0.45446575	0.2533853	0.91357785	0.24291267	0.23285662	1.5520647	1.6351604	24.14111	0.41937485	0.2506939	0.42360115	0.97766125	../../benchmark_data/class-i/pdb/8gom_pmhc_tcr.pdb	../pred_pdb/protenix_v2/pmhc_tcr/classI/classI_protenix_v2_with_template/ranked_0/8gom_pmhc_tcr.pdb	after	ranked_0
46	8gon	0.222	0.057	6.988	7.44	84.09500000000001	84.40777777777777	85.83090909090909	88.35	85.13909090909091	81.90200000000002	83.56423076923078	92.03365853658535	93.37160220994477	88.04666666666667	93.11936842105263	91.09599999999999	0.67768365	0.22430952	1.2440962	0.23929827	0.18206681	1.4999876	1.7597063	21.191956	0.313235	0.20559517	0.31271535	0.8220438	../../benchmark_data/class-i/pdb/8gon_pmhc_tcr.pdb	../pred_pdb/protenix_v2/pmhc_tcr/classI/classI_protenix_v2_with_template/ranked_0/8gon_pmhc_tcr.pdb	after	ranked_0
47	8gvb	0.868	0.848	0.825	0.901	92.4290909090909	95.90363636363637	94.79214285714286	97.75400000000002	98.26	96.34200000000001	95.59379310344829	97.21058536585367	97.8281111111111	97.61500000000001	97.81904255319147	96.69531531531531	1.511776	0.839169	0.6254094	0.40290993	0.6773702	0.3920495	0.62909657	0.72837114	0.52934825	0.40059787	0.5335619	0.73773277	../../benchmark_data/class-i/pdb/8gvb_pmhc_tcr.pdb	../pred_pdb/protenix_v2/pmhc_tcr/classI/classI_protenix_v2_with_template/ranked_0/8gvb_pmhc_tcr.pdb	after	ranked_0
48	8gvg	0.828	0.821	1.02	1.256	90.71727272727273	95.52181818181818	91.34785714285714	97.546	97.63818181818182	96.22600000000001	93.87103448275863	96.90822384428223	97.6165193370166	97.18875	97.59841269841272	96.32063063063063	1.2774559	0.947319	1.4709177	0.47345555	0.65187496	0.45139462	1.149996	0.90575206	0.6239582	0.4232094	0.6299159	0.8974641	../../benchmark_data/class-i/pdb/8gvg_pmhc_tcr.pdb	../pred_pdb/protenix_v2/pmhc_tcr/classI/classI_protenix_v2_with_template/ranked_0/8gvg_pmhc_tcr.pdb	after	ranked_0
49	8gvi	0.8	0.779	1.015	2.264	94.23363636363636	97.70818181818181	98.13642857142858	98.33699999999999	98.71090909090908	97.93066666666667	98.03	97.89649635036498	98.37171270718231	98.625	98.38243386243386	97.4827927927928	1.5164768	0.89158285	0.5864397	0.4111887	0.362556	0.80335605	0.93267757	1.1159077	0.58125216	0.45031747	0.5895409	1.1434059	../../benchmark_data/class-i/pdb/8gvi_pmhc_tcr.pdb	../pred_pdb/protenix_v2/pmhc_tcr/classI/classI_protenix_v2_with_template/ranked_0/8gvi_pmhc_tcr.pdb	after	ranked_0
50	8i5c	0.864	0.857	0.862	1.061	95.42727272727274	94.8011111111111	95.38333333333333	96.015	94.42499999999998	95.39076923076924	95.38719999999999	96.47634567901234	96.69292817679558	94.57222222222222	96.5924736842105	96.37372093023255	0.2860761	0.32777774	0.267904	0.23480149	0.265931	1.3774196	1.2715434	0.6636199	0.34805867	1.1608973	0.4363501	0.60273695	../../benchmark_data/class-i/pdb/8i5c_pmhc_tcr.pdb	../pred_pdb/protenix_v2/pmhc_tcr/classI/classI_protenix_v2_with_template/ranked_0/8i5c_pmhc_tcr.pdb	after	ranked_0
51	8i5d	0.684	0.627	1.271	3.666	89.16300000000001	92.136	88.36166666666666	94.744	90.04818181818183	89.34066666666666	88.90555555555557	94.65257425742574	95.62320441988952	91.39999999999999	95.42315789473685	93.96841121495329	0.33595765	0.27442724	1.3861403	0.1970293	0.24594027	0.8297071	1.520893	1.453381	0.35135642	1.8618803	0.5633159	1.2658619	../../benchmark_data/class-i/pdb/8i5d_pmhc_tcr.pdb	../pred_pdb/protenix_v2/pmhc_tcr/classI/classI_protenix_v2_with_template/ranked_0/8i5d_pmhc_tcr.pdb	after	ranked_0
52	8qfy	0.893	0.82	0.548	1.335	98.16818181818184	98.07888888888888	98.415	98.50300000000001	97.40363636363637	98.78416666666668	98.59958333333333	97.53681481481482	97.21403314917129	98.65888888888888	97.28247368421052	97.76158139534883	0.2211187	0.23859707	0.16774584	0.3148158	0.22110115	0.2198139	0.21400036	0.8337363	0.7309883	0.28658587	0.7181231	0.52766544	../../benchmark_data/class-i/pdb/8qfy_pmhc_tcr.pdb	../pred_pdb/protenix_v2/pmhc_tcr/classI/classI_protenix_v2_with_template/ranked_0/8qfy_pmhc_tcr.pdb	after	ranked_0
53	8shi	0.266	0.312	3.887	11.41	88.232	90.78299999999999	75.04764705882353	91.995	86.42099999999999	88.79571428571428	81.25645161290323	92.87982673267327	93.95433333333332	87.31750000000001	93.67191489361701	92.19041666666668	0.3938686	0.41896287	3.251034	0.2714894	0.2003393	0.39663336	2.6804955	4.1913514	0.41586176	1.9257668	0.6146541	1.5856023	../../benchmark_data/class-i/pdb/8shi_pmhc_tcr.pdb	../pred_pdb/protenix_v2/pmhc_tcr/classI/classI_protenix_v2_with_template/ranked_0/8shi_pmhc_tcr.pdb	after	ranked_0
54	8wte	0.298	0.338	3.9	9.841	86.94	86.61777777777777	87.96615384615384	89.56800000000001	86.162	82.93937500000001	85.19275862068963	92.03019559902198	93.2496685082873	86.52	92.93089473684212	91.24876712328769	0.41765955	0.39499658	0.40572166	0.30242774	0.3025796	1.3410304	1.1497937	4.41507	0.35090968	1.9430039	0.59951717	1.1286873	../../benchmark_data/class-i/pdb/8wte_pmhc_tcr.pdb	../pred_pdb/protenix_v2/pmhc_tcr/classI/classI_protenix_v2_with_template/ranked_0/8wte_pmhc_tcr.pdb	after	ranked_0
55	8wul	0.008	0.0	23.648	58.818	91.89454545454545	93.46111111111111	91.10153846153845	92.989	90.537	85.096875	87.78862068965519	92.36339853300733	93.46696132596688	91.47222222222223	93.37247368421055	91.48794520547945	0.55996686	0.208085	0.47080305	0.28396857	0.33562824	2.3528829	1.9922353	24.047657	0.37282944	1.0574867	0.46226707	1.1656603	../../benchmark_data/class-i/pdb/8wul_pmhc_tcr.pdb	../pred_pdb/protenix_v2/pmhc_tcr/classI/classI_protenix_v2_with_template/ranked_0/8wul_pmhc_tcr.pdb	after	ranked_0
56	6zkw	0.75	0.793	1.314	2.987	95.44545454545454	96.844	97.31461538461537	97.638	93.85600000000001	97.458125	97.39379310344827	96.71418092909536	96.77405555555556	97.89888888888888	96.82761904761904	96.61672727272726	0.45504922	0.24802889	0.20190032	0.13251929	0.19788502	0.821341	0.7995041	1.4747539	0.7802907	0.18453476	0.7644979	0.7283348	../../benchmark_data/class-i/pdb/6zkw_pmhc_tcr.pdb	../pred_pdb/protenix_v2/pmhc_tcr/classI/classI_protenix_v2_with_template/ranked_1/6zkw_pmhc_tcr.pdb	after	ranked_1
57	6zkx	0.595	0.551	1.859	3.689	93.7909090909091	95.137	95.67307692307692	96.588	92.126	94.97312500000001	95.28689655172415	95.57058394160583	95.71575418994415	92.58333333333333	95.51895287958116	95.61540909090908	0.45975283	0.24939536	0.23951827	0.14126039	0.1537377	0.79105985	0.73617995	1.5900688	1.5011442	0.8437548	1.5172148	0.77576476	../../benchmark_data/class-i/pdb/6zkx_pmhc_tcr.pdb	../pred_pdb/protenix_v2/pmhc_tcr/classI/classI_protenix_v2_with_template/ranked_1/6zkx_pmhc_tcr.pdb	after	ranked_1
58	6zky	0.673	0.679	1.363	4.366	93.15363636363635	94.25500000000001	92.35769230769233	95.86699999999999	91.91	93.00625	92.71551724137932	94.89014705882353	95.20994444444445	86.685	94.84718085106381	94.92686363636363	0.43685097	0.24955085	0.599172	0.16576909	0.20863575	0.8154865	1.0052276	1.3915399	0.8683544	2.0177557	1.0375422	0.65167516	../../benchmark_data/class-i/pdb/6zky_pmhc_tcr.pdb	../pred_pdb/protenix_v2/pmhc_tcr/classI/classI_protenix_v2_with_template/ranked_1/6zky_pmhc_tcr.pdb	after	ranked_1
59	6zkz	0.602	0.559	1.532	4.817	86.47636363636364	88.97	84.8276923076923	91.825	85.80600000000001	83.67250000000001	84.19034482758622	92.02602941176471	93.32822222222224	87.13499999999999	93.06468085106386	91.13845454545454	0.33084053	0.15481143	0.49552587	0.15143637	0.15651155	0.86128885	0.9405308	1.5601137	0.82882494	2.271739	1.0247127	0.80030465	../../benchmark_data/class-i/pdb/6zkz_pmhc_tcr.pdb	../pred_pdb/protenix_v2/pmhc_tcr/classI/classI_protenix_v2_with_template/ranked_1/6zkz_pmhc_tcr.pdb	after	ranked_1
60	7dzm	0.92	0.884	0.499	1.294	97.33166666666666	97.36875	98.36666666666666	98.657	98.37818181818183	98.48833333333333	98.42074074074074	97.54827586206896	97.38416666666666	98.55666666666667	97.44	97.64258064516129	0.24951889	0.12232907	0.26803148	0.1439282	0.284784	0.18985598	0.33658603	0.7687971	0.75729823	0.12937623	0.7416027	0.39468807	../../benchmark_data/class-i/pdb/7dzm_pmhc_tcr.pdb	../pred_pdb/protenix_v2/pmhc_tcr/classI/classI_protenix_v2_with_template/ranked_1/7dzm_pmhc_tcr.pdb	after	ranked_1
61	7dzn	0.21	0.214	5.806	11.536	90.8125	93.75125	82.36666666666666	95.449	93.86636363636363	93.29833333333335	87.22518518518518	95.54533333333333	96.54519553072626	93.19777777777777	96.38494680851065	94.8179262672811	0.2306527	0.21200775	2.5763507	0.18775149	0.20893951	0.3649961	2.143921	20.125242	0.41052625	0.59870327	0.4464211	0.93656844	../../benchmark_data/class-i/pdb/7dzn_pmhc_tcr.pdb	../pred_pdb/protenix_v2/pmhc_tcr/classI/classI_protenix_v2_with_template/ranked_1/7dzn_pmhc_tcr.pdb	after	ranked_1
62	7l1d	0.03	0.0	17.05	28.461	83.58363636363637	86.50222222222222	78.09	86.23	89.07399999999998	71.19368421052631	73.99531250000001	91.37586797066015	93.6542541436464	95.18111111111112	93.72657894736844	89.33643835616438	0.5652357	0.25434688	1.9864179	0.28621143	0.19917063	4.2499733	5.346704	19.054436	0.53188384	0.5436416	0.5404555	3.0625503	../../benchmark_data/class-i/pdb/7l1d_pmhc_tcr.pdb	../pred_pdb/protenix_v2/pmhc_tcr/classI/classI_protenix_v2_with_template/ranked_1/7l1d_pmhc_tcr.pdb	after	ranked_1
63	7n2n	0.184	0.175	5.14	13.039	89.00363636363636	90.008	84.99588235294118	91.769	87.59900000000002	85.65533333333333	85.305	93.15617433414043	94.05497237569061	88.36666666666666	93.78552631578947	92.61995515695067	0.31870836	0.3344621	1.1928426	0.19769502	0.1833288	1.4557984	2.227386	5.4961505	0.43296736	0.32403868	0.4353719	1.2214711	../../benchmark_data/class-i/pdb/7n2n_pmhc_tcr.pdb	../pred_pdb/protenix_v2/pmhc_tcr/classI/classI_protenix_v2_with_template/ranked_1/7n2n_pmhc_tcr.pdb	after	ranked_1
64	7n2o	0.602	0.627	1.798	4.667	92.27	91.13400000000001	89.99411764705881	94.251	91.131	88.37399999999998	89.2346875	94.62939467312349	95.27906077348065	91.42555555555555	95.09652631578946	94.23139013452914	0.8392969	0.3095501	0.91235816	0.19022882	0.19255109	1.2953721	1.5199431	2.039614	0.34721783	0.5050716	0.3592989	1.1273726	../../benchmark_data/class-i/pdb/7n2o_pmhc_tcr.pdb	../pred_pdb/protenix_v2/pmhc_tcr/classI/classI_protenix_v2_with_template/ranked_1/7n2o_pmhc_tcr.pdb	after	ranked_1
65	7n2p	0.638	0.635	1.386	5.044	93.71818181818183	94.173	93.77272727272727	96.58399999999999	95.11699999999999	94.01133333333334	93.9103846153846	96.24471744471747	97.00541436464088	95.77555555555556	96.94715789473683	95.62967741935483	0.28067937	0.30535826	1.0414562	0.19376329	0.22471665	0.6582361	1.018686	1.902588	0.40110898	0.24992883	0.4075321	0.79300904	../../benchmark_data/class-i/pdb/7n2p_pmhc_tcr.pdb	../pred_pdb/protenix_v2/pmhc_tcr/classI/classI_protenix_v2_with_template/ranked_1/7n2p_pmhc_tcr.pdb	after	ranked_1
66	7n2q	0.639	0.627	1.343	5.112	94.46	94.78299999999999	94.08727272727273	96.71799999999999	95.023	94.66733333333333	94.4219230769231	96.45891891891891	97.17237569060777	95.99222222222222	97.11647368421053	95.88317972350231	0.24286684	0.39272314	1.0736957	0.1846513	0.20442457	0.5487106	0.9595284	1.9183108	0.38378808	0.11545037	0.37900835	0.78882265	../../benchmark_data/class-i/pdb/7n2q_pmhc_tcr.pdb	../pred_pdb/protenix_v2/pmhc_tcr/classI/classI_protenix_v2_with_template/ranked_1/7n2q_pmhc_tcr.pdb	after	ranked_1
67	7n2r	0.668	0.603	1.375	3.476	82.43454545454546	83.929	81.67636363636363	89.82700000000003	85.74699999999999	78.99933333333334	80.13192307692307	91.29631449631451	93.3625414364641	87.86666666666666	93.10221052631582	89.71511520737327	0.40200493	0.34327188	0.7839905	0.16105765	0.1918264	0.66713285	0.9455897	1.4475976	0.34787065	0.19033822	0.34663886	0.865673	../../benchmark_data/class-i/pdb/7n2r_pmhc_tcr.pdb	../pred_pdb/protenix_v2/pmhc_tcr/classI/classI_protenix_v2_with_template/ranked_1/7n2r_pmhc_tcr.pdb	after	ranked_1
68	7n2s	0.265	0.394	4.428	13.079	88.37909090909092	90.437	84.260625	94.67500000000001	89.97200000000001	89.152	86.62741935483871	93.94652912621359	95.10629834254142	91.65222222222224	94.94268421052632	93.09396396396397	1.3619989	0.41772202	2.0415158	0.47498736	0.23226306	0.5972217	2.0184758	5.0947347	0.47033715	0.34756875	0.47355932	1.1273777	../../benchmark_data/class-i/pdb/7n2s_pmhc_tcr.pdb	../pred_pdb/protenix_v2/pmhc_tcr/classI/classI_protenix_v2_with_template/ranked_1/7n2s_pmhc_tcr.pdb	after	ranked_1
69	7n4k	0.832	0.927	1.021	3.062	92.7016666666667	91.72874999999999	91.72230769230768	95.933	94.533	93.30454545454546	92.44749999999999	95.84032499999999	96.1589265536723	96.27000000000001	96.16486631016042	95.55539906103287	0.119787894	0.81844306	0.5160345	0.3922471	0.10007357	0.5662078	0.5788662	1.4673394	1.1690073	0.19514619	1.1421559	0.69308996	../../benchmark_data/class-i/pdb/7n4k_pmhc_tcr.pdb	../pred_pdb/protenix_v2/pmhc_tcr/classI/classI_protenix_v2_with_template/ranked_1/7n4k_pmhc_tcr.pdb	after	ranked_1
70	7n5c	0.763	0.684	1.08	2.01	93.28416666666668	93.045	91.48076923076923	97.162	95.783	95.58363636363637	93.36125	96.05980198019803	96.07729281767955	97.05	96.12821989528797	95.99845070422535	0.1658443	0.16702591	0.67221004	0.44084734	0.09990973	0.8817594	1.0139285	1.1810895	0.9236415	0.29712418	0.9030981	0.78483826	../../benchmark_data/class-i/pdb/7n5c_pmhc_tcr.pdb	../pred_pdb/protenix_v2/pmhc_tcr/classI/classI_protenix_v2_with_template/ranked_1/7n5c_pmhc_tcr.pdb	after	ranked_1
71	7n5p	0.818	0.915	1.061	3.24	93.55000000000001	92.41250000000001	93.29615384615384	96.326	94.98	94.5190909090909	93.85666666666668	96.320350877193	96.38903409090909	96.653	96.40322580645162	96.24798122065728	0.12561731	0.26801866	0.51552296	0.41518342	0.108661704	0.22064249	0.4532441	1.5031357	1.1087868	0.21957879	1.083831	0.60336196	../../benchmark_data/class-i/pdb/7n5p_pmhc_tcr.pdb	../pred_pdb/protenix_v2/pmhc_tcr/classI/classI_protenix_v2_with_template/ranked_1/7n5p_pmhc_tcr.pdb	after	ranked_1
72	7na5	0.353	0.286	3.496	6.681	94.42545454545456	96.02555555555556	93.67363636363638	97.29500000000002	94.64399999999999	96.62599999999999	95.37692307692308	95.546	95.50600000000001	97.3888888888889	95.59566137566138	95.50254629629627	0.5069042	0.24068661	0.6965255	0.2306069	0.42703718	0.5597242	0.7342663	3.6735544	1.0314566	0.34050372	1.010631	1.2616451	../../benchmark_data/class-i/pdb/7na5_pmhc_tcr.pdb	../pred_pdb/protenix_v2/pmhc_tcr/classI/classI_protenix_v2_with_template/ranked_1/7na5_pmhc_tcr.pdb	after	ranked_1
73	7ndq	0.449	0.383	2.543	5.475	90.58416666666666	89.99375	82.93266666666665	93.756	92.82727272727273	89.59615384615387	86.02642857142858	94.5495343137255	94.88436464088397	92.75999999999999	94.78373684210526	94.34541284403672	0.4823156	0.2995208	2.4203417	0.36853522	0.3428494	1.7917124	2.5608737	2.5966797	1.0226183	2.1153905	1.1364689	1.3511655	../../benchmark_data/class-i/pdb/7ndq_pmhc_tcr.pdb	../pred_pdb/protenix_v2/pmhc_tcr/classI/classI_protenix_v2_with_template/ranked_1/7ndq_pmhc_tcr.pdb	after	ranked_1
74	7ndt	0.687	0.623	1.337	3.13	86.2275	89.7825	84.25	91.463	88.98636363636365	88.20666666666666	86.07615384615383	92.85292079207922	92.77638888888889	86.87625	92.52531914893618	93.13805555555555	0.32642752	0.17887048	0.7521963	0.15185902	0.18920621	1.1745696	1.1701891	1.5818537	0.6183842	2.0119236	0.8257971	1.0598189	../../benchmark_data/class-i/pdb/7ndt_pmhc_tcr.pdb	../pred_pdb/protenix_v2/pmhc_tcr/classI/classI_protenix_v2_with_template/ranked_1/7ndt_pmhc_tcr.pdb	after	ranked_1
75	7ndu	0.68	0.677	1.756	2.141	96.16000000000001	96.38374999999999	89.95800000000001	97.578	96.72545454545455	94.63384615384614	92.12892857142857	96.79520884520883	97.01486187845305	95.435	96.94798941798943	96.66275229357798	0.44197696	0.35412163	1.4749377	0.23493503	0.3125142	1.6912051	2.0764272	1.3818215	1.1137539	1.3235304	1.1985213	1.2033182	../../benchmark_data/class-i/pdb/7ndu_pmhc_tcr.pdb	../pred_pdb/protenix_v2/pmhc_tcr/classI/classI_protenix_v2_with_template/ranked_1/7ndu_pmhc_tcr.pdb	after	ranked_1
76	7nme	0.58	0.693	2.117	5.418	88.70727272727274	90.44300000000001	92.16923076923078	94.858	92.00363636363637	94.44272727272727	93.21124999999999	95.31071604938272	95.97850828729283	92.90777777777777	95.83305263157894	94.84911627906978	0.37083888	0.15185781	0.5086577	0.24490361	0.17596546	0.4430675	0.55753374	2.7037497	0.5076107	0.19847143	0.50257653	0.8023104	../../benchmark_data/class-i/pdb/7nme_pmhc_tcr.pdb	../pred_pdb/protenix_v2/pmhc_tcr/classI/classI_protenix_v2_with_template/ranked_1/7nme_pmhc_tcr.pdb	after	ranked_1
77	7nmf	0.578	0.69	2.156	5.321	88.63909090909091	90.38000000000001	92.14615384615384	94.816	91.98818181818181	94.43272727272728	93.19416666666666	95.29674074074074	95.96513812154697	92.88222222222223	95.81910526315788	94.83511627906975	0.39586323	0.13422294	0.5791707	0.18934849	0.20609912	0.42209122	0.6282032	2.63052	0.44637775	0.3279533	0.44799867	0.76004905	../../benchmark_data/class-i/pdb/7nmf_pmhc_tcr.pdb	../pred_pdb/protenix_v2/pmhc_tcr/classI/classI_protenix_v2_with_template/ranked_1/7nmf_pmhc_tcr.pdb	after	ranked_1
78	7nmg	0.554	0.625	2.15	5.449	90.11363636363636	92.065	93.52	96.007	93.52090909090909	95.64272727272727	94.49291666666666	95.93390123456791	96.51856353591161	93.72777777777777	96.38636842105261	95.5340465116279	0.327257	0.28863066	0.47415143	0.25981453	0.19245118	0.44614068	0.58794296	2.7405913	0.4381328	0.5712165	0.45691037	0.7488892	../../benchmark_data/class-i/pdb/7nmg_pmhc_tcr.pdb	../pred_pdb/protenix_v2/pmhc_tcr/classI/classI_protenix_v2_with_template/ranked_1/7nmg_pmhc_tcr.pdb	after	ranked_1
79	7ow5	0.83	0.766	0.861	1.427	93.16333333333334	90.35272727272728	91.02437499999999	95.66	94.357	91.11500000000001	91.0696875	94.90949397590362	95.67433333333334	89.23	95.33515789473684	94.55004444444444	0.3409504	0.49039003	0.4507873	0.27513456	0.23515837	1.2328897	1.0594351	0.7513079	0.41813192	0.933937	0.46841124	0.74209505	../../benchmark_data/class-i/pdb/7ow5_pmhc_tcr.pdb	../pred_pdb/protenix_v2/pmhc_tcr/classI/classI_protenix_v2_with_template/ranked_1/7ow5_pmhc_tcr.pdb	after	ranked_1
80	7ow6	0.807	0.738	0.975	1.27	91.545	89.05000000000001	88.40125	94.545	92.973	87.08875	87.745	94.11915865384616	95.05453038674034	88.474	94.71000000000001	93.6176	0.3079763	0.47700074	0.3712691	0.16186751	0.293011	1.3776888	1.2731795	0.81372225	0.3649539	1.4166995	0.50521666	0.789282	../../benchmark_data/class-i/pdb/7ow6_pmhc_tcr.pdb	../pred_pdb/protenix_v2/pmhc_tcr/classI/classI_protenix_v2_with_template/ranked_1/7ow6_pmhc_tcr.pdb	after	ranked_1
81	7pb2	0.04	0.0	15.605	23.907	88.13833333333332	83.74272727272727	81.605625	90.511	87.211	80.10749999999999	80.8565625	91.56424096385543	92.84672222222224	89.643	92.67810526315789	90.62364444444444	0.31851155	1.2667007	3.2243583	0.17966434	0.24820924	2.929173	3.31427	14.143515	0.43320665	1.4226571	0.5635241	1.8268665	../../benchmark_data/class-i/pdb/7pb2_pmhc_tcr.pdb	../pred_pdb/protenix_v2/pmhc_tcr/classI/classI_protenix_v2_with_template/ranked_1/7pb2_pmhc_tcr.pdb	after	ranked_1
82	7pbe	0.838	0.909	1.065	2.147	97.38272727272728	93.28375	97.37583333333333	97.399	97.77363636363636	96.70846153846153	97.02879999999999	97.40879012345678	97.89243093922651	98.18666666666667	97.90636842105263	96.96906976744185	0.3920421	0.76553977	0.3696276	0.7200977	0.26989162	0.49038765	0.63259995	1.1230015	0.61913747	0.13970834	0.6061919	0.69288516	../../benchmark_data/class-i/pdb/7pbe_pmhc_tcr.pdb	../pred_pdb/protenix_v2/pmhc_tcr/classI/classI_protenix_v2_with_template/ranked_1/7pbe_pmhc_tcr.pdb	after	ranked_1
83	7phr	0.901	0.78	0.39	1.041	97.88899999999998	98.18199999999999	97.40181818181819	98.472	98.51599999999999	98.61307692307695	98.05791666666669	97.03649999999999	98.21883977900553	98.48999999999998	98.23168421052632	95.95514285714286	0.18127306	0.2666831	0.39138508	0.14092386	0.21364525	0.16732088	0.3199538	0.745117	0.4944501	0.1667177	0.48463193	0.6723579	../../benchmark_data/class-i/pdb/7phr_pmhc_tcr.pdb	../pred_pdb/protenix_v2/pmhc_tcr/classI/classI_protenix_v2_with_template/ranked_1/7phr_pmhc_tcr.pdb	after	ranked_1
84	7q99	0.934	0.918	0.458	1.531	96.08727272727273	96.58333333333333	93.7281818181818	94.1590909090909	93.25666666666667	92.85933333333335	93.22692307692309	95.94891891891893	97.37734806629835	96.68999999999998	97.34136125654449	94.71763888888889	0.4078847	0.28248772	0.2752015	0.3479162	0.15665235	0.2399942	0.41019022	0.6707402	0.28550363	0.18700494	0.28217056	0.6732818	../../benchmark_data/class-i/pdb/7q99_pmhc_tcr.pdb	../pred_pdb/protenix_v2/pmhc_tcr/classI/classI_protenix_v2_with_template/ranked_1/7q99_pmhc_tcr.pdb	after	ranked_1
85	7q9a	0.849	0.813	0.771	2.089	97.58454545454546	97.5	96.43181818181816	95.44545454545454	94.6288888888889	96.27733333333335	96.3426923076923	96.71437346437347	97.74530386740332	97.869	97.75178010471207	95.79703703703706	0.29197174	0.28092748	0.94180113	0.2759275	0.20016213	0.18976422	0.768324	0.8713912	0.26889378	0.17358834	0.26894048	0.64932925	../../benchmark_data/class-i/pdb/7q9a_pmhc_tcr.pdb	../pred_pdb/protenix_v2/pmhc_tcr/classI/classI_protenix_v2_with_template/ranked_1/7q9a_pmhc_tcr.pdb	after	ranked_1
86	7q9b	0.543	0.525	2.32	4.142	94.09818181818181	96.09	88.22625	93.66499999999999	91.44200000000001	85.69	86.53541666666666	95.37708641975308	96.97121546961327	95.263	96.88178010471204	94.0341121495327	0.554748	0.2545621	0.78886867	0.30590388	0.27793413	1.3064555	1.8802093	2.2955213	0.6971646	0.3481793	0.6902882	1.3272913	../../benchmark_data/class-i/pdb/7q9b_pmhc_tcr.pdb	../pred_pdb/protenix_v2/pmhc_tcr/classI/classI_protenix_v2_with_template/ranked_1/7q9b_pmhc_tcr.pdb	after	ranked_1
87	7qpj	0.912	0.87	0.556	0.989	98.39727272727274	98.52111111111111	98.35384615384615	97.561	96.652	97.40181818181819	97.9175	97.95101736972704	98.27122222222224	98.30777777777777	98.27296296296298	97.66668224299066	0.2048235	0.4081751	0.12099394	0.15209195	0.1321761	0.48433617	0.46297613	0.6898833	0.4135023	0.1976265	0.4081927	0.5387585	../../benchmark_data/class-i/pdb/7qpj_pmhc_tcr.pdb	../pred_pdb/protenix_v2/pmhc_tcr/classI/classI_protenix_v2_with_template/ranked_1/7qpj_pmhc_tcr.pdb	after	ranked_1
88	7r80	0.178	0.065	5.009	10.703	81.79818181818183	86.534	84.55461538461539	89.21200000000002	84.79099999999998	81.52	82.92892857142856	91.70281173594131	93.18060773480664	87.03777777777776	92.88963157894736	90.67315068493151	1.9174381	0.4148436	0.28786558	0.23364659	0.21382523	0.43766657	0.4642503	4.511889	0.4709598	0.61540145	0.4859929	0.94416964	../../benchmark_data/class-i/pdb/7r80_pmhc_tcr.pdb	../pred_pdb/protenix_v2/pmhc_tcr/classI/classI_protenix_v2_with_template/ranked_1/7r80_pmhc_tcr.pdb	after	ranked_1
89	7rk7	0.513	0.47	3.205	3.004	92.23	93.30125	74.449375	90.74	86.869	74.7685	74.62666666666665	93.29028915662651	96.23359116022098	93.05444444444444	96.083	90.93200000000002	0.24879538	0.21826778	2.6064095	0.51290214	0.22126737	4.530477	5.381657	2.208806	0.5146617	0.5632418	0.5301733	2.4440467	../../benchmark_data/class-i/pdb/7rk7_pmhc_tcr.pdb	../pred_pdb/protenix_v2/pmhc_tcr/classI/classI_protenix_v2_with_template/ranked_1/7rk7_pmhc_tcr.pdb	after	ranked_1
90	7rm4	0.048	0.0	12.791	21.87	85.28727272727274	89.554	81.17916666666666	90.848	85.54818181818183	83.57466666666666	82.51	92.46677261613692	93.385138121547	94.36777777777777	93.43168421052631	91.62963470319636	0.5231267	0.41839963	1.1481547	0.16268583	0.19755213	1.4437541	1.7284932	14.503944	0.33462563	0.4026655	0.34489912	1.1872028	../../benchmark_data/class-i/pdb/7rm4_pmhc_tcr.pdb	../pred_pdb/protenix_v2/pmhc_tcr/classI/classI_protenix_v2_with_template/ranked_1/7rm4_pmhc_tcr.pdb	after	ranked_1
91	7rrg	0.044	0.0	14.833	22.885	85.91916666666668	85.63499999999999	72.148	89.652	85.83818181818184	83.86642857142856	77.8051724137931	91.73156479217606	92.0467955801105	90.42888888888889	91.97015789473686	91.52456621004565	0.15482382	0.21579812	2.8392246	0.26082	0.3803619	3.030288	3.3026474	17.103941	0.61946344	0.8473944	0.63800395	1.5389003	../../benchmark_data/class-i/pdb/7rrg_pmhc_tcr.pdb	../pred_pdb/protenix_v2/pmhc_tcr/classI/classI_protenix_v2_with_template/ranked_1/7rrg_pmhc_tcr.pdb	after	ranked_1
92	7rtr	0.524	0.73	2.565	7.13	96.82090909090908	96.82777777777778	97.57	97.716	97.66454545454545	97.5090909090909	97.53954545454548	97.69980343980343	97.70519337016574	97.07222222222224	97.6752105263158	97.72133640552995	0.4538543	0.2642707	0.22785072	0.3611755	0.20372273	0.20477194	0.30059677	3.2985308	0.5024797	0.23140919	0.49426985	0.8308164	../../benchmark_data/class-i/pdb/7rtr_pmhc_tcr.pdb	../pred_pdb/protenix_v2/pmhc_tcr/classI/classI_protenix_v2_with_template/ranked_1/7rtr_pmhc_tcr.pdb	after	ranked_1
93	7su9	0.008	0.0	22.781	58.244	91.6025	92.81125	81.04333333333331	93.30199999999999	92.979	81.392	81.21766666666669	92.36460784313724	93.31666666666666	94.57	93.37634920634919	91.4914611872146	0.37015063	0.17558919	1.7728591	0.19397287	0.19969226	1.4964979	1.7874432	23.047615	0.3356744	0.19539142	0.33120182	0.8935562	../../benchmark_data/class-i/pdb/7su9_pmhc_tcr.pdb	../pred_pdb/protenix_v2/pmhc_tcr/classI/classI_protenix_v2_with_template/ranked_1/7su9_pmhc_tcr.pdb	after	ranked_1
94	8cx4	0.892	0.847	0.664	0.793	94.50636363636364	94.172	91.77529411764706	96.10799999999999	94.84	92.87466666666666	92.290625	95.98639225181597	96.92569060773481	95.89777777777778	96.87699999999998	95.22757847533633	0.41769996	0.23878609	0.5507345	0.19588523	0.17983304	0.62250596	0.7534641	0.6527093	0.40044397	0.30389524	0.40080622	0.61757517	../../benchmark_data/class-i/pdb/8cx4_pmhc_tcr.pdb	../pred_pdb/protenix_v2/pmhc_tcr/classI/classI_protenix_v2_with_template/ranked_1/8cx4_pmhc_tcr.pdb	after	ranked_1
95	8d5q	0.741	0.679	1.241	1.957	93.4690909090909	96.138	89.6	96.64727272727274	96.07363636363635	96.18800000000002	92.78774193548388	95.98051470588236	96.43852272727273	95.71999999999998	96.39989247311827	95.62914414414415	0.3058783	0.1595073	1.9541638	0.22477219	0.2118813	0.32320273	1.6529375	1.0929267	0.6417611	0.9306434	0.67114675	0.8606695	../../benchmark_data/class-i/pdb/8d5q_pmhc_tcr.pdb	../pred_pdb/protenix_v2/pmhc_tcr/classI/classI_protenix_v2_with_template/ranked_1/8d5q_pmhc_tcr.pdb	after	ranked_1
96	8dnt	0.776	0.699	0.985	2.316	97.42818181818183	97.52777777777777	91.61166666666668	95.949	89.38363636363637	93.64142857142858	92.7046153846154	96.61668304668304	97.636408839779	96.41666666666667	97.57863157894738	95.77442396313366	0.49151453	0.39660046	0.9161128	0.4968212	0.546976	0.6170029	0.8733653	1.2881912	0.68013185	0.7442038	0.7008032	1.1585675	../../benchmark_data/class-i/pdb/8dnt_pmhc_tcr.pdb	../pred_pdb/protenix_v2/pmhc_tcr/classI/classI_protenix_v2_with_template/ranked_1/8dnt_pmhc_tcr.pdb	after	ranked_1
97	8en8	0.85	0.822	0.895	0.789	96.36181818181818	97.849	90.18071428571427	96.96272727272726	94.88666666666667	97.19333333333336	93.80793103448276	96.81851941747574	97.45911111111111	97.91222222222221	97.48068783068783	96.25730941704036	0.45756423	0.091400445	1.5231607	0.44637647	0.36111036	0.30780864	1.3951252	0.7684668	0.49572247	0.16844793	0.49018368	0.8617848	../../benchmark_data/class-i/pdb/8en8_pmhc_tcr.pdb	../pred_pdb/protenix_v2/pmhc_tcr/classI/classI_protenix_v2_with_template/ranked_1/8en8_pmhc_tcr.pdb	after	ranked_1
98	8enh	0.812	0.778	1.012	1.488	95.81454545454545	97.66399999999999	89.38	97.1090909090909	95.39833333333333	97.16799999999999	93.40827586206899	97.01228710462289	97.77865921787708	97.9488888888889	97.78680851063831	96.35932735426007	0.48889375	0.10466287	1.6719216	0.3420064	0.3876572	0.25462854	1.4807879	0.9088729	0.5167173	0.16046453	0.50597984	0.99251705	../../benchmark_data/class-i/pdb/8enh_pmhc_tcr.pdb	../pred_pdb/protenix_v2/pmhc_tcr/classI/classI_protenix_v2_with_template/ranked_1/8enh_pmhc_tcr.pdb	after	ranked_1
99	8eo8	0.839	0.797	0.908	0.989	95.84909090909092	97.64200000000001	88.6942857142857	96.87909090909089	95.08	96.87066666666666	92.92344827586211	96.89666666666666	97.67905027932963	97.84333333333333	97.68691489361701	96.23044843049327	0.49262574	0.106924236	1.6068162	0.26516762	0.21813741	0.23396309	1.4308131	0.7882337	0.469095	0.16769011	0.46103504	0.8976891	../../benchmark_data/class-i/pdb/8eo8_pmhc_tcr.pdb	../pred_pdb/protenix_v2/pmhc_tcr/classI/classI_protenix_v2_with_template/ranked_1/8eo8_pmhc_tcr.pdb	after	ranked_1
100	8f5a	0.334	0.386	3.44	9.292	89.09727272727272	90.725	85.19000000000001	91.154	88.64	88.91666666666667	86.84629629629632	94.12723716381419	94.9786187845304	84.702	94.44057591623036	93.85270642201834	0.32629472	2.1914856	1.6559542	0.26075697	0.21393634	1.1549895	2.3163047	3.5753262	0.3425976	0.8522999	0.4226436	1.3662082	../../benchmark_data/class-i/pdb/8f5a_pmhc_tcr.pdb	../pred_pdb/protenix_v2/pmhc_tcr/classI/classI_protenix_v2_with_template/ranked_1/8f5a_pmhc_tcr.pdb	after	ranked_1
101	8gom	0.2	0.05	7.158	8.359	84.12166666666667	84.01666666666667	85.66363636363637	87.93299999999999	84.89818181818181	81.658	83.3526923076923	91.87217073170733	93.28287292817679	86.86111111111111	92.9786842105263	90.91654545454546	0.45094717	0.29083982	1.0819322	0.19962363	0.2523662	1.5504249	1.7588564	21.138294	0.40080968	0.21871184	0.40072158	0.9414168	../../benchmark_data/class-i/pdb/8gom_pmhc_tcr.pdb	../pred_pdb/protenix_v2/pmhc_tcr/classI/classI_protenix_v2_with_template/ranked_1/8gom_pmhc_tcr.pdb	after	ranked_1
102	8gon	0.206	0.043	7.036	7.991	84.33999999999999	84.41444444444444	85.83272727272725	88.158	85.12545454545455	81.83933333333333	83.52884615384617	92.03234146341464	93.37121546961328	88.12777777777778	93.12284210526316	91.09054545454545	0.6884086	0.24462602	1.2367826	0.24062674	0.19918485	1.5144126	1.7644016	21.24928	0.347143	0.2732684	0.34858814	0.8955097	../../benchmark_data/class-i/pdb/8gon_pmhc_tcr.pdb	../pred_pdb/protenix_v2/pmhc_tcr/classI/classI_protenix_v2_with_template/ranked_1/8gon_pmhc_tcr.pdb	after	ranked_1
103	8gvb	0.824	0.803	0.945	1.862	92.44999999999999	95.89272727272727	94.77785714285713	97.752	98.25454545454546	96.35733333333334	95.59482758620689	97.21468292682928	97.83216666666667	97.62625	97.82340425531916	96.6991891891892	1.5490867	0.8327688	0.5876348	0.39527872	0.6769426	0.39766958	0.62650704	0.8959839	0.50407267	0.38977543	0.5139969	0.8303287	../../benchmark_data/class-i/pdb/8gvb_pmhc_tcr.pdb	../pred_pdb/protenix_v2/pmhc_tcr/classI/classI_protenix_v2_with_template/ranked_1/8gvb_pmhc_tcr.pdb	after	ranked_1
104	8gvg	0.811	0.791	1.069	1.251	90.72454545454546	95.53636363636362	91.35857142857142	97.54099999999998	97.62636363636365	96.21933333333332	93.87275862068964	96.91184914841848	97.6224861878453	97.19375	97.60433862433862	96.3222972972973	1.3323905	0.92225707	1.5081967	0.5031331	0.6624981	0.4280435	1.1891584	0.9229721	0.6016009	0.42800102	0.60792744	0.95659107	../../benchmark_data/class-i/pdb/8gvg_pmhc_tcr.pdb	../pred_pdb/protenix_v2/pmhc_tcr/classI/classI_protenix_v2_with_template/ranked_1/8gvg_pmhc_tcr.pdb	after	ranked_1
105	8gvi	0.763	0.75	1.106	2.968	94.18363636363637	97.71636363636365	98.12142857142858	98.343	98.71272727272726	97.94066666666667	98.02793103448272	97.89442822384429	98.37055248618786	98.62	98.38111111111112	97.4800900900901	1.5458137	0.87895674	0.5410092	0.4391881	0.36005902	0.99686867	1.0500125	1.3741243	0.5552365	0.4349412	0.562822	1.3222598	../../benchmark_data/class-i/pdb/8gvi_pmhc_tcr.pdb	../pred_pdb/protenix_v2/pmhc_tcr/classI/classI_protenix_v2_with_template/ranked_1/8gvi_pmhc_tcr.pdb	after	ranked_1
106	8i5c	0.79	0.746	1.035	2.024	95.44545454545455	94.8488888888889	95.43166666666669	96.009	94.633	95.36538461538461	95.3972	96.49404938271604	96.71027624309393	94.55666666666667	96.60826315789474	96.39311627906977	0.22429986	0.30377722	0.2583958	0.22442682	0.32497376	1.3239747	1.3661029	1.0490048	0.3477674	1.1565086	0.43913835	0.6762943	../../benchmark_data/class-i/pdb/8i5c_pmhc_tcr.pdb	../pred_pdb/protenix_v2/pmhc_tcr/classI/classI_protenix_v2_with_template/ranked_1/8i5c_pmhc_tcr.pdb	after	ranked_1
107	8i5d	0.702	0.627	1.221	3.163	89.083	92.114	88.27749999999999	94.917	90.19727272727273	89.36733333333333	88.88296296296296	94.6679207920792	95.643591160221	91.37777777777777	95.44152631578949	93.98107476635512	0.3837601	0.22047605	1.244883	0.19894205	0.2794474	0.9593279	1.4181746	1.5022875	0.3711599	1.8860985	0.5868703	1.3255969	../../benchmark_data/class-i/pdb/8i5d_pmhc_tcr.pdb	../pred_pdb/protenix_v2/pmhc_tcr/classI/classI_protenix_v2_with_template/ranked_1/8i5d_pmhc_tcr.pdb	after	ranked_1
108	8qfy	0.907	0.836	0.486	1.231	98.1709090909091	98.08111111111111	98.41666666666667	98.501	97.39727272727274	98.78333333333335	98.59999999999998	97.53432098765431	97.21469613259669	98.65777777777777	97.28305263157894	97.75637209302324	0.23247819	0.25961068	0.1851295	0.2926002	0.22729492	0.20683637	0.21894011	0.80880755	0.7186356	0.27963334	0.70657665	0.6130069	../../benchmark_data/class-i/pdb/8qfy_pmhc_tcr.pdb	../pred_pdb/protenix_v2/pmhc_tcr/classI/classI_protenix_v2_with_template/ranked_1/8qfy_pmhc_tcr.pdb	after	ranked_1
109	8shi	0.275	0.292	3.543	10.803	88.291	90.732	74.92823529411764	92.038	86.727	88.82857142857142	81.20580645161289	92.91673267326733	93.98472222222222	87.30000000000001	93.70026595744682	92.23476851851852	0.3773269	0.45069334	2.117564	0.21840951	0.205586	0.42242497	1.8026549	3.7027278	0.44612235	1.8561264	0.6291985	1.1249732	../../benchmark_data/class-i/pdb/8shi_pmhc_tcr.pdb	../pred_pdb/protenix_v2/pmhc_tcr/classI/classI_protenix_v2_with_template/ranked_1/8shi_pmhc_tcr.pdb	after	ranked_1
110	8wte	0.284	0.277	3.779	9.619	86.97000000000001	86.82666666666665	87.92384615384616	89.74100000000001	86.276	82.923125	85.16482758620693	92.07867970660145	93.30303867403315	86.59222222222222	92.98515789473684	91.29223744292236	0.48393205	0.27196223	0.5696206	0.30577525	0.31171927	1.3079476	1.14032	4.3059874	0.41109505	1.9298327	0.64007896	1.068106	../../benchmark_data/class-i/pdb/8wte_pmhc_tcr.pdb	../pred_pdb/protenix_v2/pmhc_tcr/classI/classI_protenix_v2_with_template/ranked_1/8wte_pmhc_tcr.pdb	after	ranked_1
111	8wul	0.395	0.367	3.535	6.036	86.34	87.73	86.15153846153846	90.28799999999998	84.00399999999999	80.01750000000001	82.76724137931033	91.92889975550122	93.11337016574586	85.85111111111111	92.76936842105263	91.19972602739726	0.55333245	0.23608932	1.8500738	0.27819115	0.31568146	4.7666073	4.6527634	2.958484	0.37817362	1.2878044	0.51509994	2.243748	../../benchmark_data/class-i/pdb/8wul_pmhc_tcr.pdb	../pred_pdb/protenix_v2/pmhc_tcr/classI/classI_protenix_v2_with_template/ranked_1/8wul_pmhc_tcr.pdb	after	ranked_1
112	6zkw	0.686	0.724	1.606	3.327	95.43272727272728	96.84799999999998	97.30923076923077	97.64099999999999	93.84700000000001	97.46687500000002	97.39620689655173	96.7149877750611	96.77805555555555	97.88666666666667	96.83084656084655	96.61545454545454	0.4449539	0.1664898	0.18491092	0.13096286	0.19891684	0.7684011	0.7696715	1.7540127	0.71896195	0.14872175	0.7048799	0.81908494	../../benchmark_data/class-i/pdb/6zkw_pmhc_tcr.pdb	../pred_pdb/protenix_v2/pmhc_tcr/classI/classI_protenix_v2_with_template/ranked_2/6zkw_pmhc_tcr.pdb	after	ranked_2
113	6zkx	0.575	0.522	1.966	3.789	93.79363636363637	95.123	95.66923076923078	96.578	92.058	94.979375	95.28862068965519	95.56396593673966	95.71072625698325	92.56166666666667	95.51287958115182	95.60831818181819	0.36208898	0.21268158	0.2424685	0.15254128	0.16085713	0.76526564	0.75755405	1.7570801	1.5236971	0.8492022	1.5400761	0.7752067	../../benchmark_data/class-i/pdb/6zkx_pmhc_tcr.pdb	../pred_pdb/protenix_v2/pmhc_tcr/classI/classI_protenix_v2_with_template/ranked_2/6zkx_pmhc_tcr.pdb	after	ranked_2
114	6zky	0.629	0.642	1.562	4.704	93.19636363636364	94.249	92.35230769230769	95.87100000000001	91.905	93.010625	92.71551724137932	94.90009803921568	95.22966666666669	86.535	94.85968085106384	94.93463636363636	0.47595978	0.2648718	0.54669374	0.173562	0.18665853	0.83417666	1.0266008	1.7233102	0.89552855	2.077132	1.0585624	0.82332593	../../benchmark_data/class-i/pdb/6zky_pmhc_tcr.pdb	../pred_pdb/protenix_v2/pmhc_tcr/classI/classI_protenix_v2_with_template/ranked_2/6zky_pmhc_tcr.pdb	after	ranked_2
115	6zkz	0.65	0.661	1.364	5.025	86.62363636363635	89.1	84.89615384615385	91.865	85.836	83.703125	84.23793103448276	92.06093137254902	93.3566111111111	87.2225	93.09558510638298	91.17677272727272	0.52745897	0.18343528	0.48087662	0.13079266	0.15446624	0.71619904	0.82592523	1.5331486	0.884218	2.2693388	1.0671129	0.8373744	../../benchmark_data/class-i/pdb/6zkz_pmhc_tcr.pdb	../pred_pdb/protenix_v2/pmhc_tcr/classI/classI_protenix_v2_with_template/ranked_2/6zkz_pmhc_tcr.pdb	after	ranked_2
116	7dzm	0.878	0.86	0.691	1.984	97.33749999999999	97.36625000000001	98.364	98.65799999999999	98.37636363636365	98.48333333333333	98.41703703703703	97.54842364532018	97.38572222222223	98.55888888888889	97.44158730158732	97.64147465437787	0.2663481	0.09845272	0.30574772	0.15194234	0.29367223	0.23056173	0.37582073	1.0269222	0.73963153	0.17473377	0.72555816	0.46676844	../../benchmark_data/class-i/pdb/7dzm_pmhc_tcr.pdb	../pred_pdb/protenix_v2/pmhc_tcr/classI/classI_protenix_v2_with_template/ranked_2/7dzm_pmhc_tcr.pdb	after	ranked_2
117	7dzn	0.201	0.167	5.876	10.999	90.945	93.72	82.35799999999999	95.47900000000001	93.72818181818182	93.28916666666667	87.2162962962963	95.54197530864198	96.5491061452514	93.16333333333334	96.38702127659572	94.80986175115207	0.1167278	0.20228137	2.3869197	0.2245142	0.20497431	0.32664526	1.8836972	20.600819	0.40693235	0.50699943	0.4347968	1.0973147	../../benchmark_data/class-i/pdb/7dzn_pmhc_tcr.pdb	../pred_pdb/protenix_v2/pmhc_tcr/classI/classI_protenix_v2_with_template/ranked_2/7dzn_pmhc_tcr.pdb	after	ranked_2
118	7l1d	0.031	0.0	17.135	27.779	83.24090909090908	85.81444444444445	78.02615384615385	86.43800000000002	89.061	71.7036842105263	74.2721875	91.43222493887531	93.70248618784531	95.19888888888889	93.77336842105261	89.40109589041094	0.6351314	0.28283653	2.0915809	0.24815232	0.2136591	4.686301	5.8592978	19.209892	0.48699674	0.55676484	0.49895632	3.3515613	../../benchmark_data/class-i/pdb/7l1d_pmhc_tcr.pdb	../pred_pdb/protenix_v2/pmhc_tcr/classI/classI_protenix_v2_with_template/ranked_2/7l1d_pmhc_tcr.pdb	after	ranked_2
119	7n2n	0.61	0.596	1.804	3.902	87.74363636363637	88.20599999999999	84.83647058823529	92.833	88.77000000000001	85.68399999999998	85.23375	93.0254721549637	93.91475138121547	87.89111111111112	93.62942105263156	92.51089686098655	0.992882	0.3054915	1.2798263	0.18362845	0.17385313	1.3859478	2.2202191	1.7316744	0.41513354	0.44616377	0.4241009	1.2297803	../../benchmark_data/class-i/pdb/7n2n_pmhc_tcr.pdb	../pred_pdb/protenix_v2/pmhc_tcr/classI/classI_protenix_v2_with_template/ranked_2/7n2n_pmhc_tcr.pdb	after	ranked_2
120	7n2o	0.59	0.576	1.764	4.59	92.29272727272728	91.184	90.00117647058823	94.503	91.317	88.422	89.2609375	94.66670702179177	95.3117679558011	91.52444444444444	95.13236842105263	94.26995515695067	0.93517673	0.31545728	0.93361634	0.21398272	0.17631766	1.3225763	1.6111456	2.0293362	0.38503763	0.592668	0.40449968	1.174629	../../benchmark_data/class-i/pdb/7n2o_pmhc_tcr.pdb	../pred_pdb/protenix_v2/pmhc_tcr/classI/classI_protenix_v2_with_template/ranked_2/7n2o_pmhc_tcr.pdb	after	ranked_2
121	7n2p	0.658	0.603	1.268	4.411	93.72636363636364	94.15899999999999	93.76545454545455	96.62599999999999	95.184	93.99466666666667	93.8976923076923	96.2348157248157	97.0036464088398	95.76444444444444	96.94494736842105	95.61304147465437	0.27098677	0.34366816	1.0841469	0.20707533	0.20907588	0.5803201	1.0434734	1.7270526	0.443647	0.21196826	0.4482014	0.99355257	../../benchmark_data/class-i/pdb/7n2p_pmhc_tcr.pdb	../pred_pdb/protenix_v2/pmhc_tcr/classI/classI_protenix_v2_with_template/ranked_2/7n2p_pmhc_tcr.pdb	after	ranked_2
122	7n2q	0.647	0.644	1.347	4.999	94.44181818181818	94.756	94.09272727272727	96.68900000000001	95.00099999999999	94.68133333333334	94.4323076923077	96.45764127764129	97.17198895027623	96.00888888888889	97.1168947368421	95.88041474654378	0.24617487	0.4095484	1.0785296	0.17718542	0.20719656	0.54857725	0.93772817	1.9478334	0.35566914	0.15414703	0.35189062	0.784683	../../benchmark_data/class-i/pdb/7n2q_pmhc_tcr.pdb	../pred_pdb/protenix_v2/pmhc_tcr/classI/classI_protenix_v2_with_template/ranked_2/7n2q_pmhc_tcr.pdb	after	ranked_2
123	7n2r	0.262	0.241	3.481	10.69	83.20545454545456	83.644	81.92272727272727	88.026	84.907	78.47	79.93076923076924	91.04739557739558	93.03939226519336	87.64555555555555	92.78389473684211	89.52695852534563	0.3424691	0.3191343	0.95318896	0.20885372	0.19151075	1.417123	1.4621639	3.3998678	0.34533444	0.7195649	0.37411764	1.0514328	../../benchmark_data/class-i/pdb/7n2r_pmhc_tcr.pdb	../pred_pdb/protenix_v2/pmhc_tcr/classI/classI_protenix_v2_with_template/ranked_2/7n2r_pmhc_tcr.pdb	after	ranked_2
124	7n2s	0.246	0.379	4.662	14.134	88.38636363636364	90.76899999999999	84.245625	94.823	89.98799999999999	89.18199999999999	86.63419354838707	93.99699029126212	95.1571270718232	91.74000000000001	94.99526315789473	93.14261261261262	1.3224242	0.4009078	1.6907563	0.46545303	0.17668451	0.6345548	1.9386593	5.2888255	0.4228611	0.4638166	0.43379846	1.1189138	../../benchmark_data/class-i/pdb/7n2s_pmhc_tcr.pdb	../pred_pdb/protenix_v2/pmhc_tcr/classI/classI_protenix_v2_with_template/ranked_2/7n2s_pmhc_tcr.pdb	after	ranked_2
125	7n4k	0.848	0.945	1.026	2.568	92.72500000000001	91.68375	91.73538461538463	95.93400000000001	94.54499999999999	93.30363636363636	92.45416666666667	95.8459	96.1665536723164	96.259	96.17149732620321	95.56004694835681	0.10115902	0.80563754	0.5261136	0.456206	0.11614207	0.29608488	0.531794	1.2674209	1.2396299	0.19382727	1.2104169	0.5702782	../../benchmark_data/class-i/pdb/7n4k_pmhc_tcr.pdb	../pred_pdb/protenix_v2/pmhc_tcr/classI/classI_protenix_v2_with_template/ranked_2/7n4k_pmhc_tcr.pdb	after	ranked_2
126	7n5c	0.743	0.667	1.176	2.113	93.2725	93.02875	91.46384615384616	97.16	95.72200000000001	95.56272727272726	93.34250000000002	96.04923267326733	96.06265193370164	97.045	96.11408376963354	95.99107981220656	0.14371127	0.1729358	0.8036216	0.43922397	0.09066299	0.8654226	1.0206751	1.2769644	1.0499161	0.26811182	1.0254143	0.7563682	../../benchmark_data/class-i/pdb/7n5c_pmhc_tcr.pdb	../pred_pdb/protenix_v2/pmhc_tcr/classI/classI_protenix_v2_with_template/ranked_2/7n5c_pmhc_tcr.pdb	after	ranked_2
127	7n5p	0.841	0.831	0.815	2.476	93.56833333333334	92.54124999999999	93.33384615384617	96.31700000000001	94.947	94.52636363636363	93.88041666666668	96.32283208020051	96.38107954545454	96.646	96.39532258064516	96.25953051643192	0.15036376	0.26298717	0.50928545	0.4145528	0.11864354	0.19825186	0.44157302	1.1340833	1.0029497	0.21707107	0.9825388	0.5793611	../../benchmark_data/class-i/pdb/7n5p_pmhc_tcr.pdb	../pred_pdb/protenix_v2/pmhc_tcr/classI/classI_protenix_v2_with_template/ranked_2/7n5p_pmhc_tcr.pdb	after	ranked_2
128	7na5	0.347	0.265	3.513	6.642	94.43909090909091	96.02666666666667	93.68272727272728	97.293	94.634	96.628	95.38192307692307	95.53940740740738	95.49744444444445	97.40222222222222	95.58814814814816	95.49675925925925	0.45733932	0.2390715	0.6061432	0.26180118	0.36967766	0.5632113	0.6932825	3.7013824	0.84544444	0.34959266	0.8302329	1.219415	../../benchmark_data/class-i/pdb/7na5_pmhc_tcr.pdb	../pred_pdb/protenix_v2/pmhc_tcr/classI/classI_protenix_v2_with_template/ranked_2/7na5_pmhc_tcr.pdb	after	ranked_2
129	7ndq	0.397	0.3	2.873	5.886	90.6125	89.91749999999999	83.17533333333333	93.70700000000001	92.77363636363636	89.58538461538463	86.15142857142857	94.5518382352941	94.88497237569061	92.7377777777778	94.78326315789474	94.35013761467887	0.40540224	0.27816585	3.1016743	0.29784197	0.41132462	2.2278957	3.1074383	2.8609493	1.1384768	2.149347	1.2416734	1.6489964	../../benchmark_data/class-i/pdb/7ndq_pmhc_tcr.pdb	../pred_pdb/protenix_v2/pmhc_tcr/classI/classI_protenix_v2_with_template/ranked_2/7ndq_pmhc_tcr.pdb	after	ranked_2
130	7ndt	0.738	0.656	1.237	1.653	86.33333333333333	89.98374999999999	84.18785714285714	91.45599999999999	88.80181818181819	88.18	86.03038461538462	92.82747524752476	92.75272222222223	86.87875000000001	92.50276595744683	93.1100925925926	0.23329362	0.1793106	0.6541434	0.16669883	0.22413231	1.2240384	1.2776434	1.178424	0.694127	1.9739962	0.8892439	1.2168049	../../benchmark_data/class-i/pdb/7ndt_pmhc_tcr.pdb	../pred_pdb/protenix_v2/pmhc_tcr/classI/classI_protenix_v2_with_template/ranked_2/7ndt_pmhc_tcr.pdb	after	ranked_2
131	7ndu	0.687	0.708	1.809	2.008	96.19416666666666	96.39	89.80066666666669	97.584	96.7	94.64846153846153	92.05142857142857	96.78901719901721	97.00872928176797	95.45750000000001	96.9430687830688	96.65545871559632	0.40981287	0.30181384	1.7672987	0.32620108	0.31733817	1.6871997	2.2211447	1.3702184	1.0690649	1.3776914	1.1577995	1.2241971	../../benchmark_data/class-i/pdb/7ndu_pmhc_tcr.pdb	../pred_pdb/protenix_v2/pmhc_tcr/classI/classI_protenix_v2_with_template/ranked_2/7ndu_pmhc_tcr.pdb	after	ranked_2
132	7nme	0.656	0.667	1.545	4.034	88.68181818181819	90.406	92.19846153846153	94.99300000000001	92.34181818181818	94.52	93.2625	95.35444444444444	96.02480662983425	92.94555555555556	95.87894736842105	94.89093023255813	0.3864856	0.14185488	0.37686935	0.237599	0.15314403	0.42119	0.44792122	2.1335144	0.4377213	0.17093422	0.43370622	0.8841364	../../benchmark_data/class-i/pdb/7nme_pmhc_tcr.pdb	../pred_pdb/protenix_v2/pmhc_tcr/classI/classI_protenix_v2_with_template/ranked_2/7nme_pmhc_tcr.pdb	after	ranked_2
133	7nmf	0.649	0.676	1.633	4.084	88.61818181818182	90.368	92.18076923076924	94.985	92.32	94.49636363636364	93.24208333333333	95.33592592592593	96.00629834254143	92.93444444444445	95.86078947368419	94.87209302325581	0.41362128	0.1434305	0.47327814	0.18127686	0.16924287	0.40571472	0.53419167	2.120839	0.37696537	0.29061002	0.37849942	0.81691384	../../benchmark_data/class-i/pdb/7nmf_pmhc_tcr.pdb	../pred_pdb/protenix_v2/pmhc_tcr/classI/classI_protenix_v2_with_template/ranked_2/7nmf_pmhc_tcr.pdb	after	ranked_2
134	7nmg	0.485	0.528	2.371	6.343	90.18909090909091	92.156	93.55692307692308	95.92099999999999	93.31454545454545	95.61363636363636	94.49958333333332	95.9334074074074	96.52226519337016	93.75777777777778	96.39131578947368	95.52874418604651	0.32969752	0.25335068	0.4299315	0.24669424	0.19195569	0.47603154	0.5762833	2.9742339	0.42198974	0.6177082	0.44539165	0.75731313	../../benchmark_data/class-i/pdb/7nmg_pmhc_tcr.pdb	../pred_pdb/protenix_v2/pmhc_tcr/classI/classI_protenix_v2_with_template/ranked_2/7nmg_pmhc_tcr.pdb	after	ranked_2
135	7ow5	0.8	0.719	0.952	1.508	93.15999999999998	90.13181818181819	91.04374999999999	95.675	94.33999999999999	91.128125	91.0859375	94.89450602409639	95.6533888888889	89.25	95.31636842105263	94.53826666666667	0.30067447	1.1655086	0.58478856	0.21871112	0.24047789	1.2571399	1.1305938	0.7971206	0.3957108	1.114802	0.47565648	0.82372296	../../benchmark_data/class-i/pdb/7ow5_pmhc_tcr.pdb	../pred_pdb/protenix_v2/pmhc_tcr/classI/classI_protenix_v2_with_template/ranked_2/7ow5_pmhc_tcr.pdb	after	ranked_2
136	7ow6	0.791	0.738	0.976	2.268	91.47500000000001	88.94909090909091	88.435	94.668	93.059	87.08125	87.758125	94.12175480769231	95.0642541436464	88.486	94.71984293193717	93.61404444444446	0.24064413	1.2053488	0.2708045	0.14777216	0.28303427	1.1235129	0.93490577	1.0349394	0.36214992	1.4975663	0.52105993	0.8969458	../../benchmark_data/class-i/pdb/7ow6_pmhc_tcr.pdb	../pred_pdb/protenix_v2/pmhc_tcr/classI/classI_protenix_v2_with_template/ranked_2/7ow6_pmhc_tcr.pdb	after	ranked_2
137	7pb2	0.041	0.033	15.7	28.804	88.47666666666667	85.10363636363637	81.5	89.205	84.953	79.63749999999999	80.56875	91.298578313253	92.5497222222222	89.66499999999999	92.3978947368421	90.37026666666667	0.2737838	1.2509965	3.484036	0.19475187	0.25353438	3.0008976	3.5436487	14.527115	0.5432591	1.5036207	0.667134	2.1704786	../../benchmark_data/class-i/pdb/7pb2_pmhc_tcr.pdb	../pred_pdb/protenix_v2/pmhc_tcr/classI/classI_protenix_v2_with_template/ranked_2/7pb2_pmhc_tcr.pdb	after	ranked_2
138	7pbe	0.833	0.909	1.085	2.263	97.39181818181818	93.26875000000001	97.38416666666667	97.401	97.78363636363635	96.72076923076922	97.0392	97.4096049382716	97.89132596685081	98.18888888888888	97.90542105263155	96.97144186046512	0.38565397	0.73272073	0.34559175	0.6877431	0.31020865	0.50434935	0.6007612	1.1991433	0.64699066	0.13871428	0.6329685	0.6973063	../../benchmark_data/class-i/pdb/7pbe_pmhc_tcr.pdb	../pred_pdb/protenix_v2/pmhc_tcr/classI/classI_protenix_v2_with_template/ranked_2/7pbe_pmhc_tcr.pdb	after	ranked_2
139	7phr	0.908	0.793	0.367	0.928	97.88900000000001	98.179	97.40636363636364	98.471	98.513	98.61923076923078	98.06333333333333	97.03855	98.2203867403315	98.48666666666666	98.233	95.95785714285715	0.18651858	0.21850559	0.39439002	0.1447789	0.21614528	0.16910923	0.32766867	0.70480007	0.4719318	0.19296293	0.463816	0.6760709	../../benchmark_data/class-i/pdb/7phr_pmhc_tcr.pdb	../pred_pdb/protenix_v2/pmhc_tcr/classI/classI_protenix_v2_with_template/ranked_2/7phr_pmhc_tcr.pdb	after	ranked_2
140	7q99	0.892	0.918	0.726	2.002	96.07454545454544	96.58777777777777	93.75818181818181	94.13363636363638	93.18333333333334	92.852	93.23538461538462	95.93707616707617	97.3703314917127	96.688	97.33460732984295	94.70129629629629	0.41389	0.28089026	0.38625848	0.3653341	0.16234612	0.27033266	0.59336174	0.8083997	0.3098092	0.18220097	0.30573878	0.76707906	../../benchmark_data/class-i/pdb/7q99_pmhc_tcr.pdb	../pred_pdb/protenix_v2/pmhc_tcr/classI/classI_protenix_v2_with_template/ranked_2/7q99_pmhc_tcr.pdb	after	ranked_2
141	7q9a	0.851	0.813	0.768	2.004	97.56818181818181	97.49666666666667	96.4218181818182	95.43727272727273	94.50999999999999	96.278	96.33884615384613	96.70665847665848	97.7386187845304	97.872	97.74560209424085	95.78796296296296	0.26835614	0.19938177	0.78847575	0.27705693	0.20343214	0.19528188	0.698921	0.85605776	0.36451453	0.16214691	0.3598003	0.71047056	../../benchmark_data/class-i/pdb/7q9a_pmhc_tcr.pdb	../pred_pdb/protenix_v2/pmhc_tcr/classI/classI_protenix_v2_with_template/ranked_2/7q9a_pmhc_tcr.pdb	after	ranked_2
142	7q9b	0.613	0.575	1.705	3.878	94.14454545454547	96.0411111111111	88.33375	93.791	92.10499999999999	85.50812499999999	86.45	95.42288888888888	97.0178453038674	95.381	96.93214659685864	94.07584112149533	0.503178	0.2652096	0.4169004	0.28204453	0.268601	1.0838382	1.0177974	1.8963544	0.6191698	0.34755257	0.6137731	0.7630893	../../benchmark_data/class-i/pdb/7q9b_pmhc_tcr.pdb	../pred_pdb/protenix_v2/pmhc_tcr/classI/classI_protenix_v2_with_template/ranked_2/7q9b_pmhc_tcr.pdb	after	ranked_2
143	7qpj	0.888	0.841	0.65	1.152	98.39	98.52444444444444	98.33999999999999	97.56	96.62499999999999	97.37181818181817	97.89625	97.94990074441687	98.27105555555556	98.3088888888889	98.27285714285713	97.66467289719625	0.21279149	0.40509933	0.10770206	0.17242096	0.13379197	0.5984871	0.66843855	0.8509468	0.47866303	0.32683015	0.4816898	0.7279563	../../benchmark_data/class-i/pdb/7qpj_pmhc_tcr.pdb	../pred_pdb/protenix_v2/pmhc_tcr/classI/classI_protenix_v2_with_template/ranked_2/7qpj_pmhc_tcr.pdb	after	ranked_2
144	7r80	0.15	0.065	5.284	12.617	82.17818181818183	86.58599999999998	84.86076923076922	88.947	84.80499999999998	81.57333333333332	83.09964285714285	91.75479217603912	93.24325966850829	87.2788888888889	92.96073684210526	90.70853881278538	1.9266827	0.40673545	0.31289268	0.23085321	0.20091774	0.46544626	0.5110114	4.9472404	0.44477165	0.61098504	0.46255505	1.0953345	../../benchmark_data/class-i/pdb/7r80_pmhc_tcr.pdb	../pred_pdb/protenix_v2/pmhc_tcr/classI/classI_protenix_v2_with_template/ranked_2/7r80_pmhc_tcr.pdb	after	ranked_2
145	7rk7	0.492	0.424	3.41	2.98	92.20249999999999	93.32375	74.07875	90.668	86.713	74.48649999999999	74.30527777777777	93.26436144578315	96.26524861878454	93.28	96.12384210526315	90.84968888888889	0.3325643	0.22720143	2.687504	0.52813464	0.2250099	4.958612	5.8921022	2.346913	0.56230205	0.3425213	0.5581767	2.6260622	../../benchmark_data/class-i/pdb/7rk7_pmhc_tcr.pdb	../pred_pdb/protenix_v2/pmhc_tcr/classI/classI_protenix_v2_with_template/ranked_2/7rk7_pmhc_tcr.pdb	after	ranked_2
146	7rm4	0.048	0.0	12.961	21.816	85.50545454545453	89.623	81.2	90.811	85.64090909090909	83.74733333333332	82.61518518518518	92.51860635696819	93.44441988950277	94.43222222222224	93.4912105263158	91.67479452054793	0.4319554	0.41185898	1.0722739	0.2082738	0.18065907	2.2556388	2.3643878	14.526827	0.35678336	0.39389297	0.3679575	1.3707396	../../benchmark_data/class-i/pdb/7rm4_pmhc_tcr.pdb	../pred_pdb/protenix_v2/pmhc_tcr/classI/classI_protenix_v2_with_template/ranked_2/7rm4_pmhc_tcr.pdb	after	ranked_2
147	7rrg	0.208	0.222	4.406	13.07	84.85916666666668	89.15125	72.10866666666668	91.08100000000002	84.8	83.83785714285715	77.77103448275862	91.83938875305623	92.27596685082874	85.08555555555556	91.93536842105264	91.75611872146118	0.2476343	0.21135947	3.5848243	0.18043257	0.43936795	3.1360846	4.1765075	4.301192	0.6065969	0.9920769	0.64414734	1.8690618	../../benchmark_data/class-i/pdb/7rrg_pmhc_tcr.pdb	../pred_pdb/protenix_v2/pmhc_tcr/classI/classI_protenix_v2_with_template/ranked_2/7rrg_pmhc_tcr.pdb	after	ranked_2
148	7rtr	0.472	0.603	2.656	7.384	96.82636363636362	96.85555555555555	97.57363636363635	97.72099999999999	97.66454545454545	97.50454545454545	97.53909090909092	97.70248157248159	97.70723756906077	97.07111111111111	97.6771052631579	97.7247004608295	0.4032077	0.25863463	0.27468032	0.4877134	0.23177004	0.20480095	0.3014349	3.347651	0.41684443	0.21576898	0.4110019	0.8526315	../../benchmark_data/class-i/pdb/7rtr_pmhc_tcr.pdb	../pred_pdb/protenix_v2/pmhc_tcr/classI/classI_protenix_v2_with_template/ranked_2/7rtr_pmhc_tcr.pdb	after	ranked_2
149	7su9	0.008	0.0	22.836	58.407	91.54250000000002	92.66	81.21466666666667	93.40599999999999	93.037	82.16733333333333	81.69100000000002	92.45995098039216	93.39422222222221	94.56666666666666	93.4500529100529	91.6054794520548	0.3367248	0.2469605	1.7336874	0.21904232	0.22437835	1.8121198	1.9603912	23.033518	0.4166534	0.27030838	0.41213375	0.92858297	../../benchmark_data/class-i/pdb/7su9_pmhc_tcr.pdb	../pred_pdb/protenix_v2/pmhc_tcr/classI/classI_protenix_v2_with_template/ranked_2/7su9_pmhc_tcr.pdb	after	ranked_2
150	8cx4	0.846	0.746	0.718	1.222	94.52363636363638	94.18199999999999	91.67176470588235	96.128	94.88399999999999	92.87666666666665	92.23656249999999	95.98065375302664	96.92618784530386	95.8788888888889	96.87657894736843	95.21730941704035	0.52228206	0.2198468	0.53167844	0.19737786	0.16629921	0.6694327	0.635223	0.88166875	0.40482566	0.23276593	0.40359703	0.8705625	../../benchmark_data/class-i/pdb/8cx4_pmhc_tcr.pdb	../pred_pdb/protenix_v2/pmhc_tcr/classI/classI_protenix_v2_with_template/ranked_2/8cx4_pmhc_tcr.pdb	after	ranked_2
151	8d5q	0.755	0.698	1.2	1.798	93.44545454545455	96.138	89.591875	96.63909090909088	96.1	96.19466666666668	92.78677419354835	95.98252450980391	96.43948863636363	95.70899999999999	96.40021505376345	95.63256756756756	0.33402276	0.19377482	1.9317975	0.22815137	0.20075358	0.3471355	1.6257801	1.0412154	0.6691575	0.8758746	0.6921353	0.8394958	../../benchmark_data/class-i/pdb/8d5q_pmhc_tcr.pdb	../pred_pdb/protenix_v2/pmhc_tcr/classI/classI_protenix_v2_with_template/ranked_2/8d5q_pmhc_tcr.pdb	after	ranked_2
152	8dnt	0.777	0.712	1.004	2.383	97.45545454545454	97.53444444444445	91.67333333333333	95.986	89.4718181818182	93.59785714285715	92.70961538461539	96.63110565110563	97.64845303867405	96.42777777777776	97.59063157894738	95.79096774193548	0.48596692	0.4025761	0.57191813	0.4909889	0.5271894	0.6049285	0.92277324	1.2797146	0.6894655	0.7709381	0.713231	1.1826029	../../benchmark_data/class-i/pdb/8dnt_pmhc_tcr.pdb	../pred_pdb/protenix_v2/pmhc_tcr/classI/classI_protenix_v2_with_template/ranked_2/8dnt_pmhc_tcr.pdb	after	ranked_2
153	8en8	0.832	0.767	0.865	1.273	96.36999999999999	97.854	90.0185714285714	96.97272727272728	94.85916666666667	97.19666666666669	93.73137931034483	96.8155582524272	97.46222222222222	97.92	97.48402116402116	96.2490134529148	0.4212072	0.10654789	1.4295428	0.28054476	0.38139543	0.2810706	1.2815948	0.86506164	0.565535	0.18693767	0.5576243	0.886565	../../benchmark_data/class-i/pdb/8en8_pmhc_tcr.pdb	../pred_pdb/protenix_v2/pmhc_tcr/classI/classI_protenix_v2_with_template/ranked_2/8en8_pmhc_tcr.pdb	after	ranked_2
154	8enh	0.795	0.753	1.036	1.847	95.85909090909091	97.66499999999999	89.32928571428572	97.12000000000002	95.37333333333332	97.17866666666669	93.3893103448276	97.01082725060826	97.77569832402234	97.97222222222223	97.78510638297871	96.35807174887891	0.504578	0.104193404	1.6230416	0.23525037	0.38033855	0.21083272	1.4122636	1.0200349	0.50126916	0.17659548	0.49174324	1.1275879	../../benchmark_data/class-i/pdb/8enh_pmhc_tcr.pdb	../pred_pdb/protenix_v2/pmhc_tcr/classI/classI_protenix_v2_with_template/ranked_2/8enh_pmhc_tcr.pdb	after	ranked_2
155	8eo8	0.79	0.743	1.085	1.524	95.84	97.625	88.74785714285714	96.87545454545456	95.03166666666668	96.84533333333333	92.93620689655171	96.89141119221412	97.67905027932963	97.82	97.68579787234043	96.22170403587445	0.5126084	0.094663024	1.8434157	0.40606442	0.18921728	0.2196184	1.6643713	1.0369068	0.46940947	0.17785117	0.4612531	1.1789831	../../benchmark_data/class-i/pdb/8eo8_pmhc_tcr.pdb	../pred_pdb/protenix_v2/pmhc_tcr/classI/classI_protenix_v2_with_template/ranked_2/8eo8_pmhc_tcr.pdb	after	ranked_2
156	8f5a	0.482	0.514	2.531	5.933	89.4981818181818	90.89	85.11733333333335	91.053	87.611	89.18416666666666	86.92481481481482	94.07308068459658	94.91198895027624	84.774	94.3812041884817	93.80311926605503	0.26877668	2.192945	1.7084777	0.26650214	0.24834624	1.3618132	2.5394325	2.2844474	0.38518274	2.308885	0.69645125	1.7115437	../../benchmark_data/class-i/pdb/8f5a_pmhc_tcr.pdb	../pred_pdb/protenix_v2/pmhc_tcr/classI/classI_protenix_v2_with_template/ranked_2/8f5a_pmhc_tcr.pdb	after	ranked_2
157	8gom	0.029	0.0	17.639	28.908	87.38166666666666	84.21444444444445	87.44818181818181	86.243	87.7009090909091	81.03933333333333	83.75076923076924	91.4379756097561	92.67044198895027	91.98888888888888	92.63815789473684	90.40145454545454	0.38948885	0.26401246	0.90918577	0.28678635	0.20379177	1.5148476	1.619631	19.679003	0.5188035	0.25618267	0.5163812	0.89408183	../../benchmark_data/class-i/pdb/8gom_pmhc_tcr.pdb	../pred_pdb/protenix_v2/pmhc_tcr/classI/classI_protenix_v2_with_template/ranked_2/8gom_pmhc_tcr.pdb	after	ranked_2
158	8gon	0.028	0.0	17.617	29.377	87.835	84.9877777777778	87.70545454545454	86.23100000000001	87.66636363636364	81.17266666666667	83.93653846153846	91.62353658536585	92.77883977900554	93.29444444444444	92.80326315789475	90.60468181818182	0.48170263	0.30182263	0.90984404	0.23390833	0.1840455	1.4920835	1.5049274	19.732983	0.41878933	0.25304344	0.41592258	0.6534364	../../benchmark_data/class-i/pdb/8gon_pmhc_tcr.pdb	../pred_pdb/protenix_v2/pmhc_tcr/classI/classI_protenix_v2_with_template/ranked_2/8gon_pmhc_tcr.pdb	after	ranked_2
159	8gvb	0.822	0.833	1.072	1.477	92.40818181818182	95.91454545454545	94.73428571428572	97.751	98.25909090909092	96.33800000000001	95.56379310344828	97.21039024390242	97.8306111111111	97.61	97.82122340425532	96.6931081081081	1.9317702	0.9522562	0.6691242	0.50791645	0.6721909	0.41448778	0.6520212	0.87820286	0.48052913	0.40490407	0.4885717	0.8750476	../../benchmark_data/class-i/pdb/8gvb_pmhc_tcr.pdb	../pred_pdb/protenix_v2/pmhc_tcr/classI/classI_protenix_v2_with_template/ranked_2/8gvb_pmhc_tcr.pdb	after	ranked_2
160	8gvg	0.823	0.806	1.014	1.351	90.72363636363637	95.54727272727273	91.31857142857143	97.547	97.64818181818183	96.22000000000001	93.85379310344828	96.91557177615573	97.62469613259668	97.20125000000002	97.60677248677248	96.3271171171171	1.3263801	0.930624	1.4677149	0.5100616	0.6450877	0.4302363	1.1488168	0.929818	0.6258724	0.4198326	0.6307116	0.99130076	../../benchmark_data/class-i/pdb/8gvg_pmhc_tcr.pdb	../pred_pdb/protenix_v2/pmhc_tcr/classI/classI_protenix_v2_with_template/ranked_2/8gvg_pmhc_tcr.pdb	after	ranked_2
161	8gvi	0.794	0.779	1.032	2.443	94.24272727272728	97.71	98.13571428571429	98.343	98.71363636363635	97.93800000000002	98.03344827586206	97.89892944038931	98.37132596685082	98.62625	98.38211640211641	97.48756756756758	1.6051226	0.897166	0.52308166	0.39429584	0.35620508	0.876863	0.9459333	1.2058975	0.57490325	0.4516942	0.5827317	1.1142988	../../benchmark_data/class-i/pdb/8gvi_pmhc_tcr.pdb	../pred_pdb/protenix_v2/pmhc_tcr/classI/classI_protenix_v2_with_template/ranked_2/8gvi_pmhc_tcr.pdb	after	ranked_2
162	8i5c	0.838	0.794	0.865	1.528	95.44363636363637	94.83222222222223	95.41083333333331	96.02400000000002	94.56299999999999	95.36	95.3844	96.48348148148148	96.70044198895027	94.54777777777777	96.59847368421055	96.38186046511628	0.27576268	0.28264478	0.28157213	0.2335876	0.35340938	1.3189555	1.282992	0.7680658	0.33956096	0.87798166	0.395632	0.62376887	../../benchmark_data/class-i/pdb/8i5c_pmhc_tcr.pdb	../pred_pdb/protenix_v2/pmhc_tcr/classI/classI_protenix_v2_with_template/ranked_2/8i5c_pmhc_tcr.pdb	after	ranked_2
163	8i5d	0.689	0.678	1.514	2.926	88.58399999999999	91.97200000000001	87.89916666666666	94.773	89.78636363636365	89.39	88.7274074074074	94.50779702970297	95.48198895027625	91.01111111111112	95.27021052631576	93.83088785046728	0.65847623	0.24566858	1.1922954	0.22915903	0.22672425	0.57275665	1.2893759	1.5931605	0.38865435	0.7807992	0.43145257	1.4726748	../../benchmark_data/class-i/pdb/8i5d_pmhc_tcr.pdb	../pred_pdb/protenix_v2/pmhc_tcr/classI/classI_protenix_v2_with_template/ranked_2/8i5d_pmhc_tcr.pdb	after	ranked_2
164	8qfy	0.88	0.77	0.509	1.454	98.16818181818184	98.08333333333331	98.42	98.502	97.41	98.78333333333335	98.60166666666665	97.53740740740741	97.21530386740332	98.65777777777777	97.28363157894736	97.76167441860464	0.21295471	0.24525233	0.16044772	0.26382926	0.22259392	0.21811311	0.22976454	0.7785897	0.6554948	0.2909078	0.64509666	0.47851416	../../benchmark_data/class-i/pdb/8qfy_pmhc_tcr.pdb	../pred_pdb/protenix_v2/pmhc_tcr/classI/classI_protenix_v2_with_template/ranked_2/8qfy_pmhc_tcr.pdb	after	ranked_2
165	8shi	0.261	0.271	3.842	10.866	88.319	90.85799999999999	74.75764705882354	91.977	86.441	88.78071428571427	81.09064516129034	92.8955198019802	93.98205555555553	87.4475	93.70398936170211	92.19185185185187	0.4022713	0.4485482	2.9894943	0.2362761	0.22591059	0.5496581	2.5177636	4.081449	0.4325734	1.9266248	0.6187589	1.5045881	../../benchmark_data/class-i/pdb/8shi_pmhc_tcr.pdb	../pred_pdb/protenix_v2/pmhc_tcr/classI/classI_protenix_v2_with_template/ranked_2/8shi_pmhc_tcr.pdb	after	ranked_2
166	8wte	0.242	0.231	4.043	10.965	87.21000000000001	86.44555555555556	88.20923076923077	89.66	86.97200000000001	82.9075	85.28413793103448	92.14479217603912	93.37707182320442	86.72888888888889	93.06215789473684	91.34890410958904	0.54821754	0.39285055	0.41688544	0.29436556	0.29354662	1.3124688	1.1609955	4.6949024	0.4394684	2.0138018	0.6780679	1.0398575	../../benchmark_data/class-i/pdb/8wte_pmhc_tcr.pdb	../pred_pdb/protenix_v2/pmhc_tcr/classI/classI_protenix_v2_with_template/ranked_2/8wte_pmhc_tcr.pdb	after	ranked_2
167	8wul	0.336	0.283	3.713	7.174	86.45636363636363	88.02555555555556	86.20615384615387	90.10499999999999	84.181	80.11999999999999	82.84827586206896	91.98623471882641	93.17309392265194	85.83333333333333	92.82542105263158	91.25817351598174	0.44632986	0.21075276	1.2570204	0.24214315	0.32769182	4.606258	4.376053	3.4888458	0.4412017	1.2658783	0.5545432	1.9985172	../../benchmark_data/class-i/pdb/8wul_pmhc_tcr.pdb	../pred_pdb/protenix_v2/pmhc_tcr/classI/classI_protenix_v2_with_template/ranked_2/8wul_pmhc_tcr.pdb	after	ranked_2
168	6zkw	0.783	0.776	1.077	2.633	95.44999999999999	96.856	97.31153846153848	97.636	93.891	97.46375	97.39551724137931	96.71166259168704	96.77255555555554	97.9011111111111	96.82629629629629	96.61318181818183	0.41253126	0.22490281	0.21153206	0.13630134	0.18005107	0.76441336	0.7713375	1.2631265	0.75009584	0.15844512	0.7346493	0.68399715	../../benchmark_data/class-i/pdb/6zkw_pmhc_tcr.pdb	../pred_pdb/protenix_v2/pmhc_tcr/classI/classI_protenix_v2_with_template/ranked_3/6zkw_pmhc_tcr.pdb	after	ranked_3
169	6zkx	0.587	0.551	1.838	4.096	93.81727272727272	95.13499999999999	95.68692307692307	96.606	92.265	94.998125	95.30689655172412	95.58841849148418	95.73765363128491	92.61749999999999	95.5416230366492	95.62904545454545	0.36133787	0.25555533	0.29613945	0.16764598	0.13353981	0.6336664	0.62525266	1.5988984	1.5365582	0.7771256	1.5486573	0.5752122	../../benchmark_data/class-i/pdb/6zkx_pmhc_tcr.pdb	../pred_pdb/protenix_v2/pmhc_tcr/classI/classI_protenix_v2_with_template/ranked_3/6zkx_pmhc_tcr.pdb	after	ranked_3
170	6zky	0.675	0.66	1.359	4.044	93.1690909090909	94.27799999999999	92.34461538461538	95.874	91.91300000000001	93.009375	92.71137931034482	94.89897058823529	95.22466666666668	86.57124999999999	94.85643617021277	94.9353181818182	0.44184923	0.26045117	0.538907	0.17325377	0.21199684	0.7948501	0.9673858	1.4336265	0.85492903	1.973893	1.0167958	0.71564883	../../benchmark_data/class-i/pdb/6zky_pmhc_tcr.pdb	../pred_pdb/protenix_v2/pmhc_tcr/classI/classI_protenix_v2_with_template/ranked_3/6zky_pmhc_tcr.pdb	after	ranked_3
171	6zkz	0.65	0.644	1.391	4.667	86.56454545454545	89.131	84.84384615384616	91.817	85.75300000000001	83.72937499999999	84.22896551724139	92.04014705882354	93.33638888888886	87.2025	93.07537234042555	91.15549999999999	0.40534645	0.14075176	0.40884128	0.17172363	0.16837548	0.46075803	0.73565096	1.4329906	0.89540637	2.256268	1.0789893	0.6940551	../../benchmark_data/class-i/pdb/6zkz_pmhc_tcr.pdb	../pred_pdb/protenix_v2/pmhc_tcr/classI/classI_protenix_v2_with_template/ranked_3/6zkz_pmhc_tcr.pdb	after	ranked_3
172	7dzm	0.899	0.884	0.606	1.857	97.34166666666665	97.36875	98.36466666666665	98.654	98.3809090909091	98.485	98.41814814814815	97.55019704433496	97.3855	98.55555555555556	97.44121693121693	97.64511520737328	0.3048856	0.13359486	0.2879506	0.14493251	0.29136062	0.1918321	0.34352776	0.9270836	0.7270113	0.13091414	0.7144855	0.45319167	../../benchmark_data/class-i/pdb/7dzm_pmhc_tcr.pdb	../pred_pdb/protenix_v2/pmhc_tcr/classI/classI_protenix_v2_with_template/ranked_3/7dzm_pmhc_tcr.pdb	after	ranked_3
173	7dzn	0.196	0.167	5.809	11.34	90.815	93.72874999999999	82.336	95.44699999999999	93.82	93.27499999999999	87.19777777777777	95.54795061728395	96.55262569832401	93.17888888888889	96.39111702127659	94.81746543778802	0.1952325	0.22513326	2.5681856	0.16154528	0.20520283	0.23492253	2.090309	20.336245	0.38808843	0.6081828	0.42410916	0.92341787	../../benchmark_data/class-i/pdb/7dzn_pmhc_tcr.pdb	../pred_pdb/protenix_v2/pmhc_tcr/classI/classI_protenix_v2_with_template/ranked_3/7dzn_pmhc_tcr.pdb	after	ranked_3
174	7l1d	0.041	0.0	17.178	23.364	81.81090909090909	83.25666666666667	78.59615384615384	86.87299999999999	88.859	72.25526315789475	74.83125	91.22863080684596	93.3871270718232	95.19444444444444	93.47273684210526	89.28168949771691	0.5577461	0.27422217	2.469439	0.311604	0.2123022	4.9121585	6.0316195	18.442165	0.4521314	0.598863	0.47100934	3.5691214	../../benchmark_data/class-i/pdb/7l1d_pmhc_tcr.pdb	../pred_pdb/protenix_v2/pmhc_tcr/classI/classI_protenix_v2_with_template/ranked_3/7l1d_pmhc_tcr.pdb	after	ranked_3
175	7n2n	0.592	0.544	1.898	3.614	87.75727272727273	87.97900000000001	84.80823529411767	93.025	89.10999999999999	85.67466666666668	85.21437499999999	93.04249394673124	93.9361325966851	87.97777777777777	93.65389473684212	92.52156950672645	0.84066015	0.34095097	1.3356601	0.19093932	0.15554714	1.4192108	2.3058493	1.7868826	0.4124054	0.39137462	0.4181478	1.2320696	../../benchmark_data/class-i/pdb/7n2n_pmhc_tcr.pdb	../pred_pdb/protenix_v2/pmhc_tcr/classI/classI_protenix_v2_with_template/ranked_3/7n2n_pmhc_tcr.pdb	after	ranked_3
176	7n2o	0.552	0.576	2.102	4.996	92.30636363636364	91.26899999999999	89.94470588235293	94.025	91.08800000000001	88.264	89.156875	94.59602905569008	95.2482872928177	91.42666666666668	95.06726315789473	94.19452914798207	0.9025798	0.35737944	0.87977654	0.21519357	0.22263417	1.3292255	1.660108	2.4724236	0.3377615	0.567542	0.36171398	1.295968	../../benchmark_data/class-i/pdb/7n2o_pmhc_tcr.pdb	../pred_pdb/protenix_v2/pmhc_tcr/classI/classI_protenix_v2_with_template/ranked_3/7n2o_pmhc_tcr.pdb	after	ranked_3
177	7n2p	0.628	0.619	1.391	5.202	93.71818181818183	94.217	93.76363636363637	96.596	95.137	94.01933333333334	93.91115384615385	96.24938574938575	97.00519337016576	95.77333333333334	96.94684210526317	95.63870967741937	0.26857865	0.30227995	0.9941331	0.18463117	0.20459954	0.61813426	0.9653947	1.9108968	0.46178314	0.2184048	0.4675065	0.84418625	../../benchmark_data/class-i/pdb/7n2p_pmhc_tcr.pdb	../pred_pdb/protenix_v2/pmhc_tcr/classI/classI_protenix_v2_with_template/ranked_3/7n2p_pmhc_tcr.pdb	after	ranked_3
178	7n2q	0.574	0.627	1.626	6.45	94.44727272727272	94.804	94.07272727272726	96.726	94.988	94.662	94.41269230769231	96.45012285012287	97.1742541436464	96.01555555555555	97.11936842105263	95.8641474654378	0.26020274	0.37001616	0.98164195	0.1687668	0.23592909	0.5975278	0.922569	2.3439512	0.34872612	0.1578265	0.3446306	0.99740314	../../benchmark_data/class-i/pdb/7n2q_pmhc_tcr.pdb	../pred_pdb/protenix_v2/pmhc_tcr/classI/classI_protenix_v2_with_template/ranked_3/7n2q_pmhc_tcr.pdb	after	ranked_3
179	7n2r	0.255	0.207	3.467	10.427	83.24727272727274	83.776	81.88000000000001	88.25899999999999	85.35900000000001	78.45800000000001	79.90576923076922	91.12597051597052	93.11674033149171	87.82333333333334	92.866	89.60244239631336	0.42797393	0.36980003	0.98578125	0.15935707	0.20744681	1.3051081	1.4651309	3.1327152	0.42793548	0.6798691	0.44489706	0.9394429	../../benchmark_data/class-i/pdb/7n2r_pmhc_tcr.pdb	../pred_pdb/protenix_v2/pmhc_tcr/classI/classI_protenix_v2_with_template/ranked_3/7n2r_pmhc_tcr.pdb	after	ranked_3
180	7n2s	0.29	0.409	4.012	11.892	88.50727272727273	90.41299999999998	84.43625	94.70599999999999	90.018	89.12666666666668	86.7058064516129	93.97453883495145	95.12679558011048	91.69	94.96400000000001	93.1277027027027	1.3314092	0.40878937	1.6779175	0.48130977	0.18271698	0.5940449	1.9803467	4.6324687	0.44802463	0.5180428	0.46237448	1.1912531	../../benchmark_data/class-i/pdb/7n2s_pmhc_tcr.pdb	../pred_pdb/protenix_v2/pmhc_tcr/classI/classI_protenix_v2_with_template/ranked_3/7n2s_pmhc_tcr.pdb	after	ranked_3
181	7n4k	0.828	0.873	0.983	2.637	92.71583333333335	91.8125	91.67076923076924	95.925	94.6	93.31818181818181	92.42583333333333	95.85375	96.17152542372882	96.26700000000001	96.17663101604278	95.57028169014085	0.14420155	0.7630645	0.54627514	0.42840406	0.117429696	0.6128668	0.60617894	1.3309102	1.4543418	0.22079429	1.4189799	0.70474917	../../benchmark_data/class-i/pdb/7n4k_pmhc_tcr.pdb	../pred_pdb/protenix_v2/pmhc_tcr/classI/classI_protenix_v2_with_template/ranked_3/7n4k_pmhc_tcr.pdb	after	ranked_3
182	7n5c	0.755	0.684	1.117	2.222	93.33333333333333	93.0875	91.48615384615385	97.16	95.84	95.59	93.36708333333333	96.08844059405942	96.12254143646409	97.074	96.1723560209424	96.01319248826292	0.1299443	0.11690654	0.652053	0.44098097	0.08224564	0.83655506	0.9778434	1.437457	1.413834	0.2974974	1.3784988	0.81747484	../../benchmark_data/class-i/pdb/7n5c_pmhc_tcr.pdb	../pred_pdb/protenix_v2/pmhc_tcr/classI/classI_protenix_v2_with_template/ranked_3/7n5c_pmhc_tcr.pdb	after	ranked_3
183	7n5p	0.775	0.847	1.141	3.649	93.57249999999999	92.65	93.30076923076923	96.324	94.94299999999998	94.51363636363637	93.85666666666667	96.33395989974937	96.40613636363636	96.672	96.42043010752687	96.25845070422533	0.13916676	0.20305495	0.5030548	0.4269094	0.10161453	0.25831234	0.4389312	1.5700825	1.1853352	0.24626999	1.1595714	0.5782081	../../benchmark_data/class-i/pdb/7n5p_pmhc_tcr.pdb	../pred_pdb/protenix_v2/pmhc_tcr/classI/classI_protenix_v2_with_template/ranked_3/7n5p_pmhc_tcr.pdb	after	ranked_3
184	7na5	0.366	0.327	3.457	6.74	94.44	96.02777777777777	93.67727272727274	97.286	94.66499999999999	96.618	95.37384615384615	95.54651851851851	95.5106111111111	97.4011111111111	95.60063492063495	95.49916666666667	0.4637229	0.2183273	0.57632494	0.22738454	0.41071403	0.57518345	0.7016242	3.6746762	1.0087569	0.34630278	0.988512	1.1781319	../../benchmark_data/class-i/pdb/7na5_pmhc_tcr.pdb	../pred_pdb/protenix_v2/pmhc_tcr/classI/classI_protenix_v2_with_template/ranked_3/7na5_pmhc_tcr.pdb	after	ranked_3
185	7ndq	0.456	0.367	2.488	5.107	90.57916666666667	89.86625000000001	82.98933333333333	93.781	92.85363636363637	89.64384615384614	86.07892857142858	94.55394607843137	94.89187845303867	92.7377777777778	94.78984210526316	94.34834862385323	0.4718706	0.34893006	2.7842658	0.30540058	0.39202547	2.1176023	2.8089726	2.506186	1.0377227	2.109747	1.1484748	1.4339135	../../benchmark_data/class-i/pdb/7ndq_pmhc_tcr.pdb	../pred_pdb/protenix_v2/pmhc_tcr/classI/classI_protenix_v2_with_template/ranked_3/7ndq_pmhc_tcr.pdb	after	ranked_3
186	7ndt	0.691	0.574	1.265	2.578	86.22500000000001	89.69749999999999	84.23928571428571	91.569	88.91272727272727	88.21	86.07192307692307	92.8286386138614	92.75633333333333	86.77375	92.50175531914891	93.11314814814816	0.7750951	0.22032838	0.5905124	0.15715986	0.22735329	1.1447802	1.1099869	1.3250692	0.79755044	2.1000934	0.96522444	0.8725348	../../benchmark_data/class-i/pdb/7ndt_pmhc_tcr.pdb	../pred_pdb/protenix_v2/pmhc_tcr/classI/classI_protenix_v2_with_template/ranked_3/7ndt_pmhc_tcr.pdb	after	ranked_3
187	7ndu	0.698	0.677	1.613	1.875	96.16166666666668	96.34125	89.896	97.57600000000001	96.72999999999998	94.6253846153846	92.09178571428572	96.79429975429976	97.0213812154696	95.43	96.95402116402117	96.6558256880734	0.42522043	0.2981761	1.1593202	0.34001958	0.30355623	1.645271	1.7561005	1.27995	1.1183347	1.3811182	1.2007257	1.0752822	../../benchmark_data/class-i/pdb/7ndu_pmhc_tcr.pdb	../pred_pdb/protenix_v2/pmhc_tcr/classI/classI_protenix_v2_with_template/ranked_3/7ndu_pmhc_tcr.pdb	after	ranked_3
188	7nme	0.525	0.613	2.244	6.187	88.77636363636363	90.63600000000001	92.19076923076925	95.001	92.02	94.54272727272728	93.26875	95.34908641975308	96.01243093922652	92.99	95.86926315789472	94.88939534883721	0.41317108	0.22721691	0.4393956	0.25605473	0.14633864	0.43462524	0.50946563	3.0572002	0.50478274	0.3000762	0.5013188	0.8509718	../../benchmark_data/class-i/pdb/7nme_pmhc_tcr.pdb	../pred_pdb/protenix_v2/pmhc_tcr/classI/classI_protenix_v2_with_template/ranked_3/7nme_pmhc_tcr.pdb	after	ranked_3
189	7nmf	0.524	0.606	2.284	6.053	88.7309090909091	90.591	92.14230769230768	94.97	91.98454545454545	94.53818181818183	93.24041666666666	95.33422222222222	96.00093922651935	92.95555555555555	95.85668421052632	94.87251162790696	0.42915183	0.16212755	0.5203088	0.1846954	0.17605442	0.4195507	0.5869771	2.9830525	0.44005612	0.4156758	0.44424108	0.7936501	../../benchmark_data/class-i/pdb/7nmf_pmhc_tcr.pdb	../pred_pdb/protenix_v2/pmhc_tcr/classI/classI_protenix_v2_with_template/ranked_3/7nmf_pmhc_tcr.pdb	after	ranked_3
190	7nmg	0.642	0.653	1.634	4.057	90.06181818181818	91.94200000000001	93.58846153846154	96.024	94.04272727272728	95.5909090909091	94.50625000000001	95.96365432098766	96.55618784530385	93.73222222222222	96.42242105263155	95.55823255813955	0.34180734	0.14403939	0.46667174	0.2632127	0.18307063	0.46777913	0.54729116	1.9897865	0.4138123	0.42908984	0.42663917	0.8160047	../../benchmark_data/class-i/pdb/7nmg_pmhc_tcr.pdb	../pred_pdb/protenix_v2/pmhc_tcr/classI/classI_protenix_v2_with_template/ranked_3/7nmg_pmhc_tcr.pdb	after	ranked_3
191	7ow5	0.814	0.719	0.854	1.507	93.15250000000002	90.4209090909091	91.04625	95.619	94.21700000000001	91.090625	91.0684375	94.90339759036144	95.66883333333332	89.225	95.32968421052631	94.5434222222222	0.34245747	0.44146	0.50173163	0.22725068	0.23212595	1.2784276	1.1123681	0.779258	0.35742694	1.1446747	0.4481644	0.7757344	../../benchmark_data/class-i/pdb/7ow5_pmhc_tcr.pdb	../pred_pdb/protenix_v2/pmhc_tcr/classI/classI_protenix_v2_with_template/ranked_3/7ow5_pmhc_tcr.pdb	after	ranked_3
192	7ow6	0.775	0.692	1.076	1.443	91.50666666666666	88.99636363636364	88.45875000000001	94.51700000000001	92.967	87.074375	87.7665625	94.10235576923077	95.03331491712707	88.35	94.68340314136125	93.60911111111112	0.26356417	0.4410626	1.2810353	0.153642	0.29452115	1.2767808	1.6401857	0.8643593	0.3770764	0.8242425	0.42480794	0.877556	../../benchmark_data/class-i/pdb/7ow6_pmhc_tcr.pdb	../pred_pdb/protenix_v2/pmhc_tcr/classI/classI_protenix_v2_with_template/ranked_3/7ow6_pmhc_tcr.pdb	after	ranked_3
193	7pb2	0.051	0.016	15.091	22.359	86.39833333333333	81.72636363636364	79.873125	88.238	82.554	78.4125	79.1428125	89.95253012048194	90.96322222222221	88.44399999999999	90.83063157894736	89.2110222222222	0.35659686	1.3003234	3.6374285	0.1883272	0.24817055	3.144741	3.6039023	17.678776	0.48762733	1.4286901	0.60728997	2.080475	../../benchmark_data/class-i/pdb/7pb2_pmhc_tcr.pdb	../pred_pdb/protenix_v2/pmhc_tcr/classI/classI_protenix_v2_with_template/ranked_3/7pb2_pmhc_tcr.pdb	after	ranked_3
194	7pbe	0.823	0.896	1.117	2.369	97.38454545454546	93.24625	97.37833333333333	97.39200000000001	97.77454545454545	96.71384615384615	97.03280000000001	97.408	97.89226519337016	98.19	97.90636842105263	96.96758139534883	0.392635	0.74034774	0.36652517	0.6321582	0.26339924	0.49197662	0.6091369	1.2432102	0.61155844	0.15467648	0.5990891	0.66777873	../../benchmark_data/class-i/pdb/7pbe_pmhc_tcr.pdb	../pred_pdb/protenix_v2/pmhc_tcr/classI/classI_protenix_v2_with_template/ranked_3/7pbe_pmhc_tcr.pdb	after	ranked_3
195	7phr	0.904	0.793	0.387	1.118	97.88399999999999	98.17699999999999	97.40545454545455	98.473	98.518	98.61692307692307	98.06166666666667	97.03720000000001	98.2199447513812	98.49	98.23273684210527	95.95552380952383	0.17612807	0.23455544	0.41434714	0.1714107	0.21287107	0.16667803	0.34034845	0.7642081	0.46819755	0.19548066	0.45998877	0.7140227	../../benchmark_data/class-i/pdb/7phr_pmhc_tcr.pdb	../pred_pdb/protenix_v2/pmhc_tcr/classI/classI_protenix_v2_with_template/ranked_3/7phr_pmhc_tcr.pdb	after	ranked_3
196	7q99	0.929	0.945	0.566	1.566	96.07272727272726	96.57444444444444	93.74181818181819	94.15727272727273	93.1611111111111	92.86200000000001	93.23423076923076	95.93692874692876	97.36939226519337	96.689	97.33376963350786	94.70175925925925	0.43885782	0.25928438	0.24721333	0.34347787	0.15476035	0.25371903	0.39340895	0.69019306	0.34213644	0.1939109	0.33744854	0.70068187	../../benchmark_data/class-i/pdb/7q99_pmhc_tcr.pdb	../pred_pdb/protenix_v2/pmhc_tcr/classI/classI_protenix_v2_with_template/ranked_3/7q99_pmhc_tcr.pdb	after	ranked_3
197	7q9a	0.808	0.8	0.956	2.644	97.56545454545454	97.49666666666667	96.44999999999999	95.39	94.57666666666667	96.286	96.3553846153846	96.70837837837837	97.74265193370165	97.86800000000001	97.74921465968589	95.78800925925925	0.27365252	0.14179765	0.94481224	0.30728117	0.23413157	0.20642109	0.8215755	1.0526335	0.30462936	0.16691585	0.30270422	0.74305016	../../benchmark_data/class-i/pdb/7q9a_pmhc_tcr.pdb	../pred_pdb/protenix_v2/pmhc_tcr/classI/classI_protenix_v2_with_template/ranked_3/7q9a_pmhc_tcr.pdb	after	ranked_3
198	7q9b	0.624	0.613	1.754	3.738	94.1218181818182	95.99333333333333	88.3425	93.795	91.843	85.5575	86.48583333333333	95.40908641975311	97.00823204419888	95.36699999999999	96.92230366492147	94.0585046728972	0.49318534	0.26572058	0.5932532	0.2936739	0.26387307	0.8948132	0.9128163	1.8537363	0.68659157	0.33257887	0.678035	0.7734537	../../benchmark_data/class-i/pdb/7q9b_pmhc_tcr.pdb	../pred_pdb/protenix_v2/pmhc_tcr/classI/classI_protenix_v2_with_template/ranked_3/7q9b_pmhc_tcr.pdb	after	ranked_3
199	7qpj	0.929	0.899	0.502	0.851	98.3990909090909	98.52444444444444	98.35999999999999	97.58900000000001	96.723	97.40727272727273	97.92333333333333	97.9590570719603	98.28005555555558	98.30888888888889	98.28142857142858	97.67434579439254	0.2510205	0.44322118	0.11145134	0.12851901	0.14795081	0.49446782	0.47787407	0.5840984	0.45917216	0.19526684	0.45471606	0.48197892	../../benchmark_data/class-i/pdb/7qpj_pmhc_tcr.pdb	../pred_pdb/protenix_v2/pmhc_tcr/classI/classI_protenix_v2_with_template/ranked_3/7qpj_pmhc_tcr.pdb	after	ranked_3
200	7r80	0.148	0.065	5.436	12.711	82.01727272727273	86.60999999999999	84.5953846153846	89.03799999999998	84.764	81.54733333333334	82.96249999999999	91.7159902200489	93.20342541436465	87.34333333333332	92.92584210526314	90.66634703196347	1.9696816	0.39790487	0.33006057	0.23685494	0.19606903	0.4483214	0.49338785	4.994163	0.4437204	0.5659687	0.4593808	0.9243323	../../benchmark_data/class-i/pdb/7r80_pmhc_tcr.pdb	../pred_pdb/protenix_v2/pmhc_tcr/classI/classI_protenix_v2_with_template/ranked_3/7r80_pmhc_tcr.pdb	after	ranked_3
201	7rk7	0.506	0.364	3.214	1.385	92.19416666666666	93.29124999999999	73.78875	91.26199999999999	88.301	74.67099999999998	74.27888888888889	93.37024096385542	96.32292817679559	93.13111111111111	96.17173684210528	91.00453333333336	0.35198045	0.23635335	2.472719	0.52451444	0.23820248	4.2921786	5.5059223	2.0260527	0.5379566	0.48792267	0.5391615	2.477903	../../benchmark_data/class-i/pdb/7rk7_pmhc_tcr.pdb	../pred_pdb/protenix_v2/pmhc_tcr/classI/classI_protenix_v2_with_template/ranked_3/7rk7_pmhc_tcr.pdb	after	ranked_3
202	7rm4	0.283	0.167	4.001	7.549	84.31090909090909	88.60600000000001	80.36666666666667	90.69500000000001	84.07	82.02266666666668	81.28666666666666	92.03748166259169	93.20116022099448	89.40666666666667	93.02142105263158	91.18383561643837	1.3833448	0.42180237	1.2594365	0.1683587	0.2065096	2.4637601	2.4921963	3.8569074	0.35461316	0.407463	0.3632513	1.3912808	../../benchmark_data/class-i/pdb/7rm4_pmhc_tcr.pdb	../pred_pdb/protenix_v2/pmhc_tcr/classI/classI_protenix_v2_with_template/ranked_3/7rm4_pmhc_tcr.pdb	after	ranked_3
203	7rrg	0.043	0.0	14.858	23.064	85.90750000000001	85.60249999999999	72.58733333333333	89.547	86.04363636363635	83.70142857142858	77.95275862068965	91.76657701711491	92.09508287292817	90.51555555555555	92.02026315789473	91.54648401826483	0.23077513	0.35861883	2.9632063	0.17863384	0.3930025	2.7432334	3.5354798	17.104357	0.5574863	0.85999113	0.58213466	1.6082276	../../benchmark_data/class-i/pdb/7rrg_pmhc_tcr.pdb	../pred_pdb/protenix_v2/pmhc_tcr/classI/classI_protenix_v2_with_template/ranked_3/7rrg_pmhc_tcr.pdb	after	ranked_3
204	7rtr	0.606	0.651	1.859	4.616	96.71454545454544	96.77333333333334	97.49454545454545	97.659	97.65454545454546	97.44454545454546	97.46954545454547	97.67692874692875	97.68309392265193	96.99222222222222	97.65036842105263	97.70018433179725	0.3839611	0.27441698	0.2976175	0.48455718	0.21608062	0.21482491	0.56211734	2.2418752	0.40629917	0.24670444	0.40222913	1.0473988	../../benchmark_data/class-i/pdb/7rtr_pmhc_tcr.pdb	../pred_pdb/protenix_v2/pmhc_tcr/classI/classI_protenix_v2_with_template/ranked_3/7rtr_pmhc_tcr.pdb	after	ranked_3
205	7su9	0.547	0.552	1.904	5.492	86.09166666666668	88.95375	77.97599999999998	89.89899999999999	87.434	79.55	78.76299999999999	92.25904411764706	93.13205555555554	89.76	92.97148148148149	91.64420091324202	0.2539467	0.16220139	1.700489	0.16836533	0.16881905	0.757077	1.4805954	1.9188225	0.42770985	0.27171263	0.42224798	0.75430954	../../benchmark_data/class-i/pdb/7su9_pmhc_tcr.pdb	../pred_pdb/protenix_v2/pmhc_tcr/classI/classI_protenix_v2_with_template/ranked_3/7su9_pmhc_tcr.pdb	after	ranked_3
206	8cx4	0.897	0.847	0.627	0.804	94.53545454545456	94.15599999999999	91.76823529411764	96.08500000000001	94.85900000000001	92.89	92.2940625	95.9911622276029	96.92939226519337	95.89333333333333	96.8803157894737	95.2335874439462	0.71329194	0.22631766	0.5718668	0.1854515	0.21563976	0.58793986	0.7118512	0.6023363	0.40646827	0.29055038	0.4060027	0.53369725	../../benchmark_data/class-i/pdb/8cx4_pmhc_tcr.pdb	../pred_pdb/protenix_v2/pmhc_tcr/classI/classI_protenix_v2_with_template/ranked_3/8cx4_pmhc_tcr.pdb	after	ranked_3
207	8d5q	0.786	0.774	1.161	1.763	93.45181818181818	96.13	89.605625	96.67181818181817	96.10181818181817	96.19733333333333	92.79516129032257	95.97977941176471	96.43517045454546	95.724	96.39693548387098	95.63027027027027	0.36206177	0.19255796	1.8961003	0.24394599	0.20372878	0.30702862	1.6027443	1.0126003	0.68969214	0.656055	0.69437027	0.8564567	../../benchmark_data/class-i/pdb/8d5q_pmhc_tcr.pdb	../pred_pdb/protenix_v2/pmhc_tcr/classI/classI_protenix_v2_with_template/ranked_3/8d5q_pmhc_tcr.pdb	after	ranked_3
208	8dnt	0.765	0.699	1.023	2.603	97.44727272727273	97.52555555555554	91.56750000000001	96.00399999999999	89.39454545454545	93.62642857142858	92.67615384615387	96.62525798525797	97.65033149171275	96.43333333333334	97.59268421052631	95.77820276497697	0.48517823	0.402433	1.1698958	0.49301216	0.5403611	0.63556004	1.0217844	1.3782822	0.6886292	0.74950117	0.7093859	1.1837424	../../benchmark_data/class-i/pdb/8dnt_pmhc_tcr.pdb	../pred_pdb/protenix_v2/pmhc_tcr/classI/classI_protenix_v2_with_template/ranked_3/8dnt_pmhc_tcr.pdb	after	ranked_3
209	8en8	0.837	0.795	0.903	1.15	96.32090909090908	97.855	90.06000000000002	96.97363636363637	94.84583333333332	97.19733333333335	93.75172413793102	96.8117233009709	97.45372222222221	97.93555555555555	97.47666666666669	96.24816143497758	0.43591362	0.09721906	1.62938	0.41689444	0.39103112	0.26278824	1.4305823	0.73811907	0.3575935	0.20365934	0.35480502	0.8135731	../../benchmark_data/class-i/pdb/8en8_pmhc_tcr.pdb	../pred_pdb/protenix_v2/pmhc_tcr/classI/classI_protenix_v2_with_template/ranked_3/8en8_pmhc_tcr.pdb	after	ranked_3
210	8enh	0.805	0.765	0.983	1.941	95.83636363636364	97.665	89.33214285714287	97.11727272727272	95.3575	97.18133333333336	93.39206896551724	97.01012165450122	97.77938547486035	97.96666666666667	97.78835106382982	96.35403587443945	0.46190682	0.09860262	1.5466204	0.25728196	0.38176847	0.2049734	1.3625365	0.9662871	0.5249002	0.18316333	0.5150093	0.97474736	../../benchmark_data/class-i/pdb/8enh_pmhc_tcr.pdb	../pred_pdb/protenix_v2/pmhc_tcr/classI/classI_protenix_v2_with_template/ranked_3/8enh_pmhc_tcr.pdb	after	ranked_3
211	8eo8	0.837	0.811	0.942	1.077	95.83818181818182	97.637	88.69285714285715	96.9090909090909	95.03499999999998	96.88266666666667	92.92896551724138	96.8921411192214	97.676312849162	97.85777777777778	97.68499999999999	96.22372197309417	0.51335084	0.08985927	1.6202911	0.268353	0.1903337	0.24965687	1.4369047	0.98744994	0.4868434	0.16823338	0.47780514	1.1501092	../../benchmark_data/class-i/pdb/8eo8_pmhc_tcr.pdb	../pred_pdb/protenix_v2/pmhc_tcr/classI/classI_protenix_v2_with_template/ranked_3/8eo8_pmhc_tcr.pdb	after	ranked_3
212	8f5a	0.398	0.471	2.617	8.918	89.54636363636362	90.327	84.91000000000001	91.21100000000001	88.411	89.2325	86.8311111111111	94.13462102689486	94.98779005524862	84.81899999999999	94.45539267015707	93.85357798165138	0.28653538	2.1987648	2.1513298	0.30299693	0.22277267	1.117491	2.66613	2.8210793	0.33237934	1.0680941	0.44604498	1.6586198	../../benchmark_data/class-i/pdb/8f5a_pmhc_tcr.pdb	../pred_pdb/protenix_v2/pmhc_tcr/classI/classI_protenix_v2_with_template/ranked_3/8f5a_pmhc_tcr.pdb	after	ranked_3
213	8gom	0.032	0.0	18.814	27.217	84.89333333333333	83.05444444444444	86.09	86.729	86.6490909090909	80.66933333333333	82.96269230769232	91.60421951219512	92.89994475138121	92.18777777777778	92.8662105263158	90.51431818181817	0.3270945	0.2831406	1.1506698	0.18985316	0.23995276	1.1697243	1.4635752	15.756121	0.36923897	0.21681944	0.37371606	0.6597348	../../benchmark_data/class-i/pdb/8gom_pmhc_tcr.pdb	../pred_pdb/protenix_v2/pmhc_tcr/classI/classI_protenix_v2_with_template/ranked_3/8gom_pmhc_tcr.pdb	after	ranked_3
214	8gon	0.031	0.0	17.322	27.91	87.36833333333333	84.20555555555555	87.38818181818182	86.44800000000001	87.85545454545455	80.81666666666665	83.59692307692309	91.51870731707317	92.63331491712708	93.19222222222221	92.65978947368421	90.53322727272726	0.5563309	0.27734014	0.97807324	0.31766152	0.18719023	1.3335853	1.542599	19.533094	0.3577571	0.30830356	0.35762954	0.7786945	../../benchmark_data/class-i/pdb/8gon_pmhc_tcr.pdb	../pred_pdb/protenix_v2/pmhc_tcr/classI/classI_protenix_v2_with_template/ranked_3/8gon_pmhc_tcr.pdb	after	ranked_3
215	8gvb	0.8	0.803	1.093	2.107	92.4309090909091	95.92454545454544	94.73357142857142	97.747	98.25181818181818	96.34133333333334	95.56517241379312	97.21231707317074	97.83083333333335	97.61000000000001	97.82143617021276	96.69648648648648	1.8964268	0.8256433	0.5708569	0.39633188	0.6841876	0.42115387	0.62386173	1.0085043	0.49673927	0.38514856	0.50158435	0.91357476	../../benchmark_data/class-i/pdb/8gvb_pmhc_tcr.pdb	../pred_pdb/protenix_v2/pmhc_tcr/classI/classI_protenix_v2_with_template/ranked_3/8gvb_pmhc_tcr.pdb	after	ranked_3
216	8gvg	0.806	0.761	1.036	1.244	90.75363636363636	95.54	91.34214285714286	97.54	97.62909090909092	96.21733333333333	93.86379310344829	96.912798053528	97.62127071823203	97.18875	97.60296296296296	96.32522522522521	1.343348	0.93300813	1.4988873	0.43593192	0.6598063	0.43041492	1.1783072	0.8675158	0.63109994	0.41931534	0.6363575	0.91134924	../../benchmark_data/class-i/pdb/8gvg_pmhc_tcr.pdb	../pred_pdb/protenix_v2/pmhc_tcr/classI/classI_protenix_v2_with_template/ranked_3/8gvg_pmhc_tcr.pdb	after	ranked_3
217	8gvi	0.773	0.75	1.052	2.828	94.21	97.70454545454545	98.12357142857142	98.34199999999998	98.71090909090908	97.93333333333334	98.02517241379309	97.8955717761557	98.37011049723758	98.62125	98.38074074074073	97.48252252252252	1.6243513	0.8957621	0.5424447	0.44148582	0.34723517	0.9446719	0.97910583	1.2856785	0.55186224	0.4501766	0.5608471	1.1136442	../../benchmark_data/class-i/pdb/8gvi_pmhc_tcr.pdb	../pred_pdb/protenix_v2/pmhc_tcr/classI/classI_protenix_v2_with_template/ranked_3/8gvi_pmhc_tcr.pdb	after	ranked_3
218	8i5c	0.817	0.794	0.991	1.739	95.44090909090909	94.83000000000001	95.40916666666665	96.04800000000002	94.526	95.38615384615385	95.3972	96.48395061728395	96.69723756906077	94.55555555555556	96.59578947368422	96.38511627906978	0.26414132	0.19796842	0.26445723	0.23089455	0.3112441	1.3569862	1.3164095	0.8138603	0.33726	0.83652776	0.3881204	0.5987188	../../benchmark_data/class-i/pdb/8i5c_pmhc_tcr.pdb	../pred_pdb/protenix_v2/pmhc_tcr/classI/classI_protenix_v2_with_template/ranked_3/8i5c_pmhc_tcr.pdb	after	ranked_3
219	8i5d	0.678	0.695	1.618	3.18	88.621	91.97400000000002	87.77583333333332	94.803	89.87363636363636	89.306	88.62592592592593	94.50960396039602	95.48447513812155	91.03888888888888	95.27389473684211	93.83102803738316	0.5449073	0.2969929	1.0855073	0.30457437	0.20021634	1.0727494	1.3928572	1.658371	0.4247158	0.6128549	0.44575843	1.524344	../../benchmark_data/class-i/pdb/8i5d_pmhc_tcr.pdb	../pred_pdb/protenix_v2/pmhc_tcr/classI/classI_protenix_v2_with_template/ranked_3/8i5d_pmhc_tcr.pdb	after	ranked_3
220	8qfy	0.889	0.803	0.539	1.277	98.16272727272727	98.08666666666664	98.41916666666667	98.49600000000001	97.38818181818182	98.78250000000001	98.60083333333334	97.53471604938271	97.21867403314918	98.65888888888888	97.28689473684211	97.75372093023256	0.2125233	0.25816846	0.18446451	0.28688926	0.22856508	0.21205014	0.21320473	0.76934177	0.6837832	0.30037084	0.6728268	0.5481322	../../benchmark_data/class-i/pdb/8qfy_pmhc_tcr.pdb	../pred_pdb/protenix_v2/pmhc_tcr/classI/classI_protenix_v2_with_template/ranked_3/8qfy_pmhc_tcr.pdb	after	ranked_3
221	8shi	0.348	0.438	3.567	9.252	88.171	90.64	74.93764705882354	91.859	86.734	88.72428571428573	81.16387096774191	92.88980198019802	93.95116666666667	87.63875	93.68255319148936	92.19981481481481	0.40323338	0.43764448	3.0058677	0.20389204	0.21897645	0.36240533	2.516939	3.6445327	0.4256732	1.5405899	0.56207234	1.485749	../../benchmark_data/class-i/pdb/8shi_pmhc_tcr.pdb	../pred_pdb/protenix_v2/pmhc_tcr/classI/classI_protenix_v2_with_template/ranked_3/8shi_pmhc_tcr.pdb	after	ranked_3
222	8wte	0.288	0.246	3.626	9.002	87.17636363636363	86.77888888888889	87.99615384615387	89.70899999999997	86.38	82.928125	85.20000000000002	92.10290953545233	93.31762430939227	86.86111111111111	93.0117894736842	91.31438356164382	0.5924702	0.385601	0.45873022	0.2988159	0.30283812	1.296341	1.0998564	4.0288377	0.37572837	0.8356922	0.42154515	1.1814035	../../benchmark_data/class-i/pdb/8wte_pmhc_tcr.pdb	../pred_pdb/protenix_v2/pmhc_tcr/classI/classI_protenix_v2_with_template/ranked_3/8wte_pmhc_tcr.pdb	after	ranked_3
223	8wul	0.42	0.433	3.38	6.092	86.41818181818184	88.14777777777778	86.14000000000001	90.037	83.878	80.185	82.85448275862068	91.94963325183373	93.12762430939226	85.77000000000001	92.77910526315789	91.22999999999999	0.5816095	0.22026004	1.7743815	0.2940017	0.3141615	4.7116804	4.386852	3.096196	0.4081627	1.156998	0.51511896	1.9444511	../../benchmark_data/class-i/pdb/8wul_pmhc_tcr.pdb	../pred_pdb/protenix_v2/pmhc_tcr/classI/classI_protenix_v2_with_template/ranked_3/8wul_pmhc_tcr.pdb	after	ranked_3
224	6zkw	0.686	0.776	1.526	4.383	95.45727272727272	96.841	97.31384615384617	97.62500000000001	93.888	97.46374999999999	97.39655172413792	96.71782396088018	96.7791111111111	97.88777777777779	96.83190476190477	96.61981818181819	0.4257055	0.18570349	0.22858982	0.1489411	0.19501492	0.8508258	0.85674673	1.899443	0.75316817	0.14531639	0.73876506	0.6541916	../../benchmark_data/class-i/pdb/6zkw_pmhc_tcr.pdb	../pred_pdb/protenix_v2/pmhc_tcr/classI/classI_protenix_v2_with_template/ranked_4/6zkw_pmhc_tcr.pdb	after	ranked_4
225	6zkx	0.51	0.478	2.245	4.992	93.7881818181818	95.136	95.67999999999999	96.559	92.034	94.984375	95.2962068965517	95.56394160583942	95.71279329608939	92.545	95.51376963350786	95.6075	0.43870968	0.19639938	0.21327822	0.16876271	0.15177573	0.71135336	0.7203294	2.2750695	1.5625849	0.96591616	1.5871224	0.7623173	../../benchmark_data/class-i/pdb/6zkx_pmhc_tcr.pdb	../pred_pdb/protenix_v2/pmhc_tcr/classI/classI_protenix_v2_with_template/ranked_4/6zkx_pmhc_tcr.pdb	after	ranked_4
226	6zky	0.636	0.66	1.519	4.845	93.17727272727274	94.22800000000001	92.34384615384616	95.899	91.971	93.0025	92.70724137931035	94.90360294117649	95.22788888888888	86.62625	94.86186170212765	94.93927272727272	0.42796174	0.29058233	0.56769544	0.1498239	0.1928433	0.79336596	0.97396183	1.7754737	0.89163095	2.089513	1.0637771	0.7909022	../../benchmark_data/class-i/pdb/6zky_pmhc_tcr.pdb	../pred_pdb/protenix_v2/pmhc_tcr/classI/classI_protenix_v2_with_template/ranked_4/6zky_pmhc_tcr.pdb	after	ranked_4
227	6zkz	0.545	0.542	1.688	6.226	86.5327272727273	88.998	84.78923076923077	91.749	85.78799999999998	83.74437499999999	84.21275862068966	92.03198529411766	93.33177777777779	87.0975	93.06648936170212	91.14795454545452	0.42804754	0.18692318	0.4932103	0.15511908	0.17057505	0.7611079	0.92909503	1.8298014	0.85419494	2.225875	1.0301155	0.69846946	../../benchmark_data/class-i/pdb/6zkz_pmhc_tcr.pdb	../pred_pdb/protenix_v2/pmhc_tcr/classI/classI_protenix_v2_with_template/ranked_4/6zkz_pmhc_tcr.pdb	after	ranked_4
228	7dzm	0.916	0.907	0.572	1.559	97.34666666666665	97.37125	98.36866666666666	98.65599999999999	98.37818181818183	98.48916666666666	98.42222222222223	97.54923645320197	97.38305555555554	98.56	97.43910052910051	97.64516129032258	0.25230983	0.09140265	0.2828986	0.1500567	0.2895426	0.20819499	0.36310515	0.86883885	0.69102055	0.15949227	0.6783078	0.4360849	../../benchmark_data/class-i/pdb/7dzm_pmhc_tcr.pdb	../pred_pdb/protenix_v2/pmhc_tcr/classI/classI_protenix_v2_with_template/ranked_4/7dzm_pmhc_tcr.pdb	after	ranked_4
229	7dzn	0.19	0.119	5.665	10.741	90.71083333333331	93.605	81.98733333333332	95.503	93.80363636363636	93.33749999999998	87.03185185185185	95.51995061728395	96.5440782122905	93.21999999999998	96.38494680851065	94.7705529953917	0.21762463	0.22450727	2.7736604	0.18273571	0.19936311	0.29366466	2.3573492	20.35485	0.39610228	0.4699773	0.41560647	1.1499789	../../benchmark_data/class-i/pdb/7dzn_pmhc_tcr.pdb	../pred_pdb/protenix_v2/pmhc_tcr/classI/classI_protenix_v2_with_template/ranked_4/7dzn_pmhc_tcr.pdb	after	ranked_4
230	7l1d	0.031	0.0	17.055	27.805	82.99727272727273	85.92444444444445	78.26769230769231	86.26399999999998	89.04799999999999	71.56421052631579	74.2875	91.3495599022005	93.57784530386742	95.10555555555555	93.65021052631579	89.35356164383562	0.5173512	0.29269782	2.117712	0.25308314	0.19675721	4.755766	5.7627087	19.25871	0.45939228	0.54143006	0.47356358	3.2622468	../../benchmark_data/class-i/pdb/7l1d_pmhc_tcr.pdb	../pred_pdb/protenix_v2/pmhc_tcr/classI/classI_protenix_v2_with_template/ranked_4/7l1d_pmhc_tcr.pdb	after	ranked_4
231	7n2n	0.615	0.561	1.76	3.39	87.72818181818182	88.001	84.82941176470588	93.02199999999999	89.119	85.70266666666666	85.23875	93.05915254237287	93.96281767955801	87.92777777777778	93.67694736842105	92.53278026905828	1.0112615	0.27264637	1.3329324	0.1838116	0.16674888	1.4026964	2.3053207	1.5422329	0.36221412	0.2923593	0.36623976	1.2428854	../../benchmark_data/class-i/pdb/7n2n_pmhc_tcr.pdb	../pred_pdb/protenix_v2/pmhc_tcr/classI/classI_protenix_v2_with_template/ranked_4/7n2n_pmhc_tcr.pdb	after	ranked_4
232	7n2o	0.601	0.593	1.764	4.376	92.31727272727272	91.255	89.97764705882352	94.63	91.425	88.48000000000002	89.275625	94.68605326876514	95.3345856353591	91.56777777777778	95.15615789473684	94.28551569506728	0.81960726	0.33726192	0.82855326	0.18905564	0.18856542	1.3987225	1.6074643	2.0050852	0.37208134	0.5792939	0.38946894	1.1038299	../../benchmark_data/class-i/pdb/7n2o_pmhc_tcr.pdb	../pred_pdb/protenix_v2/pmhc_tcr/classI/classI_protenix_v2_with_template/ranked_4/7n2o_pmhc_tcr.pdb	after	ranked_4
233	7n2p	0.634	0.603	1.364	4.899	93.71363636363635	94.16499999999999	93.74636363636364	96.647	95.232	94.01866666666666	93.90346153846153	96.2555773955774	97.01530386740332	95.79666666666667	96.95757894736843	95.64092165898619	0.30403435	0.37475088	0.99466425	0.1841853	0.21340112	0.61314857	0.96928	1.7477438	0.4420837	0.23318104	0.44462925	0.8029087	../../benchmark_data/class-i/pdb/7n2p_pmhc_tcr.pdb	../pred_pdb/protenix_v2/pmhc_tcr/classI/classI_protenix_v2_with_template/ranked_4/7n2p_pmhc_tcr.pdb	after	ranked_4
234	7n2q	0.616	0.644	1.494	5.542	94.45	94.78200000000001	94.0909090909091	96.73100000000001	95.04400000000001	94.68733333333333	94.435	96.45457002457003	97.17883977900554	95.99222222222222	97.12263157894738	95.86963133640553	0.28019926	0.42874548	1.0052152	0.17470452	0.18175648	0.56565964	0.92209214	2.1213782	0.35360456	0.18297723	0.35101712	0.9943199	../../benchmark_data/class-i/pdb/7n2q_pmhc_tcr.pdb	../pred_pdb/protenix_v2/pmhc_tcr/classI/classI_protenix_v2_with_template/ranked_4/7n2q_pmhc_tcr.pdb	after	ranked_4
235	7n2r	0.48	0.569	2.064	8.056	82.71272727272729	85.348	81.66363636363636	89.887	85.293	79.16	80.21923076923076	91.4381081081081	93.54022099447513	88.31	93.29247368421052	89.81447004608295	0.23810586	0.33833247	0.3079105	0.19053252	0.23608603	0.6715051	0.66328484	2.5481403	0.3915869	0.46410874	0.40022877	0.71360916	../../benchmark_data/class-i/pdb/7n2r_pmhc_tcr.pdb	../pred_pdb/protenix_v2/pmhc_tcr/classI/classI_protenix_v2_with_template/ranked_4/7n2r_pmhc_tcr.pdb	after	ranked_4
236	7n2s	0.296	0.424	4.133	11.638	88.42272727272727	90.28200000000001	84.286875	94.801	90.252	89.18666666666668	86.65774193548387	93.99618932038837	95.16093922651932	91.74666666666667	94.99921052631578	93.13774774774775	1.3029925	0.3977341	2.0115275	0.49329826	0.17829213	0.63396025	2.0276427	4.741068	0.40565875	0.46726018	0.4166987	1.2118311	../../benchmark_data/class-i/pdb/7n2s_pmhc_tcr.pdb	../pred_pdb/protenix_v2/pmhc_tcr/classI/classI_protenix_v2_with_template/ranked_4/7n2s_pmhc_tcr.pdb	after	ranked_4
237	7n4k	0.809	0.855	1.076	2.645	92.72916666666667	91.8625	91.68846153846152	95.94200000000001	94.609	93.31272727272727	92.43291666666669	95.85355	96.17175141242939	96.271	96.17705882352942	95.56953051643191	0.12350914	0.8078179	0.5896304	0.40813845	0.11129076	0.6391473	0.63313884	1.2741135	1.3104428	0.20353518	1.2788364	0.67312205	../../benchmark_data/class-i/pdb/7n4k_pmhc_tcr.pdb	../pred_pdb/protenix_v2/pmhc_tcr/classI/classI_protenix_v2_with_template/ranked_4/7n4k_pmhc_tcr.pdb	after	ranked_4
238	7n5c	0.757	0.667	1.099	1.895	93.31833333333333	93.10749999999999	91.47	97.15400000000001	95.825	95.5790909090909	93.35333333333334	96.06497524752476	96.07762430939226	97.06300000000002	96.12921465968587	96.00737089201878	0.1779904	0.13841474	0.60079	0.430414	0.091274776	0.8444251	0.9129303	1.1491834	0.930669	0.29344976	0.9100513	0.7467824	../../benchmark_data/class-i/pdb/7n5c_pmhc_tcr.pdb	../pred_pdb/protenix_v2/pmhc_tcr/classI/classI_protenix_v2_with_template/ranked_4/7n5c_pmhc_tcr.pdb	after	ranked_4
239	7n5p	0.775	0.864	1.204	3.557	93.57833333333333	92.62875	93.29461538461538	96.31700000000001	94.96199999999999	94.51727272727273	93.85500000000002	96.33040100250626	96.39375000000001	96.66799999999999	96.40849462365591	96.26220657276994	0.15257132	0.2557097	0.54048944	0.44006652	0.110612005	0.21968733	0.44772664	1.5303081	1.1673558	0.2200499	1.1410006	0.583022	../../benchmark_data/class-i/pdb/7n5p_pmhc_tcr.pdb	../pred_pdb/protenix_v2/pmhc_tcr/classI/classI_protenix_v2_with_template/ranked_4/7n5p_pmhc_tcr.pdb	after	ranked_4
240	7na5	0.332	0.245	3.556	6.947	94.41363636363636	96.03888888888889	93.66818181818184	97.306	94.66600000000001	96.62666666666668	95.37500000000001	95.54271604938272	95.5122222222222	97.40444444444444	95.60232804232807	95.49055555555555	0.46993288	0.21712211	0.5644653	0.25779215	0.41523457	0.5500872	0.6485178	3.7024376	0.9661534	0.31968674	0.94701505	1.059937	../../benchmark_data/class-i/pdb/7na5_pmhc_tcr.pdb	../pred_pdb/protenix_v2/pmhc_tcr/classI/classI_protenix_v2_with_template/ranked_4/7na5_pmhc_tcr.pdb	after	ranked_4
241	7ndq	0.52	0.467	2.187	4.597	90.20916666666666	88.905	83.01533333333333	93.83700000000002	92.9790909090909	89.45076923076924	86.00321428571428	94.41247549019609	94.71320441988952	92.54888888888888	94.61068421052632	94.2397247706422	0.45392576	0.2964896	2.7934701	0.33296946	0.41165859	2.121175	2.7145352	2.1177015	1.0958332	2.1401026	1.2053671	1.1868794	../../benchmark_data/class-i/pdb/7ndq_pmhc_tcr.pdb	../pred_pdb/protenix_v2/pmhc_tcr/classI/classI_protenix_v2_with_template/ranked_4/7ndq_pmhc_tcr.pdb	after	ranked_4
242	7ndt	0.724	0.639	1.212	2.393	86.41083333333334	89.82374999999999	84.28857142857143	91.393	88.93727272727273	88.21333333333332	86.1	92.86811881188119	92.81455555555557	86.87125	92.5616489361702	93.13486111111112	0.5538846	0.2065345	0.8661866	0.16104996	0.22104296	1.0830562	1.3124654	1.2792732	0.81700337	1.7571883	0.94056934	0.9733557	../../benchmark_data/class-i/pdb/7ndt_pmhc_tcr.pdb	../pred_pdb/protenix_v2/pmhc_tcr/classI/classI_protenix_v2_with_template/ranked_4/7ndt_pmhc_tcr.pdb	after	ranked_4
243	7ndu	0.683	0.662	1.693	2.017	96.17416666666668	96.35875	89.91466666666665	97.587	96.75090909090909	94.64846153846153	92.11249999999998	96.79710073710073	97.01718232044199	95.44125	96.95047619047618	96.66412844036697	0.41245168	0.23536354	1.2961395	0.2987277	0.31368285	1.6994963	1.9162934	1.3275751	1.075663	1.4000819	1.1644247	1.1798822	../../benchmark_data/class-i/pdb/7ndu_pmhc_tcr.pdb	../pred_pdb/protenix_v2/pmhc_tcr/classI/classI_protenix_v2_with_template/ranked_4/7ndu_pmhc_tcr.pdb	after	ranked_4
244	7nme	0.631	0.667	1.723	4.305	88.69181818181819	90.44000000000001	92.26615384615387	95.062	92.58727272727273	94.53999999999998	93.30833333333334	95.38046913580249	96.04607734806628	93.00333333333334	95.90194736842106	94.91962790697674	0.41894808	0.2337966	0.39707336	0.25182047	0.16353716	0.44376627	0.4592967	2.2689917	0.4788265	0.295515	0.47744104	0.9340153	../../benchmark_data/class-i/pdb/7nme_pmhc_tcr.pdb	../pred_pdb/protenix_v2/pmhc_tcr/classI/classI_protenix_v2_with_template/ranked_4/7nme_pmhc_tcr.pdb	after	ranked_4
245	7nmf	0.628	0.676	1.789	4.321	88.60454545454546	90.34599999999999	92.22923076923078	95.03399999999999	92.56727272727274	94.53636363636362	93.28666666666668	95.36120987654321	96.03044198895029	92.94888888888889	95.88447368421052	94.89879069767443	0.43395904	0.16634004	0.48319846	0.19288324	0.1644561	0.42830002	0.53408915	2.2485666	0.43232882	0.4119789	0.43893808	0.8610872	../../benchmark_data/class-i/pdb/7nmf_pmhc_tcr.pdb	../pred_pdb/protenix_v2/pmhc_tcr/classI/classI_protenix_v2_with_template/ranked_4/7nmf_pmhc_tcr.pdb	after	ranked_4
246	7nmg	0.653	0.569	1.407	3.45	90.04181818181819	92.03800000000001	93.52384615384615	96.081	93.91454545454545	95.6581818181818	94.50208333333335	95.956	96.54453038674033	93.71555555555555	96.41052631578947	95.55432558139535	0.3697744	0.26432726	0.4325915	0.25034043	0.18843561	0.43355957	0.52466494	1.8265015	0.48375365	0.5989767	0.50041527	0.74267757	../../benchmark_data/class-i/pdb/7nmg_pmhc_tcr.pdb	../pred_pdb/protenix_v2/pmhc_tcr/classI/classI_protenix_v2_with_template/ranked_4/7nmg_pmhc_tcr.pdb	after	ranked_4
247	7ow5	0.817	0.719	0.842	1.412	93.1475	90.39363636363636	91.009375	95.703	94.45800000000001	91.07374999999999	91.0415625	94.91857831325301	95.68161111111112	89.226	95.34184210526318	94.56115555555556	0.25081733	0.53076535	0.5904198	0.22148804	0.22907235	1.2037973	1.1100948	0.7362915	0.40005225	1.0318638	0.46438974	0.71102184	../../benchmark_data/class-i/pdb/7ow5_pmhc_tcr.pdb	../pred_pdb/protenix_v2/pmhc_tcr/classI/classI_protenix_v2_with_template/ranked_4/7ow5_pmhc_tcr.pdb	after	ranked_4
248	7ow6	0.808	0.723	0.881	1.794	91.49916666666667	89.13818181818182	88.42	94.66600000000001	93.05199999999999	87.124375	87.7721875	94.13572115384615	95.0729281767956	88.37599999999999	94.72230366492148	93.63777777777777	0.27785942	0.49766916	0.38277394	0.15646298	0.2901701	1.2541308	1.1224434	0.7905099	0.3471266	0.71434796	0.39496586	0.7785183	../../benchmark_data/class-i/pdb/7ow6_pmhc_tcr.pdb	../pred_pdb/protenix_v2/pmhc_tcr/classI/classI_protenix_v2_with_template/ranked_4/7ow6_pmhc_tcr.pdb	after	ranked_4
249	7pb2	0.051	0.016	15.319	22.191	86.97166666666665	82.82454545454544	80.19375	88.201	82.79299999999999	78.343125	79.2684375	90.1902891566265	91.28844444444444	88.56300000000002	91.145	89.38408888888888	0.3199284	1.2042335	3.364037	0.17077611	0.24979083	2.957171	3.4841826	17.950071	0.49796483	1.3710485	0.6034453	2.1314623	../../benchmark_data/class-i/pdb/7pb2_pmhc_tcr.pdb	../pred_pdb/protenix_v2/pmhc_tcr/classI/classI_protenix_v2_with_template/ranked_4/7pb2_pmhc_tcr.pdb	after	ranked_4
250	7pbe	0.811	0.857	1.127	2.229	97.39272727272727	93.25375	97.37916666666666	97.393	97.78090909090908	96.7376923076923	97.0456	97.4096049382716	97.89154696132599	98.18666666666667	97.90552631578944	96.97134883720932	0.36003128	0.74920607	0.3263563	0.6019602	0.2647292	0.4626952	0.61037624	1.1711644	0.6690716	0.14818667	0.654368	0.6811034	../../benchmark_data/class-i/pdb/7pbe_pmhc_tcr.pdb	../pred_pdb/protenix_v2/pmhc_tcr/classI/classI_protenix_v2_with_template/ranked_4/7pbe_pmhc_tcr.pdb	after	ranked_4
251	7phr	0.9	0.78	0.396	1.068	97.897	98.181	97.41454545454545	98.471	98.517	98.61769230769232	98.06625000000001	97.03735	98.21745856353591	98.49	98.23036842105266	95.95795238095239	0.1779364	0.2571655	0.39042282	0.17192222	0.21553235	0.16879004	0.34053963	0.7638932	0.5562595	0.21901892	0.5455336	0.68369406	../../benchmark_data/class-i/pdb/7phr_pmhc_tcr.pdb	../pred_pdb/protenix_v2/pmhc_tcr/classI/classI_protenix_v2_with_template/ranked_4/7phr_pmhc_tcr.pdb	after	ranked_4
252	7q99	0.853	0.863	0.796	2.572	96.08727272727273	96.58555555555556	93.73909090909092	94.12727272727274	93.29222222222222	92.84933333333335	93.22576923076923	95.94710073710074	97.3813812154696	96.694	97.34539267015705	94.71064814814817	0.4089136	0.28717718	0.23794135	0.31476033	0.14517489	0.2576811	0.3593398	1.070557	0.30600968	0.1798699	0.302995	0.6384678	../../benchmark_data/class-i/pdb/7q99_pmhc_tcr.pdb	../pred_pdb/protenix_v2/pmhc_tcr/classI/classI_protenix_v2_with_template/ranked_4/7q99_pmhc_tcr.pdb	after	ranked_4
253	7q9a	0.777	0.773	1.046	3.073	97.58545454545455	97.49444444444445	96.45181818181817	95.42545454545453	94.67555555555556	96.28333333333333	96.35461538461537	96.71707616707616	97.74911602209943	97.86699999999999	97.75528795811519	95.79902777777778	0.2604522	0.23040132	0.83704734	0.2526114	0.21351497	0.212656	0.71510917	1.2766958	0.31086126	0.16762693	0.30975947	0.6190602	../../benchmark_data/class-i/pdb/7q9a_pmhc_tcr.pdb	../pred_pdb/protenix_v2/pmhc_tcr/classI/classI_protenix_v2_with_template/ranked_4/7q9a_pmhc_tcr.pdb	after	ranked_4
254	7q9b	0.522	0.55	2.395	5.115	94.10909090909091	95.96555555555555	88.26625	93.643	91.27199999999999	85.543125	86.45083333333332	95.36271604938273	96.9682320441989	95.297	96.88073298429318	94.00785046728971	0.47781235	0.24869126	0.3879294	0.29035816	0.2733987	0.83170426	0.8903154	2.5095274	0.66343755	0.31933537	0.65481853	0.85422814	../../benchmark_data/class-i/pdb/7q9b_pmhc_tcr.pdb	../pred_pdb/protenix_v2/pmhc_tcr/classI/classI_protenix_v2_with_template/ranked_4/7q9b_pmhc_tcr.pdb	after	ranked_4
255	7qpj	0.935	0.913	0.485	0.97	98.39454545454545	98.52333333333334	98.35	97.57400000000001	96.64599999999999	97.3909090909091	97.91041666666666	97.95424317617865	98.27494444444443	98.31333333333333	98.27677248677247	97.66939252336448	0.23578826	0.3635416	0.12758705	0.1606302	0.13577306	0.41986555	0.39251763	0.66099226	0.40116408	0.19891946	0.39700505	0.5070698	../../benchmark_data/class-i/pdb/7qpj_pmhc_tcr.pdb	../pred_pdb/protenix_v2/pmhc_tcr/classI/classI_protenix_v2_with_template/ranked_4/7qpj_pmhc_tcr.pdb	after	ranked_4
256	7r80	0.06	0.081	17.408	26.93	82.96272727272729	88.551	84.82076923076923	89.68499999999999	84.922	81.66000000000001	83.12750000000001	92.09770171149144	93.66121546961327	89.32111111111111	93.45563157894736	90.91958904109589	1.8821706	0.37629718	0.38800737	0.24540138	0.21176998	0.54955876	0.6662994	12.267699	0.508566	0.65536577	0.52020746	1.0815959	../../benchmark_data/class-i/pdb/7r80_pmhc_tcr.pdb	../pred_pdb/protenix_v2/pmhc_tcr/classI/classI_protenix_v2_with_template/ranked_4/7r80_pmhc_tcr.pdb	after	ranked_4
257	7rk7	0.491	0.394	3.368	2.609	92.18333333333334	93.255	73.924375	90.999	87.22800000000001	74.3285	74.14888888888889	93.30380722891567	96.30895027624308	93.16444444444443	96.16000000000001	90.89191111111111	0.33435112	0.21284203	2.5661943	0.5104671	0.22498523	4.3606596	5.752893	2.2796388	0.5248198	0.34184605	0.5265035	2.5494049	../../benchmark_data/class-i/pdb/7rk7_pmhc_tcr.pdb	../pred_pdb/protenix_v2/pmhc_tcr/classI/classI_protenix_v2_with_template/ranked_4/7rk7_pmhc_tcr.pdb	after	ranked_4
258	7rm4	0.326	0.312	3.639	8.178	85.11272727272727	88.35199999999999	80.47	90.834	84.33454545454546	82.16800000000002	81.41333333333334	92.16330073349633	93.3703314917127	89.56222222222223	93.18994736842107	91.27260273972601	1.0871286	0.41082597	1.2805312	0.17371261	0.20159908	1.6320764	1.6260217	4.0163255	0.41476476	0.44167203	0.42335647	0.9190384	../../benchmark_data/class-i/pdb/7rm4_pmhc_tcr.pdb	../pred_pdb/protenix_v2/pmhc_tcr/classI/classI_protenix_v2_with_template/ranked_4/7rm4_pmhc_tcr.pdb	after	ranked_4
259	7rrg	0.191	0.143	4.228	12.451	85.00416666666668	90.12125	70.94133333333333	90.836	85.02363636363636	85.02499999999999	77.7403448275862	91.95288508557456	92.4464640883978	85.22333333333333	92.10431578947369	91.82150684931506	0.19041722	0.14822616	2.1440272	0.18272623	0.38809523	0.3620694	1.821897	4.6695046	0.5858356	1.0812147	0.62812763	0.90000904	../../benchmark_data/class-i/pdb/7rrg_pmhc_tcr.pdb	../pred_pdb/protenix_v2/pmhc_tcr/classI/classI_protenix_v2_with_template/ranked_4/7rrg_pmhc_tcr.pdb	after	ranked_4
260	7rtr	0.52	0.651	2.358	6.621	96.81090909090909	96.85444444444445	97.56818181818181	97.71000000000001	97.66454545454545	97.50363636363636	97.53590909090909	97.69916461916462	97.70342541436465	97.06777777777779	97.67331578947369	97.72179723502303	0.415725	0.28891382	0.29069862	0.3723031	0.21483049	0.2066286	0.30068123	3.022333	0.48201102	0.2696412	0.47579554	0.88694084	../../benchmark_data/class-i/pdb/7rtr_pmhc_tcr.pdb	../pred_pdb/protenix_v2/pmhc_tcr/classI/classI_protenix_v2_with_template/ranked_4/7rtr_pmhc_tcr.pdb	after	ranked_4
261	7su9	0.681	0.586	1.268	3.226	86.01833333333332	89.17500000000001	77.80866666666665	90.171	87.134	79.12133333333334	78.46499999999997	92.23906862745098	93.13494444444444	89.77444444444444	92.97492063492062	91.60401826484018	0.3859627	0.15588501	1.8393302	0.18671893	0.17344229	1.0690091	1.6371083	1.1989119	0.36171305	0.26073155	0.35885274	0.908383	../../benchmark_data/class-i/pdb/7su9_pmhc_tcr.pdb	../pred_pdb/protenix_v2/pmhc_tcr/classI/classI_protenix_v2_with_template/ranked_4/7su9_pmhc_tcr.pdb	after	ranked_4
262	8cx4	0.844	0.712	0.678	0.847	94.48636363636363	94.14200000000001	91.64647058823529	96.155	94.924	92.83866666666668	92.20531249999999	95.98924939467312	96.93143646408839	95.90000000000002	96.88257894736842	95.22811659192827	0.34268504	0.23771498	0.477516	0.18719795	0.18267095	0.78373224	0.7595586	0.627001	0.42314166	0.39667356	0.42920277	0.61005855	../../benchmark_data/class-i/pdb/8cx4_pmhc_tcr.pdb	../pred_pdb/protenix_v2/pmhc_tcr/classI/classI_protenix_v2_with_template/ranked_4/8cx4_pmhc_tcr.pdb	after	ranked_4
263	8d5q	0.766	0.698	1.163	1.368	93.45454545454545	96.15700000000001	89.58125000000001	96.62636363636362	96.04363636363637	96.19266666666667	92.78032258064518	95.97541666666667	96.43028409090908	95.70899999999999	96.39150537634409	95.62680180180182	0.2763295	0.1775697	1.9444191	0.21767229	0.20406705	0.31745973	1.6272941	0.96192795	0.52440155	0.9396755	0.5674577	0.8540624	../../benchmark_data/class-i/pdb/8d5q_pmhc_tcr.pdb	../pred_pdb/protenix_v2/pmhc_tcr/classI/classI_protenix_v2_with_template/ranked_4/8d5q_pmhc_tcr.pdb	after	ranked_4
264	8dnt	0.648	0.575	1.345	4.055	97.52090909090909	97.53222222222222	91.60583333333334	96.047	89.45818181818181	93.50714285714287	92.62961538461538	96.6327027027027	97.66071823204418	96.44555555555556	97.60315789473684	95.78299539170507	0.48632738	0.38613054	0.9539954	0.48449352	0.5257658	0.6024273	1.522696	1.6331748	0.6556123	0.7140342	0.6759387	1.5046976	../../benchmark_data/class-i/pdb/8dnt_pmhc_tcr.pdb	../pred_pdb/protenix_v2/pmhc_tcr/classI/classI_protenix_v2_with_template/ranked_4/8dnt_pmhc_tcr.pdb	after	ranked_4
265	8en8	0.844	0.836	0.928	1.434	96.3309090909091	97.852	90.04571428571428	96.97727272727273	94.8825	97.20133333333335	93.74689655172412	96.8164077669903	97.46138888888889	97.93333333333334	97.48386243386241	96.25071748878925	0.44232768	0.100451246	1.6174834	0.42052963	0.3830089	0.24637467	1.4316181	0.82694155	0.5066083	0.18464468	0.5016542	0.82515717	../../benchmark_data/class-i/pdb/8en8_pmhc_tcr.pdb	../pred_pdb/protenix_v2/pmhc_tcr/classI/classI_protenix_v2_with_template/ranked_4/8en8_pmhc_tcr.pdb	after	ranked_4
266	8enh	0.806	0.728	0.961	1.165	95.82454545454544	97.668	89.1907142857143	97.13818181818182	95.34749999999998	97.19066666666667	93.32862068965517	97.00452554744525	97.77642458100556	98.00333333333333	97.78728723404257	96.34461883408073	0.4597299	0.07462745	1.5203202	0.29273167	0.37016845	0.26489398	1.3072982	1.0402219	0.53351134	0.16052271	0.52237064	1.2388512	../../benchmark_data/class-i/pdb/8enh_pmhc_tcr.pdb	../pred_pdb/protenix_v2/pmhc_tcr/classI/classI_protenix_v2_with_template/ranked_4/8enh_pmhc_tcr.pdb	after	ranked_4
267	8eo8	0.803	0.757	1.011	1.6	95.83454545454546	97.627	88.61357142857143	96.89545454545454	95.08333333333333	96.88066666666666	92.88965517241378	96.89464720194647	97.68022346368716	97.86333333333333	97.68898936170213	96.22497757847535	0.5174584	0.10682575	1.6587315	0.27407524	0.17984186	0.2286799	1.4672819	0.93864346	0.3738675	0.19745	0.36973274	1.0790381	../../benchmark_data/class-i/pdb/8eo8_pmhc_tcr.pdb	../pred_pdb/protenix_v2/pmhc_tcr/classI/classI_protenix_v2_with_template/ranked_4/8eo8_pmhc_tcr.pdb	after	ranked_4
268	8f5a	0.325	0.343	3.126	9.492	89.43727272727273	90.57300000000001	85.09466666666667	91.226	88.64500000000001	89.16833333333334	86.90518518518519	94.15655256723716	95.01016574585637	84.61099999999999	94.46570680628272	93.8856880733945	0.2791347	2.1910727	1.8847501	0.26779017	0.2172638	1.1160946	2.4448285	3.0465577	0.3409644	1.0565028	0.43429404	1.4829696	../../benchmark_data/class-i/pdb/8f5a_pmhc_tcr.pdb	../pred_pdb/protenix_v2/pmhc_tcr/classI/classI_protenix_v2_with_template/ranked_4/8f5a_pmhc_tcr.pdb	after	ranked_4
269	8gom	0.031	0.0	17.549	27.857	87.11000000000001	83.78333333333333	87.30454545454545	86.491	87.86545454545454	80.96533333333332	83.64730769230769	91.48834146341464	92.7024309392265	92.03888888888888	92.67099999999999	90.46695454545456	0.44618714	0.32236686	0.9605099	0.22962284	0.23943864	1.495318	1.6237116	19.586864	0.4835515	0.20475404	0.4815934	0.76996595	../../benchmark_data/class-i/pdb/8gom_pmhc_tcr.pdb	../pred_pdb/protenix_v2/pmhc_tcr/classI/classI_protenix_v2_with_template/ranked_4/8gom_pmhc_tcr.pdb	after	ranked_4
270	8gon	0.032	0.0	18.102	27.31	85.91333333333334	83.94222222222223	86.49727272727274	87.15299999999999	86.78727272727274	80.67133333333332	83.13615384615385	91.8450731707317	93.08850828729283	93.33444444444444	93.10015789473684	90.76113636363635	0.5871323	0.28191584	0.9997889	0.19711791	0.1916753	1.1731282	1.3600532	16.638046	0.31170386	0.27307317	0.31497315	0.635694	../../benchmark_data/class-i/pdb/8gon_pmhc_tcr.pdb	../pred_pdb/protenix_v2/pmhc_tcr/classI/classI_protenix_v2_with_template/ranked_4/8gon_pmhc_tcr.pdb	after	ranked_4
271	8gvb	0.807	0.818	1.08	2.095	92.3990909090909	95.91	94.72571428571428	97.75600000000001	98.25272727272728	96.34733333333335	95.56448275862068	97.21314634146341	97.83522222222224	97.61375000000001	97.82579787234043	96.69432432432433	1.9672133	0.8355825	0.66883945	0.4486614	0.67690885	0.3944828	0.6674978	0.9767721	0.5049987	0.3995297	0.51238865	0.9214822	../../benchmark_data/class-i/pdb/8gvb_pmhc_tcr.pdb	../pred_pdb/protenix_v2/pmhc_tcr/classI/classI_protenix_v2_with_template/ranked_4/8gvb_pmhc_tcr.pdb	after	ranked_4
272	8gvg	0.788	0.776	1.166	1.631	90.72909090909091	95.52181818181816	91.37142857142855	97.543	97.66363636363636	96.23333333333333	93.88620689655176	96.91109489051097	97.6175138121547	97.18375	97.59915343915345	96.32531531531531	1.283726	0.9146398	1.5036356	0.48425725	0.65571856	0.4428133	1.1997337	1.0590329	0.6129448	0.4151797	0.616988	0.9812443	../../benchmark_data/class-i/pdb/8gvg_pmhc_tcr.pdb	../pred_pdb/protenix_v2/pmhc_tcr/classI/classI_protenix_v2_with_template/ranked_4/8gvg_pmhc_tcr.pdb	after	ranked_4
273	8gvi	0.778	0.735	1.024	2.544	94.22272727272728	97.70636363636363	98.13428571428572	98.34700000000001	98.71181818181817	97.93733333333333	98.03241379310343	97.89832116788321	98.37270718232044	98.62125	98.38322751322751	97.48549549549548	1.5334288	0.90199643	0.5407773	0.42562896	0.35321134	0.95377344	0.9783975	1.2000786	0.53885514	0.45246714	0.5484193	1.084232	../../benchmark_data/class-i/pdb/8gvi_pmhc_tcr.pdb	../pred_pdb/protenix_v2/pmhc_tcr/classI/classI_protenix_v2_with_template/ranked_4/8gvi_pmhc_tcr.pdb	after	ranked_4
274	8i5c	0.848	0.841	0.921	1.316	95.43454545454547	94.80666666666667	95.41916666666668	95.99600000000001	94.506	95.37769230769231	95.3976	96.47982716049383	96.6942541436464	94.56666666666666	96.59347368421054	96.3793953488372	0.2575249	0.2796289	0.25550264	0.2295809	0.29305977	1.3343099	1.3099385	0.82030714	0.32235202	1.077566	0.40689334	0.6244962	../../benchmark_data/class-i/pdb/8i5c_pmhc_tcr.pdb	../pred_pdb/protenix_v2/pmhc_tcr/classI/classI_protenix_v2_with_template/ranked_4/8i5c_pmhc_tcr.pdb	after	ranked_4
275	8i5d	0.656	0.678	1.674	3.627	88.537	91.923	87.83083333333333	94.81299999999999	89.87363636363636	89.34933333333332	88.67444444444445	94.5163613861386	95.50259668508288	91.03777777777778	95.29110526315789	93.8285046728972	0.37599126	0.2599347	1.1289469	0.27451545	0.2239429	0.91227317	1.389152	1.7229288	0.37650147	0.79974866	0.42716026	1.4465569	../../benchmark_data/class-i/pdb/8i5d_pmhc_tcr.pdb	../pred_pdb/protenix_v2/pmhc_tcr/classI/classI_protenix_v2_with_template/ranked_4/8i5d_pmhc_tcr.pdb	after	ranked_4
276	8qfy	0.884	0.787	0.527	1.347	98.16363636363636	98.08999999999999	98.41833333333334	98.50300000000001	97.40272727272728	98.78500000000001	98.60166666666667	97.53644444444443	97.21878453038673	98.65888888888888	97.287	97.75688372093023	0.27734265	0.27099577	0.18135655	0.30032063	0.22113945	0.20425573	0.21390712	0.84251165	0.7495562	0.29714698	0.73732054	0.6326828	../../benchmark_data/class-i/pdb/8qfy_pmhc_tcr.pdb	../pred_pdb/protenix_v2/pmhc_tcr/classI/classI_protenix_v2_with_template/ranked_4/8qfy_pmhc_tcr.pdb	after	ranked_4
277	8shi	0.204	0.146	4.385	11.277	89.01899999999999	91.452	74.71588235294116	92.607	87.54299999999999	89.04357142857143	81.18645161290321	93.20970297029703	94.32966666666667	88.34625	94.07505319148936	92.45652777777778	0.37472382	0.46598104	2.4215188	0.23520322	0.1889128	0.35022354	1.9269816	3.7245326	0.40066049	1.4976425	0.5283854	1.1313273	../../benchmark_data/class-i/pdb/8shi_pmhc_tcr.pdb	../pred_pdb/protenix_v2/pmhc_tcr/classI/classI_protenix_v2_with_template/ranked_4/8shi_pmhc_tcr.pdb	after	ranked_4
278	8wte	0.559	0.523	1.673	5.461	87.54	86.71666666666665	87.83	89.06400000000001	85.696	82.560625	84.92275862068968	91.95591687041565	93.15486187845303	86.64777777777778	92.84663157894737	91.1831506849315	0.43151903	0.36366597	0.56635714	0.29585555	0.30053097	1.3023268	1.1753181	1.8694807	0.35287684	0.69727796	0.39691135	1.0786048	../../benchmark_data/class-i/pdb/8wte_pmhc_tcr.pdb	../pred_pdb/protenix_v2/pmhc_tcr/classI/classI_protenix_v2_with_template/ranked_4/8wte_pmhc_tcr.pdb	after	ranked_4
279	8wul	0.353	0.367	3.276	8.162	86.67909090909092	88.76666666666665	86.60999999999999	90.51400000000001	84.60400000000001	81.144375	83.59448275862069	92.16902200488998	93.28016574585635	86.19999999999999	92.9447894736842	91.49598173515982	0.61010027	0.19130942	0.44681254	0.25808686	0.32275346	1.5298735	1.3224767	3.9088116	0.335118	0.92284447	0.41829103	0.9794547	../../benchmark_data/class-i/pdb/8wul_pmhc_tcr.pdb	../pred_pdb/protenix_v2/pmhc_tcr/classI/classI_protenix_v2_with_template/ranked_4/8wul_pmhc_tcr.pdb	after	ranked_4
