	id	DockQ	Fnat	iRMS	LRMS	pLDDT-cdr1a	pLDDT-cdr2a	pLDDT-cdr3a	pLDDT-cdr1b	pLDDT-cdr2b	pLDDT-cdr3b	pLDDT-cdr3a+cdr3b	pLDDT	pLDDT-mhc	pLDDT-pep	pLDDT-pmhc	pLDDT-tcr	RMSD-cdr1a	RMSD-cdr2a	RMSD-cdr3a	RMSD-cdr1b	RMSD-cdr2b	RMSD-cdr3b	RMSD-cdr3a+cdr3b	RMSD	RMSD-mhc	RMSD-pep	RMSD-pmhc	RMSD-tcr	true_pdb_path	pred_pdb_path	2021-09-30	rank
0	6zkw	0.777	0.776	1.114	2.642	95.69909090909091	96.972	97.52153846153846	97.74600000000001	94.18	97.58687499999999	97.55758620689657	96.86701711491443	96.88061111111112	98.05222222222223	96.93640211640209	96.80740909090908	0.39028478	0.2528519	0.21262327	0.14340179	0.18146794	0.7613212	0.769245	1.2960502	0.7530936	0.16003057	0.7375371	0.7139843	../../benchmark_data/class-i/pdb/6zkw_pmhc_tcr.pdb	../pred_pdb/protenix_v2/pmhc_tcr/classI/classI_protenix_v2_default_with_msa/ranked_0/6zkw_pmhc_tcr.pdb	after	ranked_0
1	6zkx	0.561	0.565	1.955	4.952	93.82181818181817	95.16600000000001	95.9046153846154	96.722	92.895	95.173125	95.50103448275864	95.49783454987835	95.32318435754189	92.18083333333333	95.12575916230368	95.82086363636365	0.37641805	0.25829238	0.25350514	0.177781	0.13429287	0.7060387	0.6129318	1.7240797	1.6004218	0.9480434	1.6225587	0.523784	../../benchmark_data/class-i/pdb/6zkx_pmhc_tcr.pdb	../pred_pdb/protenix_v2/pmhc_tcr/classI/classI_protenix_v2_default_with_msa/ranked_0/6zkx_pmhc_tcr.pdb	after	ranked_0
2	6zky	0.672	0.698	1.439	4.303	91.7	92.69800000000001	90.74076923076922	95.186	90.26700000000001	91.30562499999999	91.05241379310343	94.18436274509804	94.56716666666667	85.48500000000001	94.1806914893617	94.1875	0.47200608	0.27119726	0.5311571	0.18958563	0.19261292	0.8194025	0.99564666	1.5823992	0.860052	1.7285372	0.9941923	0.7719057	../../benchmark_data/class-i/pdb/6zky_pmhc_tcr.pdb	../pred_pdb/protenix_v2/pmhc_tcr/classI/classI_protenix_v2_default_with_msa/ranked_0/6zky_pmhc_tcr.pdb	after	ranked_0
3	6zkz	0.503	0.576	2.33	6.382	87.61272727272727	89.88	86.54846153846152	92.38499999999999	87.495	84.24437499999999	85.27724137931034	92.55990196078432	93.49333333333333	86.85	93.21063829787234	92.0038181818182	0.33969283	0.1724127	0.8174118	0.15846482	0.16202521	0.831088	1.1534472	2.2546165	0.9537766	2.3223202	1.137088	0.8834663	../../benchmark_data/class-i/pdb/6zkz_pmhc_tcr.pdb	../pred_pdb/protenix_v2/pmhc_tcr/classI/classI_protenix_v2_default_with_msa/ranked_0/6zkz_pmhc_tcr.pdb	after	ranked_0
4	7dzm	0.905	0.884	0.57	1.797	97.25750000000001	97.3725	98.28666666666666	98.624	98.34181818181818	98.38083333333333	98.32851851851854	97.50130541871921	97.33544444444445	98.52333333333333	97.3920105820106	97.5964976958525	0.2329076	0.09483837	0.27631566	0.15800212	0.3086774	0.21722727	0.36208764	0.8950666	0.76268643	0.14016722	0.7471002	0.47740242	../../benchmark_data/class-i/pdb/7dzm_pmhc_tcr.pdb	../pred_pdb/protenix_v2/pmhc_tcr/classI/classI_protenix_v2_default_with_msa/ranked_0/7dzm_pmhc_tcr.pdb	after	ranked_0
5	7dzn	0.202	0.167	5.749	10.987	92.08999999999999	94.8875	83.27733333333332	96.58899999999998	95.2990909090909	94.6975	88.35296296296298	96.07809876543212	97.00776536312848	94.41777777777777	96.88377659574466	95.38009216589862	0.12595572	0.22573176	2.59866	0.2304242	0.22374174	0.24126439	2.0895233	20.400871	0.39553183	0.7636944	0.44677022	1.004428	../../benchmark_data/class-i/pdb/7dzn_pmhc_tcr.pdb	../pred_pdb/protenix_v2/pmhc_tcr/classI/classI_protenix_v2_default_with_msa/ranked_0/7dzn_pmhc_tcr.pdb	after	ranked_0
6	7l1d	0.031	0.0	16.97	27.741	83.13636363636364	85.75222222222222	78.21461538461539	85.994	88.263	71.69789473684209	74.3453125	91.08973105134474	93.14530386740333	91.73333333333333	93.07842105263158	89.36438356164385	0.55574137	0.31372374	2.616809	0.2392239	0.22713849	4.7160873	5.7159367	19.178864	0.49628153	0.7364093	0.528024	3.2950656	../../benchmark_data/class-i/pdb/7l1d_pmhc_tcr.pdb	../pred_pdb/protenix_v2/pmhc_tcr/classI/classI_protenix_v2_default_with_msa/ranked_0/7l1d_pmhc_tcr.pdb	after	ranked_0
7	7n2n	0.168	0.175	5.768	14.124	88.41	88.66900000000001	83.63117647058823	91.21000000000001	87.32499999999999	84.52666666666667	84.0509375	92.57307506053269	93.55182320441988	87.94444444444446	93.28621052631577	91.96547085201794	0.26053122	0.36446586	1.191966	0.18419047	0.17845872	1.3629194	2.2130585	6.3710275	0.44881713	0.32415843	0.45107013	1.2217422	../../benchmark_data/class-i/pdb/7n2n_pmhc_tcr.pdb	../pred_pdb/protenix_v2/pmhc_tcr/classI/classI_protenix_v2_default_with_msa/ranked_0/7n2n_pmhc_tcr.pdb	after	ranked_0
8	7n2o	0.578	0.61	1.89	5.055	91.88636363636364	91.022	88.5529411764706	94.462	91.01400000000001	88.20599999999999	88.39031250000001	94.4542857142857	95.27729281767955	91.76111111111112	95.11073684210527	93.89497757847535	0.93814033	0.2881891	0.9314842	0.23403548	0.14444634	1.4007488	1.7680507	2.062263	0.34233686	0.49643973	0.35697445	1.1526918	../../benchmark_data/class-i/pdb/7n2o_pmhc_tcr.pdb	../pred_pdb/protenix_v2/pmhc_tcr/classI/classI_protenix_v2_default_with_msa/ranked_0/7n2o_pmhc_tcr.pdb	after	ranked_0
9	7n2p	0.52	0.444	1.696	5.872	90.84272727272727	92.95700000000001	90.36727272727273	93.68999999999998	91.006	89.40466666666667	89.81192307692307	94.72100737100736	96.01928176795583	93.18222222222222	95.88489473684209	93.70193548387097	0.29489052	0.35367066	1.0759075	0.27659667	0.13659842	1.4962599	1.5337453	2.229249	0.43880397	0.7278477	0.46542534	0.89317834	../../benchmark_data/class-i/pdb/7n2p_pmhc_tcr.pdb	../pred_pdb/protenix_v2/pmhc_tcr/classI/classI_protenix_v2_default_with_msa/ranked_0/7n2p_pmhc_tcr.pdb	after	ranked_0
10	7n2q	0.684	0.61	1.155	4.083	87.20272727272727	89.09799999999998	87.62363636363635	93.14200000000001	89.287	85.48866666666667	86.39192307692306	93.70687960687962	95.24243093922651	91.29777777777777	95.0555789473684	92.52599078341014	0.3111152	0.37373504	1.455553	0.19408153	0.18341987	0.59344554	1.2350049	1.5332168	0.34615812	0.37900546	0.35041097	1.0124183	../../benchmark_data/class-i/pdb/7n2q_pmhc_tcr.pdb	../pred_pdb/protenix_v2/pmhc_tcr/classI/classI_protenix_v2_default_with_msa/ranked_0/7n2q_pmhc_tcr.pdb	after	ranked_0
11	7n2r	0.581	0.552	1.778	4.59	83.6009090909091	85.253	83.74818181818182	90.095	86.107	80.56066666666666	81.90923076923076	91.87331695331696	93.69298342541437	88.3411111111111	93.43947368421053	90.50202764976957	0.3072733	0.33406702	0.9028562	0.19315647	0.20857507	1.0334024	1.253705	1.7503333	0.3423398	0.4754169	0.3517611	1.1169802	../../benchmark_data/class-i/pdb/7n2r_pmhc_tcr.pdb	../pred_pdb/protenix_v2/pmhc_tcr/classI/classI_protenix_v2_default_with_msa/ranked_0/7n2r_pmhc_tcr.pdb	after	ranked_0
12	7n2s	0.009	0.0	23.577	56.003	88.77727272727273	91.749	80.341875	93.317	92.003	85.85533333333329	83.00967741935484	91.83730582524272	93.79038674033148	94.83444444444444	93.83984210526316	90.12342342342342	1.3529551	0.3626145	1.9601535	0.49115613	0.22345234	0.59735066	2.4235117	23.659163	0.4779213	0.36641774	0.48040235	1.2741847	../../benchmark_data/class-i/pdb/7n2s_pmhc_tcr.pdb	../pred_pdb/protenix_v2/pmhc_tcr/classI/classI_protenix_v2_default_with_msa/ranked_0/7n2s_pmhc_tcr.pdb	after	ranked_0
13	7n4k	0.847	0.891	0.931	2.348	92.66083333333334	91.8775	91.90076923076923	96.03900000000002	94.52	93.46272727272726	92.61666666666667	95.90005000000001	96.08	96.256	96.08941176470589	95.7338028169014	0.138564	0.7613122	0.545612	0.41292915	0.10641219	0.61823803	0.6194241	1.2191801	1.241498	0.21672574	1.2111888	0.7168747	../../benchmark_data/class-i/pdb/7n4k_pmhc_tcr.pdb	../pred_pdb/protenix_v2/pmhc_tcr/classI/classI_protenix_v2_default_with_msa/ranked_0/7n4k_pmhc_tcr.pdb	after	ranked_0
14	7n5c	0.769	0.702	1.091	1.917	93.66666666666667	93.74625	92.26153846153846	97.763	96.446	96.82090909090908	94.35125	96.34138613861386	96.20171270718231	97.482	96.26874345549737	96.40652582159625	0.15201646	0.16773295	0.7330293	0.4494131	0.099835664	0.893117	1.0454222	1.1318176	0.7139587	0.3164603	0.7003216	0.77280205	../../benchmark_data/class-i/pdb/7n5c_pmhc_tcr.pdb	../pred_pdb/protenix_v2/pmhc_tcr/classI/classI_protenix_v2_default_with_msa/ranked_0/7n5c_pmhc_tcr.pdb	after	ranked_0
15	7n5p	0.825	0.864	0.946	2.89	93.95416666666667	93.09125	93.92076923076924	96.80699999999999	95.57900000000002	94.6909090909091	94.27375	96.48112781954887	96.48926136363637	97.07	96.52048387096772	96.4467605633803	0.18020779	0.27243605	0.5604792	0.42948607	0.11208703	0.61269885	0.6312905	1.3227987	1.1133931	0.24544355	1.0889384	0.66221774	../../benchmark_data/class-i/pdb/7n5p_pmhc_tcr.pdb	../pred_pdb/protenix_v2/pmhc_tcr/classI/classI_protenix_v2_default_with_msa/ranked_0/7n5p_pmhc_tcr.pdb	after	ranked_0
16	7na5	0.369	0.327	3.4	6.671	90.29818181818182	91.75777777777778	90.2790909090909	93.428	88.34200000000001	91.16	90.78730769230772	93.19049382716048	93.24350000000001	92.61444444444446	93.21354497354497	93.17032407407407	0.5163304	0.2823875	0.7279087	0.25334617	0.33384177	0.42382282	0.68859184	3.537489	0.81263256	0.40599194	0.8022029	0.9368843	../../benchmark_data/class-i/pdb/7na5_pmhc_tcr.pdb	../pred_pdb/protenix_v2/pmhc_tcr/classI/classI_protenix_v2_default_with_msa/ranked_0/7na5_pmhc_tcr.pdb	after	ranked_0
17	7ndq	0.524	0.383	2.22	3.201	95.77166666666665	95.845	89.04466666666667	97.56300000000002	96.66454545454548	93.60230769230769	91.16071428571429	96.5631617647059	96.56110497237572	96.34555555555556	96.5508947368421	96.57385321100917	0.5337135	0.29665363	2.079697	0.3647409	0.3895023	1.7304118	2.523377	1.8605756	1.1652172	2.1480775	1.2630475	1.3634838	../../benchmark_data/class-i/pdb/7ndq_pmhc_tcr.pdb	../pred_pdb/protenix_v2/pmhc_tcr/classI/classI_protenix_v2_default_with_msa/ranked_0/7ndq_pmhc_tcr.pdb	after	ranked_0
18	7ndt	0.722	0.639	1.253	2.197	87.46166666666666	90.98625	85.94214285714285	92.929	91.34818181818183	89.90499999999999	87.77115384615385	93.57076732673268	93.34738888888889	87.9275	93.11675531914892	93.96592592592593	0.2516234	0.2651296	0.65503764	0.15287788	0.1983861	1.1659664	1.1659224	1.2050039	0.8332435	2.1770873	1.0050244	1.0234352	../../benchmark_data/class-i/pdb/7ndt_pmhc_tcr.pdb	../pred_pdb/protenix_v2/pmhc_tcr/classI/classI_protenix_v2_default_with_msa/ranked_0/7ndt_pmhc_tcr.pdb	after	ranked_0
19	7ndu	0.682	0.662	1.695	2.054	95.46583333333332	95.39125	89.18666666666667	97.42999999999999	96.54818181818182	94.35384615384615	91.58571428571429	96.49429975429976	96.6561325966851	94.69500000000001	96.57312169312169	96.4259633027523	0.41816422	0.30928743	1.3126312	0.28707528	0.31996307	1.6844856	1.966443	1.3640084	1.1101248	1.4006255	1.1916606	1.1580853	../../benchmark_data/class-i/pdb/7ndu_pmhc_tcr.pdb	../pred_pdb/protenix_v2/pmhc_tcr/classI/classI_protenix_v2_default_with_msa/ranked_0/7ndu_pmhc_tcr.pdb	after	ranked_0
20	7nme	0.591	0.693	2.069	5.119	88.32727272727273	90.21000000000001	91.90230769230767	94.75200000000001	91.7809090909091	94.36272727272727	93.02999999999999	95.18506172839506	95.86939226519337	92.79333333333335	95.72368421052632	94.70906976744185	0.3679054	0.16632341	0.7898204	0.26510522	0.16269542	0.4843453	0.7556547	2.6767638	0.5335235	0.35681364	0.53243774	0.8230018	../../benchmark_data/class-i/pdb/7nme_pmhc_tcr.pdb	../pred_pdb/protenix_v2/pmhc_tcr/classI/classI_protenix_v2_default_with_msa/ranked_0/7nme_pmhc_tcr.pdb	after	ranked_0
21	7nmf	0.589	0.69	2.114	5.018	88.27181818181818	90.154	91.85769230769228	94.726	91.77181818181818	94.34	92.99541666666669	95.16370370370372	95.8496132596685	92.77777777777777	95.70410526315789	94.68613953488371	0.39156228	0.12252972	0.8007779	0.19149595	0.19152336	0.46142662	0.7922407	2.6067224	0.4711952	0.47280693	0.47875762	0.77268213	../../benchmark_data/class-i/pdb/7nmf_pmhc_tcr.pdb	../pred_pdb/protenix_v2/pmhc_tcr/classI/classI_protenix_v2_default_with_msa/ranked_0/7nmf_pmhc_tcr.pdb	after	ranked_0
22	7nmg	0.6	0.667	1.962	4.718	89.71636363636365	91.824	93.37538461538462	95.973	93.60181818181817	95.57454545454544	94.38333333333333	95.84232098765432	96.4614364640884	93.68444444444445	96.3298947368421	95.41144186046512	0.3843928	0.28711754	0.42322588	0.2660225	0.18510239	0.46357527	0.5628487	2.4805064	0.43575987	0.5613966	0.45214865	0.76612973	../../benchmark_data/class-i/pdb/7nmg_pmhc_tcr.pdb	../pred_pdb/protenix_v2/pmhc_tcr/classI/classI_protenix_v2_default_with_msa/ranked_0/7nmg_pmhc_tcr.pdb	after	ranked_0
23	7ow5	0.777	0.766	1.075	2.747	88.19416666666667	85.69909090909091	85.58625	92.55499999999999	89.68100000000001	84.115625	84.8509375	92.44183132530121	93.70005555555555	85.37700000000001	93.262	91.74924444444444	0.3404536	0.52922004	0.45614433	0.2276192	0.22207484	0.8207701	0.8126065	1.1435661	0.38334653	1.8757719	0.5870966	0.7022988	../../benchmark_data/class-i/pdb/7ow5_pmhc_tcr.pdb	../pred_pdb/protenix_v2/pmhc_tcr/classI/classI_protenix_v2_default_with_msa/ranked_0/7ow5_pmhc_tcr.pdb	after	ranked_0
24	7ow6	0.812	0.723	0.884	1.455	92.02666666666666	89.52090909090909	89.47375	95.069	93.676	87.86625000000001	88.67	94.57189903846152	95.46756906077349	89.012	95.12958115183245	94.09848888888887	0.26378453	0.4572539	0.48975873	0.15909566	0.29376668	1.2126677	1.1390901	0.80638057	0.3760697	0.736459	0.41260353	0.7712618	../../benchmark_data/class-i/pdb/7ow6_pmhc_tcr.pdb	../pred_pdb/protenix_v2/pmhc_tcr/classI/classI_protenix_v2_default_with_msa/ranked_0/7ow6_pmhc_tcr.pdb	after	ranked_0
25	7pb2	0.636	0.689	1.941	3.633	88.72083333333332	85.20181818181817	83.84875	91.104	87.273	82.533125	83.19093749999999	92.39669879518074	93.79255555555558	86.085	93.38689473684211	91.56053333333332	0.32515177	1.3094923	1.2359222	0.16399609	0.23716946	3.001957	2.6541965	2.0108476	0.37818274	0.66861105	0.4252901	1.4448427	../../benchmark_data/class-i/pdb/7pb2_pmhc_tcr.pdb	../pred_pdb/protenix_v2/pmhc_tcr/classI/classI_protenix_v2_default_with_msa/ranked_0/7pb2_pmhc_tcr.pdb	after	ranked_0
26	7pbe	0.816	0.909	1.163	2.584	97.42090909090908	93.5275	97.51083333333332	97.4	97.75181818181818	96.86461538461536	97.17480000000002	97.39244444444444	97.85839779005522	98.21666666666667	97.87536842105263	96.96567441860465	0.3905132	0.7347893	0.38264012	0.6427337	0.25357696	0.44005474	0.60188866	1.3066777	0.66425854	0.14704365	0.64996475	0.76401514	../../benchmark_data/class-i/pdb/7pbe_pmhc_tcr.pdb	../pred_pdb/protenix_v2/pmhc_tcr/classI/classI_protenix_v2_default_with_msa/ranked_0/7pbe_pmhc_tcr.pdb	after	ranked_0
27	7phr	0.903	0.793	0.421	0.901	94.815	95.987	94.35454545454546	98.13199999999998	98.18799999999999	98.02999999999999	96.34541666666667	96.37100000000001	97.76972375690607	97.47888888888889	97.75594736842103	95.11795238095236	0.17974406	0.23273581	0.4334273	0.14480978	0.21858697	0.1757964	0.37762547	0.71055377	0.48377606	0.2348078	0.47726524	0.70030224	../../benchmark_data/class-i/pdb/7phr_pmhc_tcr.pdb	../pred_pdb/protenix_v2/pmhc_tcr/classI/classI_protenix_v2_default_with_msa/ranked_0/7phr_pmhc_tcr.pdb	after	ranked_0
28	7q99	0.921	0.918	0.542	1.689	96.01090909090908	96.58111111111111	93.62454545454544	94.06090909090909	93.05777777777779	92.76600000000002	93.12923076923077	95.84631449631449	97.27939226519337	96.67699999999999	97.24785340314138	94.60699074074074	0.37676138	0.26514605	0.3120337	0.30583608	0.1625045	0.2547844	0.3778602	0.7480045	0.32229838	0.18600704	0.31708965	0.70156366	../../benchmark_data/class-i/pdb/7q99_pmhc_tcr.pdb	../pred_pdb/protenix_v2/pmhc_tcr/classI/classI_protenix_v2_default_with_msa/ranked_0/7q99_pmhc_tcr.pdb	after	ranked_0
29	7q9a	0.874	0.84	0.682	1.854	97.42909090909089	97.42666666666668	96.16272727272727	95.20181818181817	94.33555555555556	96.066	96.10692307692308	96.52707616707616	97.61845303867405	97.799	97.6279057591623	95.55365740740741	0.24423261	0.24894893	0.8833257	0.25201976	0.20139168	0.1901297	0.7076867	0.80985856	0.33042115	0.16467084	0.32654908	0.7456599	../../benchmark_data/class-i/pdb/7q9a_pmhc_tcr.pdb	../pred_pdb/protenix_v2/pmhc_tcr/classI/classI_protenix_v2_default_with_msa/ranked_0/7q9a_pmhc_tcr.pdb	after	ranked_0
30	7q9b	0.505	0.512	2.391	5.296	93.65636363636364	95.92333333333333	87.49875	93.215	91.714	85.68937500000001	86.2925	94.90812345679012	96.87541436464087	95.30700000000002	96.79329842931935	93.22556074766356	0.50521517	0.27306482	0.82574385	0.30421296	0.2779038	1.6452526	2.0623686	2.6627285	0.6347805	0.34801996	0.6289705	1.199802	../../benchmark_data/class-i/pdb/7q9b_pmhc_tcr.pdb	../pred_pdb/protenix_v2/pmhc_tcr/classI/classI_protenix_v2_default_with_msa/ranked_0/7q9b_pmhc_tcr.pdb	after	ranked_0
31	7qpj	0.942	0.942	0.5	1.05	98.37545454545456	98.50444444444445	98.38307692307691	97.605	96.725	97.63727272727273	98.04125	97.83910669975185	97.99138888888888	98.34555555555556	98.00825396825395	97.68971962616821	0.22320789	0.41744125	0.113807775	0.17653783	0.13069385	0.4854925	0.48449343	0.6194649	0.4339399	0.23575747	0.4311181	0.49975637	../../benchmark_data/class-i/pdb/7qpj_pmhc_tcr.pdb	../pred_pdb/protenix_v2/pmhc_tcr/classI/classI_protenix_v2_default_with_msa/ranked_0/7qpj_pmhc_tcr.pdb	after	ranked_0
32	7r80	0.133	0.065	7.088	13.201	83.80181818181818	88.52199999999999	86.97461538461539	89.8	86.60999999999999	84.898	85.86214285714286	92.62557457212714	93.74806629834255	86.90666666666667	93.42399999999999	91.93287671232878	1.9726963	0.4275431	0.3850356	0.23095025	0.20989825	0.5717475	0.5807374	20.921967	0.48441607	0.6161666	0.495573	1.027805	../../benchmark_data/class-i/pdb/7r80_pmhc_tcr.pdb	../pred_pdb/protenix_v2/pmhc_tcr/classI/classI_protenix_v2_default_with_msa/ranked_0/7r80_pmhc_tcr.pdb	after	ranked_0
33	7rk7	0.558	0.53	2.37	3.446	92.63416666666667	93.9375	75.41312500000001	91.395	87.787	74.9365	75.14833333333334	93.54404819277109	96.24911602209947	93.57777777777778	96.12257894736842	91.36662222222222	0.3183668	0.22533591	2.7253737	0.54933697	0.21233085	2.750462	4.0448227	1.9910475	0.56816953	0.37567616	0.5647772	1.9120151	../../benchmark_data/class-i/pdb/7rk7_pmhc_tcr.pdb	../pred_pdb/protenix_v2/pmhc_tcr/classI/classI_protenix_v2_default_with_msa/ranked_0/7rk7_pmhc_tcr.pdb	after	ranked_0
34	7rm4	0.048	0.0	12.716	21.918	84.91636363636364	89.49100000000001	81.02333333333333	90.90799999999999	85.50181818181818	83.83399999999999	82.58481481481482	92.3980684596577	93.31143646408842	94.5411111111111	93.3696842105263	91.55511415525115	1.0944439	0.4050389	1.3216769	0.18432732	0.19058053	2.3182707	2.3559756	14.466449	0.3367317	0.3966094	0.34690487	1.356907	../../benchmark_data/class-i/pdb/7rm4_pmhc_tcr.pdb	../pred_pdb/protenix_v2/pmhc_tcr/classI/classI_protenix_v2_default_with_msa/ranked_0/7rm4_pmhc_tcr.pdb	after	ranked_0
35	7rrg	0.043	0.0	14.88	23.244	86.21749999999999	85.26499999999999	73.73200000000001	89.352	86.91545454545455	84.22	78.7951724137931	91.96740831295843	92.25972375690607	91.07888888888888	92.20378947368421	91.7623287671233	0.2095017	0.3458028	2.2812376	0.18856552	0.3885413	1.3573104	2.3361225	17.00486	0.5557611	0.84825796	0.57878864	1.0352484	../../benchmark_data/class-i/pdb/7rrg_pmhc_tcr.pdb	../pred_pdb/protenix_v2/pmhc_tcr/classI/classI_protenix_v2_default_with_msa/ranked_0/7rrg_pmhc_tcr.pdb	after	ranked_0
36	7rtr	0.572	0.524	2.02	3.747	92.42454545454547	93.90333333333334	94.00727272727272	95.194	93.20636363636363	93.67363636363635	93.84045454545453	96.0344963144963	96.13983425414364	93.20444444444443	96.0007894736842	96.06400921658985	0.40215343	0.27538067	0.6730778	0.41755503	0.23325226	0.6399531	1.0511676	1.8766607	0.4286362	0.27956635	0.42647395	1.0591298	../../benchmark_data/class-i/pdb/7rtr_pmhc_tcr.pdb	../pred_pdb/protenix_v2/pmhc_tcr/classI/classI_protenix_v2_default_with_msa/ranked_0/7rtr_pmhc_tcr.pdb	after	ranked_0
37	7su9	0.009	0.0	22.577	57.676	92.23083333333334	92.8775	83.00333333333334	93.407	93.103	82.49733333333333	82.75033333333333	92.49014705882352	93.26466666666667	94.63444444444445	93.32989417989421	91.76543378995433	0.32514971	0.15103656	1.9888773	0.17245726	0.20892224	1.5435388	2.045774	23.07136	0.42468405	0.29735637	0.42081168	1.0046996	../../benchmark_data/class-i/pdb/7su9_pmhc_tcr.pdb	../pred_pdb/protenix_v2/pmhc_tcr/classI/classI_protenix_v2_default_with_msa/ranked_0/7su9_pmhc_tcr.pdb	after	ranked_0
38	8cx4	0.842	0.746	0.752	1.183	93.66727272727275	93.35	88.99117647058823	95.44800000000001	93.546	91.28733333333334	90.0675	95.22852300242131	96.21911602209943	94.58222222222223	96.14157894736843	94.45058295964127	0.5506023	0.22370997	0.6312455	0.20019181	0.1935538	0.6375073	0.73849493	0.73985505	0.439808	0.38905323	0.4429739	0.59848875	../../benchmark_data/class-i/pdb/8cx4_pmhc_tcr.pdb	../pred_pdb/protenix_v2/pmhc_tcr/classI/classI_protenix_v2_default_with_msa/ranked_0/8cx4_pmhc_tcr.pdb	after	ranked_0
39	8d5q	0.768	0.774	1.257	2.094	93.54181818181819	96.51899999999999	89.94187500000001	96.81181818181818	96.33454545454546	96.44599999999997	93.0890322580645	96.15526960784311	96.54607954545453	95.89699999999999	96.5111827956989	95.85707207207206	0.384657	0.14945622	1.8975317	0.22325076	0.2026845	0.34409443	1.5981191	1.1159899	0.64592445	0.91367114	0.6735879	0.7870354	../../benchmark_data/class-i/pdb/8d5q_pmhc_tcr.pdb	../pred_pdb/protenix_v2/pmhc_tcr/classI/classI_protenix_v2_default_with_msa/ranked_0/8d5q_pmhc_tcr.pdb	after	ranked_0
40	8dnt	0.701	0.753	1.355	4.251	97.29818181818183	97.4011111111111	91.115	95.547	88.15545454545455	92.92714285714287	92.09076923076924	96.34766584766585	97.47508287292821	96.21444444444445	97.41536842105265	95.41281105990784	0.5518024	0.41945466	0.77125853	0.5182977	0.58576703	0.6541383	1.1462435	2.0813484	0.6951069	0.73795724	0.7174361	1.3989501	../../benchmark_data/class-i/pdb/8dnt_pmhc_tcr.pdb	../pred_pdb/protenix_v2/pmhc_tcr/classI/classI_protenix_v2_default_with_msa/ranked_0/8dnt_pmhc_tcr.pdb	after	ranked_0
41	8en8	0.83	0.795	0.943	1.216	96.33272727272728	97.86200000000001	90.05071428571429	96.96363636363635	94.78750000000001	97.24733333333334	93.77310344827586	96.73351941747572	97.24716666666666	97.94444444444444	97.28037037037038	96.27004484304933	0.4676105	0.105215475	1.6191744	0.42686853	0.34301212	0.23922525	1.4196724	0.88833445	0.51896834	0.17840892	0.5109911	0.9781364	../../benchmark_data/class-i/pdb/8en8_pmhc_tcr.pdb	../pred_pdb/protenix_v2/pmhc_tcr/classI/classI_protenix_v2_default_with_msa/ranked_0/8en8_pmhc_tcr.pdb	after	ranked_0
42	8enh	0.79	0.741	1.072	1.579	95.80909090909091	97.556	88.90857142857142	97.02	95.27916666666665	96.94866666666668	93.06724137931033	96.82075425790755	97.51670391061451	97.87888888888888	97.5340425531915	96.21941704035875	0.49176112	0.11126778	1.7950841	0.30225274	0.38529414	0.2783645	1.6137717	0.96573997	0.598091	0.16201442	0.5851355	1.0279114	../../benchmark_data/class-i/pdb/8enh_pmhc_tcr.pdb	../pred_pdb/protenix_v2/pmhc_tcr/classI/classI_protenix_v2_default_with_msa/ranked_0/8enh_pmhc_tcr.pdb	after	ranked_0
43	8eo8	0.827	0.784	0.957	1.011	96.03363636363635	97.64500000000001	89.34	96.97818181818182	95.19083333333334	97.01533333333333	93.30999999999999	96.83613138686131	97.4594413407821	97.88555555555554	97.4798404255319	96.2934529147982	0.50311536	0.10987757	1.6997373	0.25820363	0.2125399	0.23752275	1.5148497	0.8134318	0.47579914	0.17296809	0.46749556	0.9320943	../../benchmark_data/class-i/pdb/8eo8_pmhc_tcr.pdb	../pred_pdb/protenix_v2/pmhc_tcr/classI/classI_protenix_v2_default_with_msa/ranked_0/8eo8_pmhc_tcr.pdb	after	ranked_0
44	8f5a	0.312	0.343	3.549	9.536	88.75090909090908	90.30199999999999	84.06466666666665	90.85300000000001	88.31999999999998	87.53250000000001	85.60592592592593	93.8580684596577	94.76337016574587	84.889	94.24638743455498	93.51784403669724	0.27807155	2.1934679	1.5806285	0.2566639	0.21163788	1.4911085	2.3492668	3.636397	0.33054954	1.3450845	0.46674258	1.4925858	../../benchmark_data/class-i/pdb/8f5a_pmhc_tcr.pdb	../pred_pdb/protenix_v2/pmhc_tcr/classI/classI_protenix_v2_default_with_msa/ranked_0/8f5a_pmhc_tcr.pdb	after	ranked_0
45	8gom	0.202	0.05	7.145	8.293	84.335	84.22111111111111	85.33272727272727	87.446	84.64	80.94466666666668	82.80115384615384	91.79499999999999	93.17657458563535	87.46444444444445	92.90599999999999	90.83550000000002	0.47167858	0.2833461	1.1236106	0.20337787	0.24780141	1.5440652	1.7640905	21.190725	0.39706552	0.2627492	0.3978592	0.9484517	../../benchmark_data/class-i/pdb/8gom_pmhc_tcr.pdb	../pred_pdb/protenix_v2/pmhc_tcr/classI/classI_protenix_v2_default_with_msa/ranked_0/8gom_pmhc_tcr.pdb	after	ranked_0
46	8gon	0.231	0.057	6.943	7.053	84.60249999999999	84.79222222222222	85.31727272727272	88.00399999999999	84.52727272727272	81.40533333333335	83.0603846153846	91.91770731707318	93.23303867403315	88.41666666666667	93.0048947368421	90.97877272727274	0.7288207	0.23143633	1.2171612	0.24428636	0.17501886	1.5039055	1.7704245	21.2975	0.31719762	0.250493	0.31777906	0.8397994	../../benchmark_data/class-i/pdb/8gon_pmhc_tcr.pdb	../pred_pdb/protenix_v2/pmhc_tcr/classI/classI_protenix_v2_default_with_msa/ranked_0/8gon_pmhc_tcr.pdb	after	ranked_0
47	8gvb	0.876	0.879	0.838	0.983	92.52636363636364	96.01545454545455	94.8057142857143	97.53	98.29	96.20199999999998	95.52793103448276	97.15568292682927	97.77116666666666	97.70249999999999	97.76824468085107	96.63693693693695	1.5205718	0.8426767	0.58835477	0.40703362	0.67577535	0.40282694	0.6072657	0.7527753	0.5788846	0.45528668	0.58540535	0.7447397	../../benchmark_data/class-i/pdb/8gvb_pmhc_tcr.pdb	../pred_pdb/protenix_v2/pmhc_tcr/classI/classI_protenix_v2_default_with_msa/ranked_0/8gvb_pmhc_tcr.pdb	after	ranked_0
48	8gvg	0.841	0.851	0.964	1.635	91.36545454545454	95.7209090909091	93.15357142857145	97.312	97.78909090909092	95.55266666666665	94.39448275862071	96.81345498783456	97.46955801104971	97.10625	97.4541798941799	96.26797297297297	1.2397852	0.92361426	0.699482	0.51178056	0.6782718	0.43421447	0.67717606	0.87917763	0.5900013	0.42356715	0.5973387	0.8783981	../../benchmark_data/class-i/pdb/8gvg_pmhc_tcr.pdb	../pred_pdb/protenix_v2/pmhc_tcr/classI/classI_protenix_v2_default_with_msa/ranked_0/8gvg_pmhc_tcr.pdb	after	ranked_0
49	8gvi	0.798	0.765	0.993	2.273	94.47181818181816	97.67818181818183	98.03214285714286	98.263	98.66181818181818	97.83066666666667	97.92793103448274	97.82965936739659	98.28839779005523	98.56875	98.30026455026454	97.429009009009	1.510113	0.8964456	0.574176	0.40720955	0.363094	0.80679274	0.9184978	1.1156914	0.5750668	0.4558263	0.5838358	1.1114833	../../benchmark_data/class-i/pdb/8gvi_pmhc_tcr.pdb	../pred_pdb/protenix_v2/pmhc_tcr/classI/classI_protenix_v2_default_with_msa/ranked_0/8gvi_pmhc_tcr.pdb	after	ranked_0
50	8i5c	0.841	0.841	0.968	1.355	95.60181818181819	95.12888888888887	95.71583333333335	96.51899999999999	94.98499999999999	95.94076923076923	95.8328	96.69906172839507	96.87281767955803	95.71	96.81773684210528	96.59418604651162	0.280051	0.32070848	0.2639212	0.23338073	0.28721425	1.3907852	1.283354	0.748335	0.34814832	1.7887067	0.5341389	0.59225976	../../benchmark_data/class-i/pdb/8i5c_pmhc_tcr.pdb	../pred_pdb/protenix_v2/pmhc_tcr/classI/classI_protenix_v2_default_with_msa/ranked_0/8i5c_pmhc_tcr.pdb	after	ranked_0
51	8i5d	0.688	0.729	1.569	3.444	87.0	91.223	84.38250000000001	94.155	88.55	88.57866666666668	86.7137037037037	93.85076732673267	95.09530386740332	89.77111111111111	94.84310526315791	92.96971962616824	0.6501214	0.24969889	1.2046863	0.21582234	0.2209975	0.529084	1.2855392	1.6628003	0.38561937	0.7314356	0.42389023	1.4358056	../../benchmark_data/class-i/pdb/8i5d_pmhc_tcr.pdb	../pred_pdb/protenix_v2/pmhc_tcr/classI/classI_protenix_v2_default_with_msa/ranked_0/8i5d_pmhc_tcr.pdb	after	ranked_0
52	8qfy	0.906	0.836	0.483	1.304	98.17818181818183	98.06666666666666	98.40500000000002	98.49100000000001	97.32090909090908	98.78166666666668	98.59333333333332	97.50412345679013	97.17027624309392	98.65444444444444	97.24057894736842	97.73702325581395	0.23061147	0.2580876	0.183306	0.2907608	0.2314965	0.20844764	0.21459347	0.8766314	0.8895973	0.28208327	0.8724399	0.61238736	../../benchmark_data/class-i/pdb/8qfy_pmhc_tcr.pdb	../pred_pdb/protenix_v2/pmhc_tcr/classI/classI_protenix_v2_default_with_msa/ranked_0/8qfy_pmhc_tcr.pdb	after	ranked_0
53	8shi	0.286	0.25	3.906	8.835	88.649	91.67299999999999	75.33529411764707	93.139	88.45599999999999	90.05571428571427	81.98322580645161	93.45747524752474	94.52177777777779	88.74000000000001	94.27574468085109	92.74527777777777	0.41417933	0.43881238	2.6442633	0.23165111	0.18654834	0.383924	2.152841	3.1236045	0.39872772	1.434225	0.51731086	1.2152091	../../benchmark_data/class-i/pdb/8shi_pmhc_tcr.pdb	../pred_pdb/protenix_v2/pmhc_tcr/classI/classI_protenix_v2_default_with_msa/ranked_0/8shi_pmhc_tcr.pdb	after	ranked_0
54	8wte	0.309	0.323	3.579	9.326	86.97181818181818	88.0	87.36538461538461	90.252	85.167	83.14375000000001	85.03620689655172	92.23850855745722	93.14381215469612	86.16444444444444	92.8132105263158	91.73990867579909	0.2559433	0.4051298	0.47418457	0.29198346	0.27720472	1.5974253	1.3554696	4.059858	0.34409246	0.94820887	0.41443482	1.1678942	../../benchmark_data/class-i/pdb/8wte_pmhc_tcr.pdb	../pred_pdb/protenix_v2/pmhc_tcr/classI/classI_protenix_v2_default_with_msa/ranked_0/8wte_pmhc_tcr.pdb	after	ranked_0
55	8wul	0.038	0.0	15.375	24.747	95.11454545454545	95.93888888888888	95.62153846153845	97.614	96.93300000000002	95.9625	95.80965517241381	96.81127139364303	97.18348066298344	94.9011111111111	97.07536842105263	96.58214611872145	0.6219179	0.23027264	0.5282522	0.27661481	0.3056477	4.0698223	3.5722258	18.645527	0.4231311	1.3745254	0.56728476	1.6056638	../../benchmark_data/class-i/pdb/8wul_pmhc_tcr.pdb	../pred_pdb/protenix_v2/pmhc_tcr/classI/classI_protenix_v2_default_with_msa/ranked_0/8wul_pmhc_tcr.pdb	after	ranked_0
56	6zkw	0.683	0.776	1.616	4.106	95.71363636363638	96.98299999999999	97.5353846153846	97.74300000000001	94.18599999999999	97.583125	97.56172413793104	96.86960880195599	96.87855555555555	98.0488888888889	96.9342857142857	96.81404545454544	0.46726245	0.18318957	0.2041492	0.13261119	0.20918557	0.75281847	0.79765946	1.9535074	0.74599713	0.14947309	0.73073953	0.8064917	../../benchmark_data/class-i/pdb/6zkw_pmhc_tcr.pdb	../pred_pdb/protenix_v2/pmhc_tcr/classI/classI_protenix_v2_default_with_msa/ranked_1/6zkw_pmhc_tcr.pdb	after	ranked_1
57	6zkx	0.596	0.58	1.862	4.046	93.81	95.17	95.88307692307694	96.739	92.89099999999999	95.156875	95.48241379310346	95.50214111922142	95.3301117318436	92.17083333333333	95.13162303664922	95.82381818181817	0.43551752	0.25186375	0.23340726	0.14637661	0.15540624	0.70674366	0.62787324	1.6068382	1.5495136	0.9810451	1.5805578	0.66563433	../../benchmark_data/class-i/pdb/6zkx_pmhc_tcr.pdb	../pred_pdb/protenix_v2/pmhc_tcr/classI/classI_protenix_v2_default_with_msa/ranked_1/6zkx_pmhc_tcr.pdb	after	ranked_1
58	6zky	0.683	0.66	1.318	3.93	91.6490909090909	92.67099999999999	90.75923076923075	95.158	90.211	91.290625	91.05241379310343	94.17220588235294	94.55177777777777	85.48125	94.16579787234042	94.1776818181818	0.46438068	0.3014818	0.55766064	0.18749028	0.20690523	0.7737786	0.9723607	1.3930016	0.9152922	1.8785363	1.0621133	0.6976571	../../benchmark_data/class-i/pdb/6zky_pmhc_tcr.pdb	../pred_pdb/protenix_v2/pmhc_tcr/classI/classI_protenix_v2_default_with_msa/ranked_1/6zky_pmhc_tcr.pdb	after	ranked_1
59	6zkz	0.417	0.475	2.547	8.179	87.75272727272726	89.83599999999998	86.56384615384614	92.262	87.52000000000001	84.23249999999999	85.27758620689656	92.57649509803922	93.51805555555555	86.815	93.23281914893617	92.01563636363635	0.29510078	0.16965424	0.8465028	0.16254078	0.16187873	0.85437804	1.1747539	2.635426	0.8449998	2.3053565	1.041022	0.9211864	../../benchmark_data/class-i/pdb/6zkz_pmhc_tcr.pdb	../pred_pdb/protenix_v2/pmhc_tcr/classI/classI_protenix_v2_default_with_msa/ranked_1/6zkz_pmhc_tcr.pdb	after	ranked_1
60	7dzm	0.92	0.884	0.502	1.264	97.25833333333334	97.375	98.28933333333333	98.625	98.34636363636363	98.38083333333333	98.33	97.50172413793102	97.33061111111112	98.51888888888888	97.38719576719576	97.60147465437788	0.24942297	0.12095853	0.271541	0.1388795	0.28458366	0.18702285	0.342264	0.75958866	0.7730307	0.13795687	0.7569635	0.40375292	../../benchmark_data/class-i/pdb/7dzm_pmhc_tcr.pdb	../pred_pdb/protenix_v2/pmhc_tcr/classI/classI_protenix_v2_default_with_msa/ranked_1/7dzm_pmhc_tcr.pdb	after	ranked_1
61	7dzn	0.212	0.214	5.747	11.385	92.03416666666668	94.845	83.268	96.607	95.31636363636363	94.73583333333333	88.36481481481484	96.06903703703705	96.99592178770952	94.39777777777778	96.87154255319147	95.37377880184332	0.16643208	0.2524625	2.5020123	0.182328	0.2196188	0.31289458	2.0407045	20.046663	0.3984811	0.9531462	0.49385592	0.91066426	../../benchmark_data/class-i/pdb/7dzn_pmhc_tcr.pdb	../pred_pdb/protenix_v2/pmhc_tcr/classI/classI_protenix_v2_default_with_msa/ranked_1/7dzn_pmhc_tcr.pdb	after	ranked_1
62	7l1d	0.029	0.0	17.085	28.701	83.26545454545455	85.98222222222222	78.5753846153846	86.03999999999999	88.25500000000001	71.82842105263157	74.56937500000001	91.17562347188264	93.25116022099446	91.68	93.17673684210527	89.43949771689498	0.56494385	0.3091006	2.3804471	0.3008889	0.2083585	5.033801	6.0446663	19.521996	0.47357008	0.5135267	0.48962453	3.3760157	../../benchmark_data/class-i/pdb/7l1d_pmhc_tcr.pdb	../pred_pdb/protenix_v2/pmhc_tcr/classI/classI_protenix_v2_default_with_msa/ranked_1/7l1d_pmhc_tcr.pdb	after	ranked_1
63	7n2n	0.115	0.123	7.491	17.986	88.81181818181817	88.87800000000001	83.64529411764705	91.28	86.959	84.49000000000001	84.04125	92.57922518159805	93.55806629834254	88.04666666666668	93.297	91.96766816143499	0.32168984	0.31636748	1.2063837	0.19753245	0.16692391	1.3826609	2.2210457	8.418209	0.4323337	0.35381624	0.43640837	1.224585	../../benchmark_data/class-i/pdb/7n2n_pmhc_tcr.pdb	../pred_pdb/protenix_v2/pmhc_tcr/classI/classI_protenix_v2_default_with_msa/ranked_1/7n2n_pmhc_tcr.pdb	after	ranked_1
64	7n2o	0.64	0.644	1.614	4.072	91.80818181818182	90.83599999999998	88.49941176470587	93.878	90.63999999999999	87.86000000000003	88.19968750000001	94.35762711864406	95.18453038674032	91.49	95.00952631578946	93.80219730941704	0.8430747	0.28674707	0.88617617	0.1905853	0.18629456	1.3214719	1.5426093	1.7715839	0.32948285	0.46211243	0.3409036	1.0878067	../../benchmark_data/class-i/pdb/7n2o_pmhc_tcr.pdb	../pred_pdb/protenix_v2/pmhc_tcr/classI/classI_protenix_v2_default_with_msa/ranked_1/7n2o_pmhc_tcr.pdb	after	ranked_1
65	7n2p	0.484	0.492	2.001	6.928	90.85181818181817	93.038	90.33545454545454	93.671	90.90299999999999	89.40933333333332	89.80115384615384	94.72294840294842	96.02453038674034	93.21555555555557	95.89147368421054	93.69981566820277	0.2961417	0.32113248	1.0844666	0.25995517	0.18679534	1.5556906	1.5960534	2.6846716	0.40853485	0.7841127	0.44464916	0.94399095	../../benchmark_data/class-i/pdb/7n2p_pmhc_tcr.pdb	../pred_pdb/protenix_v2/pmhc_tcr/classI/classI_protenix_v2_default_with_msa/ranked_1/7n2p_pmhc_tcr.pdb	after	ranked_1
66	7n2q	0.592	0.559	1.61	4.879	87.18727272727273	89.23100000000001	87.54	93.368	89.55499999999999	85.60000000000001	86.42076923076921	93.74540540540542	95.27900552486187	91.44888888888889	95.09757894736842	92.56147465437786	0.54750526	0.40361765	1.3501289	0.18889956	0.16908556	0.66098106	1.2288327	1.8688312	0.38984707	0.4987479	0.4012579	0.95211375	../../benchmark_data/class-i/pdb/7n2q_pmhc_tcr.pdb	../pred_pdb/protenix_v2/pmhc_tcr/classI/classI_protenix_v2_default_with_msa/ranked_1/7n2q_pmhc_tcr.pdb	after	ranked_1
67	7n2r	0.577	0.552	1.799	4.648	83.64181818181818	85.40799999999999	83.74181818181818	90.336	86.30499999999999	80.48399999999998	81.8623076923077	91.9318918918919	93.75889502762432	88.46333333333334	93.50805263157893	90.55184331797236	0.39973268	0.3695189	0.86194354	0.1623634	0.18982019	0.98988366	1.2256615	1.8322158	0.44205755	0.39181998	0.44176707	1.0377065	../../benchmark_data/class-i/pdb/7n2r_pmhc_tcr.pdb	../pred_pdb/protenix_v2/pmhc_tcr/classI/classI_protenix_v2_default_with_msa/ranked_1/7n2r_pmhc_tcr.pdb	after	ranked_1
68	7n2s	0.009	0.0	23.497	55.823	88.75636363636363	91.687	80.321875	93.348	92.0	85.85133333333333	82.99741935483871	91.83533980582526	93.78580110497239	94.85888888888888	93.83663157894736	90.12252252252253	1.3297144	0.39640263	1.7155069	0.48322204	0.1804233	0.6072841	2.359042	23.617834	0.46114492	0.31999707	0.46150184	1.3903595	../../benchmark_data/class-i/pdb/7n2s_pmhc_tcr.pdb	../pred_pdb/protenix_v2/pmhc_tcr/classI/classI_protenix_v2_default_with_msa/ranked_1/7n2s_pmhc_tcr.pdb	after	ranked_1
69	7n4k	0.834	0.945	1.036	3.167	92.67416666666668	91.85999999999999	91.88461538461539	96.05	94.477	93.45727272727272	92.60541666666666	95.89995	96.08220338983048	96.269	96.09219251336897	95.73117370892018	0.11828687	0.8161296	0.50470454	0.3983327	0.10235714	0.56176805	0.565922	1.5017596	1.1647679	0.20314343	1.1383158	0.6993572	../../benchmark_data/class-i/pdb/7n4k_pmhc_tcr.pdb	../pred_pdb/protenix_v2/pmhc_tcr/classI/classI_protenix_v2_default_with_msa/ranked_1/7n4k_pmhc_tcr.pdb	after	ranked_1
70	7n5c	0.721	0.702	1.349	2.709	93.60249999999998	93.71875	92.25	97.75800000000001	96.464	96.79727272727273	94.33416666666669	96.33430693069306	96.19292817679558	97.448	96.2586387434555	96.40215962441314	0.16669069	0.18399835	0.72092193	0.44085172	0.09495438	0.85686904	0.95441735	1.3721327	0.74083716	0.2970805	0.72532135	0.6460624	../../benchmark_data/class-i/pdb/7n5c_pmhc_tcr.pdb	../pred_pdb/protenix_v2/pmhc_tcr/classI/classI_protenix_v2_default_with_msa/ranked_1/7n5c_pmhc_tcr.pdb	after	ranked_1
71	7n5p	0.811	0.881	1.056	3.071	93.94250000000001	93.11500000000001	93.9353846153846	96.80300000000001	95.55699999999999	94.67727272727274	94.27541666666666	96.47809523809522	96.478125	97.073	96.51010752688171	96.45014084507041	0.2472651	0.20805503	0.52702564	0.435121	0.106957585	0.4312912	0.5172447	1.3830422	0.9782146	0.2514161	0.9589558	0.54164433	../../benchmark_data/class-i/pdb/7n5p_pmhc_tcr.pdb	../pred_pdb/protenix_v2/pmhc_tcr/classI/classI_protenix_v2_default_with_msa/ranked_1/7n5p_pmhc_tcr.pdb	after	ranked_1
72	7na5	0.313	0.245	3.812	7.528	90.43545454545455	91.92	90.28363636363635	93.236	88.083	91.04466666666666	90.72269230769231	93.17827160493826	93.22538888888889	92.61555555555555	93.19634920634921	93.16245370370369	0.552914	0.30786622	0.8712371	0.23236793	0.24085093	0.4573161	0.7608145	3.9499264	1.1761765	0.4304947	1.1548834	1.1380287	../../benchmark_data/class-i/pdb/7na5_pmhc_tcr.pdb	../pred_pdb/protenix_v2/pmhc_tcr/classI/classI_protenix_v2_default_with_msa/ranked_1/7na5_pmhc_tcr.pdb	after	ranked_1
73	7ndq	0.58	0.467	1.982	2.691	95.77666666666666	95.93875	88.94800000000002	97.617	96.7009090909091	93.9276923076923	91.26	96.58600490196079	96.57265193370166	96.42555555555556	96.56568421052633	96.60371559633028	0.5255136	0.34030947	1.2670114	0.3809064	0.33062866	1.6123824	1.9574643	1.6299094	1.2013814	2.131336	1.293878	1.1713966	../../benchmark_data/class-i/pdb/7ndq_pmhc_tcr.pdb	../pred_pdb/protenix_v2/pmhc_tcr/classI/classI_protenix_v2_default_with_msa/ranked_1/7ndq_pmhc_tcr.pdb	after	ranked_1
74	7ndt	0.739	0.656	1.235	1.627	87.56833333333333	91.18375	85.89071428571427	92.855	91.36	89.8925	87.7376923076923	93.58878712871287	93.37116666666665	88.05624999999999	93.14500000000001	93.9750462962963	0.30963066	0.19238645	0.63830715	0.16657588	0.22649182	1.1684587	1.2239509	1.1875249	0.8345014	1.938354	0.989022	1.1744292	../../benchmark_data/class-i/pdb/7ndt_pmhc_tcr.pdb	../pred_pdb/protenix_v2/pmhc_tcr/classI/classI_protenix_v2_default_with_msa/ranked_1/7ndt_pmhc_tcr.pdb	after	ranked_1
75	7ndu	0.672	0.662	1.771	2.212	95.44333333333333	95.4425	89.20599999999999	97.425	96.54727272727273	94.34615384615384	91.59249999999999	96.49687960687962	96.65767955801104	94.70750000000001	96.57513227513226	96.4290366972477	0.44627774	0.3590501	1.4913886	0.25493523	0.3125297	1.6961716	2.098479	1.3965827	1.1323477	1.3525703	1.2129016	1.2184545	../../benchmark_data/class-i/pdb/7ndu_pmhc_tcr.pdb	../pred_pdb/protenix_v2/pmhc_tcr/classI/classI_protenix_v2_default_with_msa/ranked_1/7ndu_pmhc_tcr.pdb	after	ranked_1
76	7nme	0.583	0.707	2.119	5.448	88.44090909090909	90.24599999999998	92.00692307692307	94.74800000000002	91.88181818181819	94.3718181818182	93.09083333333335	95.21767901234568	95.90292817679558	92.86444444444444	95.759	94.7393023255814	0.3766207	0.15092747	0.40421495	0.24313235	0.18449207	0.45135376	0.51254386	2.7203894	0.5138879	0.21899539	0.5093846	0.7964635	../../benchmark_data/class-i/pdb/7nme_pmhc_tcr.pdb	../pred_pdb/protenix_v2/pmhc_tcr/classI/classI_protenix_v2_default_with_msa/ranked_1/7nme_pmhc_tcr.pdb	after	ranked_1
77	7nmf	0.577	0.69	2.162	5.347	88.41272727272727	90.184	91.97384615384615	94.74300000000001	91.86090909090909	94.33909090909091	93.05791666666666	95.20246913580247	95.89281767955801	92.85222222222222	95.7487894736842	94.71967441860465	0.40025613	0.13306892	0.50189155	0.19148435	0.21999113	0.42610136	0.5913057	2.6484883	0.45181063	0.34737313	0.4543092	0.7566765	../../benchmark_data/class-i/pdb/7nmf_pmhc_tcr.pdb	../pred_pdb/protenix_v2/pmhc_tcr/classI/classI_protenix_v2_default_with_msa/ranked_1/7nmf_pmhc_tcr.pdb	after	ranked_1
78	7nmg	0.525	0.597	2.279	5.897	89.82636363636362	91.965	93.37692307692308	95.908	93.34727272727272	95.57545454545453	94.38458333333334	95.84599999999999	96.46651933701659	93.75111111111111	96.33789473684209	95.4113023255814	0.32275018	0.29202807	0.4706071	0.26058814	0.19610663	0.45222446	0.5963823	2.9211013	0.4499645	0.57357997	0.46699437	0.74667144	../../benchmark_data/class-i/pdb/7nmg_pmhc_tcr.pdb	../pred_pdb/protenix_v2/pmhc_tcr/classI/classI_protenix_v2_default_with_msa/ranked_1/7nmg_pmhc_tcr.pdb	after	ranked_1
79	7ow5	0.817	0.766	0.819	2.572	88.17583333333333	85.66	85.6175	92.696	89.921	84.143125	84.8803125	92.44985542168675	93.70811111111111	85.279	93.26447368421053	91.76195555555556	0.34697658	0.48916915	0.3955085	0.21398792	0.2307236	0.9946801	0.8575509	1.0033336	0.4169404	0.82162195	0.45477805	0.7075354	../../benchmark_data/class-i/pdb/7ow5_pmhc_tcr.pdb	../pred_pdb/protenix_v2/pmhc_tcr/classI/classI_protenix_v2_default_with_msa/ranked_1/7ow5_pmhc_tcr.pdb	after	ranked_1
80	7ow6	0.784	0.692	1.033	1.138	92.03833333333334	89.19999999999999	89.539375	95.051	93.52	87.9	88.71968749999999	94.55882211538461	95.45718232044199	89.08200000000001	95.12340314136125	94.07955555555556	0.33259794	1.3733022	0.36942294	0.16426058	0.29307362	1.397316	1.1586132	0.8014196	0.42791086	1.4040575	0.54589444	0.8393554	../../benchmark_data/class-i/pdb/7ow6_pmhc_tcr.pdb	../pred_pdb/protenix_v2/pmhc_tcr/classI/classI_protenix_v2_default_with_msa/ranked_1/7ow6_pmhc_tcr.pdb	after	ranked_1
81	7pb2	0.582	0.541	2.083	3.399	88.74	85.22636363636364	84.14	91.07900000000001	87.574	82.46375	83.301875	92.43349397590362	93.84700000000001	86.082	93.43831578947368	91.58497777777778	0.31919083	1.286665	2.7491007	0.16802217	0.24089427	2.6391582	2.983537	1.9201348	0.44034392	1.4250436	0.56551534	1.5382051	../../benchmark_data/class-i/pdb/7pb2_pmhc_tcr.pdb	../pred_pdb/protenix_v2/pmhc_tcr/classI/classI_protenix_v2_default_with_msa/ranked_1/7pb2_pmhc_tcr.pdb	after	ranked_1
82	7pbe	0.833	0.896	1.07	2.149	97.41999999999999	93.57375	97.50416666666666	97.399	97.74818181818182	96.8823076923077	97.18079999999998	97.3956049382716	97.85939226519336	98.21555555555557	97.87626315789473	96.97083720930235	0.391425	0.7551311	0.3891075	0.7187752	0.2773108	0.489129	0.6421889	1.1340622	0.62455755	0.14010069	0.6115232	0.6963341	../../benchmark_data/class-i/pdb/7pbe_pmhc_tcr.pdb	../pred_pdb/protenix_v2/pmhc_tcr/classI/classI_protenix_v2_default_with_msa/ranked_1/7pbe_pmhc_tcr.pdb	after	ranked_1
83	7phr	0.883	0.805	0.576	1.401	94.78900000000002	96.028	94.37909090909092	98.13299999999998	98.18499999999999	98.02615384615386	96.35458333333332	96.37897500000001	97.77530386740331	97.48111111111112	97.76136842105261	95.1282380952381	0.17850213	0.29935586	0.45079154	0.13885075	0.2121403	0.1714996	0.3722233	0.93046933	0.50389266	0.18534333	0.49461925	0.8164182	../../benchmark_data/class-i/pdb/7phr_pmhc_tcr.pdb	../pred_pdb/protenix_v2/pmhc_tcr/classI/classI_protenix_v2_default_with_msa/ranked_1/7phr_pmhc_tcr.pdb	after	ranked_1
84	7q99	0.892	0.918	0.726	2.002	96.02	96.55777777777777	93.58545454545455	94.00727272727272	93.10777777777778	92.77266666666668	93.11653846153847	95.84719901719902	97.28353591160221	96.65899999999999	97.2508376963351	94.60601851851852	0.4153259	0.27994788	0.39164203	0.36798376	0.15578502	0.27157348	0.5980285	0.8091527	0.31284744	0.18249194	0.30869856	0.77234656	../../benchmark_data/class-i/pdb/7q99_pmhc_tcr.pdb	../pred_pdb/protenix_v2/pmhc_tcr/classI/classI_protenix_v2_default_with_msa/ranked_1/7q99_pmhc_tcr.pdb	after	ranked_1
85	7q9a	0.849	0.813	0.766	2.113	97.45454545454545	97.41888888888889	96.17545454545453	95.19272727272727	94.52555555555554	96.06066666666666	96.10923076923078	96.54162162162163	97.63232044198894	97.792	97.64068062827226	95.56976851851852	0.29280517	0.27613863	0.9382911	0.27465498	0.19236618	0.18980514	0.7649992	0.87313265	0.27768713	0.17400973	0.27752054	0.6466239	../../benchmark_data/class-i/pdb/7q9a_pmhc_tcr.pdb	../pred_pdb/protenix_v2/pmhc_tcr/classI/classI_protenix_v2_default_with_msa/ranked_1/7q9a_pmhc_tcr.pdb	after	ranked_1
86	7q9b	0.487	0.45	2.48	5.015	93.62454545454544	95.93555555555555	87.43375	93.219	91.667	85.6475	86.24291666666666	94.90143209876544	96.87640883977899	95.316	96.79471204188482	93.2116355140187	0.50074893	0.26325127	1.7572148	0.3064961	0.2746284	1.9994932	2.7118943	2.6124153	0.6092667	0.34785354	0.6038802	1.3631307	../../benchmark_data/class-i/pdb/7q9b_pmhc_tcr.pdb	../pred_pdb/protenix_v2/pmhc_tcr/classI/classI_protenix_v2_default_with_msa/ranked_1/7q9b_pmhc_tcr.pdb	after	ranked_1
87	7qpj	0.944	0.957	0.531	0.972	98.37909090909092	98.50444444444445	98.38384615384614	97.60600000000001	96.66	97.63181818181816	98.03916666666667	97.8349875930521	97.98694444444445	98.34777777777778	98.00412698412698	97.68560747663552	0.210714	0.4013077	0.112749234	0.16132706	0.13764814	0.45948792	0.44909102	0.7273775	0.43785584	0.19759306	0.43484187	0.62208104	../../benchmark_data/class-i/pdb/7qpj_pmhc_tcr.pdb	../pred_pdb/protenix_v2/pmhc_tcr/classI/classI_protenix_v2_default_with_msa/ranked_1/7qpj_pmhc_tcr.pdb	after	ranked_1
88	7r80	0.123	0.048	7.088	13.713	83.80545454545454	88.533	87.0469230769231	89.673	86.61699999999999	84.94333333333334	85.91999999999999	92.6282151589242	93.74530386740331	86.9011111111111	93.42110526315788	91.94031963470322	1.9131334	0.39696422	0.45754606	0.24113993	0.21695344	0.57800245	0.60877204	21.194632	0.43225056	0.7983286	0.46185648	1.0531541	../../benchmark_data/class-i/pdb/7r80_pmhc_tcr.pdb	../pred_pdb/protenix_v2/pmhc_tcr/classI/classI_protenix_v2_default_with_msa/ranked_1/7r80_pmhc_tcr.pdb	after	ranked_1
89	7rk7	0.541	0.53	2.204	4.572	92.41666666666667	93.775	75.56875	91.30699999999999	87.50500000000001	75.731	75.65888888888888	93.55930120481928	96.25	93.24222222222222	96.10752631578947	91.40746666666666	0.286843	0.18669008	2.7110202	0.535468	0.22697271	1.8487147	3.2319949	2.0721526	0.51369864	0.50974756	0.5180314	1.7862184	../../benchmark_data/class-i/pdb/7rk7_pmhc_tcr.pdb	../pred_pdb/protenix_v2/pmhc_tcr/classI/classI_protenix_v2_default_with_msa/ranked_1/7rk7_pmhc_tcr.pdb	after	ranked_1
90	7rm4	0.048	0.0	12.867	21.811	85.39909090909092	89.636	81.0	90.825	85.51090909090908	83.69066666666666	82.49481481481482	92.48293398533008	93.44038674033149	94.58444444444443	93.49457894736842	91.60525114155249	1.1161748	0.42922157	1.203495	0.16666259	0.20820624	1.4446864	1.9226813	14.510302	0.3352938	0.4066605	0.34548047	1.1654568	../../benchmark_data/class-i/pdb/7rm4_pmhc_tcr.pdb	../pred_pdb/protenix_v2/pmhc_tcr/classI/classI_protenix_v2_default_with_msa/ranked_1/7rm4_pmhc_tcr.pdb	after	ranked_1
91	7rrg	0.288	0.317	3.299	10.967	86.11583333333333	88.62625	73.12200000000001	90.666	85.15454545454544	84.35071428571428	78.54275862068967	92.01024449877751	92.39889502762433	85.70444444444445	92.08178947368421	91.94817351598174	0.18374103	0.18465549	2.0850399	0.17417987	0.43195552	1.2069949	1.8640844	3.0573235	0.64286536	1.3367299	0.73094875	1.0455137	../../benchmark_data/class-i/pdb/7rrg_pmhc_tcr.pdb	../pred_pdb/protenix_v2/pmhc_tcr/classI/classI_protenix_v2_default_with_msa/ranked_1/7rrg_pmhc_tcr.pdb	after	ranked_1
92	7rtr	0.526	0.508	1.982	5.477	92.77	93.94444444444444	93.99545454545455	95.28	93.25	93.62727272727271	93.81136363636364	96.0668058968059	96.16690607734806	93.26222222222222	96.02931578947369	96.09963133640554	0.405964	0.29355192	0.6748544	0.42806345	0.2376104	0.51415	0.96725065	2.1672418	0.44065553	0.40334767	0.44316614	1.0845631	../../benchmark_data/class-i/pdb/7rtr_pmhc_tcr.pdb	../pred_pdb/protenix_v2/pmhc_tcr/classI/classI_protenix_v2_default_with_msa/ranked_1/7rtr_pmhc_tcr.pdb	after	ranked_1
93	7su9	0.009	0.0	22.465	57.641	92.22916666666667	92.875	83.16533333333334	93.417	93.07199999999999	82.818	82.99166666666665	92.51855392156862	93.27933333333333	94.61777777777777	93.34306878306879	91.80698630136986	0.3420065	0.17651063	1.8399712	0.15492646	0.20423636	1.4200305	1.8710924	23.098125	0.4170191	0.25219315	0.41203332	0.99837095	../../benchmark_data/class-i/pdb/7su9_pmhc_tcr.pdb	../pred_pdb/protenix_v2/pmhc_tcr/classI/classI_protenix_v2_default_with_msa/ranked_1/7su9_pmhc_tcr.pdb	after	ranked_1
94	8cx4	0.911	0.881	0.602	0.877	93.63818181818182	93.333	88.89647058823527	95.371	93.574	91.29333333333334	90.02000000000001	95.22249394673123	96.21558011049724	94.59111111111112	96.13863157894738	94.44192825112106	0.38087678	0.2536055	0.5084893	0.20068823	0.16930617	0.5836058	0.59258515	0.6374362	0.41232866	0.4585464	0.42169023	0.5311116	../../benchmark_data/class-i/pdb/8cx4_pmhc_tcr.pdb	../pred_pdb/protenix_v2/pmhc_tcr/classI/classI_protenix_v2_default_with_msa/ranked_1/8cx4_pmhc_tcr.pdb	after	ranked_1
95	8d5q	0.775	0.755	1.175	1.962	93.54727272727273	96.51599999999999	89.918125	96.84545454545456	96.36545454545454	96.448	93.07774193548389	96.16014705882354	96.55090909090909	95.91900000000001	96.51693548387098	95.86121621621622	0.3688922	0.1799413	1.8758596	0.24424015	0.20570861	0.31212837	1.5835159	1.0260018	0.6751937	0.50722814	0.67214775	0.8138937	../../benchmark_data/class-i/pdb/8d5q_pmhc_tcr.pdb	../pred_pdb/protenix_v2/pmhc_tcr/classI/classI_protenix_v2_default_with_msa/ranked_1/8d5q_pmhc_tcr.pdb	after	ranked_1
96	8dnt	0.736	0.74	1.22	3.321	97.3	97.40444444444444	91.15083333333332	95.53999999999999	88.14	92.95142857142856	92.12038461538461	96.35732186732187	97.48082872928177	96.22111111111111	97.42115789473682	95.42585253456221	0.5445583	0.44669348	0.6591501	0.4988589	0.6429796	0.64168406	1.0176388	1.7606021	0.7066812	0.7115143	0.72596407	1.3209703	../../benchmark_data/class-i/pdb/8dnt_pmhc_tcr.pdb	../pred_pdb/protenix_v2/pmhc_tcr/classI/classI_protenix_v2_default_with_msa/ranked_1/8dnt_pmhc_tcr.pdb	after	ranked_1
97	8en8	0.861	0.849	0.888	0.734	96.38181818181816	97.86300000000001	90.24428571428571	96.94272727272728	94.83500000000002	97.22933333333334	93.85724137931035	96.73949029126214	97.24433333333333	97.92444444444443	97.27671957671959	96.28417040358742	0.45585257	0.091626644	1.5186741	0.4476134	0.35395676	0.2992328	1.3887335	0.7372166	0.4254735	0.1739804	0.4222007	0.8602715	../../benchmark_data/class-i/pdb/8en8_pmhc_tcr.pdb	../pred_pdb/protenix_v2/pmhc_tcr/classI/classI_protenix_v2_default_with_msa/ranked_1/8en8_pmhc_tcr.pdb	after	ranked_1
98	8enh	0.751	0.704	1.209	2.066	95.8190909090909	97.55499999999999	88.9585714285714	97.01545454545455	95.25999999999999	96.93733333333334	93.0855172413793	96.82092457420923	97.51508379888267	97.8722222222222	97.53218085106383	96.22130044843048	0.52172315	0.09469751	1.9799752	0.34331387	0.39585036	0.2107112	1.7980765	1.098515	0.49255213	0.17871673	0.48302424	1.1735255	../../benchmark_data/class-i/pdb/8enh_pmhc_tcr.pdb	../pred_pdb/protenix_v2/pmhc_tcr/classI/classI_protenix_v2_default_with_msa/ranked_1/8enh_pmhc_tcr.pdb	after	ranked_1
99	8eo8	0.783	0.73	1.1	1.526	96.04727272727273	97.647	89.32785714285714	96.97272727272728	95.13166666666667	96.99933333333334	93.29586206896552	96.83333333333333	97.46150837988827	97.86888888888889	97.48101063829786	96.28730941704036	0.50950575	0.098382756	1.8970897	0.394992	0.2096743	0.22099	1.7089033	1.0163834	0.4943078	0.17855206	0.48553774	1.1515511	../../benchmark_data/class-i/pdb/8eo8_pmhc_tcr.pdb	../pred_pdb/protenix_v2/pmhc_tcr/classI/classI_protenix_v2_default_with_msa/ranked_1/8eo8_pmhc_tcr.pdb	after	ranked_1
100	8f5a	0.326	0.357	3.335	9.372	88.96090909090908	90.12899999999999	84.14266666666668	90.652	88.17699999999999	87.77749999999999	85.75814814814814	93.8521271393643	94.75254143646409	84.838	94.2334554973822	93.51802752293578	0.25640315	2.2014215	1.4841406	0.32931167	0.2282246	1.428777	2.2543213	3.4974532	0.3276004	1.4758599	0.4965316	1.554532	../../benchmark_data/class-i/pdb/8f5a_pmhc_tcr.pdb	../pred_pdb/protenix_v2/pmhc_tcr/classI/classI_protenix_v2_default_with_msa/ranked_1/8f5a_pmhc_tcr.pdb	after	ranked_1
101	8gom	0.029	0.0	17.607	28.741	87.47000000000001	84.46555555555555	87.26090909090908	85.649	87.07454545454544	80.61466666666666	83.42653846153846	91.45948780487805	92.66314917127073	92.36999999999999	92.64926315789474	90.43195454545454	0.41817448	0.3253105	0.95215213	0.22146907	0.1956655	1.5030516	1.560039	19.496113	0.518817	0.24902476	0.51554674	0.8656375	../../benchmark_data/class-i/pdb/8gom_pmhc_tcr.pdb	../pred_pdb/protenix_v2/pmhc_tcr/classI/classI_protenix_v2_default_with_msa/ranked_1/8gom_pmhc_tcr.pdb	after	ranked_1
102	8gon	0.212	0.043	7.0	7.7	85.03166666666665	84.88222222222223	85.36	87.799	84.58272727272728	81.364	83.0546153846154	91.92800000000001	93.242817679558	88.46333333333332	93.0164210526316	90.988	0.72880423	0.22609371	1.2774864	0.2410702	0.19409809	1.5314193	1.8140497	21.347391	0.35536164	0.16629705	0.35234973	0.92847484	../../benchmark_data/class-i/pdb/8gon_pmhc_tcr.pdb	../pred_pdb/protenix_v2/pmhc_tcr/classI/classI_protenix_v2_default_with_msa/ranked_1/8gon_pmhc_tcr.pdb	after	ranked_1
103	8gvb	0.825	0.818	0.959	1.994	92.49909090909091	95.99818181818182	94.8057142857143	97.53199999999998	98.28636363636365	96.18866666666665	95.52103448275862	97.1571463414634	97.77572222222223	97.71375	97.77308510638296	96.63554054054052	1.5560702	0.8354964	0.5549196	0.39013112	0.6719405	0.39867088	0.60710615	0.941886	0.53441757	0.43038177	0.54517186	0.84421694	../../benchmark_data/class-i/pdb/8gvb_pmhc_tcr.pdb	../pred_pdb/protenix_v2/pmhc_tcr/classI/classI_protenix_v2_default_with_msa/ranked_1/8gvb_pmhc_tcr.pdb	after	ranked_1
104	8gvg	0.833	0.866	1.007	2.1	91.30363636363637	95.70181818181818	93.13142857142859	97.31700000000001	97.7990909090909	95.55666666666666	94.38586206896552	96.81068126520682	97.46762430939226	97.09125	97.45169312169314	96.26495495495496	1.177686	0.94599485	0.5110874	0.4880149	0.6642609	0.5135688	0.5977281	0.9723363	0.6063792	0.4183402	0.6130904	0.87324536	../../benchmark_data/class-i/pdb/8gvg_pmhc_tcr.pdb	../pred_pdb/protenix_v2/pmhc_tcr/classI/classI_protenix_v2_default_with_msa/ranked_1/8gvg_pmhc_tcr.pdb	after	ranked_1
105	8gvi	0.759	0.75	1.112	3.103	94.51545454545455	97.67818181818183	98.02714285714286	98.26500000000001	98.66545454545457	97.84266666666667	97.93172413793103	97.83148418491484	98.28994475138123	98.57374999999999	98.30195767195767	97.43094594594594	1.4949422	0.89600575	0.5356663	0.4236262	0.3587384	1.0122037	1.0392196	1.3935026	0.5511276	0.44066483	0.5593502	1.2669288	../../benchmark_data/class-i/pdb/8gvi_pmhc_tcr.pdb	../pred_pdb/protenix_v2/pmhc_tcr/classI/classI_protenix_v2_default_with_msa/ranked_1/8gvi_pmhc_tcr.pdb	after	ranked_1
106	8i5c	0.837	0.81	0.892	1.701	95.59363636363636	95.14	95.72583333333334	96.524	95.066	95.91615384615385	95.82480000000001	96.7025925925926	96.8760220994475	95.67111111111112	96.81894736842105	96.59976744186046	0.2827924	0.2665804	0.27730668	0.22909136	0.34513927	1.3295641	1.2753748	0.8212484	0.33731365	1.0702058	0.418437	0.6083666	../../benchmark_data/class-i/pdb/8i5c_pmhc_tcr.pdb	../pred_pdb/protenix_v2/pmhc_tcr/classI/classI_protenix_v2_default_with_msa/ranked_1/8i5c_pmhc_tcr.pdb	after	ranked_1
107	8i5d	0.665	0.695	1.704	3.361	87.07000000000001	91.243	84.1125	94.13000000000001	88.6809090909091	88.56400000000001	86.58555555555556	93.85247524752475	95.08834254143649	89.78444444444443	94.83710526315791	92.97827102803738	0.28758144	0.29926485	0.83172435	0.2019957	0.19857852	0.52816343	0.9232387	1.7841765	0.43891296	0.68418974	0.46358788	1.3255143	../../benchmark_data/class-i/pdb/8i5d_pmhc_tcr.pdb	../pred_pdb/protenix_v2/pmhc_tcr/classI/classI_protenix_v2_default_with_msa/ranked_1/8i5d_pmhc_tcr.pdb	after	ranked_1
108	8qfy	0.892	0.82	0.554	1.35	98.16909090909093	98.06555555555556	98.40166666666666	98.492	97.3281818181818	98.78083333333332	98.59125	97.50338271604937	97.16381215469615	98.65333333333334	97.23436842105265	97.74111627906976	0.21822718	0.23967594	0.16688833	0.31211987	0.22509581	0.22395682	0.21341375	0.8441889	0.73643786	0.28709257	0.7233606	0.5405346	../../benchmark_data/class-i/pdb/8qfy_pmhc_tcr.pdb	../pred_pdb/protenix_v2/pmhc_tcr/classI/classI_protenix_v2_default_with_msa/ranked_1/8qfy_pmhc_tcr.pdb	after	ranked_1
109	8shi	0.248	0.208	3.903	10.282	88.94000000000001	92.08800000000001	74.9035294117647	93.17899999999999	88.163	90.14499999999998	81.78677419354838	93.4939603960396	94.59294444444446	88.87375	94.34957446808511	92.74925925925926	0.37674472	0.47272167	2.084211	0.23231763	0.21022739	0.34632882	1.6837033	3.3387957	0.42074972	1.4826349	0.5391764	1.0748594	../../benchmark_data/class-i/pdb/8shi_pmhc_tcr.pdb	../pred_pdb/protenix_v2/pmhc_tcr/classI/classI_protenix_v2_default_with_msa/ranked_1/8shi_pmhc_tcr.pdb	after	ranked_1
110	8wte	0.296	0.277	3.687	9.049	87.31636363636363	88.00888888888889	87.62692307692306	90.343	85.651	83.16375	85.16448275862071	92.3873349633252	93.3249723756906	86.43	92.99836842105265	91.85721461187214	0.3375525	0.30370742	0.61520165	0.30044776	0.2946961	1.5011896	1.2699997	4.165015	0.4023448	1.1568563	0.4992277	1.0881146	../../benchmark_data/class-i/pdb/8wte_pmhc_tcr.pdb	../pred_pdb/protenix_v2/pmhc_tcr/classI/classI_protenix_v2_default_with_msa/ranked_1/8wte_pmhc_tcr.pdb	after	ranked_1
111	8wul	0.038	0.0	15.366	24.746	95.10727272727273	95.89999999999999	95.61384615384615	97.602	96.925	95.963125	95.80655172413793	96.80418092909537	97.17872928176794	94.87888888888888	97.06978947368422	96.57374429223745	0.6990753	0.21441361	0.5195998	0.29132792	0.28737164	4.0730906	3.5945	18.674114	0.40101376	0.87236786	0.463359	1.6490678	../../benchmark_data/class-i/pdb/8wul_pmhc_tcr.pdb	../pred_pdb/protenix_v2/pmhc_tcr/classI/classI_protenix_v2_default_with_msa/ranked_1/8wul_pmhc_tcr.pdb	after	ranked_1
112	6zkw	0.679	0.707	1.608	3.358	95.69363636363637	96.996	97.52076923076923	97.755	94.18599999999999	97.58812499999999	97.55793103448276	96.86992665036674	96.87966666666665	98.04333333333334	96.93507936507935	96.81395454545455	0.42317322	0.16995528	0.1865597	0.13751203	0.19371179	0.7587542	0.764054	1.7568321	0.7134856	0.14900687	0.69951355	0.8160199	../../benchmark_data/class-i/pdb/6zkw_pmhc_tcr.pdb	../pred_pdb/protenix_v2/pmhc_tcr/classI/classI_protenix_v2_default_with_msa/ranked_2/6zkw_pmhc_tcr.pdb	after	ranked_2
113	6zkx	0.584	0.551	1.905	3.999	93.81181818181818	95.174	95.87538461538465	96.75699999999999	92.849	95.19187500000001	95.49827586206894	95.50068126520681	95.32692737430166	92.15583333333335	95.12769633507853	95.8245	0.35009643	0.21047615	0.24876535	0.15509689	0.16477051	0.7212739	0.6813365	1.7034678	1.5386442	0.8691285	1.5513933	0.64603513	../../benchmark_data/class-i/pdb/6zkx_pmhc_tcr.pdb	../pred_pdb/protenix_v2/pmhc_tcr/classI/classI_protenix_v2_default_with_msa/ranked_2/6zkx_pmhc_tcr.pdb	after	ranked_2
114	6zky	0.674	0.679	1.359	4.332	91.65363636363638	92.67	90.71692307692307	95.13500000000002	90.26400000000001	91.273125	91.02379310344828	94.16789215686275	94.5458888888889	85.51375	94.16154255319148	94.17331818181817	0.43828663	0.24832596	0.5981234	0.18039776	0.20669144	0.8265824	1.0177647	1.3853894	0.8783249	2.010176	1.0560049	0.64784735	../../benchmark_data/class-i/pdb/6zky_pmhc_tcr.pdb	../pred_pdb/protenix_v2/pmhc_tcr/classI/classI_protenix_v2_default_with_msa/ranked_2/6zky_pmhc_tcr.pdb	after	ranked_2
115	6zkz	0.457	0.542	2.319	7.971	87.89090909090909	89.9	86.59615384615384	92.324	87.58399999999999	84.25562500000001	85.30482758620691	92.60450980392157	93.54216666666669	86.91875	93.26031914893618	92.04409090909091	0.37446538	0.19053392	0.8488295	0.14695738	0.15854973	0.9431784	1.1808646	2.337447	0.850418	2.3011353	1.0443858	1.032201	../../benchmark_data/class-i/pdb/6zkz_pmhc_tcr.pdb	../pred_pdb/protenix_v2/pmhc_tcr/classI/classI_protenix_v2_default_with_msa/ranked_2/6zkz_pmhc_tcr.pdb	after	ranked_2
116	7dzm	0.887	0.884	0.685	1.934	97.25916666666667	97.38625	98.284	98.625	98.33909090909091	98.37916666666666	98.3262962962963	97.50049261083745	97.33394444444444	98.52111111111111	97.3904761904762	97.5963133640553	0.27399105	0.09751473	0.3013163	0.1457871	0.29238048	0.22814456	0.3783001	1.0070646	0.75384116	0.17480211	0.73923373	0.48145792	../../benchmark_data/class-i/pdb/7dzm_pmhc_tcr.pdb	../pred_pdb/protenix_v2/pmhc_tcr/classI/classI_protenix_v2_default_with_msa/ranked_2/7dzm_pmhc_tcr.pdb	after	ranked_2
117	7dzn	0.202	0.19	5.776	11.502	92.03333333333335	94.89625	83.14133333333334	96.588	95.34	94.71166666666666	88.2837037037037	96.07390123456791	97.0067039106145	94.50222222222222	96.8868085106383	95.36963133640553	0.23011607	0.21348272	2.5948884	0.17947921	0.21190998	0.23002848	2.118476	20.139791	0.4117668	0.52019507	0.4356391	0.9263807	../../benchmark_data/class-i/pdb/7dzn_pmhc_tcr.pdb	../pred_pdb/protenix_v2/pmhc_tcr/classI/classI_protenix_v2_default_with_msa/ranked_2/7dzn_pmhc_tcr.pdb	after	ranked_2
118	7l1d	0.03	0.0	17.002	28.281	83.51545454545455	86.47222222222221	78.49153846153847	86.00399999999999	88.23999999999998	71.49157894736842	74.3353125	91.17594132029339	93.29662983425413	91.76	93.22384210526315	89.39922374429224	0.51665205	0.25312284	2.3498533	0.27720588	0.2016062	4.5876794	5.6543	19.16977	0.5262851	0.4830671	0.5299018	3.2213178	../../benchmark_data/class-i/pdb/7l1d_pmhc_tcr.pdb	../pred_pdb/protenix_v2/pmhc_tcr/classI/classI_protenix_v2_default_with_msa/ranked_2/7l1d_pmhc_tcr.pdb	after	ranked_2
119	7n2n	0.031	0.0	15.823	28.137	90.5690909090909	89.10100000000001	85.43411764705883	87.73299999999999	87.944	82.60733333333333	84.1090625	92.1264406779661	93.03662983425413	92.11	92.99273684210527	91.38834080717488	0.97101915	0.32687065	1.2911624	0.19304352	0.15346219	1.5328194	2.3474522	17.64735	0.36858982	0.17718253	0.3681074	1.2980494	../../benchmark_data/class-i/pdb/7n2n_pmhc_tcr.pdb	../pred_pdb/protenix_v2/pmhc_tcr/classI/classI_protenix_v2_default_with_msa/ranked_2/7n2n_pmhc_tcr.pdb	after	ranked_2
120	7n2o	0.613	0.61	1.747	4.209	91.83363636363636	90.99600000000001	88.51411764705882	94.11099999999999	90.819	87.88066666666667	88.21718750000001	94.39150121065376	95.21121546961325	91.56777777777779	95.03863157894737	93.84013452914799	0.82361287	0.3322498	0.8635628	0.19078104	0.17076747	1.3931733	1.6111847	1.9582852	0.3848042	0.49305958	0.39647782	1.1189501	../../benchmark_data/class-i/pdb/7n2o_pmhc_tcr.pdb	../pred_pdb/protenix_v2/pmhc_tcr/classI/classI_protenix_v2_default_with_msa/ranked_2/7n2o_pmhc_tcr.pdb	after	ranked_2
121	7n2p	0.44	0.492	2.201	8.343	90.83454545454546	93.02199999999999	90.30545454545454	93.895	90.86999999999999	89.21800000000002	89.67807692307692	94.727714987715	96.04640883977902	93.28444444444443	95.91557894736842	93.68764976958526	0.2484267	0.33133748	1.1151326	0.23220731	0.15733351	1.6403409	1.5773038	2.9666686	0.38585716	0.66921365	0.41152292	0.8925122	../../benchmark_data/class-i/pdb/7n2p_pmhc_tcr.pdb	../pred_pdb/protenix_v2/pmhc_tcr/classI/classI_protenix_v2_default_with_msa/ranked_2/7n2p_pmhc_tcr.pdb	after	ranked_2
122	7n2q	0.697	0.627	1.205	3.492	87.28363636363635	89.175	87.59363636363635	92.92800000000001	89.11699999999999	85.39933333333333	86.3276923076923	93.69297297297298	95.22718232044198	91.24	95.03831578947367	92.51502304147465	0.32571086	0.41165063	1.4434036	0.185487	0.17757873	0.5932402	1.2425265	1.5551164	0.35668424	0.24904285	0.35585865	0.92462003	../../benchmark_data/class-i/pdb/7n2q_pmhc_tcr.pdb	../pred_pdb/protenix_v2/pmhc_tcr/classI/classI_protenix_v2_default_with_msa/ranked_2/7n2q_pmhc_tcr.pdb	after	ranked_2
123	7n2r	0.477	0.362	2.158	4.978	83.76818181818182	85.331	83.78909090909092	89.952	86.226	80.614	81.9573076923077	91.90665847665848	93.72596685082871	88.44222222222221	93.4756842105263	90.53285714285715	0.3512907	0.36703485	0.93447727	0.24295655	0.2014104	1.8775094	1.7645273	1.8887063	0.35379067	0.55616695	0.3684015	1.034661	../../benchmark_data/class-i/pdb/7n2r_pmhc_tcr.pdb	../pred_pdb/protenix_v2/pmhc_tcr/classI/classI_protenix_v2_default_with_msa/ranked_2/7n2r_pmhc_tcr.pdb	after	ranked_2
124	7n2s	0.009	0.0	23.701	56.214	88.78272727272726	91.731	80.334375	93.45	92.054	85.87733333333333	83.01645161290323	91.86980582524272	93.82314917127074	94.88333333333334	93.87336842105265	90.15504504504504	1.3361635	0.39453575	1.611039	0.48721817	0.18786222	0.6364613	2.2847798	23.68223	0.45058432	0.31909597	0.45184278	1.2208747	../../benchmark_data/class-i/pdb/7n2s_pmhc_tcr.pdb	../pred_pdb/protenix_v2/pmhc_tcr/classI/classI_protenix_v2_default_with_msa/ranked_2/7n2s_pmhc_tcr.pdb	after	ranked_2
125	7n4k	0.807	0.873	1.1	2.854	92.69	92.00750000000001	91.89461538461538	96.05700000000002	94.61200000000001	93.47818181818182	92.62041666666666	95.91279999999999	96.08570621468925	96.278	96.09598930481282	95.75197183098591	0.12065357	0.8044926	0.57379514	0.40938985	0.1133214	0.62670547	0.6188556	1.3392165	1.3043272	0.21018016	1.2731724	0.6750725	../../benchmark_data/class-i/pdb/7n4k_pmhc_tcr.pdb	../pred_pdb/protenix_v2/pmhc_tcr/classI/classI_protenix_v2_default_with_msa/ranked_2/7n4k_pmhc_tcr.pdb	after	ranked_2
126	7n5c	0.746	0.684	1.199	2.051	93.65916666666665	93.7225	92.24307692307693	97.75699999999999	96.364	96.79818181818182	94.33083333333333	96.3334405940594	96.19138121546963	97.464	96.25801047120419	96.40107981220658	0.14923702	0.19246182	0.8491124	0.42400947	0.09048794	0.8811286	1.0527207	1.2722076	0.98423135	0.30556306	0.962142	0.7578758	../../benchmark_data/class-i/pdb/7n5c_pmhc_tcr.pdb	../pred_pdb/protenix_v2/pmhc_tcr/classI/classI_protenix_v2_default_with_msa/ranked_2/7n5c_pmhc_tcr.pdb	after	ranked_2
127	7n5p	0.796	0.831	1.037	3.13	93.97500000000001	93.22375	93.9323076923077	96.809	95.561	94.71090909090908	94.28916666666667	96.49353383458646	96.50085227272729	97.081	96.53204301075269	96.45990610328639	0.14741579	0.19892919	0.5295771	0.4374787	0.11933895	0.60256785	0.60267955	1.379616	1.193582	0.2712327	1.1684104	0.6192678	../../benchmark_data/class-i/pdb/7n5p_pmhc_tcr.pdb	../pred_pdb/protenix_v2/pmhc_tcr/classI/classI_protenix_v2_default_with_msa/ranked_2/7n5p_pmhc_tcr.pdb	after	ranked_2
128	7na5	0.314	0.306	3.664	8.613	90.43545454545455	91.46444444444442	90.45181818181818	93.559	89.075	91.24266666666668	90.90807692307693	93.26940740740741	93.32766666666669	92.70444444444443	93.29798941798941	93.24439814814815	0.5184256	0.27636135	0.6040509	0.22829935	0.2473818	0.41260958	0.5955681	4.015824	1.1065398	0.38726863	1.0876634	0.8791953	../../benchmark_data/class-i/pdb/7na5_pmhc_tcr.pdb	../pred_pdb/protenix_v2/pmhc_tcr/classI/classI_protenix_v2_default_with_msa/ranked_2/7na5_pmhc_tcr.pdb	after	ranked_2
129	7ndq	0.586	0.5	2.048	2.715	95.83749999999999	95.87625	88.93533333333335	97.63899999999998	96.67363636363638	93.86384615384615	91.22357142857143	96.57838235294116	96.56143646408842	96.41777777777776	96.55463157894735	96.59908256880733	0.48373032	0.3298705	1.6668553	0.3257113	0.41000873	1.9791389	2.335955	1.6457163	1.2104334	2.1317544	1.3023393	1.2900715	../../benchmark_data/class-i/pdb/7ndq_pmhc_tcr.pdb	../pred_pdb/protenix_v2/pmhc_tcr/classI/classI_protenix_v2_default_with_msa/ranked_2/7ndq_pmhc_tcr.pdb	after	ranked_2
130	7ndt	0.76	0.689	1.131	1.892	87.49333333333333	91.22625	85.85928571428573	92.92999999999999	91.40818181818182	89.95083333333334	87.74769230769229	93.59908415841583	93.38072222222222	87.95625000000001	93.14989361702128	93.99004629629628	0.2735402	0.2112463	0.88200694	0.15311936	0.20734654	1.0939614	1.1874223	1.143697	0.60940105	1.6050574	0.7724475	1.0393838	../../benchmark_data/class-i/pdb/7ndt_pmhc_tcr.pdb	../pred_pdb/protenix_v2/pmhc_tcr/classI/classI_protenix_v2_default_with_msa/ranked_2/7ndt_pmhc_tcr.pdb	after	ranked_2
131	7ndu	0.666	0.631	1.741	2.118	95.44999999999999	95.45625	89.198	97.42	96.51090909090908	94.33999999999999	91.58535714285715	96.49737100737102	96.66116022099446	94.69749999999999	96.57804232804233	96.42743119266055	0.4081326	0.29085207	1.2860667	0.31383666	0.3148464	1.6870059	1.9519107	1.3511703	1.0866717	1.4184219	1.1684586	1.1622937	../../benchmark_data/class-i/pdb/7ndu_pmhc_tcr.pdb	../pred_pdb/protenix_v2/pmhc_tcr/classI/classI_protenix_v2_default_with_msa/ranked_2/7ndu_pmhc_tcr.pdb	after	ranked_2
132	7nme	0.631	0.613	1.581	4.163	88.42363636363636	90.31400000000001	92.04461538461538	94.90100000000001	92.16363636363636	94.45636363636363	93.14999999999999	95.27076543209877	95.95773480662984	92.91222222222223	95.81347368421054	94.79116279069767	0.446645	0.22086805	0.38510945	0.2386997	0.15444121	0.41803157	0.45497313	2.179494	0.43434173	0.17194808	0.43021393	0.8745877	../../benchmark_data/class-i/pdb/7nme_pmhc_tcr.pdb	../pred_pdb/protenix_v2/pmhc_tcr/classI/classI_protenix_v2_default_with_msa/ranked_2/7nme_pmhc_tcr.pdb	after	ranked_2
133	7nmf	0.634	0.634	1.635	4.102	88.42181818181818	90.293	92.05153846153847	94.885	92.08454545454546	94.4190909090909	93.13666666666666	95.24770370370372	95.93657458563538	92.89999999999999	95.79273684210527	94.7660465116279	0.46643907	0.17210245	0.47432372	0.18148725	0.16955389	0.40142518	0.5347052	2.1264493	0.38197136	0.29643193	0.38332635	0.81166315	../../benchmark_data/class-i/pdb/7nmf_pmhc_tcr.pdb	../pred_pdb/protenix_v2/pmhc_tcr/classI/classI_protenix_v2_default_with_msa/ranked_2/7nmf_pmhc_tcr.pdb	after	ranked_2
134	7nmg	0.46	0.486	2.447	6.648	89.8790909090909	92.077	93.42076923076924	95.787	93.22818181818182	95.52727272727272	94.38625	95.84856790123456	96.47215469613259	93.75333333333334	96.34336842105262	95.4113023255814	0.3329242	0.25820056	0.42207852	0.25204566	0.19560184	0.46906283	0.5598593	3.062783	0.42115384	0.6144822	0.4446051	0.7636313	../../benchmark_data/class-i/pdb/7nmg_pmhc_tcr.pdb	../pred_pdb/protenix_v2/pmhc_tcr/classI/classI_protenix_v2_default_with_msa/ranked_2/7nmg_pmhc_tcr.pdb	after	ranked_2
135	7ow5	0.813	0.766	0.931	1.912	88.22249999999998	85.66999999999999	85.526875	92.65700000000001	89.973	84.110625	84.81875000000001	92.4636626506024	93.72072222222222	85.41600000000001	93.28363157894736	91.77124444444443	0.32690048	0.46181607	0.4250529	0.19676256	0.22449376	0.81255436	0.8104282	0.9765402	0.39141342	1.1333629	0.47094908	0.67720807	../../benchmark_data/class-i/pdb/7ow5_pmhc_tcr.pdb	../pred_pdb/protenix_v2/pmhc_tcr/classI/classI_protenix_v2_default_with_msa/ranked_2/7ow5_pmhc_tcr.pdb	after	ranked_2
136	7ow6	0.812	0.738	0.946	1.192	92.02500000000002	89.57545454545453	89.41937499999999	95.072	93.656	87.891875	88.65562500000001	94.58086538461538	95.48160220994474	89.071	95.14596858638743	94.10115555555556	0.30887258	0.47096023	0.3736838	0.16429026	0.2936285	1.316383	1.2214787	0.7922674	0.36223364	1.3952225	0.49877754	0.77705425	../../benchmark_data/class-i/pdb/7ow6_pmhc_tcr.pdb	../pred_pdb/protenix_v2/pmhc_tcr/classI/classI_protenix_v2_default_with_msa/ranked_2/7ow6_pmhc_tcr.pdb	after	ranked_2
137	7pb2	0.55	0.59	2.392	4.545	88.77833333333332	85.24636363636363	84.19874999999999	91.199	87.265	82.600625	83.3996875	92.42987951807227	93.8321111111111	86.122	93.4263157894737	91.58844444444445	0.31577063	1.2583333	3.3648784	0.1846022	0.24553947	2.974527	3.4243648	2.4875965	0.43529314	0.704081	0.5079615	2.0251763	../../benchmark_data/class-i/pdb/7pb2_pmhc_tcr.pdb	../pred_pdb/protenix_v2/pmhc_tcr/classI/classI_protenix_v2_default_with_msa/ranked_2/7pb2_pmhc_tcr.pdb	after	ranked_2
138	7pbe	0.83	0.896	1.082	2.232	97.41999999999999	93.55250000000001	97.51166666666666	97.40299999999999	97.75636363636363	96.87615384615384	97.1812	97.39353086419754	97.85690607734806	98.22	97.8741052631579	96.96883720930234	0.3862831	0.7092416	0.3676351	0.6847464	0.3130123	0.50215924	0.61008114	1.1925181	0.64369684	0.13854076	0.6297778	0.7039191	../../benchmark_data/class-i/pdb/7pbe_pmhc_tcr.pdb	../pred_pdb/protenix_v2/pmhc_tcr/classI/classI_protenix_v2_default_with_msa/ranked_2/7pbe_pmhc_tcr.pdb	after	ranked_2
139	7phr	0.909	0.817	0.429	1.077	94.81	95.98800000000001	94.36727272727272	98.13199999999998	98.19500000000001	98.02538461538461	96.34875	96.37612499999999	97.77348066298343	97.47888888888889	97.75952631578946	95.12447619047619	0.19243737	0.19673531	0.42235997	0.18307076	0.21611474	0.16606975	0.35295194	0.75032204	0.35898927	0.19302231	0.3555823	0.70698553	../../benchmark_data/class-i/pdb/7phr_pmhc_tcr.pdb	../pred_pdb/protenix_v2/pmhc_tcr/classI/classI_protenix_v2_default_with_msa/ranked_2/7phr_pmhc_tcr.pdb	after	ranked_2
140	7q99	0.854	0.863	0.79	2.571	96.02636363636363	96.57555555555557	93.56545454545454	94.01272727272726	93.23555555555555	92.75533333333334	93.09807692307693	95.8597542997543	97.29679558011048	96.676	97.26429319371725	94.61777777777779	0.4036254	0.28578475	0.23017308	0.31468505	0.1435818	0.25755373	0.35772735	1.0659684	0.3075535	0.18042317	0.30441216	0.6363814	../../benchmark_data/class-i/pdb/7q99_pmhc_tcr.pdb	../pred_pdb/protenix_v2/pmhc_tcr/classI/classI_protenix_v2_default_with_msa/ranked_2/7q99_pmhc_tcr.pdb	after	ranked_2
141	7q9a	0.849	0.813	0.773	2.062	97.44272727272727	97.42555555555555	96.16	95.19727272727273	94.37444444444444	96.05933333333333	96.10192307692306	96.5331203931204	97.62364640883979	97.804	97.63308900523559	95.56046296296296	0.27126405	0.24090281	0.7929562	0.27300805	0.19697058	0.19734062	0.69865763	0.8678057	0.35994893	0.16241737	0.3553878	0.7150343	../../benchmark_data/class-i/pdb/7q9a_pmhc_tcr.pdb	../pred_pdb/protenix_v2/pmhc_tcr/classI/classI_protenix_v2_default_with_msa/ranked_2/7q9a_pmhc_tcr.pdb	after	ranked_2
142	7q9b	0.522	0.487	2.342	4.42	93.61999999999999	95.91111111111111	87.42375	93.26699999999998	91.547	85.658125	86.24666666666667	94.89995061728393	96.87690607734807	95.34	96.79643979057593	93.20728971962617	0.4803121	0.26178858	1.8198261	0.3071001	0.26504615	1.5061345	2.3367124	2.3851264	0.64077616	0.34989116	0.6347187	1.2349397	../../benchmark_data/class-i/pdb/7q9b_pmhc_tcr.pdb	../pred_pdb/protenix_v2/pmhc_tcr/classI/classI_protenix_v2_default_with_msa/ranked_2/7q9b_pmhc_tcr.pdb	after	ranked_2
143	7qpj	0.903	0.841	0.553	0.984	98.37545454545456	98.50222222222222	98.3853846153846	97.608	96.66299999999998	97.63545454545455	98.04166666666667	97.83397022332505	97.98883333333332	98.34222222222223	98.00566137566138	97.68233644859812	0.21374202	0.41247946	0.11228744	0.15430932	0.13303797	0.46972302	0.45987806	0.68774354	0.44656846	0.20422314	0.44045556	0.52519745	../../benchmark_data/class-i/pdb/7qpj_pmhc_tcr.pdb	../pred_pdb/protenix_v2/pmhc_tcr/classI/classI_protenix_v2_default_with_msa/ranked_2/7qpj_pmhc_tcr.pdb	after	ranked_2
144	7r80	0.127	0.048	7.073	13.278	83.81454545454545	88.56099999999999	87.07307692307691	89.88199999999999	86.588	84.90333333333335	85.91071428571429	92.64581907090465	93.77066298342541	86.87666666666667	93.4441052631579	91.95324200913241	1.9905474	0.4319545	0.3485063	0.24758749	0.21886508	0.5129696	0.52567923	21.106028	0.5304462	0.7046772	0.5442083	0.9862114	../../benchmark_data/class-i/pdb/7r80_pmhc_tcr.pdb	../pred_pdb/protenix_v2/pmhc_tcr/classI/classI_protenix_v2_default_with_msa/ranked_2/7r80_pmhc_tcr.pdb	after	ranked_2
145	7rk7	0.58	0.561	2.153	3.545	92.27083333333333	93.81625	75.321875	91.90100000000001	88.06899999999999	75.797	75.58583333333334	93.59298795180722	96.2707182320442	93.22111111111111	96.12626315789474	91.45377777777777	0.3278484	0.23373345	2.6742458	0.5530601	0.2351275	2.13555	2.9426553	2.0659835	0.5368857	0.51276785	0.54065704	1.7602158	../../benchmark_data/class-i/pdb/7rk7_pmhc_tcr.pdb	../pred_pdb/protenix_v2/pmhc_tcr/classI/classI_protenix_v2_default_with_msa/ranked_2/7rk7_pmhc_tcr.pdb	after	ranked_2
146	7rm4	0.05	0.0	12.982	21.37	85.75363636363637	89.64599999999999	81.2275	90.978	86.09636363636365	83.90933333333332	82.7174074074074	92.63863080684595	93.60022099447514	94.72333333333333	93.65342105263159	91.75821917808217	0.4654399	0.42046714	1.0636461	0.19819233	0.1839008	2.3088362	2.5078712	14.324084	0.35196126	0.3920215	0.36251497	1.2531277	../../benchmark_data/class-i/pdb/7rm4_pmhc_tcr.pdb	../pred_pdb/protenix_v2/pmhc_tcr/classI/classI_protenix_v2_default_with_msa/ranked_2/7rm4_pmhc_tcr.pdb	after	ranked_2
147	7rrg	0.228	0.206	3.633	12.066	86.06166666666667	88.77625	73.96733333333334	90.76700000000001	85.37909090909089	84.23785714285714	78.9255172413793	92.09687041564791	92.50309392265191	85.85888888888888	92.18836842105262	92.01748858447489	0.16513853	0.21445897	2.9622674	0.2051534	0.40089706	1.0741507	2.8029962	3.3338559	0.5724109	1.0812511	0.646338	1.3474052	../../benchmark_data/class-i/pdb/7rrg_pmhc_tcr.pdb	../pred_pdb/protenix_v2/pmhc_tcr/classI/classI_protenix_v2_default_with_msa/ranked_2/7rrg_pmhc_tcr.pdb	after	ranked_2
148	7rtr	0.508	0.46	2.03	5.437	92.96272727272728	94.24111111111112	94.07363636363638	95.24199999999999	93.21272727272729	93.73272727272725	93.9031818181818	96.10287469287469	96.2049723756906	93.26	96.06547368421052	96.13562211981566	0.4282907	0.29254133	0.7187874	0.44451123	0.25767118	0.6499241	1.0240754	2.19138	0.46238226	0.33550808	0.46084505	1.0769248	../../benchmark_data/class-i/pdb/7rtr_pmhc_tcr.pdb	../pred_pdb/protenix_v2/pmhc_tcr/classI/classI_protenix_v2_default_with_msa/ranked_2/7rtr_pmhc_tcr.pdb	after	ranked_2
149	7su9	0.009	0.0	22.33	57.607	92.17166666666667	92.89375000000001	83.15733333333334	93.455	93.00600000000001	82.93066666666667	83.04400000000001	92.47671568627452	93.23061111111112	94.58444444444444	93.29507936507937	91.77045662100457	0.35005322	0.16717237	1.8201222	0.15933661	0.19644916	1.4540995	1.9031975	22.98528	0.375012	0.3129428	0.37369138	0.97488916	../../benchmark_data/class-i/pdb/7su9_pmhc_tcr.pdb	../pred_pdb/protenix_v2/pmhc_tcr/classI/classI_protenix_v2_default_with_msa/ranked_2/7su9_pmhc_tcr.pdb	after	ranked_2
150	8cx4	0.89	0.831	0.628	0.889	93.66	93.33200000000001	88.95529411764706	95.30699999999999	93.56	91.28733333333334	90.0484375	95.23145278450362	96.21928176795582	94.61	96.14305263157895	94.45475336322868	0.686338	0.22633372	0.60211295	0.19030151	0.19938019	0.5502014	0.6828312	0.61428964	0.4374263	0.5147241	0.44898668	0.49097255	../../benchmark_data/class-i/pdb/8cx4_pmhc_tcr.pdb	../pred_pdb/protenix_v2/pmhc_tcr/classI/classI_protenix_v2_default_with_msa/ranked_2/8cx4_pmhc_tcr.pdb	after	ranked_2
151	8d5q	0.738	0.679	1.243	2.087	93.53181818181817	96.541	89.878125	96.81181818181818	96.35000000000001	96.44	93.05322580645162	96.16071078431372	96.55784090909091	95.903	96.52263440860214	95.85747747747747	0.34078243	0.1512635	1.9532343	0.22227935	0.20799409	0.32579145	1.6392994	1.0856792	0.6045824	0.72318727	0.6190903	0.8178411	../../benchmark_data/class-i/pdb/8d5q_pmhc_tcr.pdb	../pred_pdb/protenix_v2/pmhc_tcr/classI/classI_protenix_v2_default_with_msa/ranked_2/8d5q_pmhc_tcr.pdb	after	ranked_2
152	8dnt	0.739	0.767	1.247	3.459	97.30545454545455	97.4211111111111	91.17083333333333	95.57000000000001	88.1809090909091	92.95714285714284	92.1326923076923	96.362285012285	97.4849723756906	96.24222222222221	97.4261052631579	95.43082949308757	0.55437106	0.380855	0.63441193	0.48591125	0.56308967	0.61324507	1.0992504	1.8252099	0.70989746	0.7298694	0.7305795	1.3586104	../../benchmark_data/class-i/pdb/8dnt_pmhc_tcr.pdb	../pred_pdb/protenix_v2/pmhc_tcr/classI/classI_protenix_v2_default_with_msa/ranked_2/8dnt_pmhc_tcr.pdb	after	ranked_2
153	8en8	0.838	0.795	0.899	1.096	96.33636363636364	97.877	90.1164285714286	96.94636363636364	94.82833333333333	97.244	93.80310344827586	96.73305825242717	97.23577777777778	97.94666666666666	97.26962962962962	96.27829596412556	0.44035125	0.09896105	1.6293906	0.4178573	0.38702348	0.25131297	1.419357	0.72602123	0.35013732	0.20711142	0.34742552	0.8148436	../../benchmark_data/class-i/pdb/8en8_pmhc_tcr.pdb	../pred_pdb/protenix_v2/pmhc_tcr/classI/classI_protenix_v2_default_with_msa/ranked_2/8en8_pmhc_tcr.pdb	after	ranked_2
154	8enh	0.801	0.765	1.002	2.024	95.85	97.574	88.82000000000001	97.0281818181818	95.23	96.97266666666668	93.03689655172414	96.81608272506082	97.50938547486034	97.90555555555555	97.52835106382977	96.21560538116593	0.4737536	0.10498982	1.5885702	0.25259954	0.38208127	0.20421405	1.4066439	0.97784275	0.53970176	0.18235517	0.5293378	0.9742866	../../benchmark_data/class-i/pdb/8enh_pmhc_tcr.pdb	../pred_pdb/protenix_v2/pmhc_tcr/classI/classI_protenix_v2_default_with_msa/ranked_2/8enh_pmhc_tcr.pdb	after	ranked_2
155	8eo8	0.804	0.757	1.01	1.598	96.03909090909092	97.64000000000001	89.2057142857143	97.0	95.185	97.03333333333332	93.25448275862068	96.83576642335767	97.46502793296088	97.90666666666667	97.48617021276597	96.28744394618835	0.51119804	0.11280946	1.6737102	0.25867537	0.19029373	0.24530083	1.481634	0.92526716	0.40296867	0.19669558	0.39795026	1.0571656	../../benchmark_data/class-i/pdb/8eo8_pmhc_tcr.pdb	../pred_pdb/protenix_v2/pmhc_tcr/classI/classI_protenix_v2_default_with_msa/ranked_2/8eo8_pmhc_tcr.pdb	after	ranked_2
156	8f5a	0.298	0.343	3.783	10.056	88.67818181818183	89.946	84.09266666666667	91.03200000000001	88.47999999999999	87.79	85.73592592592593	93.86911980440098	94.76983425414365	84.89599999999999	94.25287958115183	93.53288990825688	0.33042082	2.1475263	1.7049301	0.30031747	0.21611704	1.0606109	2.5201428	3.7555356	0.32470033	1.0450411	0.4362927	1.7160851	../../benchmark_data/class-i/pdb/8f5a_pmhc_tcr.pdb	../pred_pdb/protenix_v2/pmhc_tcr/classI/classI_protenix_v2_default_with_msa/ranked_2/8f5a_pmhc_tcr.pdb	after	ranked_2
157	8gom	0.031	0.0	17.498	27.769	87.07166666666667	83.82	87.07454545454547	86.128	87.73272727272727	80.42733333333334	83.23961538461536	91.49853658536584	92.67712707182321	92.45222222222223	92.66647368421054	90.48986363636364	0.44359753	0.3092367	0.9833827	0.24883617	0.23909077	1.4958831	1.6306269	19.545507	0.5158748	0.21353425	0.5128754	0.7618984	../../benchmark_data/class-i/pdb/8gom_pmhc_tcr.pdb	../pred_pdb/protenix_v2/pmhc_tcr/classI/classI_protenix_v2_default_with_msa/ranked_2/8gom_pmhc_tcr.pdb	after	ranked_2
158	8gon	0.029	0.0	17.588	28.998	88.06750000000001	85.22333333333333	87.51090909090908	85.947	87.24272727272727	81.09666666666665	83.81038461538462	91.69656097560974	92.85834254143647	93.46666666666665	92.88715789473684	90.66831818181818	0.48780227	0.26042908	0.9191933	0.18143414	0.17367211	1.4924893	1.5326282	19.64943	0.41946647	0.22623807	0.41499457	0.6632962	../../benchmark_data/class-i/pdb/8gon_pmhc_tcr.pdb	../pred_pdb/protenix_v2/pmhc_tcr/classI/classI_protenix_v2_default_with_msa/ranked_2/8gon_pmhc_tcr.pdb	after	ranked_2
159	8gvb	0.813	0.803	1.053	1.627	92.43181818181819	96.02	94.78357142857143	97.53999999999999	98.28727272727274	96.20266666666664	95.51758620689654	97.15524390243901	97.77344444444445	97.70374999999999	97.77047872340427	96.63423423423424	1.9323696	0.8302909	0.6269355	0.5105436	0.67105144	0.3976364	0.6236611	0.8948814	0.5113024	0.45574525	0.5234989	0.87826854	../../benchmark_data/class-i/pdb/8gvb_pmhc_tcr.pdb	../pred_pdb/protenix_v2/pmhc_tcr/classI/classI_protenix_v2_default_with_msa/ranked_2/8gvb_pmhc_tcr.pdb	after	ranked_2
160	8gvg	0.833	0.821	0.91	1.987	91.40363636363635	95.70545454545454	93.1257142857143	97.32300000000001	97.8	95.54599999999999	94.37758620689655	96.81625304136254	97.47447513812155	97.12875	97.45984126984129	96.26833333333333	1.2906007	0.93458277	0.6037619	0.51047647	0.66735	0.46249005	0.60337657	0.9583786	0.62323916	0.40341172	0.6285175	0.8982892	../../benchmark_data/class-i/pdb/8gvg_pmhc_tcr.pdb	../pred_pdb/protenix_v2/pmhc_tcr/classI/classI_protenix_v2_default_with_msa/ranked_2/8gvg_pmhc_tcr.pdb	after	ranked_2
161	8gvi	0.763	0.735	1.064	3.001	94.53909090909092	97.66818181818181	98.02142857142859	98.25899999999999	98.66363636363636	97.83266666666667	97.92379310344828	97.83019464720192	98.28883977900551	98.57374999999999	98.30089947089948	97.42945945945944	1.5274659	0.90284234	0.53075737	0.43841353	0.34701034	0.96473104	0.97365886	1.3238376	0.54302657	0.45456314	0.55296665	1.0803313	../../benchmark_data/class-i/pdb/8gvi_pmhc_tcr.pdb	../pred_pdb/protenix_v2/pmhc_tcr/classI/classI_protenix_v2_default_with_msa/ranked_2/8gvi_pmhc_tcr.pdb	after	ranked_2
162	8i5c	0.81	0.778	0.994	1.806	95.60363636363637	95.13666666666667	95.71416666666669	96.53800000000001	95.01	95.93615384615386	95.82960000000001	96.70269135802468	96.87447513812155	95.68	96.8178947368421	96.60088372093024	0.27302948	0.17757875	0.26061672	0.23287113	0.2911326	1.3676486	1.30871	0.84479505	0.334281	0.89448434	0.39151677	0.6012349	../../benchmark_data/class-i/pdb/8i5c_pmhc_tcr.pdb	../pred_pdb/protenix_v2/pmhc_tcr/classI/classI_protenix_v2_default_with_msa/ranked_2/8i5c_pmhc_tcr.pdb	after	ranked_2
163	8i5d	0.589	0.61	1.972	4.379	86.897	91.15400000000002	84.27166666666668	94.199	88.83181818181818	88.57933333333332	86.6648148148148	93.86549504950496	95.11558011049723	89.77666666666667	94.86268421052631	92.98014018691589	0.38415363	0.28074753	1.0461576	0.19905885	0.23186645	0.57748693	1.2559004	2.02525	0.37697083	0.8713822	0.43226215	1.3669088	../../benchmark_data/class-i/pdb/8i5d_pmhc_tcr.pdb	../pred_pdb/protenix_v2/pmhc_tcr/classI/classI_protenix_v2_default_with_msa/ranked_2/8i5d_pmhc_tcr.pdb	after	ranked_2
164	8qfy	0.874	0.754	0.511	1.45	98.16818181818184	98.0611111111111	98.40250000000002	98.49300000000001	97.32909090909092	98.78166666666668	98.59208333333333	97.50634567901234	97.17149171270717	98.65333333333334	97.24168421052633	97.74023255813954	0.22229627	0.24631959	0.15930161	0.26659876	0.22495744	0.22064652	0.22761439	0.7852295	0.654139	0.29351535	0.6437547	0.48989928	../../benchmark_data/class-i/pdb/8qfy_pmhc_tcr.pdb	../pred_pdb/protenix_v2/pmhc_tcr/classI/classI_protenix_v2_default_with_msa/ranked_2/8qfy_pmhc_tcr.pdb	after	ranked_2
165	8shi	0.272	0.312	3.805	11.102	88.232	91.50699999999999	75.04882352941178	92.912	87.625	89.9407142857143	81.7741935483871	93.27809405940593	94.38905555555554	88.29124999999999	94.12957446808511	92.53699074074075	0.40190265	0.43041906	3.1437132	0.3076918	0.24032079	0.3785119	2.5975204	4.1046543	0.41681525	1.9317882	0.62438774	1.5395755	../../benchmark_data/class-i/pdb/8shi_pmhc_tcr.pdb	../pred_pdb/protenix_v2/pmhc_tcr/classI/classI_protenix_v2_default_with_msa/ranked_2/8shi_pmhc_tcr.pdb	after	ranked_2
166	8wte	0.337	0.338	3.531	8.183	87.48727272727272	87.62	87.79538461538462	90.25200000000001	85.74799999999999	83.096875	85.20310344827585	92.38264058679707	93.30779005524862	86.54666666666667	92.98752631578948	91.85785388127854	0.4548824	0.38390726	0.516475	0.29427877	0.28436944	1.5287462	1.2441319	3.8554218	0.3625922	0.814634	0.41092756	1.2927679	../../benchmark_data/class-i/pdb/8wte_pmhc_tcr.pdb	../pred_pdb/protenix_v2/pmhc_tcr/classI/classI_protenix_v2_default_with_msa/ranked_2/8wte_pmhc_tcr.pdb	after	ranked_2
167	8wul	0.038	0.0	15.36	24.68	95.10000000000001	95.88333333333334	95.6246153846154	97.606	96.928	95.96499999999999	95.81241379310345	96.80185819070904	97.17475138121546	94.88555555555556	97.06631578947368	96.5724200913242	0.8417101	0.22195984	0.42840064	0.28153634	0.30257252	4.0763946	3.5614347	18.573694	0.34172082	0.5111393	0.36461678	1.6308492	../../benchmark_data/class-i/pdb/8wul_pmhc_tcr.pdb	../pred_pdb/protenix_v2/pmhc_tcr/classI/classI_protenix_v2_default_with_msa/ranked_2/8wul_pmhc_tcr.pdb	after	ranked_2
168	6zkw	0.739	0.776	1.338	3.096	95.70545454545454	96.982	97.52153846153846	97.744	94.188	97.58375000000001	97.5558620689655	96.86716381418093	96.87455555555556	98.04888888888888	96.9304761904762	96.81277272727272	0.42747632	0.2414354	0.2031394	0.13867374	0.20066994	0.81666994	0.7964936	1.5134802	0.78102577	0.1904658	0.7655506	0.73012567	../../benchmark_data/class-i/pdb/6zkw_pmhc_tcr.pdb	../pred_pdb/protenix_v2/pmhc_tcr/classI/classI_protenix_v2_default_with_msa/ranked_3/6zkw_pmhc_tcr.pdb	after	ranked_3
169	6zkx	0.583	0.58	1.894	4.448	93.82090909090908	95.166	95.8992307692308	96.75500000000001	92.98100000000001	95.183125	95.50413793103448	95.51491484184915	95.33782122905029	92.22583333333334	95.14230366492147	95.8384090909091	0.34308606	0.25932774	0.30600676	0.16946116	0.13335262	0.576457	0.5558247	1.6792477	1.5801325	1.1506966	1.6195476	0.508135	../../benchmark_data/class-i/pdb/6zkx_pmhc_tcr.pdb	../pred_pdb/protenix_v2/pmhc_tcr/classI/classI_protenix_v2_default_with_msa/ranked_3/6zkx_pmhc_tcr.pdb	after	ranked_3
170	6zky	0.641	0.585	1.425	4.084	91.71636363636364	92.724	90.74923076923079	95.155	90.18599999999999	91.284375	91.04448275862069	94.17924019607844	94.57072222222222	85.0875	94.16718085106383	94.18954545454545	0.44086927	0.260293	0.5237365	0.17813312	0.20599633	0.79207367	0.9472407	1.4873346	0.8662855	2.175072	1.063621	0.7129237	../../benchmark_data/class-i/pdb/6zky_pmhc_tcr.pdb	../pred_pdb/protenix_v2/pmhc_tcr/classI/classI_protenix_v2_default_with_msa/ranked_3/6zky_pmhc_tcr.pdb	after	ranked_3
171	6zkz	0.472	0.542	2.292	7.346	87.85454545454546	89.926	86.55230769230769	92.33000000000001	87.424	84.258125	85.28655172413792	92.58436274509805	93.52638888888889	86.9075	93.24473404255318	92.02004545454547	0.35719562	0.15453424	0.8497705	0.18104218	0.16990326	0.82750386	1.1596143	2.2482455	0.9228398	2.2877302	1.1057507	0.9661867	../../benchmark_data/class-i/pdb/6zkz_pmhc_tcr.pdb	../pred_pdb/protenix_v2/pmhc_tcr/classI/classI_protenix_v2_default_with_msa/ranked_3/6zkz_pmhc_tcr.pdb	after	ranked_3
172	7dzm	0.898	0.884	0.612	1.872	97.26666666666667	97.3725	98.28533333333333	98.625	98.34272727272727	98.38333333333333	98.3288888888889	97.50421182266008	97.3355	98.52333333333333	97.3920634920635	97.60188940092166	0.30364326	0.13007256	0.30519983	0.14163733	0.28683865	0.1908967	0.35606027	0.902571	0.7286565	0.14164631	0.7162738	0.4158779	../../benchmark_data/class-i/pdb/7dzm_pmhc_tcr.pdb	../pred_pdb/protenix_v2/pmhc_tcr/classI/classI_protenix_v2_default_with_msa/ranked_3/7dzm_pmhc_tcr.pdb	after	ranked_3
173	7dzn	0.191	0.119	5.619	10.683	91.99166666666667	94.83	82.75399999999999	96.644	95.27636363636363	94.76166666666667	88.09074074074077	96.05432098765432	97.01111731843574	94.56555555555555	96.89404255319148	95.3268202764977	0.21408656	0.22828642	2.7386518	0.17687245	0.20517425	0.23771726	2.2340841	20.402512	0.3964425	0.48050776	0.41655016	1.1016773	../../benchmark_data/class-i/pdb/7dzn_pmhc_tcr.pdb	../pred_pdb/protenix_v2/pmhc_tcr/classI/classI_protenix_v2_default_with_msa/ranked_3/7dzn_pmhc_tcr.pdb	after	ranked_3
174	7l1d	0.165	0.189	5.907	14.86	81.54272727272728	86.09888888888888	77.2223076923077	85.93199999999999	86.47900000000001	69.09368421052632	72.3959375	90.99699266503667	93.54381215469614	86.61111111111111	93.21542105263156	89.07232876712327	0.5185822	0.32563528	2.7766237	0.23745699	0.24911155	5.114278	6.139549	4.7723317	0.491855	0.4923959	0.510266	3.752895	../../benchmark_data/class-i/pdb/7l1d_pmhc_tcr.pdb	../pred_pdb/protenix_v2/pmhc_tcr/classI/classI_protenix_v2_default_with_msa/ranked_3/7l1d_pmhc_tcr.pdb	after	ranked_3
175	7n2n	0.033	0.0	15.738	27.045	90.43363636363637	88.705	85.17352941176469	87.86599999999999	87.98899999999999	82.49666666666667	83.91874999999999	92.14464891041162	93.06337016574587	92.10111111111111	93.01778947368422	91.40071748878924	0.8192608	0.3340402	1.2746848	0.19938889	0.15070817	1.472285	2.2453794	17.664377	0.34913117	0.17158017	0.35228854	1.3028386	../../benchmark_data/class-i/pdb/7n2n_pmhc_tcr.pdb	../pred_pdb/protenix_v2/pmhc_tcr/classI/classI_protenix_v2_default_with_msa/ranked_3/7n2n_pmhc_tcr.pdb	after	ranked_3
176	7n2o	0.574	0.593	2.0	4.668	91.8718181818182	91.08099999999999	88.50999999999999	94.275	91.144	88.136	88.3346875	94.43334140435836	95.25895027624308	91.75444444444445	95.09294736842104	93.87134529147981	0.8789286	0.3220657	0.8777412	0.23179287	0.18527475	1.2276706	1.6845659	2.2542627	0.325822	0.4627379	0.34328064	1.2772313	../../benchmark_data/class-i/pdb/7n2o_pmhc_tcr.pdb	../pred_pdb/protenix_v2/pmhc_tcr/classI/classI_protenix_v2_default_with_msa/ranked_3/7n2o_pmhc_tcr.pdb	after	ranked_3
177	7n2p	0.46	0.508	2.145	7.796	90.78545454545454	93.019	90.29363636363637	93.852	90.878	89.228	89.67884615384615	94.72707616707618	96.03895027624311	93.2411111111111	95.90642105263159	93.69447004608294	0.26268783	0.3246492	1.0843017	0.20561093	0.1733851	1.6630089	1.585547	2.876388	0.49292073	0.7079109	0.516352	0.95030564	../../benchmark_data/class-i/pdb/7n2p_pmhc_tcr.pdb	../pred_pdb/protenix_v2/pmhc_tcr/classI/classI_protenix_v2_default_with_msa/ranked_3/7n2p_pmhc_tcr.pdb	after	ranked_3
178	7n2q	0.57	0.559	1.495	6.26	87.25545454545455	89.545	87.5281818181818	93.128	88.99999999999999	85.45266666666666	86.3307692307692	93.72771498771499	95.26629834254145	91.31555555555555	95.07915789473685	92.54442396313364	0.20441689	0.40778378	1.0792726	0.18474154	0.21001165	0.5875927	0.99482816	2.190622	0.4581495	0.28687868	0.45428163	0.7706971	../../benchmark_data/class-i/pdb/7n2q_pmhc_tcr.pdb	../pred_pdb/protenix_v2/pmhc_tcr/classI/classI_protenix_v2_default_with_msa/ranked_3/7n2q_pmhc_tcr.pdb	after	ranked_3
179	7n2r	0.791	0.707	0.981	1.615	83.50363636363636	84.692	83.85636363636364	90.85900000000001	87.04799999999999	80.64066666666666	82.00115384615385	91.98292383292384	93.8385082872928	88.38333333333333	93.5801052631579	90.58447004608296	0.28887132	0.34144	0.7172844	0.18753585	0.21780919	0.8324316	1.0263181	1.0049012	0.38085198	0.44220662	0.38735327	0.97448164	../../benchmark_data/class-i/pdb/7n2r_pmhc_tcr.pdb	../pred_pdb/protenix_v2/pmhc_tcr/classI/classI_protenix_v2_default_with_msa/ranked_3/7n2r_pmhc_tcr.pdb	after	ranked_3
180	7n2s	0.009	0.0	23.57	56.036	88.74999999999999	91.726	80.32624999999999	93.39399999999998	92.05499999999999	85.84666666666668	82.9974193548387	91.85648058252428	93.82243093922652	94.86444444444444	93.8717894736842	90.13166666666667	1.333991	0.41872576	1.5187142	0.4928442	0.17720297	0.63866407	2.1816313	23.673893	0.515675	0.3604579	0.5145235	1.2008436	../../benchmark_data/class-i/pdb/7n2s_pmhc_tcr.pdb	../pred_pdb/protenix_v2/pmhc_tcr/classI/classI_protenix_v2_default_with_msa/ranked_3/7n2s_pmhc_tcr.pdb	after	ranked_3
181	7n4k	0.83	0.891	0.998	2.755	92.70333333333336	91.915	91.87153846153845	96.059	94.573	93.48454545454545	92.61083333333333	95.91150000000002	96.08858757062147	96.286	96.09914438502675	95.74676056338028	0.16479439	0.75439644	0.52774	0.42842904	0.12216665	0.59497887	0.59497786	1.3659465	1.4490503	0.23585726	1.4142921	0.6985452	../../benchmark_data/class-i/pdb/7n4k_pmhc_tcr.pdb	../pred_pdb/protenix_v2/pmhc_tcr/classI/classI_protenix_v2_default_with_msa/ranked_3/7n4k_pmhc_tcr.pdb	after	ranked_3
182	7n5c	0.752	0.684	1.17	1.95	93.69833333333332	93.7775	92.26	97.75899999999999	96.545	96.82363636363635	94.35166666666667	96.3494801980198	96.20524861878454	97.489	96.27246073298431	96.41854460093897	0.13332722	0.12261208	0.6799211	0.43109873	0.08513544	0.87415725	0.9902611	1.1518998	0.7293987	0.31729048	0.715764	0.8089893	../../benchmark_data/class-i/pdb/7n5c_pmhc_tcr.pdb	../pred_pdb/protenix_v2/pmhc_tcr/classI/classI_protenix_v2_default_with_msa/ranked_3/7n5c_pmhc_tcr.pdb	after	ranked_3
183	7n5p	0.821	0.814	0.943	2.261	93.95166666666667	93.2225	93.94461538461539	96.812	95.603	94.69454545454546	94.28833333333334	96.48626566416041	96.48352272727271	97.06500000000001	96.51478494623656	96.46136150234742	0.15297139	0.2580013	0.55585515	0.42687967	0.1205192	0.6269643	0.614634	1.0914971	1.087113	0.24469973	1.0648099	0.63924557	../../benchmark_data/class-i/pdb/7n5p_pmhc_tcr.pdb	../pred_pdb/protenix_v2/pmhc_tcr/classI/classI_protenix_v2_default_with_msa/ranked_3/7n5p_pmhc_tcr.pdb	after	ranked_3
184	7na5	0.352	0.286	3.539	6.676	90.34818181818183	91.73444444444445	90.26818181818182	93.44399999999999	88.213	91.14066666666666	90.77153846153846	93.18187654320988	93.23377777777779	92.66444444444444	93.20666666666665	93.16018518518518	0.5202117	0.25663564	0.95649827	0.25466645	0.3116282	0.3732305	0.80076575	3.670603	0.98506254	0.4576514	0.96997774	0.93364435	../../benchmark_data/class-i/pdb/7na5_pmhc_tcr.pdb	../pred_pdb/protenix_v2/pmhc_tcr/classI/classI_protenix_v2_default_with_msa/ranked_3/7na5_pmhc_tcr.pdb	after	ranked_3
185	7ndq	0.585	0.5	2.079	2.631	95.79583333333333	95.90875	88.94466666666669	97.61800000000001	96.67636363636365	93.8723076923077	91.23249999999999	96.57953431372549	96.56480662983424	96.41888888888889	96.5578947368421	96.59839449541283	0.4949618	0.2915648	1.660719	0.36744848	0.33565643	1.6402177	2.2529674	1.7414811	1.1547648	2.1180348	1.2515465	1.3316592	../../benchmark_data/class-i/pdb/7ndq_pmhc_tcr.pdb	../pred_pdb/protenix_v2/pmhc_tcr/classI/classI_protenix_v2_default_with_msa/ranked_3/7ndq_pmhc_tcr.pdb	after	ranked_3
186	7ndt	0.731	0.656	1.207	2.331	87.52083333333333	91.1275	85.90642857142858	92.88000000000001	91.44636363636363	89.93666666666665	87.76653846153847	93.60596534653465	93.38861111111109	88.0475	93.16132978723405	93.99296296296296	0.3078359	0.18752038	0.71710926	0.1567062	0.19429024	1.1568036	1.1412516	1.3803775	0.8142189	1.97505	0.96747077	1.0702536	../../benchmark_data/class-i/pdb/7ndt_pmhc_tcr.pdb	../pred_pdb/protenix_v2/pmhc_tcr/classI/classI_protenix_v2_default_with_msa/ranked_3/7ndt_pmhc_tcr.pdb	after	ranked_3
187	7ndu	0.687	0.646	1.617	1.901	95.46083333333333	95.41125	89.16133333333332	97.421	96.5290909090909	94.31384615384614	91.55357142857143	96.49712530712532	96.66696132596685	94.695	96.58349206349206	96.42224770642201	0.4254577	0.29576528	1.1704236	0.32763767	0.30320626	1.6634498	1.7728207	1.2891607	1.1540277	1.4000419	1.2295452	1.0887173	../../benchmark_data/class-i/pdb/7ndu_pmhc_tcr.pdb	../pred_pdb/protenix_v2/pmhc_tcr/classI/classI_protenix_v2_default_with_msa/ranked_3/7ndu_pmhc_tcr.pdb	after	ranked_3
188	7nme	0.512	0.6	2.303	6.386	88.51545454545455	90.48700000000001	91.99307692307693	94.87899999999999	91.83272727272727	94.46363636363635	93.12541666666668	95.26138271604938	95.95055248618786	92.95777777777778	95.80878947368421	94.77762790697673	0.41731665	0.2296758	0.44086263	0.26003507	0.14735737	0.44235614	0.51369137	3.1334574	0.5082168	0.31701148	0.50527424	0.85229254	../../benchmark_data/class-i/pdb/7nme_pmhc_tcr.pdb	../pred_pdb/protenix_v2/pmhc_tcr/classI/classI_protenix_v2_default_with_msa/ranked_3/7nme_pmhc_tcr.pdb	after	ranked_3
189	7nmf	0.519	0.606	2.318	6.157	88.50545454545454	90.405	92.00692307692307	94.862	91.83272727272727	94.4590909090909	93.13083333333334	95.24254320987654	95.93116022099449	92.91555555555556	95.78831578947367	94.76023255813952	0.43382993	0.1646052	0.5274497	0.18639037	0.17655122	0.42358074	0.59234196	3.028617	0.4444731	0.437613	0.44984013	0.7951239	../../benchmark_data/class-i/pdb/7nmf_pmhc_tcr.pdb	../pred_pdb/protenix_v2/pmhc_tcr/classI/classI_protenix_v2_default_with_msa/ranked_3/7nmf_pmhc_tcr.pdb	after	ranked_3
190	7nmg	0.642	0.667	1.663	4.11	89.76363636363637	91.826	93.46230769230769	95.922	93.95454545454545	95.54545454545455	94.41708333333334	95.88066666666666	96.50011049723757	93.72333333333333	96.36857894736842	95.44948837209301	0.3484543	0.14978015	0.45655957	0.27506286	0.18517205	0.46568665	0.54209775	2.0288923	0.42299247	0.41177994	0.43456224	0.81285167	../../benchmark_data/class-i/pdb/7nmg_pmhc_tcr.pdb	../pred_pdb/protenix_v2/pmhc_tcr/classI/classI_protenix_v2_default_with_msa/ranked_3/7nmg_pmhc_tcr.pdb	after	ranked_3
191	7ow5	0.026	0.0	16.289	31.383	88.21416666666666	84.42545454545454	87.021875	93.758	92.46	83.90187499999999	85.46187499999999	92.82053012048192	94.08744444444446	89.124	93.8262105263158	91.97128888888889	0.43103388	0.57878447	0.70746803	0.21589102	0.22308548	1.814258	1.4701911	17.276676	0.3918037	1.9768294	0.6154032	0.88872933	../../benchmark_data/class-i/pdb/7ow5_pmhc_tcr.pdb	../pred_pdb/protenix_v2/pmhc_tcr/classI/classI_protenix_v2_default_with_msa/ranked_3/7ow5_pmhc_tcr.pdb	after	ranked_3
192	7ow6	0.789	0.738	0.959	2.535	92.01083333333334	89.46454545454546	89.48125	95.191	93.731	87.875625	88.6784375	94.58663461538461	95.49314917127073	89.047	95.15565445026178	94.10359999999999	0.2340779	1.1670911	0.28312802	0.14884278	0.28527546	1.0810529	0.8903751	1.095248	0.35671735	1.4777412	0.5145943	0.90044653	../../benchmark_data/class-i/pdb/7ow6_pmhc_tcr.pdb	../pred_pdb/protenix_v2/pmhc_tcr/classI/classI_protenix_v2_default_with_msa/ranked_3/7ow6_pmhc_tcr.pdb	after	ranked_3
193	7pb2	0.554	0.574	2.389	4.158	88.77999999999999	85.15454545454546	84.22437500000001	91.326	87.49699999999999	82.6375	83.4309375	92.46072289156626	93.86611111111112	86.11500000000001	93.45815789473681	91.61844444444445	0.3477875	1.3288946	3.352499	0.18203406	0.2466519	2.9661825	3.4315982	2.409972	0.48191297	0.7418813	0.5115532	1.9314687	../../benchmark_data/class-i/pdb/7pb2_pmhc_tcr.pdb	../pred_pdb/protenix_v2/pmhc_tcr/classI/classI_protenix_v2_default_with_msa/ranked_3/7pb2_pmhc_tcr.pdb	after	ranked_3
194	7pbe	0.818	0.883	1.117	2.352	97.42272727272726	93.53375	97.50999999999999	97.39500000000001	97.75090909090909	96.8630769230769	97.1736	97.39432098765431	97.8596132596685	98.21555555555557	97.87647368421052	96.96823255813953	0.39113063	0.7366277	0.38567674	0.62894267	0.26866925	0.48982275	0.6170109	1.2417282	0.6122746	0.15337059	0.59991336	0.67153305	../../benchmark_data/class-i/pdb/7pbe_pmhc_tcr.pdb	../pred_pdb/protenix_v2/pmhc_tcr/classI/classI_protenix_v2_default_with_msa/ranked_3/7pbe_pmhc_tcr.pdb	after	ranked_3
195	7phr	0.869	0.78	0.597	1.66	94.803	96.005	94.37545454545453	98.12899999999999	98.18999999999998	98.02692307692307	96.35333333333331	96.37872499999999	97.77491712707183	97.48666666666666	97.76126315789473	95.12785714285714	0.18498415	0.2718646	0.41932636	0.17717652	0.21464285	0.17193703	0.3581516	0.9819167	0.51108474	0.2537444	0.5039246	0.8591848	../../benchmark_data/class-i/pdb/7phr_pmhc_tcr.pdb	../pred_pdb/protenix_v2/pmhc_tcr/classI/classI_protenix_v2_default_with_msa/ranked_3/7phr_pmhc_tcr.pdb	after	ranked_3
196	7q99	0.933	0.918	0.464	1.536	96.02454545454545	96.5611111111111	93.60181818181819	94.03545454545453	93.1711111111111	92.76	93.11615384615385	95.8556511056511	97.29116022099446	96.663	97.25827225130891	94.61537037037036	0.440508	0.27999017	0.27820954	0.3543431	0.15689316	0.2408997	0.4117981	0.6703167	0.2858199	0.18789518	0.28240436	0.6736513	../../benchmark_data/class-i/pdb/7q99_pmhc_tcr.pdb	../pred_pdb/protenix_v2/pmhc_tcr/classI/classI_protenix_v2_default_with_msa/ranked_3/7q99_pmhc_tcr.pdb	after	ranked_3
197	7q9a	0.809	0.8	0.945	2.654	97.43636363636364	97.42444444444443	96.16999999999999	95.18363636363637	94.44666666666667	96.06533333333333	96.1096153846154	96.53498771498772	97.62834254143644	97.798	97.63722513089004	95.56032407407407	0.2771717	0.13919649	0.9398115	0.31060225	0.22123626	0.21014509	0.816559	1.0477582	0.30817685	0.16703194	0.3064188	0.74531364	../../benchmark_data/class-i/pdb/7q9a_pmhc_tcr.pdb	../pred_pdb/protenix_v2/pmhc_tcr/classI/classI_protenix_v2_default_with_msa/ranked_3/7q9a_pmhc_tcr.pdb	after	ranked_3
198	7q9b	0.432	0.388	2.845	5.667	93.6690909090909	95.91777777777777	87.3875	93.275	91.852	85.56062499999999	86.16958333333332	94.91562962962963	96.90110497237572	95.36100000000002	96.82047120418848	93.21551401869158	0.50895303	0.26569873	1.6677346	0.33665714	0.2659512	1.4605438	2.4428601	2.9661994	0.7289805	0.28955087	0.71690625	1.4431735	../../benchmark_data/class-i/pdb/7q9b_pmhc_tcr.pdb	../pred_pdb/protenix_v2/pmhc_tcr/classI/classI_protenix_v2_default_with_msa/ranked_3/7q9b_pmhc_tcr.pdb	after	ranked_3
199	7qpj	0.915	0.855	0.504	0.844	98.37454545454547	98.50333333333333	98.38846153846154	97.64099999999999	96.71100000000001	97.63454545454546	98.04291666666666	97.83806451612902	97.99116666666667	98.34444444444445	98.00798941798944	97.68799065420559	0.25200352	0.44359508	0.09966994	0.13558428	0.1491299	0.48684624	0.4704097	0.58159304	0.44696042	0.19748586	0.44289193	0.4791279	../../benchmark_data/class-i/pdb/7qpj_pmhc_tcr.pdb	../pred_pdb/protenix_v2/pmhc_tcr/classI/classI_protenix_v2_default_with_msa/ranked_3/7qpj_pmhc_tcr.pdb	after	ranked_3
200	7r80	0.195	0.097	4.627	10.553	82.05272727272727	86.857	85.84846153846154	89.15299999999999	85.27799999999999	83.93400000000001	84.82285714285715	91.95941320293399	93.01049723756907	86.38666666666667	92.69673684210527	91.31972602739728	1.8951799	0.3894461	0.33863738	0.2217529	0.20951468	0.58365935	0.591013	4.1907263	0.4624585	0.6568833	0.4810036	0.9994036	../../benchmark_data/class-i/pdb/7r80_pmhc_tcr.pdb	../pred_pdb/protenix_v2/pmhc_tcr/classI/classI_protenix_v2_default_with_msa/ranked_3/7r80_pmhc_tcr.pdb	after	ranked_3
201	7rk7	0.489	0.439	3.195	3.598	92.53166666666665	93.315	75.225625	91.514	88.037	74.446	74.7925	93.55024096385543	96.37546961325967	93.5811111111111	96.2431052631579	91.27626666666667	0.3922223	0.20812632	2.4779277	0.5570175	0.21937664	4.371199	5.3406873	2.3333645	0.5310819	0.47544834	0.53417593	2.4498966	../../benchmark_data/class-i/pdb/7rk7_pmhc_tcr.pdb	../pred_pdb/protenix_v2/pmhc_tcr/classI/classI_protenix_v2_default_with_msa/ranked_3/7rk7_pmhc_tcr.pdb	after	ranked_3
202	7rm4	0.257	0.125	4.132	7.992	84.44181818181818	88.568	80.5775	90.63000000000001	84.26272727272728	82.32466666666667	81.54814814814816	92.0958924205379	93.28082872928178	89.52888888888887	93.1031052631579	91.22205479452053	1.2605052	0.43700776	1.2229111	0.14088719	0.20771688	2.443538	2.4701707	4.012007	0.35465184	0.41130638	0.36275595	1.2469932	../../benchmark_data/class-i/pdb/7rm4_pmhc_tcr.pdb	../pred_pdb/protenix_v2/pmhc_tcr/classI/classI_protenix_v2_default_with_msa/ranked_3/7rm4_pmhc_tcr.pdb	after	ranked_3
203	7rrg	0.432	0.381	2.494	6.232	86.3175	88.0175	73.20866666666666	90.204	86.14090909090909	84.18071428571429	78.50551724137931	92.14704156479218	92.61933701657458	85.97444444444444	92.30457894736844	92.01036529680364	0.12593311	0.21866718	2.4305887	0.21032119	0.416855	1.2214167	2.3173094	2.143562	0.6088845	1.2677851	0.67467797	1.0796239	../../benchmark_data/class-i/pdb/7rrg_pmhc_tcr.pdb	../pred_pdb/protenix_v2/pmhc_tcr/classI/classI_protenix_v2_default_with_msa/ranked_3/7rrg_pmhc_tcr.pdb	after	ranked_3
204	7rtr	0.508	0.429	2.233	4.448	92.78000000000002	94.30222222222223	94.05636363636363	95.39099999999999	93.28363636363638	93.78272727272726	93.91954545454546	96.1091891891892	96.21364640883976	93.34333333333333	96.07768421052633	96.13677419354839	0.44397482	0.29570445	0.6537878	0.46093982	0.26357445	0.5724036	1.034414	2.2503223	0.41666993	0.36689305	0.41800895	1.1287571	../../benchmark_data/class-i/pdb/7rtr_pmhc_tcr.pdb	../pred_pdb/protenix_v2/pmhc_tcr/classI/classI_protenix_v2_default_with_msa/ranked_3/7rtr_pmhc_tcr.pdb	after	ranked_3
205	7su9	0.008	0.0	22.695	58.335	92.26	92.88875	83.234	93.486	93.185	82.768	83.00099999999999	92.58909313725489	93.3532777777778	94.65777777777778	93.41539682539684	91.87598173515981	0.39825532	0.24425103	1.9423524	0.19133464	0.23036899	1.6023364	2.0581603	23.047598	0.45248523	0.276842	0.44720328	1.0267122	../../benchmark_data/class-i/pdb/7su9_pmhc_tcr.pdb	../pred_pdb/protenix_v2/pmhc_tcr/classI/classI_protenix_v2_default_with_msa/ranked_3/7su9_pmhc_tcr.pdb	after	ranked_3
206	8cx4	0.846	0.763	0.743	1.418	93.65909090909093	93.31199999999998	88.84235294117649	95.43800000000002	93.635	91.32733333333333	90.00718750000001	95.2321549636804	96.23165745856353	94.60777777777777	96.15473684210527	94.44609865470852	0.64105654	0.22348362	0.53773934	0.19504832	0.15516081	0.62333673	0.60565364	0.9093216	0.39927545	0.25704584	0.3985178	0.82246286	../../benchmark_data/class-i/pdb/8cx4_pmhc_tcr.pdb	../pred_pdb/protenix_v2/pmhc_tcr/classI/classI_protenix_v2_default_with_msa/ranked_3/8cx4_pmhc_tcr.pdb	after	ranked_3
207	8d5q	0.772	0.717	1.127	1.749	93.52	96.541	89.8825	96.80818181818182	96.36181818181818	96.43666666666665	93.05387096774194	96.16399509803922	96.56306818181817	95.92099999999999	96.52854838709676	95.85855855855856	0.3478722	0.18358222	1.893232	0.22914271	0.20013486	0.353719	1.594143	0.9599846	0.6437697	0.58551717	0.64809823	0.7899865	../../benchmark_data/class-i/pdb/8d5q_pmhc_tcr.pdb	../pred_pdb/protenix_v2/pmhc_tcr/classI/classI_protenix_v2_default_with_msa/ranked_3/8d5q_pmhc_tcr.pdb	after	ranked_3
208	8dnt	0.724	0.753	1.279	3.714	97.30818181818182	97.40444444444444	91.11833333333334	95.587	88.20090909090908	92.94928571428571	92.10423076923077	96.36159705159704	97.48867403314915	96.24	97.42952631578947	95.42654377880187	0.5418671	0.4378135	0.76673156	0.5016019	0.5941644	0.66115415	1.0893769	1.9064916	0.70755565	0.7315913	0.7282857	1.3485017	../../benchmark_data/class-i/pdb/8dnt_pmhc_tcr.pdb	../pred_pdb/protenix_v2/pmhc_tcr/classI/classI_protenix_v2_default_with_msa/ranked_3/8dnt_pmhc_tcr.pdb	after	ranked_3
209	8en8	0.834	0.767	0.85	1.246	96.39090909090909	97.85799999999999	90.00642857142857	96.94727272727273	94.79416666666667	97.25333333333333	93.75482758620691	96.73412621359223	97.24622222222222	97.94777777777776	97.27962962962964	96.27179372197307	0.42597497	0.1085234	1.4379011	0.2818344	0.37815484	0.27453285	1.2577032	0.849821	0.5582713	0.1908822	0.5506211	0.88803726	../../benchmark_data/class-i/pdb/8en8_pmhc_tcr.pdb	../pred_pdb/protenix_v2/pmhc_tcr/classI/classI_protenix_v2_default_with_msa/ranked_3/8en8_pmhc_tcr.pdb	after	ranked_3
210	8enh	0.787	0.741	1.054	1.945	95.86181818181818	97.565	88.87714285714287	97.02999999999999	95.26833333333333	96.95733333333334	93.05655172413793	96.81992700729928	97.50871508379888	97.9011111111111	97.52749999999999	96.22340807174888	0.49805278	0.11491362	1.6822307	0.22559842	0.38559395	0.26813117	1.4735087	1.021192	0.4954696	0.16715549	0.48590377	1.10461	../../benchmark_data/class-i/pdb/8enh_pmhc_tcr.pdb	../pred_pdb/protenix_v2/pmhc_tcr/classI/classI_protenix_v2_default_with_msa/ranked_3/8enh_pmhc_tcr.pdb	after	ranked_3
211	8eo8	0.822	0.77	0.924	1.513	96.01818181818182	97.648	89.27285714285715	96.99545454545455	95.10250000000002	97.04733333333334	93.29413793103448	96.8307299270073	97.45664804469273	97.9111111111111	97.47840425531915	96.28470852017936	0.5111848	0.101477645	1.5698739	0.21302626	0.23398226	0.23052116	1.386843	0.8964515	0.44762635	0.15229978	0.44071344	0.9532571	../../benchmark_data/class-i/pdb/8eo8_pmhc_tcr.pdb	../pred_pdb/protenix_v2/pmhc_tcr/classI/classI_protenix_v2_default_with_msa/ranked_3/8eo8_pmhc_tcr.pdb	after	ranked_3
212	8f5a	0.497	0.514	2.316	5.818	89.19818181818181	90.45400000000002	83.89	90.58899999999998	87.214	87.68083333333334	85.57481481481481	93.7841075794621	94.67635359116021	85.171	94.17869109947644	93.43839449541284	0.27994254	2.1872144	1.6964608	0.29174823	0.20852913	1.2588837	2.519532	2.1629548	0.35127932	2.2156692	0.66700435	1.7095131	../../benchmark_data/class-i/pdb/8f5a_pmhc_tcr.pdb	../pred_pdb/protenix_v2/pmhc_tcr/classI/classI_protenix_v2_default_with_msa/ranked_3/8f5a_pmhc_tcr.pdb	after	ranked_3
213	8gom	0.031	0.0	18.387	27.751	85.61916666666666	83.54333333333334	86.23636363636365	86.559	86.41727272727275	80.21399999999998	82.76192307692307	91.61641463414635	92.84944751381215	92.51222222222222	92.83347368421055	90.5653181818182	0.38206893	0.3124514	1.0833628	0.17643905	0.21141832	1.2001303	1.4843396	16.600727	0.3707243	0.2101563	0.37463278	0.6755165	../../benchmark_data/class-i/pdb/8gom_pmhc_tcr.pdb	../pred_pdb/protenix_v2/pmhc_tcr/classI/classI_protenix_v2_default_with_msa/ranked_3/8gom_pmhc_tcr.pdb	after	ranked_3
214	8gon	0.03	0.0	17.383	28.362	87.78833333333334	84.83333333333331	87.27545454545454	86.22900000000001	87.72	80.68599999999999	83.47384615384614	91.61958536585365	92.75546961325968	93.45777777777776	92.78873684210527	90.60986363636363	0.5609166	0.30295804	1.0391524	0.3307812	0.18785286	1.3426366	1.5443325	19.588251	0.34947887	0.20306815	0.34535637	0.7730776	../../benchmark_data/class-i/pdb/8gon_pmhc_tcr.pdb	../pred_pdb/protenix_v2/pmhc_tcr/classI/classI_protenix_v2_default_with_msa/ranked_3/8gon_pmhc_tcr.pdb	after	ranked_3
215	8gvb	0.795	0.803	1.113	2.204	92.47545454545455	96.02363636363636	94.7685714285714	97.529	98.2790909090909	96.192	95.50482758620691	97.15582926829268	97.77533333333332	97.69125	97.77175531914894	96.63423423423421	1.9460996	0.82831407	0.53991234	0.39322373	0.67920125	0.4145126	0.59882975	1.0374274	0.5114271	0.43494105	0.51888937	0.9424531	../../benchmark_data/class-i/pdb/8gvb_pmhc_tcr.pdb	../pred_pdb/protenix_v2/pmhc_tcr/classI/classI_protenix_v2_default_with_msa/ranked_3/8gvb_pmhc_tcr.pdb	after	ranked_3
216	8gvg	0.829	0.821	0.948	1.911	91.38000000000001	95.7090909090909	93.11500000000001	97.311	97.79	95.55133333333332	94.37517241379312	96.81279805352797	97.47099447513813	97.1125	97.45582010582011	96.26536036036035	1.2968467	0.9347736	0.60015106	0.44317493	0.6750465	0.45181248	0.63210565	0.8945146	0.6220766	0.41402066	0.6286767	0.8425761	../../benchmark_data/class-i/pdb/8gvg_pmhc_tcr.pdb	../pred_pdb/protenix_v2/pmhc_tcr/classI/classI_protenix_v2_default_with_msa/ranked_3/8gvg_pmhc_tcr.pdb	after	ranked_3
217	8gvi	0.798	0.794	1.027	2.528	94.50545454545454	97.67272727272729	98.02142857142859	98.27000000000001	98.66363636363636	97.84466666666667	97.92999999999998	97.83199513381994	98.28889502762429	98.57624999999999	98.30105820105821	97.43265765765766	1.5750252	0.900727	0.506458	0.3934079	0.35202968	0.8960413	0.95402163	1.2359512	0.570545	0.45590845	0.57869035	1.1086378	../../benchmark_data/class-i/pdb/8gvi_pmhc_tcr.pdb	../pred_pdb/protenix_v2/pmhc_tcr/classI/classI_protenix_v2_default_with_msa/ranked_3/8gvi_pmhc_tcr.pdb	after	ranked_3
218	8i5c	0.791	0.762	1.055	2.111	95.6190909090909	95.14666666666666	95.74333333333333	96.50999999999999	95.11699999999999	95.93307692307692	95.84200000000001	96.71474074074074	96.88812154696133	95.68555555555557	96.83115789473683	96.61186046511628	0.22262637	0.29056194	0.26145515	0.2205775	0.3298458	1.3416061	1.3786049	1.0870023	0.34417948	1.1966463	0.44274977	0.6700018	../../benchmark_data/class-i/pdb/8i5c_pmhc_tcr.pdb	../pred_pdb/protenix_v2/pmhc_tcr/classI/classI_protenix_v2_default_with_msa/ranked_3/8i5c_pmhc_tcr.pdb	after	ranked_3
219	8i5d	0.743	0.695	1.151	2.782	87.183	91.271	84.31416666666668	93.862	88.8218181818182	88.15799999999999	86.44962962962963	93.86831683168317	95.09071823204421	90.06	94.85242105263157	92.99457943925233	0.3498628	0.26082337	0.4998577	0.22055171	0.27694997	2.05914	1.8296875	1.1736449	0.35119522	0.5790448	0.37051007	1.2152115	../../benchmark_data/class-i/pdb/8i5d_pmhc_tcr.pdb	../pred_pdb/protenix_v2/pmhc_tcr/classI/classI_protenix_v2_default_with_msa/ranked_3/8i5d_pmhc_tcr.pdb	after	ranked_3
220	8qfy	0.885	0.787	0.52	1.355	98.17454545454547	98.06444444444443	98.40916666666668	98.494	97.33000000000001	98.78083333333335	98.59499999999998	97.50444444444443	97.16917127071822	98.65555555555555	97.23957894736844	97.73851162790697	0.2786813	0.27067828	0.17948087	0.29897407	0.22226833	0.20420699	0.20979324	0.84429663	0.76234	0.29807487	0.74960536	0.6307361	../../benchmark_data/class-i/pdb/8qfy_pmhc_tcr.pdb	../pred_pdb/protenix_v2/pmhc_tcr/classI/classI_protenix_v2_default_with_msa/ranked_3/8qfy_pmhc_tcr.pdb	after	ranked_3
221	8shi	0.102	0.042	5.859	16.927	88.813	92.391	75.71941176470588	93.875	88.14399999999999	90.39785714285713	82.34838709677419	93.58772277227723	94.6637222222222	88.97125	94.42148936170211	92.86203703703704	0.33122852	0.45712206	3.2844167	0.23288737	0.18289474	0.30955333	2.6825604	5.4129534	0.43974632	1.8276266	0.62055314	1.4817369	../../benchmark_data/class-i/pdb/8shi_pmhc_tcr.pdb	../pred_pdb/protenix_v2/pmhc_tcr/classI/classI_protenix_v2_default_with_msa/ranked_3/8shi_pmhc_tcr.pdb	after	ranked_3
222	8wte	0.232	0.215	4.191	11.159	87.62181818181818	87.09777777777778	88.19153846153846	90.30199999999999	87.023	83.178125	85.42551724137931	92.5200488997555	93.47740331491713	86.66333333333334	93.15463157894736	91.96949771689498	0.5248718	0.36374664	0.43868685	0.27651063	0.2890402	1.3327155	1.174629	4.7880483	0.41843724	2.015766	0.6674451	1.023136	../../benchmark_data/class-i/pdb/8wte_pmhc_tcr.pdb	../pred_pdb/protenix_v2/pmhc_tcr/classI/classI_protenix_v2_default_with_msa/ranked_3/8wte_pmhc_tcr.pdb	after	ranked_3
223	8wul	0.038	0.0	15.392	24.733	95.09818181818181	95.91888888888889	95.62153846153848	97.604	96.931	95.9625	95.80965517241381	96.80745721271394	97.18519337016573	94.89888888888888	97.0768947368421	96.57369863013699	0.739011	0.19698884	0.4872949	0.26112887	0.2914082	4.139659	3.6367278	18.580252	0.3857438	1.1481156	0.48938653	1.6352712	../../benchmark_data/class-i/pdb/8wul_pmhc_tcr.pdb	../pred_pdb/protenix_v2/pmhc_tcr/classI/classI_protenix_v2_default_with_msa/ranked_3/8wul_pmhc_tcr.pdb	after	ranked_3
224	6zkw	0.684	0.776	1.555	4.315	95.69727272727273	96.978	97.52615384615385	97.735	94.203	97.586875	97.55965517241383	96.87310513447433	96.88705555555555	98.0411111111111	96.94201058201057	96.81390909090908	0.40696836	0.18034473	0.23064546	0.1751123	0.1923692	0.8501377	0.8473117	1.9022243	0.7558435	0.16024224	0.7414155	0.6863637	../../benchmark_data/class-i/pdb/6zkw_pmhc_tcr.pdb	../pred_pdb/protenix_v2/pmhc_tcr/classI/classI_protenix_v2_default_with_msa/ranked_4/6zkw_pmhc_tcr.pdb	after	ranked_4
225	6zkx	0.543	0.507	2.004	4.76	93.80909090909091	95.163	95.8869230769231	96.713	92.82300000000001	95.1725	95.49275862068964	95.4957907542579	95.32396648044694	92.14666666666666	95.12434554973822	95.81827272727271	0.4138182	0.19596441	0.26881477	0.18062931	0.14871486	0.7008355	0.64805835	1.9373251	1.5559355	1.0414196	1.5885531	0.6135377	../../benchmark_data/class-i/pdb/6zkx_pmhc_tcr.pdb	../pred_pdb/protenix_v2/pmhc_tcr/classI/classI_protenix_v2_default_with_msa/ranked_4/6zkx_pmhc_tcr.pdb	after	ranked_4
226	6zky	0.615	0.604	1.512	4.985	91.71272727272726	92.65700000000001	90.75538461538461	95.19500000000002	90.319	91.31062499999999	91.06172413793104	94.18865196078431	94.5663333333333	85.54124999999999	94.18228723404253	94.19409090909089	0.42071185	0.28954136	0.5672765	0.16556163	0.18954025	0.79478574	0.97895396	1.8116574	0.8874887	1.9649583	1.0551078	0.78471	../../benchmark_data/class-i/pdb/6zky_pmhc_tcr.pdb	../pred_pdb/protenix_v2/pmhc_tcr/classI/classI_protenix_v2_default_with_msa/ranked_4/6zky_pmhc_tcr.pdb	after	ranked_4
227	6zkz	0.397	0.475	2.63	9.001	87.81454545454545	89.876	86.53538461538461	92.21300000000001	87.44399999999999	84.28	85.2910344827586	92.57642156862745	93.51666666666667	86.84625	93.23281914893616	92.01549999999999	0.326594	0.17951952	0.86033654	0.16054736	0.17575745	0.80697095	1.171598	2.7960448	0.8394933	2.2408764	1.0224591	0.8776397	../../benchmark_data/class-i/pdb/6zkz_pmhc_tcr.pdb	../pred_pdb/protenix_v2/pmhc_tcr/classI/classI_protenix_v2_default_with_msa/ranked_4/6zkz_pmhc_tcr.pdb	after	ranked_4
228	7dzm	0.9	0.86	0.576	1.577	97.25416666666668	97.37	98.28866666666666	98.625	98.3409090909091	98.38083333333333	98.32962962962964	97.49980295566502	97.3326111111111	98.52111111111111	97.38920634920636	97.59612903225806	0.25181884	0.091185756	0.29005408	0.14649001	0.2894998	0.21042965	0.37653318	0.8690932	0.71611315	0.15928182	0.7026489	0.44017866	../../benchmark_data/class-i/pdb/7dzm_pmhc_tcr.pdb	../pred_pdb/protenix_v2/pmhc_tcr/classI/classI_protenix_v2_default_with_msa/ranked_4/7dzm_pmhc_tcr.pdb	after	ranked_4
229	7dzn	0.196	0.167	5.789	11.35	92.08166666666666	94.9	83.10666666666667	96.58399999999999	95.31454545454545	94.69333333333333	88.2562962962963	96.07553086419755	97.01050279329611	94.47333333333333	96.88904255319149	95.37073732718895	0.19225842	0.22486728	2.5453227	0.26212066	0.20763625	0.21411328	2.0485477	20.348778	0.39045313	0.59946716	0.4243504	0.90396225	../../benchmark_data/class-i/pdb/7dzn_pmhc_tcr.pdb	../pred_pdb/protenix_v2/pmhc_tcr/classI/classI_protenix_v2_default_with_msa/ranked_4/7dzn_pmhc_tcr.pdb	after	ranked_4
230	7l1d	0.157	0.176	5.789	15.478	81.77454545454545	85.83888888888889	76.78461538461538	86.114	86.59899999999999	69.07105263157895	72.2046875	91.01887530562348	93.59867403314918	86.75	93.27426315789474	89.06214611872146	0.5890902	0.29494613	2.353036	0.27919677	0.22517611	5.0560827	6.1346145	4.855258	0.50137156	0.6848909	0.53769237	3.6061852	../../benchmark_data/class-i/pdb/7l1d_pmhc_tcr.pdb	../pred_pdb/protenix_v2/pmhc_tcr/classI/classI_protenix_v2_default_with_msa/ranked_4/7l1d_pmhc_tcr.pdb	after	ranked_4
231	7n2n	0.032	0.0	15.762	27.344	90.47909090909091	89.023	85.3105882352941	87.872	87.877	82.664	84.07	92.17806295399517	93.09077348066299	92.08666666666666	93.04321052631579	91.44094170403588	0.7501363	0.30919275	1.208317	0.2018463	0.18360764	1.4917426	2.3116438	17.62348	0.36338437	0.14835429	0.36280712	1.2575662	../../benchmark_data/class-i/pdb/7n2n_pmhc_tcr.pdb	../pred_pdb/protenix_v2/pmhc_tcr/classI/classI_protenix_v2_default_with_msa/ranked_4/7n2n_pmhc_tcr.pdb	after	ranked_4
232	7n2o	0.549	0.542	1.927	5.213	91.89545454545454	91.071	88.51529411764706	94.49499999999999	91.17300000000002	88.20599999999999	88.3703125	94.47837772397094	95.30193370165746	91.78777777777776	95.13547368421051	93.91852017937221	0.88925815	0.32263327	0.9623424	0.23771465	0.14856312	1.3140954	1.7127621	2.131805	0.38374487	0.55513424	0.39907908	1.1439838	../../benchmark_data/class-i/pdb/7n2o_pmhc_tcr.pdb	../pred_pdb/protenix_v2/pmhc_tcr/classI/classI_protenix_v2_default_with_msa/ranked_4/7n2o_pmhc_tcr.pdb	after	ranked_4
233	7n2p	0.485	0.46	1.951	6.618	90.86454545454545	93.033	90.32090909090908	93.843	91.164	89.45466666666668	89.82115384615385	94.76572481572482	96.07	93.28222222222225	95.93794736842105	93.73935483870966	0.27777377	0.3351517	1.064713	0.24388944	0.19885422	1.5589662	1.5959549	2.4625888	0.4498328	0.7601367	0.4797899	0.8911112	../../benchmark_data/class-i/pdb/7n2p_pmhc_tcr.pdb	../pred_pdb/protenix_v2/pmhc_tcr/classI/classI_protenix_v2_default_with_msa/ranked_4/7n2p_pmhc_tcr.pdb	after	ranked_4
234	7n2q	0.595	0.508	1.489	4.628	87.24999999999999	89.333	87.51272727272728	93.41900000000001	89.69699999999999	85.53133333333334	86.36961538461539	93.78928746928746	95.32806629834252	91.52111111111111	95.14773684210526	92.59986175115208	0.49650472	0.45514855	1.3131083	0.18276678	0.15894264	0.60686094	1.1910493	1.7733104	0.3872691	0.6440176	0.40642288	0.94830555	../../benchmark_data/class-i/pdb/7n2q_pmhc_tcr.pdb	../pred_pdb/protenix_v2/pmhc_tcr/classI/classI_protenix_v2_default_with_msa/ranked_4/7n2q_pmhc_tcr.pdb	after	ranked_4
235	7n2r	0.527	0.431	1.705	5.389	83.97636363636364	85.886	83.79818181818182	90.279	86.29799999999999	80.79333333333334	82.06461538461538	92.03447174447174	93.8834806629834	88.56222222222223	93.63142105263158	90.63622119815668	0.42192003	0.38670444	0.6868323	0.170854	0.21410643	0.98382205	1.1452258	2.030168	0.35305268	0.26917678	0.35289198	0.8161699	../../benchmark_data/class-i/pdb/7n2r_pmhc_tcr.pdb	../pred_pdb/protenix_v2/pmhc_tcr/classI/classI_protenix_v2_default_with_msa/ranked_4/7n2r_pmhc_tcr.pdb	after	ranked_4
236	7n2s	0.369	0.47	3.38	8.98	83.72363636363637	86.16900000000001	77.01125	91.05999999999999	86.543	81.64666666666668	79.25419354838711	91.56871359223301	93.62276243093923	88.07777777777778	93.36010526315789	90.03554054054054	1.345291	0.4007058	1.6372472	0.4801952	0.17905283	0.65460104	2.2809734	3.417076	0.5184196	0.45361114	0.5229499	1.2451019	../../benchmark_data/class-i/pdb/7n2s_pmhc_tcr.pdb	../pred_pdb/protenix_v2/pmhc_tcr/classI/classI_protenix_v2_default_with_msa/ranked_4/7n2s_pmhc_tcr.pdb	after	ranked_4
237	7n4k	0.813	0.891	1.063	3.086	92.72083333333335	91.94500000000001	91.88538461538461	96.054	94.58500000000001	93.48545454545454	92.61874999999999	95.91130000000001	96.08689265536724	96.292	96.09786096256686	95.74751173708921	0.1056526	0.7958087	0.5303616	0.4480774	0.11709932	0.57573396	0.5905191	1.4478087	1.4387413	0.21203676	1.4037638	0.60308295	../../benchmark_data/class-i/pdb/7n4k_pmhc_tcr.pdb	../pred_pdb/protenix_v2/pmhc_tcr/classI/classI_protenix_v2_default_with_msa/ranked_4/7n4k_pmhc_tcr.pdb	after	ranked_4
238	7n5c	0.753	0.667	1.13	1.86	93.69250000000001	93.78999999999999	92.28461538461536	97.75999999999999	96.54099999999998	96.81181818181817	94.35958333333333	96.3495297029703	96.2046961325967	97.48400000000001	96.27167539267015	96.41934272300469	0.179779	0.14626801	0.66168565	0.44056156	0.09321034	0.8683141	0.9581038	1.1389087	0.76350355	0.3260499	0.74882597	0.7343818	../../benchmark_data/class-i/pdb/7n5c_pmhc_tcr.pdb	../pred_pdb/protenix_v2/pmhc_tcr/classI/classI_protenix_v2_default_with_msa/ranked_4/7n5c_pmhc_tcr.pdb	after	ranked_4
239	7n5p	0.801	0.847	1.07	2.945	93.96	93.21125	93.90615384615383	96.80600000000001	95.58399999999999	94.6809090909091	94.26125	96.4881954887218	96.49431818181819	97.072	96.52537634408601	96.45572769953053	0.16373153	0.25321668	0.5551159	0.4466512	0.115977086	0.5599077	0.5853295	1.3186924	1.1685897	0.24036883	1.1428227	0.61336887	../../benchmark_data/class-i/pdb/7n5p_pmhc_tcr.pdb	../pred_pdb/protenix_v2/pmhc_tcr/classI/classI_protenix_v2_default_with_msa/ranked_4/7n5p_pmhc_tcr.pdb	after	ranked_4
240	7na5	0.366	0.265	3.378	5.978	90.38454545454546	91.90999999999998	90.22272727272728	93.41900000000001	87.98100000000001	91.14066666666666	90.75230769230771	93.17212345679015	93.21966666666667	92.67555555555556	93.1937566137566	93.15319444444445	0.54184866	0.28341484	0.9011862	0.27985978	0.31266156	0.38473162	0.7646888	3.5363064	0.84511846	0.4683584	0.8345008	0.89325404	../../benchmark_data/class-i/pdb/7na5_pmhc_tcr.pdb	../pred_pdb/protenix_v2/pmhc_tcr/classI/classI_protenix_v2_default_with_msa/ranked_4/7na5_pmhc_tcr.pdb	after	ranked_4
241	7ndq	0.544	0.4	2.189	2.622	95.745	95.86	88.91933333333333	97.633	96.67727272727271	93.78692307692307	91.17928571428571	96.57321078431373	96.56723756906078	96.43777777777777	96.5611052631579	96.58376146788991	0.46184266	0.3344249	1.1563859	0.26019716	0.4092816	2.353527	2.4968188	1.804064	1.2071887	2.1417434	1.3012455	1.5115044	../../benchmark_data/class-i/pdb/7ndq_pmhc_tcr.pdb	../pred_pdb/protenix_v2/pmhc_tcr/classI/classI_protenix_v2_default_with_msa/ranked_4/7ndq_pmhc_tcr.pdb	after	ranked_4
242	7ndt	0.758	0.689	1.156	1.781	87.58333333333331	91.1275	85.94142857142857	92.85	91.42272727272729	89.92666666666666	87.78076923076922	93.61158415841585	93.40383333333335	88.0325	93.17526595744683	93.99134259259257	0.5372122	0.214792	0.7364775	0.1596008	0.22379148	1.1420993	1.1741359	1.1460469	0.81278497	1.8723115	0.94921535	0.9294018	../../benchmark_data/class-i/pdb/7ndt_pmhc_tcr.pdb	../pred_pdb/protenix_v2/pmhc_tcr/classI/classI_protenix_v2_default_with_msa/ranked_4/7ndt_pmhc_tcr.pdb	after	ranked_4
243	7ndu	0.673	0.646	1.726	2.098	95.43833333333333	95.40875	89.16933333333333	97.43199999999999	96.55727272727273	94.32923076923076	91.56499999999998	96.49579852579853	96.65878453038673	94.68625	96.57529100529098	96.42688073394494	0.4157167	0.20244966	1.3274894	0.29714847	0.31390452	1.7111976	1.9527764	1.358773	1.0940073	1.4187585	1.1789806	1.220107	../../benchmark_data/class-i/pdb/7ndu_pmhc_tcr.pdb	../pred_pdb/protenix_v2/pmhc_tcr/classI/classI_protenix_v2_default_with_msa/ranked_4/7ndu_pmhc_tcr.pdb	after	ranked_4
244	7nme	0.625	0.667	1.763	4.394	88.44363636363636	90.238	92.11769230769231	94.955	92.41545454545455	94.46181818181817	93.19208333333331	95.29138271604938	95.98055248618786	92.95777777777779	95.83736842105264	94.80888372093025	0.44170108	0.24742341	0.40556392	0.25177816	0.16482083	0.45003337	0.4685569	2.316286	0.47428817	0.30703425	0.47360677	0.9365468	../../benchmark_data/class-i/pdb/7nme_pmhc_tcr.pdb	../pred_pdb/protenix_v2/pmhc_tcr/classI/classI_protenix_v2_default_with_msa/ranked_4/7nme_pmhc_tcr.pdb	after	ranked_4
245	7nmf	0.619	0.662	1.822	4.385	88.41636363636364	90.203	92.07461538461538	94.943	92.4109090909091	94.44	93.15875	95.27402469135804	95.96265193370165	92.93555555555555	95.81926315789471	94.79218604651163	0.45593402	0.17560077	0.49091485	0.19333406	0.16540276	0.4295838	0.5404125	2.2873785	0.42887667	0.4220744	0.43614265	0.86340547	../../benchmark_data/class-i/pdb/7nmf_pmhc_tcr.pdb	../pred_pdb/protenix_v2/pmhc_tcr/classI/classI_protenix_v2_default_with_msa/ranked_4/7nmf_pmhc_tcr.pdb	after	ranked_4
246	7nmg	0.652	0.583	1.434	3.563	89.7518181818182	91.90700000000001	93.42384615384617	95.99300000000001	93.82090909090908	95.60090909090908	94.42166666666667	95.87353086419753	96.4914917127072	93.69555555555557	96.35905263157895	95.44446511627906	0.3726143	0.26860026	0.42598018	0.2544451	0.18875936	0.42962602	0.5203777	1.8728856	0.48743352	0.57969743	0.5019185	0.7497313	../../benchmark_data/class-i/pdb/7nmg_pmhc_tcr.pdb	../pred_pdb/protenix_v2/pmhc_tcr/classI/classI_protenix_v2_default_with_msa/ranked_4/7nmg_pmhc_tcr.pdb	after	ranked_4
247	7ow5	0.039	0.0	15.007	24.494	87.87666666666667	83.28000000000002	86.0375	92.65700000000001	91.329	82.41624999999999	84.22687499999999	92.1996626506024	93.55144444444446	88.25199999999998	93.27252631578946	91.2936888888889	0.2788264	0.66265416	0.8649012	0.24720274	0.22986826	1.8815907	1.5787426	15.26203	0.44315803	1.9119453	0.63173443	0.8741143	../../benchmark_data/class-i/pdb/7ow5_pmhc_tcr.pdb	../pred_pdb/protenix_v2/pmhc_tcr/classI/classI_protenix_v2_default_with_msa/ranked_4/7ow5_pmhc_tcr.pdb	after	ranked_4
248	7ow6	0.82	0.738	0.83	1.851	92.02749999999999	89.65090909090908	89.460625	95.161	93.70299999999999	87.8875	88.6740625	94.59545673076921	95.49856353591159	88.97099999999999	95.15680628272254	94.11893333333335	0.28941572	0.4877805	0.38134217	0.15730044	0.2918447	1.2111037	1.0705769	0.77387995	0.33681208	0.65070146	0.3789896	0.76978296	../../benchmark_data/class-i/pdb/7ow6_pmhc_tcr.pdb	../pred_pdb/protenix_v2/pmhc_tcr/classI/classI_protenix_v2_default_with_msa/ranked_4/7ow6_pmhc_tcr.pdb	after	ranked_4
249	7pb2	0.576	0.607	2.19	4.204	88.7	85.31545454545454	83.89375000000001	90.94000000000001	87.12599999999999	82.11625000000001	83.005	92.36650602409638	93.79855555555554	86.02099999999999	93.38921052631578	91.50288888888888	0.2719174	1.3400177	1.6673458	0.16213551	0.247069	2.5889986	2.738345	2.1264784	0.48628432	1.5531322	0.6184312	1.439101	../../benchmark_data/class-i/pdb/7pb2_pmhc_tcr.pdb	../pred_pdb/protenix_v2/pmhc_tcr/classI/classI_protenix_v2_default_with_msa/ranked_4/7pb2_pmhc_tcr.pdb	after	ranked_4
250	7pbe	0.812	0.857	1.121	2.216	97.42545454545453	93.55125000000001	97.51916666666666	97.39500000000001	97.75363636363636	96.88000000000001	97.1868	97.39476543209877	97.85850828729282	98.21666666666667	97.8754736842105	96.9699534883721	0.36003467	0.7434255	0.341795	0.60165656	0.27045375	0.45847166	0.61560184	1.1667564	0.6685737	0.14964959	0.653979	0.67688787	../../benchmark_data/class-i/pdb/7pbe_pmhc_tcr.pdb	../pred_pdb/protenix_v2/pmhc_tcr/classI/classI_protenix_v2_default_with_msa/ranked_4/7pbe_pmhc_tcr.pdb	after	ranked_4
251	7phr	0.869	0.756	0.565	1.356	94.806	96.01199999999999	94.38272727272728	98.12999999999998	98.19099999999999	98.03	96.35833333333335	96.37900000000002	97.77718232044198	97.48666666666666	97.76342105263157	95.12642857142859	0.20036545	0.3060415	0.45453513	0.17970589	0.22008078	0.17858951	0.41324997	0.9051272	0.56761175	0.33660826	0.5604091	0.80054283	../../benchmark_data/class-i/pdb/7phr_pmhc_tcr.pdb	../pred_pdb/protenix_v2/pmhc_tcr/classI/classI_protenix_v2_default_with_msa/ranked_4/7phr_pmhc_tcr.pdb	after	ranked_4
252	7q99	0.93	0.945	0.562	1.573	96.02090909090909	96.56777777777779	93.60454545454546	94.04545454545455	93.06888888888889	92.78000000000002	93.12884615384615	95.84744471744473	97.28441988950274	96.664	97.25193717277489	94.60550925925926	0.4398583	0.25948253	0.24843454	0.34682804	0.15432072	0.2528814	0.38296196	0.6865928	0.33665657	0.19517155	0.33221728	0.6945345	../../benchmark_data/class-i/pdb/7q99_pmhc_tcr.pdb	../pred_pdb/protenix_v2/pmhc_tcr/classI/classI_protenix_v2_default_with_msa/ranked_4/7q99_pmhc_tcr.pdb	after	ranked_4
253	7q9a	0.777	0.773	1.041	3.107	97.45454545454545	97.42666666666666	96.1690909090909	95.17909090909089	94.54111111111112	96.06266666666667	96.10769230769232	96.54402948402948	97.63646408839779	97.796	97.64481675392672	95.57064814814814	0.2558213	0.22815391	0.83675593	0.24979414	0.20369744	0.2153549	0.71302515	1.2793456	0.31436557	0.16684926	0.31321296	0.6126654	../../benchmark_data/class-i/pdb/7q9a_pmhc_tcr.pdb	../pred_pdb/protenix_v2/pmhc_tcr/classI/classI_protenix_v2_default_with_msa/ranked_4/7q9a_pmhc_tcr.pdb	after	ranked_4
254	7q9b	0.523	0.45	2.263	4.067	93.66090909090909	95.94444444444444	87.51625	93.313	91.64500000000001	85.62875	86.25791666666667	94.90898765432098	96.87950276243095	95.34899999999999	96.79937172774869	93.22177570093459	0.5375187	0.26347086	0.752539	0.3119331	0.27979568	1.3862108	2.0199425	2.2442975	0.69009966	0.3439854	0.6813502	1.3900194	../../benchmark_data/class-i/pdb/7q9b_pmhc_tcr.pdb	../pred_pdb/protenix_v2/pmhc_tcr/classI/classI_protenix_v2_default_with_msa/ranked_4/7q9b_pmhc_tcr.pdb	after	ranked_4
255	7qpj	0.932	0.899	0.476	0.893	98.37545454545456	98.5	98.38461538461537	97.63300000000001	96.674	97.62272727272726	98.03541666666668	97.83704714640199	97.98872222222222	98.34666666666666	98.00576719576719	97.68803738317756	0.2434663	0.37231126	0.12080201	0.17507024	0.1310694	0.41127238	0.37458822	0.63881636	0.42036003	0.20700887	0.41617352	0.49563813	../../benchmark_data/class-i/pdb/7qpj_pmhc_tcr.pdb	../pred_pdb/protenix_v2/pmhc_tcr/classI/classI_protenix_v2_default_with_msa/ranked_4/7qpj_pmhc_tcr.pdb	after	ranked_4
256	7r80	0.155	0.081	5.156	12.8	82.74999999999999	87.102	86.32461538461538	89.024	85.62100000000001	84.10999999999999	85.1382142857143	92.11080684596578	93.1785082872928	86.68777777777778	92.87105263157895	91.45123287671233	1.9177866	0.42426223	0.33195323	0.22670524	0.2055036	0.44644177	0.47618842	4.858962	0.45635006	0.58974344	0.47144425	1.0906068	../../benchmark_data/class-i/pdb/7r80_pmhc_tcr.pdb	../pred_pdb/protenix_v2/pmhc_tcr/classI/classI_protenix_v2_default_with_msa/ranked_4/7r80_pmhc_tcr.pdb	after	ranked_4
257	7rk7	0.377	0.409	2.806	8.483	92.89166666666665	93.63999999999999	75.705	91.734	87.31099999999999	75.00499999999998	75.31611111111111	93.5247469879518	96.27187845303867	93.49666666666667	96.14042105263158	91.31595555555558	0.31897244	0.25443703	2.2702372	0.49826917	0.23407517	3.5372305	3.3994105	3.1197214	0.54677916	0.29324576	0.5419265	2.6697018	../../benchmark_data/class-i/pdb/7rk7_pmhc_tcr.pdb	../pred_pdb/protenix_v2/pmhc_tcr/classI/classI_protenix_v2_default_with_msa/ranked_4/7rk7_pmhc_tcr.pdb	after	ranked_4
258	7rm4	0.332	0.312	3.588	7.943	85.13727272727272	88.45200000000001	80.76916666666666	90.745	84.53818181818183	82.47866666666665	81.71888888888888	92.24733496332519	93.4596132596685	89.73222222222222	93.28305263157894	91.34876712328769	1.0298575	0.41212282	1.2368731	0.1642412	0.20193051	1.8000345	1.7840886	3.8921778	0.43240017	0.43915	0.4393448	0.9732744	../../benchmark_data/class-i/pdb/7rm4_pmhc_tcr.pdb	../pred_pdb/protenix_v2/pmhc_tcr/classI/classI_protenix_v2_default_with_msa/ranked_4/7rm4_pmhc_tcr.pdb	after	ranked_4
259	7rrg	0.045	0.0	15.177	22.552	86.2675	86.57625	73.42066666666665	88.285	86.98363636363636	83.75642857142857	78.4103448275862	91.95711491442545	92.25939226519336	91.07	92.20305263157896	91.74374429223745	0.17977165	0.20451175	3.3923666	0.1806358	0.41043273	0.97522265	3.0847936	14.673347	0.5969894	0.85289	0.61697453	1.6126727	../../benchmark_data/class-i/pdb/7rrg_pmhc_tcr.pdb	../pred_pdb/protenix_v2/pmhc_tcr/classI/classI_protenix_v2_default_with_msa/ranked_4/7rrg_pmhc_tcr.pdb	after	ranked_4
260	7rtr	0.512	0.476	2.324	4.699	92.82181818181817	94.19	94.10090909090908	95.297	93.30999999999999	93.68909090909091	93.89499999999998	96.10230958230959	96.2068508287293	93.34333333333333	96.07121052631581	96.12953917050692	0.4139952	0.30138382	0.73624754	0.36476716	0.22310819	0.64295375	1.0019753	2.1044638	0.45796484	0.3176864	0.45520547	1.0554504	../../benchmark_data/class-i/pdb/7rtr_pmhc_tcr.pdb	../pred_pdb/protenix_v2/pmhc_tcr/classI/classI_protenix_v2_default_with_msa/ranked_4/7rtr_pmhc_tcr.pdb	after	ranked_4
261	7su9	0.349	0.293	2.929	7.751	87.8925	90.52000000000001	79.92466666666665	89.98499999999999	87.435	79.38666666666667	79.65566666666665	92.7797794117647	93.67816666666667	90.67555555555555	93.5351851851852	92.12785388127854	0.32167313	0.16052227	1.834145	0.1632244	0.20616814	1.5099957	1.9166588	2.8047254	0.40669015	0.3354453	0.40459228	0.9979382	../../benchmark_data/class-i/pdb/7su9_pmhc_tcr.pdb	../pred_pdb/protenix_v2/pmhc_tcr/classI/classI_protenix_v2_default_with_msa/ranked_4/7su9_pmhc_tcr.pdb	after	ranked_4
262	8cx4	0.882	0.797	0.599	1.026	93.63909090909092	93.312	88.7935294117647	95.40799999999999	93.657	91.27400000000002	89.95625	95.22585956416465	96.22127071823203	94.59555555555556	96.14426315789471	94.44336322869955	0.31149617	0.24418718	0.4750651	0.19100188	0.17629157	0.6493021	0.613372	0.61410594	0.42833367	0.41845608	0.4350684	0.4676859	../../benchmark_data/class-i/pdb/8cx4_pmhc_tcr.pdb	../pred_pdb/protenix_v2/pmhc_tcr/classI/classI_protenix_v2_default_with_msa/ranked_4/8cx4_pmhc_tcr.pdb	after	ranked_4
263	8d5q	0.766	0.717	1.19	1.59	93.52	96.556	89.870625	96.80545454545455	96.31636363636366	96.4413333333333	93.05	96.15661764705882	96.55136363636365	95.907	96.51672043010753	95.85490990990992	0.29815075	0.16990465	1.9323615	0.21921088	0.2019152	0.3290073	1.6162853	0.9824159	0.4979542	0.6277083	0.51474583	0.8113016	../../benchmark_data/class-i/pdb/8d5q_pmhc_tcr.pdb	../pred_pdb/protenix_v2/pmhc_tcr/classI/classI_protenix_v2_default_with_msa/ranked_4/8d5q_pmhc_tcr.pdb	after	ranked_4
264	8dnt	0.677	0.726	1.38	4.749	97.31272727272727	97.41555555555556	91.175	95.655	88.19909090909091	92.93500000000002	92.12269230769229	96.36493857493858	97.48486187845305	96.26888888888888	97.42726315789474	95.4347926267281	0.57267356	0.3963873	0.7485279	0.47517362	0.6896767	0.6411787	1.2363366	2.1270995	0.6942324	0.7197632	0.71539426	1.5336542	../../benchmark_data/class-i/pdb/8dnt_pmhc_tcr.pdb	../pred_pdb/protenix_v2/pmhc_tcr/classI/classI_protenix_v2_default_with_msa/ranked_4/8dnt_pmhc_tcr.pdb	after	ranked_4
265	8en8	0.845	0.836	0.924	1.395	96.3409090909091	97.856	90.07428571428571	96.9590909090909	94.8125	97.24533333333335	93.78344827586207	96.7341504854369	97.24355555555553	97.94777777777777	97.27708994708995	96.27399103139012	0.4438174	0.100641206	1.6217993	0.4230279	0.3786692	0.23086174	1.421548	0.81028247	0.47007078	0.18008721	0.4662082	0.8322503	../../benchmark_data/class-i/pdb/8en8_pmhc_tcr.pdb	../pred_pdb/protenix_v2/pmhc_tcr/classI/classI_protenix_v2_default_with_msa/ranked_4/8en8_pmhc_tcr.pdb	after	ranked_4
266	8enh	0.81	0.741	0.96	1.176	95.80272727272728	97.56800000000001	88.66142857142857	97.05272727272727	95.22416666666668	97.00866666666666	92.97896551724138	96.81328467153283	97.51620111731845	97.9588888888889	97.53739361702127	96.20282511210763	0.4753964	0.07446172	1.5250537	0.2882725	0.370793	0.26029798	1.3153439	1.0426439	0.59063774	0.15768628	0.57783014	1.2278813	../../benchmark_data/class-i/pdb/8enh_pmhc_tcr.pdb	../pred_pdb/protenix_v2/pmhc_tcr/classI/classI_protenix_v2_default_with_msa/ranked_4/8enh_pmhc_tcr.pdb	after	ranked_4
267	8eo8	0.843	0.824	0.93	1.099	96.02454545454545	97.647	89.30285714285715	97.00363636363637	95.13666666666667	97.04133333333334	93.30551724137932	96.83335766423356	97.46050279329609	97.90333333333334	97.48170212765956	96.28677130044842	0.5133947	0.09278021	1.6080683	0.25857362	0.19210917	0.25270373	1.4177923	0.9768832	0.54128945	0.16791135	0.53073126	1.1230645	../../benchmark_data/class-i/pdb/8eo8_pmhc_tcr.pdb	../pred_pdb/protenix_v2/pmhc_tcr/classI/classI_protenix_v2_default_with_msa/ranked_4/8eo8_pmhc_tcr.pdb	after	ranked_4
268	8f5a	0.339	0.329	2.899	8.887	89.14636363636363	90.20400000000001	83.866	90.78400000000002	88.11299999999999	87.68083333333333	85.56148148148148	93.86995110024449	94.7839226519337	84.85400000000001	94.26403141361257	93.52467889908256	0.26964602	2.201379	2.1565812	0.2774557	0.2279128	1.3279617	2.595809	2.838727	0.34723756	1.5911187	0.5250783	1.5203071	../../benchmark_data/class-i/pdb/8f5a_pmhc_tcr.pdb	../pred_pdb/protenix_v2/pmhc_tcr/classI/classI_protenix_v2_default_with_msa/ranked_4/8f5a_pmhc_tcr.pdb	after	ranked_4
269	8gom	0.023	0.0	19.138	32.425	88.31166666666667	85.64555555555556	88.03727272727271	86.557	89.53999999999999	81.34866666666666	84.17846153846155	92.0100243902439	93.11723756906076	93.10444444444444	93.11663157894736	91.05431818181818	0.38952056	0.32571858	1.1006196	0.24215889	0.22964096	1.4909713	1.7098904	15.77961	0.4693475	0.23548989	0.47248155	0.9496629	../../benchmark_data/class-i/pdb/8gom_pmhc_tcr.pdb	../pred_pdb/protenix_v2/pmhc_tcr/classI/classI_protenix_v2_default_with_msa/ranked_4/8gom_pmhc_tcr.pdb	after	ranked_4
270	8gon	0.033	0.0	17.931	26.827	86.60000000000001	84.29888888888888	86.85909090909091	86.912	87.0590909090909	80.926	83.43615384615383	91.9118780487805	93.09856353591158	93.52888888888889	93.11894736842106	90.86940909090909	0.58567595	0.27152637	0.93946046	0.23611268	0.20166424	1.6495448	1.6278979	16.77773	0.30554262	0.22140431	0.3059731	0.76885784	../../benchmark_data/class-i/pdb/8gon_pmhc_tcr.pdb	../pred_pdb/protenix_v2/pmhc_tcr/classI/classI_protenix_v2_default_with_msa/ranked_4/8gon_pmhc_tcr.pdb	after	ranked_4
271	8gvb	0.803	0.818	1.09	2.222	92.42727272727274	96.01727272727273	94.77	97.542	98.28454545454547	96.19533333333332	95.50724137931034	97.15702439024389	97.77783333333335	97.71124999999999	97.77499999999999	96.6336936936937	1.9362253	0.8362974	0.63204557	0.45758516	0.67033225	0.3975068	0.6528419	1.0217633	0.5185955	0.4471029	0.5289765	0.93747073	../../benchmark_data/class-i/pdb/8gvb_pmhc_tcr.pdb	../pred_pdb/protenix_v2/pmhc_tcr/classI/classI_protenix_v2_default_with_msa/ranked_4/8gvb_pmhc_tcr.pdb	after	ranked_4
272	8gvg	0.845	0.851	0.935	1.636	91.38181818181818	95.71636363636362	93.15285714285714	97.31400000000001	97.79454545454546	95.56199999999998	94.39896551724138	96.81423357664232	97.47016574585635	97.12	97.4553439153439	96.26842342342344	1.2479804	0.9291085	0.56392854	0.497271	0.66888607	0.45953417	0.62054366	0.87231666	0.58060473	0.41435397	0.5855865	0.8531936	../../benchmark_data/class-i/pdb/8gvg_pmhc_tcr.pdb	../pred_pdb/protenix_v2/pmhc_tcr/classI/classI_protenix_v2_default_with_msa/ranked_4/8gvg_pmhc_tcr.pdb	after	ranked_4
273	8gvi	0.773	0.735	1.045	2.68	94.50727272727272	97.67545454545456	98.02928571428572	98.264	98.6618181818182	97.82866666666668	97.92551724137931	97.83170316301702	98.28939226519337	98.57124999999999	98.30132275132277	97.43189189189188	1.5206767	0.8976903	0.5199919	0.4165789	0.34869528	1.0054792	1.0038952	1.2436053	0.5337006	0.45781592	0.54392475	1.0864439	../../benchmark_data/class-i/pdb/8gvi_pmhc_tcr.pdb	../pred_pdb/protenix_v2/pmhc_tcr/classI/classI_protenix_v2_default_with_msa/ranked_4/8gvi_pmhc_tcr.pdb	after	ranked_4
274	8i5c	0.826	0.825	1.021	1.539	95.60909090909091	95.12555555555554	95.74833333333333	96.50399999999999	95.048	95.93153846153847	95.84360000000001	96.7071851851852	96.88193370165745	95.71999999999998	96.82689473684209	96.6013953488372	0.24278718	0.2643197	0.25311434	0.22445463	0.29309693	1.3629837	1.3442467	0.9159844	0.32306302	1.8024571	0.52375233	0.62371945	../../benchmark_data/class-i/pdb/8i5c_pmhc_tcr.pdb	../pred_pdb/protenix_v2/pmhc_tcr/classI/classI_protenix_v2_default_with_msa/ranked_4/8i5c_pmhc_tcr.pdb	after	ranked_4
275	8i5d	0.749	0.627	0.961	2.663	87.325	91.34700000000001	84.65916666666668	94.097	88.9309090909091	88.38266666666665	86.72777777777777	93.93685643564356	95.19243093922653	90.14111111111112	94.95315789473683	93.03453271028037	0.39172086	0.22915368	1.0996128	0.18330921	0.25205365	1.1923217	1.4204413	1.1553348	0.40482512	0.5567382	0.4247289	1.0890541	../../benchmark_data/class-i/pdb/8i5d_pmhc_tcr.pdb	../pred_pdb/protenix_v2/pmhc_tcr/classI/classI_protenix_v2_default_with_msa/ranked_4/8i5d_pmhc_tcr.pdb	after	ranked_4
276	8qfy	0.889	0.803	0.536	1.271	98.1709090909091	98.06444444444445	98.41000000000001	98.49100000000001	97.31636363636363	98.78166666666668	98.59583333333335	97.50291358024691	97.16618784530388	98.65666666666667	97.2367894736842	97.73809302325579	0.21754944	0.2584756	0.18479861	0.2825398	0.23224892	0.21401681	0.2121234	0.76846695	0.6692187	0.3013532	0.6586717	0.5543059	../../benchmark_data/class-i/pdb/8qfy_pmhc_tcr.pdb	../pred_pdb/protenix_v2/pmhc_tcr/classI/classI_protenix_v2_default_with_msa/ranked_4/8qfy_pmhc_tcr.pdb	after	ranked_4
277	8shi	0.266	0.271	3.702	10.702	88.091	91.434	75.16352941176471	92.998	88.03299999999999	89.93214285714286	81.8332258064516	93.30133663366337	94.40944444444443	88.24625	94.14718085106382	92.56513888888888	0.3696279	0.43773472	3.0077777	0.21359897	0.21873404	0.31913593	2.6024334	3.9721332	0.4243329	1.9015161	0.62881225	1.6020559	../../benchmark_data/class-i/pdb/8shi_pmhc_tcr.pdb	../pred_pdb/protenix_v2/pmhc_tcr/classI/classI_protenix_v2_default_with_msa/ranked_4/8shi_pmhc_tcr.pdb	after	ranked_4
278	8wte	0.23	0.154	4.102	10.0	87.43636363636365	88.92555555555555	87.57923076923076	90.682	85.239	83.44312500000001	85.29724137931034	92.45770171149144	93.40375690607733	86.68	93.08526315789472	91.91324200913242	0.3469673	0.41659045	0.6303671	0.27164397	0.31076005	1.3334986	1.2178488	4.3657885	0.36392885	1.2295978	0.47990227	1.04045	../../benchmark_data/class-i/pdb/8wte_pmhc_tcr.pdb	../pred_pdb/protenix_v2/pmhc_tcr/classI/classI_protenix_v2_default_with_msa/ranked_4/8wte_pmhc_tcr.pdb	after	ranked_4
279	8wul	0.039	0.0	15.33	24.655	95.10181818181817	95.87444444444444	95.6276923076923	97.61	96.919	95.9725	95.81793103448275	96.80704156479219	97.17911602209944	94.88555555555556	97.07047368421053	96.5784931506849	0.6735152	0.24165173	0.4676784	0.28456557	0.28640085	4.0872293	3.5504196	18.569887	0.35077852	1.0732452	0.45091	1.5925786	../../benchmark_data/class-i/pdb/8wul_pmhc_tcr.pdb	../pred_pdb/protenix_v2/pmhc_tcr/classI/classI_protenix_v2_default_with_msa/ranked_4/8wul_pmhc_tcr.pdb	after	ranked_4
