	id	DockQ	Fnat	iRMS	LRMS	pLDDT-cdr1a	pLDDT-cdr2a	pLDDT-cdr3a	pLDDT-cdr1b	pLDDT-cdr2b	pLDDT-cdr3b	pLDDT-cdr3a+cdr3b	pLDDT	pLDDT-mhc	pLDDT-pep	pLDDT-pmhc	pLDDT-tcr	RMSD-cdr1a	RMSD-cdr2a	RMSD-cdr3a	RMSD-cdr1b	RMSD-cdr2b	RMSD-cdr3b	RMSD-cdr3a+cdr3b	RMSD	RMSD-mhc	RMSD-pep	RMSD-pmhc	RMSD-tcr	true_pdb_path	pred_pdb_path	2021-09-30	rank
0	6zkw	0.81	0.81	0.909	3.031	94.11090909090909	95.905	94.54076923076924	96.435	92.325	94.679375	94.61724137931034	96.47400977995109	96.52794444444444	94.01777777777778	96.40841269841269	96.53036363636363	0.37162286	0.26386535	0.5114787	0.19969499	0.16752687	0.599119	0.8210482	1.1601012	0.530552	0.31778398	0.5274042	0.70337516	../../benchmark_data/class-i/pdb/6zkw_pmhc_tcr.pdb	../pred_pdb/protenix_v1/pmhc_tcr/classI/classI_protenix_v1_with_template/ranked_0/6zkw_pmhc_tcr.pdb	after	ranked_0
1	6zkx	0.302	0.377	4.012	10.256	91.87181818181818	94.61200000000001	92.95153846153848	95.767	91.189	93.02875	92.99413793103449	95.26221411192212	94.85569832402234	89.30916666666667	94.50722513089003	95.91768181818182	0.30532247	0.1705645	0.30865258	0.24245775	0.12949216	0.5267729	0.6875369	4.777614	1.6087829	0.9230186	1.622259	0.9869143	../../benchmark_data/class-i/pdb/6zkx_pmhc_tcr.pdb	../pred_pdb/protenix_v1/pmhc_tcr/classI/classI_protenix_v1_with_template/ranked_0/6zkx_pmhc_tcr.pdb	after	ranked_0
2	6zky	0.682	0.698	1.423	3.975	90.02545454545454	92.97	90.77923076923076	94.328	89.219	91.169375	90.99448275862066	94.88144607843135	94.97044444444444	88.72	94.70446808510637	95.03268181818183	0.29213887	0.2792446	0.64862925	0.21847051	0.1875822	0.7419345	1.0730828	1.3931347	0.82745296	1.9659364	0.9991853	0.7713672	../../benchmark_data/class-i/pdb/6zky_pmhc_tcr.pdb	../pred_pdb/protenix_v1/pmhc_tcr/classI/classI_protenix_v1_with_template/ranked_0/6zky_pmhc_tcr.pdb	after	ranked_0
3	6zkz	0.307	0.441	4.351	11.018	89.17909090909092	92.953	91.13461538461539	94.449	89.181	91.2675	91.20793103448275	94.91813725490196	95.05611111111112	92.26124999999999	94.93718085106384	94.90186363636363	0.2547116	0.21016082	0.47952867	0.22360487	0.14798163	0.6569133	0.8933945	5.1721272	0.75568986	2.2777257	0.9693531	1.067627	../../benchmark_data/class-i/pdb/6zkz_pmhc_tcr.pdb	../pred_pdb/protenix_v1/pmhc_tcr/classI/classI_protenix_v1_with_template/ranked_0/6zkz_pmhc_tcr.pdb	after	ranked_0
4	7dzm	0.401	0.488	2.434	9.585	89.90666666666668	91.98750000000001	81.70866666666667	90.921	87.34000000000002	90.69749999999999	85.70370370370371	94.18655172413794	94.84583333333333	90.41888888888889	94.63502645502648	93.79594470046084	0.15705596	0.15320805	1.4143732	0.26475632	0.20954461	0.31140548	1.3734461	3.0098727	0.7004535	0.7459135	0.72993827	0.6566103	../../benchmark_data/class-i/pdb/7dzm_pmhc_tcr.pdb	../pred_pdb/protenix_v1/pmhc_tcr/classI/classI_protenix_v1_with_template/ranked_0/7dzm_pmhc_tcr.pdb	after	ranked_0
5	7dzn	0.48	0.619	2.708	7.164	87.08750000000002	88.93875	78.93666666666668	89.44500000000001	84.72909090909091	89.45416666666665	83.61111111111111	92.83064197530864	93.7650837988827	87.76222222222223	93.47771276595745	92.27004608294932	0.1490221	0.22103423	2.2767427	0.19673593	0.2036798	0.30595657	2.129704	2.8439674	0.47499022	1.1680784	0.55330163	1.2226782	../../benchmark_data/class-i/pdb/7dzn_pmhc_tcr.pdb	../pred_pdb/protenix_v1/pmhc_tcr/classI/classI_protenix_v1_with_template/ranked_0/7dzn_pmhc_tcr.pdb	after	ranked_0
6	7l1d	0.413	0.365	3.678	5.136	90.32999999999998	92.55222222222223	88.77153846153848	91.89399999999999	92.572	81.45421052631579	84.426875	94.65914425427871	96.16022099447514	91.58555555555556	95.9435263157895	93.5448401826484	0.6427629	0.2756681	2.2554476	0.25434083	0.20133501	5.5918546	5.948797	2.493779	0.52825063	0.47726762	0.5393432	2.8592927	../../benchmark_data/class-i/pdb/7l1d_pmhc_tcr.pdb	../pred_pdb/protenix_v1/pmhc_tcr/classI/classI_protenix_v1_with_template/ranked_0/7l1d_pmhc_tcr.pdb	after	ranked_0
7	7n2n	0.124	0.0	6.452	12.355	94.10818181818182	93.45299999999999	91.01294117647059	97.32300000000001	96.352	94.02000000000002	92.4225	96.61440677966101	97.50911602209946	95.39777777777778	97.40910526315791	95.93730941704038	0.57268196	0.3139232	1.4609182	0.17694718	0.16029856	0.75581515	2.223037	20.425848	0.48205316	0.3385633	0.48934665	1.3605194	../../benchmark_data/class-i/pdb/7n2n_pmhc_tcr.pdb	../pred_pdb/protenix_v1/pmhc_tcr/classI/classI_protenix_v1_with_template/ranked_0/7n2n_pmhc_tcr.pdb	after	ranked_0
8	7n2o	0.124	0.0	6.844	12.256	87.23545454545454	87.668	82.57647058823531	88.55999999999999	87.54899999999999	82.47466666666666	82.52875	92.29077481840193	92.76292817679555	86.73444444444443	92.47736842105262	92.1317937219731	0.49251306	0.35722122	1.457795	0.18306515	0.12531088	1.4641472	2.0505981	21.051828	0.33083498	1.4168259	0.47018486	1.6226451	../../benchmark_data/class-i/pdb/7n2o_pmhc_tcr.pdb	../pred_pdb/protenix_v1/pmhc_tcr/classI/classI_protenix_v1_with_template/ranked_0/7n2o_pmhc_tcr.pdb	after	ranked_0
9	7n2p	0.155	0.063	6.946	11.436	88.63454545454546	88.346	88.30454545454546	91.48499999999999	90.61500000000001	85.22399999999998	86.52730769230769	93.71545454545455	94.3346408839779	89.30444444444446	94.09636842105265	93.38193548387096	0.3744518	0.36894175	1.069677	0.2812545	0.17530128	1.1968058	1.6025896	20.847132	0.3842679	0.36863238	0.3997707	0.9810031	../../benchmark_data/class-i/pdb/7n2p_pmhc_tcr.pdb	../pred_pdb/protenix_v1/pmhc_tcr/classI/classI_protenix_v1_with_template/ranked_0/7n2p_pmhc_tcr.pdb	after	ranked_0
10	7n2q	0.168	0.068	6.675	10.64	89.05272727272727	89.618	89.53181818181817	92.353	91.90299999999999	87.91866666666668	88.60115384615385	94.41174447174447	95.06292817679558	90.16888888888889	94.83110526315791	94.04456221198157	0.3238134	0.3808085	1.2102537	0.2401524	0.17044385	1.9093076	2.3291972	21.539663	0.34953877	0.7054054	0.38364595	1.1088423	../../benchmark_data/class-i/pdb/7n2q_pmhc_tcr.pdb	../pred_pdb/protenix_v1/pmhc_tcr/classI/classI_protenix_v1_with_template/ranked_0/7n2q_pmhc_tcr.pdb	after	ranked_0
11	7n2r	0.142	0.052	7.0	12.142	89.48545454545454	88.672	89.39363636363636	91.646	90.892	86.51333333333332	87.73192307692308	94.1295085995086	94.73359116022098	90.24222222222222	94.52084210526316	93.786866359447	0.33499306	0.31673083	0.9419791	0.21498469	0.18740556	1.1064595	1.3631501	20.928175	0.43987486	0.5281641	0.45337927	0.92560536	../../benchmark_data/class-i/pdb/7n2r_pmhc_tcr.pdb	../pred_pdb/protenix_v1/pmhc_tcr/classI/classI_protenix_v1_with_template/ranked_0/7n2r_pmhc_tcr.pdb	after	ranked_0
12	7n2s	0.14	0.03	6.095	12.073	88.31454545454545	89.309	80.949375	92.68699999999998	91.845	88.214	84.46451612903226	93.89635922330098	95.03917127071821	91.05333333333334	94.85036842105264	93.07986486486485	1.3355091	0.40721563	2.510238	0.4262256	0.19063441	1.5636163	2.6619217	20.935663	0.42433065	0.50328064	0.4388305	1.3896037	../../benchmark_data/class-i/pdb/7n2s_pmhc_tcr.pdb	../pred_pdb/protenix_v1/pmhc_tcr/classI/classI_protenix_v1_with_template/ranked_0/7n2s_pmhc_tcr.pdb	after	ranked_0
13	7n4k	0.872	0.964	0.959	2.096	92.46	94.68375	88.28307692307693	94.89500000000001	92.651	93.99000000000001	90.89874999999999	95.82212500000001	96.08932203389831	95.21799999999999	96.04272727272728	95.62845070422536	0.15339105	0.71899664	0.6617761	0.3425845	0.11411827	0.19019407	0.62704194	1.2037008	1.227349	0.2382158	1.1981964	0.76607984	../../benchmark_data/class-i/pdb/7n4k_pmhc_tcr.pdb	../pred_pdb/protenix_v1/pmhc_tcr/classI/classI_protenix_v1_with_template/ranked_0/7n4k_pmhc_tcr.pdb	after	ranked_0
14	7n5c	0.89	0.877	0.704	1.4	95.03583333333331	96.39375000000001	93.12538461538462	96.545	94.942	96.12272727272729	94.49916666666667	96.73928217821782	96.67298342541436	96.955	96.68774869109949	96.7854929577465	0.24304932	0.18238087	0.8002189	0.3338896	0.09510639	0.18785678	0.7265502	0.8306548	0.78273743	0.30855298	0.7661353	0.5455327	../../benchmark_data/class-i/pdb/7n5c_pmhc_tcr.pdb	../pred_pdb/protenix_v1/pmhc_tcr/classI/classI_protenix_v1_with_template/ranked_0/7n5c_pmhc_tcr.pdb	after	ranked_0
15	7n5p	0.806	0.814	1.026	2.46	91.05166666666668	93.5225	85.88846153846151	93.25999999999999	90.84100000000001	92.32181818181817	88.83708333333334	95.1489223057644	95.47875	93.99600000000001	95.39903225806452	94.93051643192487	0.2265424	0.25626722	0.6854314	0.36568558	0.11336186	0.19758016	0.651849	1.1449803	1.1306292	0.25340632	1.1047796	0.5604195	../../benchmark_data/class-i/pdb/7n5p_pmhc_tcr.pdb	../pred_pdb/protenix_v1/pmhc_tcr/classI/classI_protenix_v1_with_template/ranked_0/7n5p_pmhc_tcr.pdb	after	ranked_0
16	7na5	0.32	0.347	3.1	9.938	92.91636363636363	92.85222222222222	92.96818181818183	94.243	90.27799999999999	93.10333333333332	93.04615384615386	94.57439506172841	93.9271111111111	92.79333333333334	93.87312169312167	95.18800925925926	0.71846664	0.2809381	0.6489949	0.23755196	0.3317482	0.6552411	0.8355683	3.6651533	1.0459262	0.4145692	1.0256733	1.0579519	../../benchmark_data/class-i/pdb/7na5_pmhc_tcr.pdb	../pred_pdb/protenix_v1/pmhc_tcr/classI/classI_protenix_v1_with_template/ranked_0/7na5_pmhc_tcr.pdb	after	ranked_0
17	7ndq	0.484	0.517	2.681	5.617	90.40833333333335	89.575	84.23866666666667	93.185	92.02454545454546	88.49692307692308	86.21571428571428	94.91470588235293	95.52933701657457	93.03777777777776	95.41131578947369	94.48188073394495	0.46824715	0.29031348	1.2773674	0.3168769	0.3745829	1.0155172	1.351035	2.8520749	0.99159795	2.1608496	1.1118016	1.0385383	../../benchmark_data/class-i/pdb/7ndq_pmhc_tcr.pdb	../pred_pdb/protenix_v1/pmhc_tcr/classI/classI_protenix_v1_with_template/ranked_0/7ndq_pmhc_tcr.pdb	after	ranked_0
18	7ndt	0.009	0.0	21.785	55.693	92.09500000000001	92.715	87.39285714285712	94.849	93.83000000000001	91.46083333333333	89.2703846153846	93.98477722772277	94.37188888888886	86.35	94.0305319148936	93.9449537037037	0.25812465	0.25490183	1.5160257	0.24263309	0.21954326	0.7029564	1.4050369	21.739727	0.56521267	2.2705638	0.82340086	1.0531794	../../benchmark_data/class-i/pdb/7ndt_pmhc_tcr.pdb	../pred_pdb/protenix_v1/pmhc_tcr/classI/classI_protenix_v1_with_template/ranked_0/7ndt_pmhc_tcr.pdb	after	ranked_0
19	7ndu	0.661	0.677	1.651	3.5	93.90583333333332	93.49875	88.47733333333333	96.494	95.57090909090908	93.21076923076924	90.67499999999998	96.39616707616707	96.83187845303867	95.175	96.76174603174604	96.07922018348624	0.44473022	0.35056242	0.80610067	0.28162178	0.34392318	0.49511057	0.7036224	1.5699059	1.2714453	1.566731	1.3880079	0.8889073	../../benchmark_data/class-i/pdb/7ndu_pmhc_tcr.pdb	../pred_pdb/protenix_v1/pmhc_tcr/classI/classI_protenix_v1_with_template/ranked_0/7ndu_pmhc_tcr.pdb	after	ranked_0
20	7nme	0.608	0.667	1.882	4.679	94.01818181818182	95.93599999999999	95.70384615384614	96.69800000000001	95.80090909090909	97.22727272727273	96.40208333333332	97.16007407407407	97.48928176795579	96.58666666666666	97.44652631578947	96.90693023255815	0.48586145	0.2756496	0.3680018	0.39595068	0.13941029	0.48321807	0.4937716	2.3818521	0.5258924	0.21977311	0.518722	0.8353685	../../benchmark_data/class-i/pdb/7nme_pmhc_tcr.pdb	../pred_pdb/protenix_v1/pmhc_tcr/classI/classI_protenix_v1_with_template/ranked_0/7nme_pmhc_tcr.pdb	after	ranked_0
21	7nmf	0.616	0.69	1.87	4.699	91.77272727272727	93.365	94.00461538461539	94.899	94.07272727272726	95.39636363636363	94.6425	96.16303703703703	96.55585635359117	94.43555555555557	96.45542105263159	95.9046511627907	0.4979824	0.16620743	0.40557128	0.38499987	0.18374734	0.40430102	0.49823305	2.2778287	0.43464628	0.38108397	0.4344403	0.76941484	../../benchmark_data/class-i/pdb/7nmf_pmhc_tcr.pdb	../pred_pdb/protenix_v1/pmhc_tcr/classI/classI_protenix_v1_with_template/ranked_0/7nmf_pmhc_tcr.pdb	after	ranked_0
22	7nmg	0.592	0.681	2.049	4.94	90.46818181818182	92.571	93.10461538461537	94.07300000000001	93.00818181818182	94.78727272727274	93.87583333333333	95.7861975308642	96.26381215469613	94.09333333333333	96.16100000000002	95.45497674418606	0.44557005	0.2538989	0.4002907	0.42085493	0.2068745	0.4862816	0.56760335	2.3713837	0.4845184	0.48224232	0.48990375	0.681459	../../benchmark_data/class-i/pdb/7nmg_pmhc_tcr.pdb	../pred_pdb/protenix_v1/pmhc_tcr/classI/classI_protenix_v1_with_template/ranked_0/7nmg_pmhc_tcr.pdb	after	ranked_0
23	7ow5	0.744	0.688	1.036	3.333	94.60083333333334	89.23545454545454	93.839375	96.773	95.898	92.741875	93.290625	96.1922891566265	96.70061111111112	91.92999999999999	96.44952631578947	95.97506666666666	0.3583625	1.132725	0.4896821	0.24236591	0.2048648	0.80161494	0.83490396	1.178505	0.4041558	1.7379634	0.58033997	0.7973485	../../benchmark_data/class-i/pdb/7ow5_pmhc_tcr.pdb	../pred_pdb/protenix_v1/pmhc_tcr/classI/classI_protenix_v1_with_template/ranked_0/7ow5_pmhc_tcr.pdb	after	ranked_0
24	7ow6	0.864	0.846	0.615	2.978	97.99583333333334	94.24454545454545	98.14	98.31700000000001	98.05600000000001	97.25750000000001	97.69875	97.97990384615385	98.2946408839779	98.102	98.284554973822	97.72128888888889	0.25740615	1.2121943	0.24043407	0.19731116	0.32218108	0.5754124	0.47477856	1.0260692	0.3408578	0.29002446	0.3432115	0.7699482	../../benchmark_data/class-i/pdb/7ow6_pmhc_tcr.pdb	../pred_pdb/protenix_v1/pmhc_tcr/classI/classI_protenix_v1_with_template/ranked_0/7ow6_pmhc_tcr.pdb	after	ranked_0
25	7pb2	0.104	0.0	7.773	13.802	85.66833333333331	81.74454545454546	78.76124999999999	89.23500000000001	86.58	78.63875000000002	78.7	91.44443373493975	92.23988888888888	83.822	91.79684210526315	91.14684444444445	0.2583662	1.2616652	2.8698096	0.2245469	0.21080144	1.170655	2.7045133	6.799435	0.50545466	1.8317705	0.6724611	1.3730134	../../benchmark_data/class-i/pdb/7pb2_pmhc_tcr.pdb	../pred_pdb/protenix_v1/pmhc_tcr/classI/classI_protenix_v1_with_template/ranked_0/7pb2_pmhc_tcr.pdb	after	ranked_0
26	7pbe	0.809	0.857	1.214	1.626	92.35272727272728	91.59125	92.66583333333334	96.277	94.41818181818181	95.2053846153846	93.98640000000002	96.27962962962962	96.95524861878454	95.62777777777778	96.89236842105261	95.73813953488373	0.43628317	1.5064682	0.83829683	0.5435811	0.24355274	0.6247601	0.9815729	1.1091628	0.68160594	0.17829268	0.6669299	0.94446623	../../benchmark_data/class-i/pdb/7pbe_pmhc_tcr.pdb	../pred_pdb/protenix_v1/pmhc_tcr/classI/classI_protenix_v1_with_template/ranked_0/7pbe_pmhc_tcr.pdb	after	ranked_0
27	7phr	0.925	0.854	0.41	0.814	98.152	98.604	98.12363636363635	98.71900000000001	98.75	98.75538461538461	98.46583333333335	98.22225	98.51375690607733	98.74333333333333	98.52463157894736	97.94866666666667	0.254189	0.27432954	0.50277317	0.16445008	0.2563927	0.17697863	0.38783494	0.61173517	0.3753566	0.21344502	0.370585	0.59680015	../../benchmark_data/class-i/pdb/7phr_pmhc_tcr.pdb	../pred_pdb/protenix_v1/pmhc_tcr/classI/classI_protenix_v1_with_template/ranked_0/7phr_pmhc_tcr.pdb	after	ranked_0
28	7q99	0.866	0.877	0.819	1.954	96.42545454545453	97.16666666666667	96.1690909090909	94.97636363636364	93.91888888888889	95.048	95.5223076923077	96.95270270270271	97.71298342541434	97.271	97.68984293193715	96.30087962962962	0.33662936	0.278095	0.24302897	0.34873137	0.25333694	0.3035699	0.5165048	0.97918594	0.35129395	0.20807104	0.35000858	0.9535359	../../benchmark_data/class-i/pdb/7q99_pmhc_tcr.pdb	../pred_pdb/protenix_v1/pmhc_tcr/classI/classI_protenix_v1_with_template/ranked_0/7q99_pmhc_tcr.pdb	after	ranked_0
29	7q9a	0.788	0.76	1.009	2.589	97.5809090909091	97.90555555555555	97.03727272727271	95.50818181818182	94.3588888888889	96.33466666666668	96.63192307692309	97.22103194103194	97.86082872928175	97.47200000000001	97.84047120418847	96.67328703703704	0.31467208	0.3102223	0.94604766	0.25129735	0.24653928	0.35391098	0.82663476	1.1682734	0.3180917	0.20691453	0.3175754	1.0154911	../../benchmark_data/class-i/pdb/7q9a_pmhc_tcr.pdb	../pred_pdb/protenix_v1/pmhc_tcr/classI/classI_protenix_v1_with_template/ranked_0/7q9a_pmhc_tcr.pdb	after	ranked_0
30	7q9b	0.386	0.412	3.242	7.397	96.89363636363636	97.74111111111111	96.67625000000001	96.143	94.94099999999999	93.64750000000001	94.65708333333333	97.38888888888889	97.76591160220995	97.17299999999999	97.73486910994762	97.08009345794392	0.4911777	0.2845259	0.51842254	0.34812453	0.2685178	1.4712678	2.3552647	3.6286628	0.6289904	0.40003213	0.62762755	1.5801072	../../benchmark_data/class-i/pdb/7q9b_pmhc_tcr.pdb	../pred_pdb/protenix_v1/pmhc_tcr/classI/classI_protenix_v1_with_template/ranked_0/7q9b_pmhc_tcr.pdb	after	ranked_0
31	7qpj	0.892	0.812	0.514	1.494	98.19909090909091	98.40888888888888	98.1369230769231	97.851	96.96400000000001	97.43818181818182	97.81666666666666	98.06411910669976	98.23538888888886	98.31666666666666	98.23925925925927	97.90943925233645	0.15727793	0.34270617	0.14284314	0.17315005	0.12358612	0.48934907	0.6301113	0.598695	0.39233127	0.49253124	0.40855852	0.42679945	../../benchmark_data/class-i/pdb/7qpj_pmhc_tcr.pdb	../pred_pdb/protenix_v1/pmhc_tcr/classI/classI_protenix_v1_with_template/ranked_0/7qpj_pmhc_tcr.pdb	after	ranked_0
32	7r80	0.481	0.516	2.457	6.171	85.34636363636363	88.881	88.05692307692308	90.702	86.26699999999998	85.43599999999999	86.65285714285713	93.17765281173595	93.2893370165746	86.89555555555555	92.98647368421052	93.34351598173518	1.9952384	0.32852346	0.28487465	0.2782239	0.21298438	0.6335244	0.73459905	2.7945414	0.5234035	0.7529113	0.54485106	1.02739	../../benchmark_data/class-i/pdb/7r80_pmhc_tcr.pdb	../pred_pdb/protenix_v1/pmhc_tcr/classI/classI_protenix_v1_with_template/ranked_0/7r80_pmhc_tcr.pdb	after	ranked_0
33	7rk7	0.046	0.0	16.815	22.073	85.64833333333333	87.01125	75.715	89.614	86.41300000000001	76.0885	75.92249999999999	91.60901204819277	92.82011049723758	91.39222222222222	92.75247368421053	90.64342222222223	0.283093	0.8411251	2.7773201	0.47174412	0.21948692	4.219961	4.41226	17.332355	0.5591401	0.68205166	0.572476	2.0072634	../../benchmark_data/class-i/pdb/7rk7_pmhc_tcr.pdb	../pred_pdb/protenix_v1/pmhc_tcr/classI/classI_protenix_v1_with_template/ranked_0/7rk7_pmhc_tcr.pdb	after	ranked_0
34	7rm4	0.268	0.188	4.248	8.407	85.8490909090909	88.747	83.8975	90.905	85.45363636363636	82.53866666666666	83.1425925925926	92.74012224938878	93.37690607734807	89.84222222222222	93.20947368421054	92.33292237442924	0.43300584	0.39964402	0.8408799	0.14141764	0.20133518	1.7922229	2.1437643	3.941886	0.42637733	0.36059332	0.42779228	1.2476226	../../benchmark_data/class-i/pdb/7rm4_pmhc_tcr.pdb	../pred_pdb/protenix_v1/pmhc_tcr/classI/classI_protenix_v1_with_template/ranked_0/7rm4_pmhc_tcr.pdb	after	ranked_0
35	7rrg	0.269	0.175	3.739	8.587	86.205	87.97	76.79066666666667	88.72999999999999	84.39818181818183	85.1742857142857	80.83793103448276	92.51909535452322	93.15066298342539	85.31666666666666	92.77957894736844	92.29310502283106	0.23460524	0.2086661	2.3544452	0.18747196	0.42544675	0.5140922	1.9837613	3.5203571	0.5695064	0.757856	0.5874134	1.0964394	../../benchmark_data/class-i/pdb/7rrg_pmhc_tcr.pdb	../pred_pdb/protenix_v1/pmhc_tcr/classI/classI_protenix_v1_with_template/ranked_0/7rrg_pmhc_tcr.pdb	after	ranked_0
36	7rtr	0.661	0.762	1.665	4.61	89.62363636363636	91.18555555555555	91.06818181818181	91.69500000000001	89.72363636363637	92.0481818181818	91.55818181818181	94.68031941031941	95.09834254143648	91.32666666666667	94.91968421052633	94.47073732718894	0.38270748	0.26537836	0.49946377	0.45573762	0.18939291	0.50841993	0.71013254	2.1435037	0.4267005	0.24085785	0.42314544	0.9535131	../../benchmark_data/class-i/pdb/7rtr_pmhc_tcr.pdb	../pred_pdb/protenix_v1/pmhc_tcr/classI/classI_protenix_v1_with_template/ranked_0/7rtr_pmhc_tcr.pdb	after	ranked_0
37	7su9	0.542	0.552	2.259	4.687	92.56750000000001	93.76375	88.97066666666667	93.82300000000001	92.452	90.02666666666664	89.49866666666665	95.63178921568628	95.98016666666666	92.45	95.81206349206347	95.4762100456621	0.2822273	0.1980874	1.6874987	0.31832954	0.21118599	2.0827553	2.2489212	2.6514232	0.5775274	0.42407268	0.5772873	1.2728144	../../benchmark_data/class-i/pdb/7su9_pmhc_tcr.pdb	../pred_pdb/protenix_v1/pmhc_tcr/classI/classI_protenix_v1_with_template/ranked_0/7su9_pmhc_tcr.pdb	after	ranked_0
38	8cx4	0.128	0.017	6.418	12.552	88.32545454545455	87.41900000000001	82.03470588235295	90.402	89.162	85.646	83.7275	92.89372881355932	93.6710497237569	88.07666666666667	93.40605263157896	92.4572197309417	0.3947539	0.3221767	0.65583605	0.16965742	0.14077325	0.783211	0.8846408	21.163591	0.40805057	1.1390973	0.48685238	0.8978714	../../benchmark_data/class-i/pdb/8cx4_pmhc_tcr.pdb	../pred_pdb/protenix_v1/pmhc_tcr/classI/classI_protenix_v1_with_template/ranked_0/8cx4_pmhc_tcr.pdb	after	ranked_0
39	8d5q	0.684	0.717	1.598	3.331	92.93363636363637	94.73400000000001	89.543125	94.59727272727274	94.67454545454547	93.77199999999999	91.58935483870968	95.6385294117647	95.58039772727271	92.077	95.39204301075267	95.84504504504504	0.5293673	0.24259856	1.0207226	0.23574333	0.19821544	0.9746422	1.0977502	1.7561642	0.7205555	0.7388307	0.7317816	0.6875905	../../benchmark_data/class-i/pdb/8d5q_pmhc_tcr.pdb	../pred_pdb/protenix_v1/pmhc_tcr/classI/classI_protenix_v1_with_template/ranked_0/8d5q_pmhc_tcr.pdb	after	ranked_0
40	8dnt	0.719	0.74	1.374	3.253	97.53818181818183	96.71555555555557	94.6675	96.836	93.21999999999998	96.28357142857142	95.53769230769231	97.2090171990172	97.95801104972377	97.57444444444444	97.93984210526315	96.56912442396313	0.58999205	1.5710491	0.96997863	0.5176848	0.5361653	0.7464753	1.2525365	1.900512	0.748002	0.904977	0.7831887	1.6049796	../../benchmark_data/class-i/pdb/8dnt_pmhc_tcr.pdb	../pred_pdb/protenix_v1/pmhc_tcr/classI/classI_protenix_v1_with_template/ranked_0/8dnt_pmhc_tcr.pdb	after	ranked_0
41	8en8	0.417	0.479	3.035	7.301	92.19636363636364	93.901	88.04857142857142	90.03090909090909	89.70333333333333	85.30133333333333	86.62758620689655	94.77740291262135	95.68272222222222	92.33777777777777	95.52343915343916	94.14511210762332	0.32879877	0.20992976	1.9066567	0.2989665	0.38540083	4.088744	4.104036	3.0602639	0.35582423	0.24807055	0.35653535	2.1762094	../../benchmark_data/class-i/pdb/8en8_pmhc_tcr.pdb	../pred_pdb/protenix_v1/pmhc_tcr/classI/classI_protenix_v1_with_template/ranked_0/8en8_pmhc_tcr.pdb	after	ranked_0
42	8enh	0.392	0.407	2.906	7.55	89.1190909090909	89.848	84.06642857142857	87.90363636363637	86.32833333333333	82.71400000000001	83.36689655172414	93.12661800486619	93.87815642458102	90.4022222222222	93.71175531914895	92.63331838565023	0.44329634	0.2247542	2.0388973	0.30419406	0.41932663	3.5254273	3.601596	3.4615088	0.56846803	0.20019287	0.55729437	2.3232784	../../benchmark_data/class-i/pdb/8enh_pmhc_tcr.pdb	../pred_pdb/protenix_v1/pmhc_tcr/classI/classI_protenix_v1_with_template/ranked_0/8enh_pmhc_tcr.pdb	after	ranked_0
43	8eo8	0.431	0.419	2.564	6.685	90.98454545454545	92.777	86.58785714285715	88.61727272727273	89.83416666666666	83.14066666666666	84.80482758620688	94.34897810218978	95.35374301675978	90.74888888888889	95.1332978723404	93.68775784753365	0.3599951	0.14388192	1.8786308	0.3660979	0.31713045	3.4855056	3.3406224	2.5801477	0.52518284	0.28551745	0.51754403	1.8530719	../../benchmark_data/class-i/pdb/8eo8_pmhc_tcr.pdb	../pred_pdb/protenix_v1/pmhc_tcr/classI/classI_protenix_v1_with_template/ranked_0/8eo8_pmhc_tcr.pdb	after	ranked_0
44	8f5a	0.312	0.329	3.32	9.622	91.67363636363638	92.395	89.11399999999999	93.679	92.539	92.97416666666668	90.82962962962962	95.8776772616137	96.42696132596684	93.437	96.27041884816752	95.53357798165138	0.2372396	2.1281004	1.6940666	0.27700308	0.40120712	1.2042067	2.3126674	3.272102	0.38506424	2.887993	0.86190903	1.2634345	../../benchmark_data/class-i/pdb/8f5a_pmhc_tcr.pdb	../pred_pdb/protenix_v1/pmhc_tcr/classI/classI_protenix_v1_with_template/ranked_0/8f5a_pmhc_tcr.pdb	after	ranked_0
45	8gom	0.572	0.613	2.255	4.284	83.36083333333333	84.46777777777777	83.82090909090908	88.669	84.95454545454545	80.02133333333333	81.62884615384615	91.39619512195122	93.28022099447513	86.87333333333333	92.97673684210525	90.0311818181818	0.31303734	0.3878061	0.766305	0.112058684	0.38109905	1.3428953	1.460839	2.2190208	0.38125733	0.28713512	0.3791883	0.8536807	../../benchmark_data/class-i/pdb/8gom_pmhc_tcr.pdb	../pred_pdb/protenix_v1/pmhc_tcr/classI/classI_protenix_v1_with_template/ranked_0/8gom_pmhc_tcr.pdb	after	ranked_0
46	8gon	0.553	0.629	2.289	5.158	90.045	90.61888888888888	90.31454545454545	94.527	92.34909090909092	87.64	88.77153846153846	95.1229756097561	96.12160220994477	93.47888888888889	95.99642105263158	94.36863636363636	0.5160289	0.50412315	0.7584389	0.19597179	0.34050614	1.088746	1.241065	2.3855944	0.31065544	0.24545799	0.31713527	0.83192146	../../benchmark_data/class-i/pdb/8gon_pmhc_tcr.pdb	../pred_pdb/protenix_v1/pmhc_tcr/classI/classI_protenix_v1_with_template/ranked_0/8gon_pmhc_tcr.pdb	after	ranked_0
47	8gvb	0.841	0.833	0.96	1.212	93.58727272727273	97.12818181818183	93.90642857142858	98.225	97.94272727272728	97.924	95.9844827586207	97.53512195121951	97.92544444444445	97.9225	97.92531914893617	97.2046846846847	1.4711323	0.84797233	0.78479	0.5447711	0.6033025	0.44180918	0.7679921	0.8742389	0.47618863	0.36584738	0.4803753	0.899187	../../benchmark_data/class-i/pdb/8gvb_pmhc_tcr.pdb	../pred_pdb/protenix_v1/pmhc_tcr/classI/classI_protenix_v1_with_template/ranked_0/8gvb_pmhc_tcr.pdb	after	ranked_0
48	8gvg	0.808	0.791	1.089	1.282	91.44909090909091	96.23636363636363	91.28142857142858	98.049	97.26727272727273	97.338	94.41413793103449	97.16306569343065	97.66011049723758	97.30000000000001	97.64486772486771	96.75288288288289	1.2130969	0.9371032	0.87926984	0.4930192	0.65343493	0.4476844	0.9808152	0.9989128	0.6071475	0.39358994	0.608579	1.0244929	../../benchmark_data/class-i/pdb/8gvg_pmhc_tcr.pdb	../pred_pdb/protenix_v1/pmhc_tcr/classI/classI_protenix_v1_with_template/ranked_0/8gvg_pmhc_tcr.pdb	after	ranked_0
49	8gvi	0.841	0.853	1.008	1.158	95.85272727272728	97.2218181818182	97.58214285714284	98.39	98.40636363636362	97.95666666666666	97.77586206896552	97.94007299270072	98.14000000000001	98.3675	98.14962962962963	97.76166666666667	1.4928522	0.89775777	0.6201447	0.5196142	0.38293162	0.52315074	0.7321081	0.9236282	0.5278217	0.36586848	0.52416724	0.9637715	../../benchmark_data/class-i/pdb/8gvi_pmhc_tcr.pdb	../pred_pdb/protenix_v1/pmhc_tcr/classI/classI_protenix_v1_with_template/ranked_0/8gvi_pmhc_tcr.pdb	after	ranked_0
50	8i5c	0.751	0.746	1.301	2.239	89.65909090909089	90.76222222222222	89.62166666666666	90.00700000000002	88.19	88.60384615384615	89.09240000000001	94.34503703703703	94.66121546961327	87.24555555555555	94.30994736842105	94.3760465116279	0.30612442	0.3388741	0.24010462	0.2555197	0.30077204	1.2824136	1.2610059	1.2154117	0.35990587	1.1431221	0.44871914	0.6351647	../../benchmark_data/class-i/pdb/8i5c_pmhc_tcr.pdb	../pred_pdb/protenix_v1/pmhc_tcr/classI/classI_protenix_v1_with_template/ranked_0/8i5c_pmhc_tcr.pdb	after	ranked_0
51	8i5d	0.69	0.746	1.559	3.681	96.018	97.56300000000002	95.0525	97.58000000000001	96.99363636363636	96.02	95.58999999999999	97.56539603960397	97.92215469613258	94.42555555555556	97.75652631578949	97.39570093457944	0.31312487	0.2165084	1.2571504	0.2830132	0.17816734	0.49001968	1.2236253	1.7292157	0.39521682	0.94548845	0.4575745	1.3069052	../../benchmark_data/class-i/pdb/8i5d_pmhc_tcr.pdb	../pred_pdb/protenix_v1/pmhc_tcr/classI/classI_protenix_v1_with_template/ranked_0/8i5d_pmhc_tcr.pdb	after	ranked_0
52	8qfy	0.756	0.705	1.203	1.828	93.96181818181817	94.17000000000002	92.03000000000002	97.012	93.95272727272727	96.33083333333336	94.18041666666666	96.44965432098766	96.90795580110498	95.90888888888888	96.86063157894735	96.08646511627909	0.5050279	0.25645357	0.4569259	0.36711007	0.20404771	0.3486115	0.7996	1.1674454	0.88351953	0.45297694	0.8768841	0.68689156	../../benchmark_data/class-i/pdb/8qfy_pmhc_tcr.pdb	../pred_pdb/protenix_v1/pmhc_tcr/classI/classI_protenix_v1_with_template/ranked_0/8qfy_pmhc_tcr.pdb	after	ranked_0
53	8shi	0.277	0.375	3.899	12.183	89.28	93.296	81.84764705882355	93.86600000000001	90.073	92.11285714285714	86.48354838709676	94.77876237623761	95.41755555555558	90.25125	95.19771276595743	94.41412037037036	0.31999984	0.39771107	3.7159634	0.22024484	0.2086807	0.31153142	2.8797455	4.1524754	0.6211861	1.4936445	0.7083638	1.4548793	../../benchmark_data/class-i/pdb/8shi_pmhc_tcr.pdb	../pred_pdb/protenix_v1/pmhc_tcr/classI/classI_protenix_v1_with_template/ranked_0/8shi_pmhc_tcr.pdb	after	ranked_0
54	8wte	0.309	0.323	3.531	9.4	91.41636363636363	92.05888888888889	91.63000000000001	92.952	91.194	89.48375	90.44586206896552	94.96916870415647	95.25707182320441	88.59222222222222	94.94136842105262	94.99328767123288	0.2795039	0.33604878	0.36425102	0.27617866	0.18051763	1.336473	1.2056847	4.2643466	0.34564596	1.6433103	0.51516044	1.0155469	../../benchmark_data/class-i/pdb/8wte_pmhc_tcr.pdb	../pred_pdb/protenix_v1/pmhc_tcr/classI/classI_protenix_v1_with_template/ranked_0/8wte_pmhc_tcr.pdb	after	ranked_0
55	8wul	0.622	0.617	1.811	3.685	92.1081818181818	93.4811111111111	91.60307692307691	93.95599999999999	91.208	89.91375	90.6710344827586	95.32735941320293	95.67022099447513	89.41555555555556	95.37394736842104	95.28694063926939	0.44915888	0.2089731	0.4590325	0.24328025	0.215438	1.2198842	1.1723999	1.8627912	0.4057925	1.4856083	0.5388322	0.97408396	../../benchmark_data/class-i/pdb/8wul_pmhc_tcr.pdb	../pred_pdb/protenix_v1/pmhc_tcr/classI/classI_protenix_v1_with_template/ranked_0/8wul_pmhc_tcr.pdb	after	ranked_0
56	6zkw	0.703	0.672	1.104	4.41	94.14090909090909	95.906	94.5023076923077	96.40099999999998	92.35800000000002	94.69187500000001	94.60689655172413	96.47259168704157	96.52822222222223	94.00444444444445	96.40804232804234	96.52804545454545	0.49867937	0.23938179	0.6131349	0.18239224	0.18972714	0.58809257	0.9484257	1.594581	0.5356218	0.28194484	0.5321005	0.7926226	../../benchmark_data/class-i/pdb/6zkw_pmhc_tcr.pdb	../pred_pdb/protenix_v1/pmhc_tcr/classI/classI_protenix_v1_with_template/ranked_1/6zkw_pmhc_tcr.pdb	after	ranked_1
57	6zkx	0.259	0.319	4.428	11.459	91.79909090909092	94.578	92.98076923076921	95.68799999999999	91.11999999999998	92.956875	92.96758620689657	95.23620437956205	94.81642458100558	89.30416666666667	94.47010471204189	95.90131818181817	0.26590583	0.18386868	0.48236537	0.2103345	0.122389466	0.6750555	0.9235541	5.2909675	1.5960068	0.94562984	1.6183084	1.0367608	../../benchmark_data/class-i/pdb/6zkx_pmhc_tcr.pdb	../pred_pdb/protenix_v1/pmhc_tcr/classI/classI_protenix_v1_with_template/ranked_1/6zkx_pmhc_tcr.pdb	after	ranked_1
58	6zky	0.543	0.566	1.676	6.692	90.30909090909091	92.93499999999999	90.85076923076923	94.208	89.42699999999999	91.231875	91.06103448275861	94.92737745098039	95.02055555555555	88.65625	94.74973404255317	95.07918181818181	0.32762566	0.28960508	0.5794011	0.24188036	0.18053809	0.84907943	1.0294125	1.9432133	0.90595937	1.8288072	1.0404755	0.7931603	../../benchmark_data/class-i/pdb/6zky_pmhc_tcr.pdb	../pred_pdb/protenix_v1/pmhc_tcr/classI/classI_protenix_v1_with_template/ranked_1/6zky_pmhc_tcr.pdb	after	ranked_1
59	6zkz	0.298	0.424	4.341	11.21	89.26545454545453	92.97800000000001	91.12307692307694	94.418	89.155	91.31875	91.23103448275862	94.92634803921568	95.07183333333333	92.23624999999998	94.95117021276596	94.90513636363634	0.2637275	0.21067443	0.4501906	0.2332394	0.16414842	0.61143005	0.8354904	5.25722	0.80211556	2.22849	1.0016611	0.9113829	../../benchmark_data/class-i/pdb/6zkz_pmhc_tcr.pdb	../pred_pdb/protenix_v1/pmhc_tcr/classI/classI_protenix_v1_with_template/ranked_1/6zkz_pmhc_tcr.pdb	after	ranked_1
60	7dzm	0.41	0.512	2.47	9.418	89.85083333333334	91.89125	81.79666666666667	91.035	87.40454545454546	90.71083333333333	85.75851851851851	94.1884236453202	94.83177777777779	90.4588888888889	94.62354497354497	93.8094470046083	0.19509862	0.25399116	1.293291	0.24252069	0.20873195	0.38100442	1.2881514	2.9901156	0.8084833	0.81571877	0.8286315	0.64963096	../../benchmark_data/class-i/pdb/7dzm_pmhc_tcr.pdb	../pred_pdb/protenix_v1/pmhc_tcr/classI/classI_protenix_v1_with_template/ranked_1/7dzm_pmhc_tcr.pdb	after	ranked_1
61	7dzn	0.452	0.524	2.618	7.165	87.11166666666668	89.00874999999999	78.71399999999998	89.36	84.64	89.41999999999997	83.47222222222223	92.81762962962962	93.76826815642458	87.77333333333334	93.4812765957447	92.2426728110599	0.17371199	0.30066133	1.9059131	0.17184111	0.19385408	0.27880183	1.7695732	2.730854	0.50243425	1.1922678	0.58253056	0.9820296	../../benchmark_data/class-i/pdb/7dzn_pmhc_tcr.pdb	../pred_pdb/protenix_v1/pmhc_tcr/classI/classI_protenix_v1_with_template/ranked_1/7dzn_pmhc_tcr.pdb	after	ranked_1
62	7l1d	0.373	0.324	3.769	6.147	90.35090909090908	92.63222222222221	88.66384615384617	91.943	92.44699999999997	81.69263157894737	84.5246875	94.6577750611247	96.14895027624308	91.50444444444445	95.92894736842105	93.55493150684931	0.6698881	0.2837397	2.141713	0.2522683	0.21009144	5.3484154	5.867766	2.6155791	0.51187366	0.32777858	0.51378554	2.8588047	../../benchmark_data/class-i/pdb/7l1d_pmhc_tcr.pdb	../pred_pdb/protenix_v1/pmhc_tcr/classI/classI_protenix_v1_with_template/ranked_1/7l1d_pmhc_tcr.pdb	after	ranked_1
63	7n2n	0.13	0.0	6.504	11.869	94.17000000000002	93.53500000000001	90.90764705882351	97.321	96.321	94.01533333333334	92.364375	96.60900726392252	97.51806629834255	95.45333333333333	97.42026315789475	95.91780269058295	0.6523038	0.3184318	1.33167	0.17201991	0.14217253	0.77779317	2.0636048	20.476185	0.48741022	0.331769	0.4938526	1.5306531	../../benchmark_data/class-i/pdb/7n2n_pmhc_tcr.pdb	../pred_pdb/protenix_v1/pmhc_tcr/classI/classI_protenix_v1_with_template/ranked_1/7n2n_pmhc_tcr.pdb	after	ranked_1
64	7n2o	0.038	0.0	16.518	24.904	87.56181818181818	89.03	84.71941176470588	90.85499999999999	88.49799999999999	84.716	84.71781250000001	93.05813559322033	93.44933701657457	90.60888888888888	93.3147894736842	92.83946188340808	0.46065274	0.35959092	1.4285622	0.1924193	0.14948179	1.4943427	2.1064267	18.722414	0.33215147	1.2747843	0.43256623	1.6318045	../../benchmark_data/class-i/pdb/7n2o_pmhc_tcr.pdb	../pred_pdb/protenix_v1/pmhc_tcr/classI/classI_protenix_v1_with_template/ranked_1/7n2o_pmhc_tcr.pdb	after	ranked_1
65	7n2p	0.16	0.048	6.708	10.759	88.33454545454546	88.398	88.1490909090909	91.491	90.64500000000001	85.09066666666668	86.38461538461537	93.68938574938575	94.32110497237571	89.25888888888888	94.08131578947369	93.34622119815667	0.66561395	0.37693918	1.049324	0.26902255	0.17966267	1.1732601	1.5604756	21.431137	0.368807	0.515659	0.38719898	0.93015563	../../benchmark_data/class-i/pdb/7n2p_pmhc_tcr.pdb	../pred_pdb/protenix_v1/pmhc_tcr/classI/classI_protenix_v1_with_template/ranked_1/7n2p_pmhc_tcr.pdb	after	ranked_1
66	7n2q	0.162	0.102	6.777	11.905	89.02636363636363	89.757	89.39909090909092	92.33399999999999	91.94500000000001	87.76133333333333	88.45423076923076	94.41095823095823	95.06707182320442	90.20444444444445	94.83673684210527	94.03815668202765	0.28335845	0.38666916	1.2216789	0.25306824	0.18934001	1.8157182	2.547975	21.107517	0.3729467	0.5033665	0.38462213	1.1407636	../../benchmark_data/class-i/pdb/7n2q_pmhc_tcr.pdb	../pred_pdb/protenix_v1/pmhc_tcr/classI/classI_protenix_v1_with_template/ranked_1/7n2q_pmhc_tcr.pdb	after	ranked_1
67	7n2r	0.168	0.086	6.675	11.1	89.13454545454546	88.78	89.2690909090909	91.65299999999999	90.88300000000001	86.462	87.64961538461537	94.1019656019656	94.69618784530388	90.29777777777778	94.48784210526317	93.76410138248846	0.5529708	0.3621112	0.85988075	0.24397475	0.17166965	1.3325455	1.4613323	21.773254	0.39347	0.65649986	0.41463652	0.875133	../../benchmark_data/class-i/pdb/7n2r_pmhc_tcr.pdb	../pred_pdb/protenix_v1/pmhc_tcr/classI/classI_protenix_v1_with_template/ranked_1/7n2r_pmhc_tcr.pdb	after	ranked_1
68	7n2s	0.152	0.061	5.943	11.975	88.2090909090909	89.288	81.075625	92.708	91.943	88.21066666666665	84.52806451612905	93.8985436893204	95.05381215469612	91.02000000000001	94.86273684210525	93.07333333333332	1.2722877	0.34062147	2.6325233	0.51060545	0.22804089	1.2310698	2.4723916	20.827808	0.45415458	0.41091108	0.46475142	1.3068136	../../benchmark_data/class-i/pdb/7n2s_pmhc_tcr.pdb	../pred_pdb/protenix_v1/pmhc_tcr/classI/classI_protenix_v1_with_template/ranked_1/7n2s_pmhc_tcr.pdb	after	ranked_1
69	7n4k	0.833	0.873	0.988	2.37	92.46499999999999	94.7375	88.27	94.91400000000002	92.661	93.99545454545455	90.89416666666666	95.827575	96.09440677966101	95.23100000000001	96.04823529411765	95.63384976525822	0.13138723	0.727544	0.68516	0.36577186	0.123223744	0.15192057	0.6415615	1.1997526	1.2646462	0.25487438	1.2351627	0.67368275	../../benchmark_data/class-i/pdb/7n4k_pmhc_tcr.pdb	../pred_pdb/protenix_v1/pmhc_tcr/classI/classI_protenix_v1_with_template/ranked_1/7n4k_pmhc_tcr.pdb	after	ranked_1
70	7n5c	0.866	0.86	0.768	2.029	95.01499999999999	96.40375	93.0576923076923	96.54	94.876	96.09727272727274	94.45083333333334	96.73183168316832	96.66762430939225	96.94800000000001	96.68230366492146	96.77624413145541	0.22989222	0.18280083	0.82989854	0.35132203	0.09193628	0.1680532	0.76617557	0.98907447	0.92677444	0.2567901	0.90612066	0.5353351	../../benchmark_data/class-i/pdb/7n5c_pmhc_tcr.pdb	../pred_pdb/protenix_v1/pmhc_tcr/classI/classI_protenix_v1_with_template/ranked_1/7n5c_pmhc_tcr.pdb	after	ranked_1
71	7n5p	0.803	0.831	1.023	2.919	91.04500000000002	93.52125000000001	86.05230769230769	93.27399999999999	90.81400000000001	92.23363636363636	88.88541666666667	95.15303258145364	95.47045454545456	94.006	95.39172043010753	94.94460093896716	0.17108674	0.2341743	0.68173635	0.3835124	0.1274254	0.17699727	0.55780715	1.26472	1.1256149	0.24353129	1.1000836	0.5379651	../../benchmark_data/class-i/pdb/7n5p_pmhc_tcr.pdb	../pred_pdb/protenix_v1/pmhc_tcr/classI/classI_protenix_v1_with_template/ranked_1/7n5p_pmhc_tcr.pdb	after	ranked_1
72	7na5	0.28	0.306	3.407	11.061	92.87454545454545	92.85888888888888	92.95181818181818	94.18799999999999	90.40299999999999	93.12466666666667	93.05153846153847	94.57138271604938	93.92999999999999	92.80555555555556	93.87645502645503	95.17944444444444	0.6923188	0.33418941	0.61227584	0.23189433	0.3382931	0.6775204	0.902497	3.9965923	0.7332822	0.36166573	0.7221793	0.95132786	../../benchmark_data/class-i/pdb/7na5_pmhc_tcr.pdb	../pred_pdb/protenix_v1/pmhc_tcr/classI/classI_protenix_v1_with_template/ranked_1/7na5_pmhc_tcr.pdb	after	ranked_1
73	7ndq	0.49	0.467	2.348	5.367	90.8075	89.595	84.56466666666667	93.186	92.06363636363636	88.92384615384617	86.58857142857144	94.97980392156862	95.59701657458562	93.15222222222222	95.48121052631579	94.54279816513763	0.44913217	0.35184568	1.5593203	0.3506352	0.38696682	0.97859323	1.5620794	2.4612513	0.949487	2.1646981	1.0795269	1.1221817	../../benchmark_data/class-i/pdb/7ndq_pmhc_tcr.pdb	../pred_pdb/protenix_v1/pmhc_tcr/classI/classI_protenix_v1_with_template/ranked_1/7ndq_pmhc_tcr.pdb	after	ranked_1
74	7ndt	0.009	0.0	22.249	56.441	92.14583333333333	92.765	87.59357142857142	94.841	93.8	91.6175	89.45076923076924	94.0185891089109	94.38727777777777	86.49374999999999	94.05138297872341	93.99004629629628	0.42595893	0.30835637	1.5220432	0.28300855	0.21952443	0.40086555	1.4198326	22.015287	0.582962	1.6912308	0.7358406	1.120524	../../benchmark_data/class-i/pdb/7ndt_pmhc_tcr.pdb	../pred_pdb/protenix_v1/pmhc_tcr/classI/classI_protenix_v1_with_template/ranked_1/7ndt_pmhc_tcr.pdb	after	ranked_1
75	7ndu	0.666	0.662	1.658	3.06	93.86666666666667	93.45875000000001	88.46999999999998	96.48	95.59727272727272	93.31923076923077	90.72142857142856	96.40226044226044	96.8413812154696	95.19874999999999	96.77185185185184	96.08183486238534	0.42512834	0.32564336	0.8007073	0.28390384	0.32111105	0.9932963	1.0837135	1.4799222	1.2670702	1.618804	1.3842003	0.84417313	../../benchmark_data/class-i/pdb/7ndu_pmhc_tcr.pdb	../pred_pdb/protenix_v1/pmhc_tcr/classI/classI_protenix_v1_with_template/ranked_1/7ndu_pmhc_tcr.pdb	after	ranked_1
76	7nme	0.661	0.667	1.606	3.581	94.04181818181819	95.93999999999998	95.70461538461538	96.624	95.78727272727271	97.22636363636364	96.40208333333332	97.15217283950616	97.48574585635359	96.58333333333333	97.443	96.89516279069767	0.5275564	0.29565248	0.35496774	0.2551841	0.15554592	0.4716123	0.48525408	1.8421867	0.4878168	0.20282133	0.48001948	0.6929398	../../benchmark_data/class-i/pdb/7nme_pmhc_tcr.pdb	../pred_pdb/protenix_v1/pmhc_tcr/classI/classI_protenix_v1_with_template/ranked_1/7nme_pmhc_tcr.pdb	after	ranked_1
77	7nmf	0.633	0.704	1.809	4.424	91.76363636363635	93.388	94.03	94.805	94.09818181818181	95.41818181818181	94.66625	96.16377777777777	96.55762430939227	94.46000000000001	96.45826315789473	95.90353488372094	0.48533905	0.16742922	0.3942543	0.34747595	0.1985736	0.41284454	0.51268363	2.0593662	0.45968458	0.3920141	0.46042222	0.6326193	../../benchmark_data/class-i/pdb/7nmf_pmhc_tcr.pdb	../pred_pdb/protenix_v1/pmhc_tcr/classI/classI_protenix_v1_with_template/ranked_1/7nmf_pmhc_tcr.pdb	after	ranked_1
78	7nmg	0.594	0.681	2.029	4.947	90.4090909090909	92.545	93.10307692307691	94.095	93.01909090909092	94.77545454545454	93.86958333333332	95.77837037037038	96.25906077348066	94.09333333333333	96.15647368421052	95.44423255813955	0.46645096	0.26089415	0.40329546	0.2647892	0.20492606	0.47724304	0.56389004	2.3306592	0.5269648	0.48385683	0.52960587	0.77419496	../../benchmark_data/class-i/pdb/7nmg_pmhc_tcr.pdb	../pred_pdb/protenix_v1/pmhc_tcr/classI/classI_protenix_v1_with_template/ranked_1/7nmg_pmhc_tcr.pdb	after	ranked_1
79	7ow5	0.747	0.656	1.0	2.935	94.59583333333335	89.30363636363637	93.705625	96.81800000000001	96.03999999999999	92.69437500000001	93.20000000000002	96.19002409638554	96.69877777777778	91.881	96.44521052631578	95.97453333333331	0.39838785	1.3543488	0.47737738	0.24095441	0.19410647	0.73911136	0.7808382	0.98704696	0.38288453	1.6834047	0.5526115	0.73393774	../../benchmark_data/class-i/pdb/7ow5_pmhc_tcr.pdb	../pred_pdb/protenix_v1/pmhc_tcr/classI/classI_protenix_v1_with_template/ranked_1/7ow5_pmhc_tcr.pdb	after	ranked_1
80	7ow6	0.881	0.862	0.644	2.194	97.99333333333334	94.27636363636363	98.134375	98.31700000000001	98.043	97.28	97.7071875	97.98081730769232	98.295138121547	98.10900000000001	98.28539267015708	97.72226666666667	0.27369475	1.3911009	0.2599393	0.20226975	0.34952825	0.5307987	0.4663921	0.77122855	0.35279176	0.33964494	0.35756364	0.6655391	../../benchmark_data/class-i/pdb/7ow6_pmhc_tcr.pdb	../pred_pdb/protenix_v1/pmhc_tcr/classI/classI_protenix_v1_with_template/ranked_1/7ow6_pmhc_tcr.pdb	after	ranked_1
81	7pb2	0.112	0.0	7.646	13.036	85.7333333333333	81.95454545454544	78.44625	89.65	86.765	78.646875	78.5465625	91.49421686746987	92.32750000000003	83.802	91.87878947368422	91.16946666666666	0.2844756	1.2525156	2.8471036	0.1911005	0.23585212	0.9091238	2.551914	6.8614116	0.48307243	1.8065937	0.6569012	1.3049774	../../benchmark_data/class-i/pdb/7pb2_pmhc_tcr.pdb	../pred_pdb/protenix_v1/pmhc_tcr/classI/classI_protenix_v1_with_template/ranked_1/7pb2_pmhc_tcr.pdb	after	ranked_1
82	7pbe	0.796	0.831	1.241	1.677	92.33545454545455	91.57375	92.63416666666667	96.264	94.35181818181817	95.1453846153846	93.94000000000001	96.26340740740741	96.9520994475138	95.60888888888888	96.88847368421054	95.71102325581393	0.4660019	1.4320623	0.8155797	0.5050361	0.2316319	0.7122348	1.0239241	1.1068841	0.6596496	0.15591124	0.64562875	0.9407148	../../benchmark_data/class-i/pdb/7pbe_pmhc_tcr.pdb	../pred_pdb/protenix_v1/pmhc_tcr/classI/classI_protenix_v1_with_template/ranked_1/7pbe_pmhc_tcr.pdb	after	ranked_1
83	7phr	0.92	0.841	0.413	0.956	98.14399999999999	98.604	98.11090909090909	98.723	98.749	98.75538461538461	98.46	98.221925	98.51364640883976	98.74333333333333	98.52452631578946	97.94814285714286	0.2656321	0.2720722	0.44679457	0.17032944	0.2523819	0.15610965	0.3387425	0.6508307	0.36958474	0.19257616	0.36514542	0.57473814	../../benchmark_data/class-i/pdb/7phr_pmhc_tcr.pdb	../pred_pdb/protenix_v1/pmhc_tcr/classI/classI_protenix_v1_with_template/ranked_1/7phr_pmhc_tcr.pdb	after	ranked_1
84	7q99	0.858	0.849	0.773	2.268	96.38909090909091	97.15	96.13363636363637	94.97363636363637	93.93	95.05399999999999	95.51076923076924	96.95628992628993	97.71265193370166	97.267	97.68931937172775	96.30810185185184	0.3076254	0.2542121	0.3222676	0.3320831	0.24650364	0.28784737	0.47616932	1.0046357	0.32191095	0.1861934	0.3201119	1.0052878	../../benchmark_data/class-i/pdb/7q99_pmhc_tcr.pdb	../pred_pdb/protenix_v1/pmhc_tcr/classI/classI_protenix_v1_with_template/ranked_1/7q99_pmhc_tcr.pdb	after	ranked_1
85	7q9a	0.774	0.773	1.091	2.928	97.55999999999999	97.89333333333335	97.01818181818182	95.50727272727273	94.38666666666667	96.33266666666668	96.62269230769229	97.22874692874693	97.86160220994473	97.47	97.8410994764398	96.68726851851851	0.2674563	0.28204316	0.95297927	0.25256974	0.24039562	0.3820572	0.82413614	1.2643143	0.309152	0.2672068	0.31208232	1.1210972	../../benchmark_data/class-i/pdb/7q9a_pmhc_tcr.pdb	../pred_pdb/protenix_v1/pmhc_tcr/classI/classI_protenix_v1_with_template/ranked_1/7q9a_pmhc_tcr.pdb	after	ranked_1
86	7q9b	0.42	0.438	3.032	6.56	96.90454545454544	97.73666666666666	96.68375	96.16	94.869	93.69437500000001	94.69083333333333	97.38516049382716	97.7611602209945	97.17399999999999	97.73041884816753	97.07700934579438	0.5094523	0.2530945	0.52809274	0.34643483	0.2642516	1.5295439	2.407798	3.331132	0.60465884	0.38394186	0.60275215	1.585831	../../benchmark_data/class-i/pdb/7q9b_pmhc_tcr.pdb	../pred_pdb/protenix_v1/pmhc_tcr/classI/classI_protenix_v1_with_template/ranked_1/7q9b_pmhc_tcr.pdb	after	ranked_1
87	7qpj	0.879	0.754	0.49	1.218	98.19636363636364	98.40555555555554	98.13153846153847	97.83000000000001	96.93299999999999	97.41363636363636	97.80250000000001	98.06188585607941	98.23305555555554	98.31	98.23671957671957	97.90747663551404	0.15461776	0.3306075	0.10080906	0.1319179	0.12693316	0.4863809	0.59293187	0.56538695	0.40751323	0.35560077	0.4132388	0.43109065	../../benchmark_data/class-i/pdb/7qpj_pmhc_tcr.pdb	../pred_pdb/protenix_v1/pmhc_tcr/classI/classI_protenix_v1_with_template/ranked_1/7qpj_pmhc_tcr.pdb	after	ranked_1
88	7r80	0.282	0.21	3.972	8.283	85.7781818181818	88.797	88.12923076923077	90.69800000000001	86.211	85.15	86.53321428571428	93.19471882640586	93.309226519337	87.03555555555556	93.01205263157895	93.353196347032	1.9504515	0.32324263	0.3776206	0.24906558	0.21564285	0.5530696	0.69981414	4.127363	0.49025455	0.50747144	0.49746224	0.90895987	../../benchmark_data/class-i/pdb/7r80_pmhc_tcr.pdb	../pred_pdb/protenix_v1/pmhc_tcr/classI/classI_protenix_v1_with_template/ranked_1/7r80_pmhc_tcr.pdb	after	ranked_1
89	7rk7	0.046	0.0	16.752	21.87	85.64916666666666	86.76	75.81	89.78800000000001	86.90499999999999	76.44949999999999	76.16527777777779	91.66684337349398	92.85337016574586	91.39888888888888	92.78447368421052	90.72306666666668	0.297683	0.75113857	1.8737668	0.47523656	0.22706953	4.3146286	4.2885604	17.242496	0.63745975	0.85425687	0.6570225	2.033668	../../benchmark_data/class-i/pdb/7rk7_pmhc_tcr.pdb	../pred_pdb/protenix_v1/pmhc_tcr/classI/classI_protenix_v1_with_template/ranked_1/7rk7_pmhc_tcr.pdb	after	ranked_1
90	7rm4	0.194	0.083	4.653	10.305	86.31818181818183	88.954	83.85333333333332	90.76899999999999	85.52636363636364	82.674	83.19814814814815	92.78178484107579	93.42049723756907	89.92333333333333	93.2548421052632	92.37136986301371	0.46954185	0.446965	0.87503433	0.13841027	0.18772785	1.8739111	2.296696	4.049575	0.3921714	0.37000936	0.39559415	1.3082925	../../benchmark_data/class-i/pdb/7rm4_pmhc_tcr.pdb	../pred_pdb/protenix_v1/pmhc_tcr/classI/classI_protenix_v1_with_template/ranked_1/7rm4_pmhc_tcr.pdb	after	ranked_1
91	7rrg	0.301	0.254	3.568	8.497	86.40666666666665	88.31375	76.708	88.66499999999999	84.43363636363637	85.34071428571428	80.8755172413793	92.57026894865527	93.22198895027624	85.41111111111111	92.85199999999999	92.32584474885843	0.25545138	0.16675597	1.7384003	0.18316768	0.43537074	0.5085409	1.6248201	3.4206755	0.5618873	0.72659725	0.5744007	0.95640445	../../benchmark_data/class-i/pdb/7rrg_pmhc_tcr.pdb	../pred_pdb/protenix_v1/pmhc_tcr/classI/classI_protenix_v1_with_template/ranked_1/7rrg_pmhc_tcr.pdb	after	ranked_1
92	7rtr	0.691	0.778	1.533	4.183	89.53545454545456	91.13000000000001	91.07272727272726	91.699	89.75909090909092	92.07818181818182	91.57545454545453	94.6786977886978	95.09696132596687	91.30333333333334	94.91726315789474	94.46981566820277	0.42343622	0.27435175	0.47853637	0.43037444	0.1972687	0.50422674	0.64764327	1.9466318	0.40561417	0.26415318	0.4024959	0.92435503	../../benchmark_data/class-i/pdb/7rtr_pmhc_tcr.pdb	../pred_pdb/protenix_v1/pmhc_tcr/classI/classI_protenix_v1_with_template/ranked_1/7rtr_pmhc_tcr.pdb	after	ranked_1
93	7su9	0.543	0.569	2.294	4.752	92.56333333333333	93.9325	88.95733333333332	93.77799999999999	92.44399999999999	89.97266666666664	89.465	95.64049019607843	96.00361111111111	92.43333333333334	95.8335978835979	95.47383561643834	0.36154434	0.20914589	2.0002296	0.36162937	0.20695786	2.1177304	2.3909502	2.616171	0.4554468	0.3156623	0.45224485	1.2327454	../../benchmark_data/class-i/pdb/7su9_pmhc_tcr.pdb	../pred_pdb/protenix_v1/pmhc_tcr/classI/classI_protenix_v1_with_template/ranked_1/7su9_pmhc_tcr.pdb	after	ranked_1
94	8cx4	0.125	0.0	6.206	12.39	88.37636363636365	87.26599999999999	82.21529411764705	90.453	89.01100000000001	85.634	83.8178125	92.86622276029055	93.64690607734806	87.83444444444444	93.37157894736842	92.43565022421525	0.49024606	0.33208144	0.66230136	0.16574325	0.14833432	0.86752963	0.89050055	20.56709	0.39419296	1.4302025	0.51518494	0.98386693	../../benchmark_data/class-i/pdb/8cx4_pmhc_tcr.pdb	../pred_pdb/protenix_v1/pmhc_tcr/classI/classI_protenix_v1_with_template/ranked_1/8cx4_pmhc_tcr.pdb	after	ranked_1
95	8d5q	0.721	0.755	1.473	2.839	92.98636363636363	94.744	89.768125	94.60181818181819	94.75	93.74066666666666	91.69032258064516	95.65585784313724	95.59238636363638	92.081	95.40360215053764	95.86720720720722	0.46578178	0.191635	1.6790961	0.21960004	0.21149208	0.8815103	1.4467388	1.566082	0.70676047	0.7310233	0.7166352	0.7394567	../../benchmark_data/class-i/pdb/8d5q_pmhc_tcr.pdb	../pred_pdb/protenix_v1/pmhc_tcr/classI/classI_protenix_v1_with_template/ranked_1/8d5q_pmhc_tcr.pdb	after	ranked_1
96	8dnt	0.701	0.74	1.397	3.882	97.5409090909091	96.70444444444443	94.65083333333335	96.834	93.13363636363637	96.26642857142859	95.52076923076922	97.20058968058967	97.95541436464089	97.58222222222223	97.93773684210527	96.55516129032259	0.5781128	1.4947935	0.826333	0.49744248	0.53630215	0.7019249	1.1972077	2.103242	0.7774504	0.84872884	0.8016429	1.7237127	../../benchmark_data/class-i/pdb/8dnt_pmhc_tcr.pdb	../pred_pdb/protenix_v1/pmhc_tcr/classI/classI_protenix_v1_with_template/ranked_1/8dnt_pmhc_tcr.pdb	after	ranked_1
97	8en8	0.478	0.452	2.49	5.357	92.15363636363637	93.898	87.87357142857141	90.21181818181819	90.37666666666667	85.98600000000003	86.89724137931036	94.87118932038837	95.77455555555555	92.46333333333334	95.61687830687829	94.23919282511213	0.37142894	0.16883402	1.9906837	0.314289	0.4486525	3.533272	3.3114626	2.4125996	0.3423143	0.26843	0.3453099	1.846793	../../benchmark_data/class-i/pdb/8en8_pmhc_tcr.pdb	../pred_pdb/protenix_v1/pmhc_tcr/classI/classI_protenix_v1_with_template/ranked_1/8en8_pmhc_tcr.pdb	after	ranked_1
98	8enh	0.424	0.407	2.81	6.318	89.35727272727273	89.832	84.22357142857142	87.81272727272727	86.67833333333333	82.72399999999999	83.44793103448275	93.16391727493918	93.91731843575417	90.34333333333332	93.74622340425532	92.67300448430494	0.47733822	0.2066471	2.1975102	0.30852875	0.45403922	3.5976026	3.6884198	3.220356	0.5283082	0.26715073	0.5202598	2.3658972	../../benchmark_data/class-i/pdb/8enh_pmhc_tcr.pdb	../pred_pdb/protenix_v1/pmhc_tcr/classI/classI_protenix_v1_with_template/ranked_1/8enh_pmhc_tcr.pdb	after	ranked_1
99	8eo8	0.553	0.568	2.129	4.79	90.93545454545455	92.77499999999999	86.22857142857141	88.43636363636364	89.89	83.42333333333332	84.77758620689656	94.30985401459854	95.29368715083798	90.69333333333333	95.0734574468085	93.66609865470852	0.37394726	0.12863483	1.937176	0.3313228	0.24471952	2.8662236	2.7963068	2.1730354	0.5414242	0.47633326	0.54102266	1.6857241	../../benchmark_data/class-i/pdb/8eo8_pmhc_tcr.pdb	../pred_pdb/protenix_v1/pmhc_tcr/classI/classI_protenix_v1_with_template/ranked_1/8eo8_pmhc_tcr.pdb	after	ranked_1
100	8f5a	0.315	0.357	3.429	9.851	91.7190909090909	92.37100000000001	89.33666666666666	93.65599999999999	92.646	93.01499999999999	90.97148148148148	95.89616136919315	96.43773480662983	93.468	96.2822513089005	95.5578899082569	0.2656635	2.145674	1.7489526	0.27917928	0.31826928	1.074461	2.2706652	3.5226789	0.34621763	2.8621557	0.84735334	1.2505203	../../benchmark_data/class-i/pdb/8f5a_pmhc_tcr.pdb	../pred_pdb/protenix_v1/pmhc_tcr/classI/classI_protenix_v1_with_template/ranked_1/8f5a_pmhc_tcr.pdb	after	ranked_1
101	8gom	0.55	0.588	2.163	5.071	83.36749999999999	84.58444444444446	83.83818181818182	88.55499999999999	84.96636363636365	79.99933333333334	81.62346153846153	91.3841707317073	93.26160220994474	86.86999999999999	92.95884210526316	90.02422727272729	0.25453377	0.31100646	0.9018464	0.12961769	0.37345856	1.4110162	1.5251971	2.146176	0.34242904	0.36393395	0.34816232	0.8345849	../../benchmark_data/class-i/pdb/8gom_pmhc_tcr.pdb	../pred_pdb/protenix_v1/pmhc_tcr/classI/classI_protenix_v1_with_template/ranked_1/8gom_pmhc_tcr.pdb	after	ranked_1
102	8gon	0.555	0.629	2.355	4.944	90.05833333333334	90.65333333333332	90.3690909090909	94.609	92.3790909090909	87.81733333333334	88.8969230769231	95.13912195121951	96.12104972375691	93.57	96.0002105263158	94.39545454545454	0.5017006	0.36439386	0.6933551	0.19825076	0.32150045	0.85569674	1.0511043	2.460211	0.3097297	0.39295626	0.3236405	0.95496	../../benchmark_data/class-i/pdb/8gon_pmhc_tcr.pdb	../pred_pdb/protenix_v1/pmhc_tcr/classI/classI_protenix_v1_with_template/ranked_1/8gon_pmhc_tcr.pdb	after	ranked_1
103	8gvb	0.812	0.818	1.124	1.262	93.56727272727272	97.1090909090909	93.93857142857144	98.21700000000001	97.94636363636364	97.908	95.99172413793106	97.53060975609756	97.92644444444446	97.92250000000001	97.92627659574468	97.19554054054053	2.0198834	0.85008246	0.7892011	0.43363526	0.6317873	0.4509193	0.77354914	0.9709238	0.5370162	0.38932076	0.53827393	1.0089145	../../benchmark_data/class-i/pdb/8gvb_pmhc_tcr.pdb	../pred_pdb/protenix_v1/pmhc_tcr/classI/classI_protenix_v1_with_template/ranked_1/8gvb_pmhc_tcr.pdb	after	ranked_1
104	8gvg	0.827	0.806	0.994	1.176	91.4590909090909	96.24181818181819	91.17857142857144	98.054	97.26181818181817	97.35866666666666	94.3751724137931	97.15712895377129	97.65922651933701	97.28625	97.64343915343916	96.74310810810812	1.2356085	0.94440794	0.88690424	0.52706903	0.6441642	0.42754638	0.93559504	0.895617	0.59986633	0.3567219	0.6007631	0.9082903	../../benchmark_data/class-i/pdb/8gvg_pmhc_tcr.pdb	../pred_pdb/protenix_v1/pmhc_tcr/classI/classI_protenix_v1_with_template/ranked_1/8gvg_pmhc_tcr.pdb	after	ranked_1
105	8gvi	0.857	0.853	0.911	0.951	95.85909090909091	97.22909090909091	97.56714285714285	98.392	98.40636363636362	97.954	97.76724137931035	97.9375912408759	98.13740331491714	98.36500000000001	98.14703703703707	97.75927927927927	1.5327071	0.8765942	0.5084091	0.5683172	0.37421945	0.47202176	0.65033466	0.8279008	0.49919674	0.33362526	0.49680108	0.9615334	../../benchmark_data/class-i/pdb/8gvi_pmhc_tcr.pdb	../pred_pdb/protenix_v1/pmhc_tcr/classI/classI_protenix_v1_with_template/ranked_1/8gvi_pmhc_tcr.pdb	after	ranked_1
106	8i5c	0.75	0.698	1.146	2.498	89.69181818181818	90.94333333333333	89.59499999999998	90.17699999999999	88.073	88.64076923076922	89.0988	94.36281481481483	94.69193370165745	87.18222222222222	94.3362105263158	94.38632558139535	0.37459427	0.33855695	0.24608743	0.20232686	0.31503996	1.4249157	1.3686097	1.0980455	0.3763808	1.5404878	0.5113758	0.92694473	../../benchmark_data/class-i/pdb/8i5c_pmhc_tcr.pdb	../pred_pdb/protenix_v1/pmhc_tcr/classI/classI_protenix_v1_with_template/ranked_1/8i5c_pmhc_tcr.pdb	after	ranked_1
107	8i5d	0.685	0.797	1.712	3.909	96.045	97.57000000000001	95.02916666666665	97.574	96.96727272727271	96.02600000000001	95.58296296296297	97.56452970297032	97.92	94.43555555555555	97.75494736842107	97.39546728971965	0.23884857	0.22119133	0.8992456	0.26745224	0.18036157	0.49235922	1.051737	1.8811994	0.39544803	1.0929818	0.4748457	1.3890643	../../benchmark_data/class-i/pdb/8i5d_pmhc_tcr.pdb	../pred_pdb/protenix_v1/pmhc_tcr/classI/classI_protenix_v1_with_template/ranked_1/8i5d_pmhc_tcr.pdb	after	ranked_1
108	8qfy	0.805	0.754	1.019	1.352	94.01181818181819	94.23333333333333	92.0625	97.01599999999999	93.97363636363637	96.3125	94.1875	96.45716049382716	96.91602209944752	95.94333333333333	96.86994736842105	96.09237209302326	0.49283358	0.24693422	0.35967994	0.38915387	0.2364307	0.42736587	0.8006064	0.90323645	0.86214036	0.41094583	0.8526196	0.63899976	../../benchmark_data/class-i/pdb/8qfy_pmhc_tcr.pdb	../pred_pdb/protenix_v1/pmhc_tcr/classI/classI_protenix_v1_with_template/ranked_1/8qfy_pmhc_tcr.pdb	after	ranked_1
109	8shi	0.297	0.396	3.843	11.271	89.313	93.417	80.60117647058824	93.85900000000001	90.18	92.30857142857143	85.88838709677421	94.71883663366337	95.36416666666665	90.31125	95.14914893617022	94.34430555555555	0.34931865	0.38612676	2.723219	0.22121564	0.21258852	0.2787147	2.269055	4.0880165	0.62481785	1.4261194	0.710689	1.4319534	../../benchmark_data/class-i/pdb/8shi_pmhc_tcr.pdb	../pred_pdb/protenix_v1/pmhc_tcr/classI/classI_protenix_v1_with_template/ranked_1/8shi_pmhc_tcr.pdb	after	ranked_1
110	8wte	0.306	0.308	3.505	9.27	91.43272727272729	92.12333333333333	91.61461538461539	92.953	91.176	89.47	90.43137931034485	94.96621026894866	95.25580110497238	88.49111111111112	94.93536842105264	94.99296803652967	0.25649032	0.27592832	0.5200772	0.28643322	0.17210838	1.3202482	1.2319592	4.278711	0.37693042	1.7632154	0.56589264	0.9554344	../../benchmark_data/class-i/pdb/8wte_pmhc_tcr.pdb	../pred_pdb/protenix_v1/pmhc_tcr/classI/classI_protenix_v1_with_template/ranked_1/8wte_pmhc_tcr.pdb	after	ranked_1
111	8wul	0.653	0.633	1.654	3.234	92.10818181818182	93.41555555555556	91.56923076923077	94.00899999999999	91.18700000000001	89.905625	90.65137931034482	95.32706601466994	95.67016574585637	89.35666666666667	95.37110526315787	95.28885844748858	0.43754557	0.22977409	0.43399525	0.20947014	0.21473	1.2144711	1.1348808	1.6411848	0.4337809	1.3840797	0.54052305	0.9733409	../../benchmark_data/class-i/pdb/8wul_pmhc_tcr.pdb	../pred_pdb/protenix_v1/pmhc_tcr/classI/classI_protenix_v1_with_template/ranked_1/8wul_pmhc_tcr.pdb	after	ranked_1
112	6zkw	0.659	0.655	1.207	5.365	94.13454545454546	95.901	94.46846153846155	96.333	92.361	94.678125	94.58413793103449	96.45880195599022	96.51311111111112	93.96	96.39153439153439	96.51659090909092	0.4567393	0.21955538	0.60828984	0.23795438	0.17347781	0.66573584	0.9527649	1.8101926	0.45689353	0.3696231	0.45981845	0.7158219	../../benchmark_data/class-i/pdb/6zkw_pmhc_tcr.pdb	../pred_pdb/protenix_v1/pmhc_tcr/classI/classI_protenix_v1_with_template/ranked_2/6zkw_pmhc_tcr.pdb	after	ranked_2
113	6zkx	0.557	0.551	1.957	4.915	92.03363636363636	94.57000000000001	93.02384615384615	95.66799999999999	90.901	92.91062500000001	92.96137931034482	95.22525547445254	94.7872067039106	89.40166666666666	94.44884816753927	95.89931818181817	0.26915762	0.18979587	0.37881476	0.24760693	0.12166584	0.7332399	0.81940854	1.7840704	1.5199046	0.97763205	1.5575103	0.85887665	../../benchmark_data/class-i/pdb/6zkx_pmhc_tcr.pdb	../pred_pdb/protenix_v1/pmhc_tcr/classI/classI_protenix_v1_with_template/ranked_2/6zkx_pmhc_tcr.pdb	after	ranked_2
114	6zky	0.514	0.528	2.187	5.662	90.0418181818182	93.15799999999999	90.81461538461538	94.31	89.26	91.22625	91.04172413793103	94.90855392156864	94.99888888888887	88.64874999999999	94.72867021276595	95.06227272727271	0.35165343	0.24361959	0.5309955	0.19616255	0.18595901	0.73572487	0.95123976	2.2107275	0.7758081	1.9086195	0.9506373	0.72580886	../../benchmark_data/class-i/pdb/6zky_pmhc_tcr.pdb	../pred_pdb/protenix_v1/pmhc_tcr/classI/classI_protenix_v1_with_template/ranked_2/6zky_pmhc_tcr.pdb	after	ranked_2
115	6zkz	0.708	0.661	1.364	2.589	89.69636363636364	92.824	90.85538461538462	94.453	89.47900000000001	91.0175	90.9448275862069	94.94958333333335	95.101	92.3125	94.98234042553192	94.92159090909091	0.524558	0.25414312	0.4839062	0.221785	0.15102814	0.5302927	0.8569308	1.2375704	0.8317688	2.212744	1.0180621	1.03856	../../benchmark_data/class-i/pdb/6zkz_pmhc_tcr.pdb	../pred_pdb/protenix_v1/pmhc_tcr/classI/classI_protenix_v1_with_template/ranked_2/6zkz_pmhc_tcr.pdb	after	ranked_2
116	7dzm	0.401	0.465	2.551	8.817	89.85666666666667	91.9125	81.768	91.061	87.45454545454547	90.71833333333335	85.7459259259259	94.19805418719213	94.84038888888887	90.45333333333333	94.63148148148147	93.82055299539171	0.19117789	0.1849559	1.2891068	0.2679736	0.20708276	0.3679152	1.2933956	2.9586992	0.7851946	0.7635157	0.8068994	0.6955618	../../benchmark_data/class-i/pdb/7dzm_pmhc_tcr.pdb	../pred_pdb/protenix_v1/pmhc_tcr/classI/classI_protenix_v1_with_template/ranked_2/7dzm_pmhc_tcr.pdb	after	ranked_2
117	7dzn	0.198	0.119	5.728	10.192	86.63583333333334	87.9375	79.23733333333334	89.48	83.98545454545454	89.49333333333334	83.79555555555554	92.529012345679	93.36139664804469	87.20888888888888	93.06686170212765	92.06304147465438	0.1411449	0.2067894	2.1746716	0.18714261	0.20515992	0.24822728	1.8713006	20.689102	0.4806507	1.0620902	0.53506607	1.1534023	../../benchmark_data/class-i/pdb/7dzn_pmhc_tcr.pdb	../pred_pdb/protenix_v1/pmhc_tcr/classI/classI_protenix_v1_with_template/ranked_2/7dzn_pmhc_tcr.pdb	after	ranked_2
118	7l1d	0.406	0.365	3.752	5.36	90.2781818181818	92.65222222222222	88.71000000000001	91.89	92.474	81.6421052631579	84.51343750000001	94.66110024449877	96.15093922651934	91.5188888888889	95.93152631578948	93.55890410958905	0.62780625	0.32662645	2.2543342	0.24830034	0.18649948	5.3621607	5.890332	2.5260084	0.51686305	0.602267	0.5316173	2.8739538	../../benchmark_data/class-i/pdb/7l1d_pmhc_tcr.pdb	../pred_pdb/protenix_v1/pmhc_tcr/classI/classI_protenix_v1_with_template/ranked_2/7l1d_pmhc_tcr.pdb	after	ranked_2
119	7n2n	0.133	0.0	6.443	11.634	94.15363636363637	93.54100000000001	90.97117647058823	97.322	96.352	94.01133333333331	92.39625	96.6212832929782	97.51668508287293	95.44777777777779	97.41868421052634	95.94188340807173	0.5192451	0.3044101	1.34191	0.16900332	0.13780403	0.7641382	2.1541853	20.365479	0.49011418	0.34419173	0.49563718	1.3302284	../../benchmark_data/class-i/pdb/7n2n_pmhc_tcr.pdb	../pred_pdb/protenix_v1/pmhc_tcr/classI/classI_protenix_v1_with_template/ranked_2/7n2n_pmhc_tcr.pdb	after	ranked_2
120	7n2o	0.038	0.0	16.523	24.666	87.59181818181818	88.816	84.52000000000001	90.79799999999999	88.48100000000002	84.72200000000001	84.6146875	93.01639225181599	93.40513812154697	90.54444444444444	93.26963157894738	92.80062780269058	0.27091476	0.36204305	1.3989255	0.23357674	0.14188732	1.836814	2.1534731	18.593975	0.33132446	1.2584604	0.43120104	1.7844564	../../benchmark_data/class-i/pdb/7n2o_pmhc_tcr.pdb	../pred_pdb/protenix_v1/pmhc_tcr/classI/classI_protenix_v1_with_template/ranked_2/7n2o_pmhc_tcr.pdb	after	ranked_2
121	7n2p	0.18	0.111	7.002	10.737	88.83909090909091	88.524	88.13363636363637	91.56	90.40700000000001	85.03066666666668	86.34346153846153	93.72363636363637	94.36552486187843	89.28444444444445	94.12484210526317	93.37235023041475	0.2685626	0.362805	0.9226907	0.28450307	0.20938466	1.074164	1.332504	20.363855	0.3486778	0.4133485	0.36049527	0.77360076	../../benchmark_data/class-i/pdb/7n2p_pmhc_tcr.pdb	../pred_pdb/protenix_v1/pmhc_tcr/classI/classI_protenix_v1_with_template/ranked_2/7n2p_pmhc_tcr.pdb	after	ranked_2
122	7n2q	0.157	0.051	6.898	11.005	89.04818181818183	89.649	89.38909090909091	92.285	91.849	87.65933333333332	88.39115384615383	94.38619164619163	95.04795580110498	90.12777777777777	94.81489473684212	94.01082949308756	0.1917693	0.36709493	1.2682468	0.25564617	0.14076023	1.9394332	2.2722847	21.713484	0.35017538	0.5229887	0.3630849	1.0846809	../../benchmark_data/class-i/pdb/7n2q_pmhc_tcr.pdb	../pred_pdb/protenix_v1/pmhc_tcr/classI/classI_protenix_v1_with_template/ranked_2/7n2q_pmhc_tcr.pdb	after	ranked_2
123	7n2r	0.164	0.086	6.806	11.331	89.36272727272728	88.85399999999998	89.32181818181817	91.674	90.85600000000001	86.484	87.68461538461537	94.13636363636364	94.74337016574586	90.26	94.53099999999999	93.79082949308756	0.35953963	0.34286165	0.7344278	0.22557218	0.2235203	1.1310238	1.3802888	20.977077	0.41609815	0.5764198	0.42949563	0.8398491	../../benchmark_data/class-i/pdb/7n2r_pmhc_tcr.pdb	../pred_pdb/protenix_v1/pmhc_tcr/classI/classI_protenix_v1_with_template/ranked_2/7n2r_pmhc_tcr.pdb	after	ranked_2
124	7n2s	0.164	0.03	5.896	10.37	88.30363636363637	89.46700000000001	81.490625	92.68799999999999	91.822	88.27666666666666	84.77419354838712	93.9160922330097	95.01187845303865	90.96333333333332	94.8201052631579	93.14238738738739	1.3008367	0.38166696	2.359126	0.491148	0.20462303	1.4192148	2.4951591	21.56664	0.44834507	0.4258428	0.4566853	1.2761487	../../benchmark_data/class-i/pdb/7n2s_pmhc_tcr.pdb	../pred_pdb/protenix_v1/pmhc_tcr/classI/classI_protenix_v1_with_template/ranked_2/7n2s_pmhc_tcr.pdb	after	ranked_2
125	7n4k	0.874	0.927	0.906	1.717	92.44	94.69875	88.24461538461539	94.905	92.651	94.02	90.89166666666667	95.81717499999999	96.08734463276835	95.202	96.03999999999999	95.62154929577464	0.12525822	0.7058581	0.7690272	0.35439348	0.123038106	0.24559698	0.7346634	1.0115772	1.207256	0.23138186	1.1786681	0.53658646	../../benchmark_data/class-i/pdb/7n4k_pmhc_tcr.pdb	../pred_pdb/protenix_v1/pmhc_tcr/classI/classI_protenix_v1_with_template/ranked_2/7n4k_pmhc_tcr.pdb	after	ranked_2
126	7n5c	0.873	0.842	0.721	1.629	95.02833333333335	96.40125	93.09153846153845	96.53900000000002	94.92	96.08636363636361	94.46416666666666	96.73653465346534	96.66618784530388	96.952	96.68115183246073	96.7861971830986	0.18862493	0.13835815	0.84878135	0.3523562	0.11488355	0.24011406	0.7843335	0.856844	0.8180075	0.28596082	0.8005119	0.5334141	../../benchmark_data/class-i/pdb/7n5c_pmhc_tcr.pdb	../pred_pdb/protenix_v1/pmhc_tcr/classI/classI_protenix_v1_with_template/ranked_2/7n5c_pmhc_tcr.pdb	after	ranked_2
127	7n5p	0.844	0.814	0.836	1.856	90.98833333333333	93.44999999999999	85.88846153846154	93.229	90.849	92.26181818181819	88.80958333333335	95.14741854636593	95.4656818181818	93.946	95.38397849462365	94.94084507042254	0.15418431	0.25206265	0.7648246	0.3857859	0.11139606	0.14797913	0.6935172	1.0566045	1.1273698	0.2268142	1.10068	0.65987974	../../benchmark_data/class-i/pdb/7n5p_pmhc_tcr.pdb	../pred_pdb/protenix_v1/pmhc_tcr/classI/classI_protenix_v1_with_template/ranked_2/7n5p_pmhc_tcr.pdb	after	ranked_2
128	7na5	0.387	0.429	2.771	8.408	92.74272727272727	92.71777777777778	92.99909090909091	94.34599999999999	90.253	93.10600000000001	93.06076923076924	94.55283950617284	93.90444444444447	92.76333333333334	93.85010582010581	95.16773148148148	0.6278445	0.28780693	0.488033	0.25558963	0.3247602	0.60158974	0.68887764	3.2022269	0.98945045	0.3213902	0.9742308	1.0757611	../../benchmark_data/class-i/pdb/7na5_pmhc_tcr.pdb	../pred_pdb/protenix_v1/pmhc_tcr/classI/classI_protenix_v1_with_template/ranked_2/7na5_pmhc_tcr.pdb	after	ranked_2
129	7ndq	0.467	0.483	2.673	5.848	90.68333333333332	89.51125	84.31733333333332	93.186	92.0390909090909	88.43307692307695	86.22821428571429	94.93571078431374	95.56745856353591	93.0988888888889	95.45052631578949	94.48701834862385	0.41591248	0.28895453	1.7789087	0.3435523	0.40084922	1.0079786	1.6681087	2.853874	0.87613374	2.1675453	1.0173568	1.1505098	../../benchmark_data/class-i/pdb/7ndq_pmhc_tcr.pdb	../pred_pdb/protenix_v1/pmhc_tcr/classI/classI_protenix_v1_with_template/ranked_2/7ndq_pmhc_tcr.pdb	after	ranked_2
130	7ndt	0.261	0.148	5.074	7.615	86.955	86.54875000000001	82.15928571428572	90.582	88.63727272727273	86.53500000000001	84.17884615384615	91.61784653465347	91.78216666666667	81.42750000000001	91.34154255319149	91.85833333333332	0.27527094	0.1836258	1.4926543	0.24082077	0.24631764	0.5477689	1.3427831	20.356827	0.5234335	1.5565583	0.7013143	0.74024326	../../benchmark_data/class-i/pdb/7ndt_pmhc_tcr.pdb	../pred_pdb/protenix_v1/pmhc_tcr/classI/classI_protenix_v1_with_template/ranked_2/7ndt_pmhc_tcr.pdb	after	ranked_2
131	7ndu	0.646	0.646	1.748	3.336	93.91083333333334	93.50874999999999	88.42866666666669	96.46900000000001	95.59727272727272	93.13615384615385	90.61428571428573	96.39373464373465	96.83801104972376	95.15875	96.7669312169312	96.07018348623855	0.44917557	0.31751913	0.7546126	0.26610732	0.32491267	0.5232201	0.72284216	1.5716957	1.2196981	1.5765151	1.3358415	0.8350367	../../benchmark_data/class-i/pdb/7ndu_pmhc_tcr.pdb	../pred_pdb/protenix_v1/pmhc_tcr/classI/classI_protenix_v1_with_template/ranked_2/7ndu_pmhc_tcr.pdb	after	ranked_2
132	7nme	0.635	0.653	1.678	4.14	94.01545454545455	95.922	95.67538461538462	96.65299999999999	95.77727272727272	97.22636363636364	96.38625	97.15234567901234	97.48602209944752	96.57222222222222	97.44273684210526	96.89572093023257	0.51856345	0.30646852	0.34737465	0.2712181	0.14271837	0.46033922	0.46897128	2.0494862	0.48088413	0.22407106	0.4745023	0.8220195	../../benchmark_data/class-i/pdb/7nme_pmhc_tcr.pdb	../pred_pdb/protenix_v1/pmhc_tcr/classI/classI_protenix_v1_with_template/ranked_2/7nme_pmhc_tcr.pdb	after	ranked_2
133	7nmf	0.611	0.718	1.902	5.166	91.75727272727272	93.363	93.98846153846155	94.816	94.08454545454546	95.43818181818182	94.65291666666667	96.16204938271606	96.55635359116023	94.46000000000001	96.45705263157893	95.90134883720931	0.4970564	0.19589032	0.38224545	0.22873746	0.1933612	0.42501011	0.4988162	2.2687082	0.47114304	0.41971773	0.47263488	0.70220137	../../benchmark_data/class-i/pdb/7nmf_pmhc_tcr.pdb	../pred_pdb/protenix_v1/pmhc_tcr/classI/classI_protenix_v1_with_template/ranked_2/7nmf_pmhc_tcr.pdb	after	ranked_2
134	7nmg	0.599	0.681	2.016	4.765	90.43909090909091	92.571	93.09461538461538	94.128	93.01272727272728	94.78272727272726	93.86833333333334	95.78362962962963	96.26425414364641	94.07222222222222	96.16042105263159	95.4506511627907	0.4649253	0.24773386	0.40818864	0.25683868	0.20670481	0.50352454	0.57710373	2.3439636	0.4418638	0.48982978	0.45206773	0.6889892	../../benchmark_data/class-i/pdb/7nmg_pmhc_tcr.pdb	../pred_pdb/protenix_v1/pmhc_tcr/classI/classI_protenix_v1_with_template/ranked_2/7nmg_pmhc_tcr.pdb	after	ranked_2
135	7ow5	0.714	0.688	1.173	3.787	94.58416666666669	89.27181818181818	93.821875	96.764	95.84700000000001	92.710625	93.26625000000001	96.18501204819277	96.69433333333335	91.876	96.44073684210527	95.96906666666665	0.35198933	1.5723656	0.5036114	0.23515452	0.20941262	0.65594983	0.7690806	1.3222362	0.38417473	1.7564229	0.5665927	0.74240047	../../benchmark_data/class-i/pdb/7ow5_pmhc_tcr.pdb	../pred_pdb/protenix_v1/pmhc_tcr/classI/classI_protenix_v1_with_template/ranked_2/7ow5_pmhc_tcr.pdb	after	ranked_2
136	7ow6	0.89	0.862	0.637	1.716	97.98083333333334	94.11818181818181	98.126875	98.312	98.048	97.27749999999999	97.7021875	97.9728605769231	98.29226519337017	98.10499999999999	98.28246073298432	97.71004444444445	0.2972132	1.360466	0.2758382	0.2191339	0.3405518	0.5311697	0.4757914	0.6876333	0.34670347	0.3451907	0.35328406	0.66933364	../../benchmark_data/class-i/pdb/7ow6_pmhc_tcr.pdb	../pred_pdb/protenix_v1/pmhc_tcr/classI/classI_protenix_v1_with_template/ranked_2/7ow6_pmhc_tcr.pdb	after	ranked_2
137	7pb2	0.086	0.0	8.349	15.654	85.24166666666666	82.08909090909091	77.675	88.96200000000002	86.01	79.0625	78.36875	91.33963855421686	92.19394444444444	83.345	91.72821052631579	91.0115111111111	0.3183296	1.3074299	2.4216275	0.22149019	0.20801388	1.2248886	2.0262892	7.8930492	0.4429632	1.5409142	0.592135	1.0808902	../../benchmark_data/class-i/pdb/7pb2_pmhc_tcr.pdb	../pred_pdb/protenix_v1/pmhc_tcr/classI/classI_protenix_v1_with_template/ranked_2/7pb2_pmhc_tcr.pdb	after	ranked_2
138	7pbe	0.792	0.818	1.256	1.527	92.29909090909092	91.5875	92.62500000000001	96.277	94.34818181818181	95.14923076923075	93.9376	96.26854320987653	96.95265193370166	95.61777777777779	96.88942105263159	95.71986046511627	0.5037637	1.4655716	0.86727375	0.51046604	0.24375938	0.82349217	1.1687486	1.054451	0.6567204	0.15570942	0.6424303	0.92669415	../../benchmark_data/class-i/pdb/7pbe_pmhc_tcr.pdb	../pred_pdb/protenix_v1/pmhc_tcr/classI/classI_protenix_v1_with_template/ranked_2/7pbe_pmhc_tcr.pdb	after	ranked_2
139	7phr	0.915	0.829	0.423	0.931	98.146	98.604	98.11090909090909	98.723	98.75	98.75461538461539	98.45958333333333	98.220725	98.51403314917127	98.74333333333333	98.52489473684209	97.94552380952379	0.2327042	0.2692493	0.5064676	0.16553685	0.2518006	0.16693856	0.37308452	0.6335533	0.35880652	0.20188123	0.354347	0.56111276	../../benchmark_data/class-i/pdb/7phr_pmhc_tcr.pdb	../pred_pdb/protenix_v1/pmhc_tcr/classI/classI_protenix_v1_with_template/ranked_2/7phr_pmhc_tcr.pdb	after	ranked_2
140	7q99	0.883	0.89	0.746	1.826	96.41	97.14333333333333	96.15454545454546	94.9709090909091	93.90777777777778	95.05933333333333	95.5226923076923	96.95857493857494	97.71193370165746	97.268	97.68869109947644	96.31296296296296	0.32914913	0.25099826	0.25618505	0.32989642	0.25003418	0.28892103	0.47031972	0.9142409	0.33484975	0.1848875	0.3318988	0.9304894	../../benchmark_data/class-i/pdb/7q99_pmhc_tcr.pdb	../pred_pdb/protenix_v1/pmhc_tcr/classI/classI_protenix_v1_with_template/ranked_2/7q99_pmhc_tcr.pdb	after	ranked_2
141	7q9a	0.789	0.8	1.074	2.759	97.56090909090908	97.89000000000001	97.02545454545454	95.5018181818182	94.38555555555554	96.34	96.63000000000001	97.22926289926289	97.8589502762431	97.47	97.83858638743455	96.69046296296295	0.27124524	0.30789608	0.86484236	0.29467058	0.26158953	0.40418005	0.7863621	1.2197244	0.3359251	0.24124083	0.3370078	1.011891	../../benchmark_data/class-i/pdb/7q9a_pmhc_tcr.pdb	../pred_pdb/protenix_v1/pmhc_tcr/classI/classI_protenix_v1_with_template/ranked_2/7q9a_pmhc_tcr.pdb	after	ranked_2
142	7q9b	0.385	0.425	3.3	7.569	96.86454545454545	97.73222222222222	96.66375000000001	96.13899999999998	94.85900000000001	93.645	94.65125	97.38288888888889	97.76359116022098	97.17499999999998	97.73277486910995	97.07060747663552	0.47932345	0.29132426	0.52447397	0.34853116	0.2712805	1.511305	2.4289265	3.69869	0.6483581	0.39921504	0.6458197	1.5539849	../../benchmark_data/class-i/pdb/7q9b_pmhc_tcr.pdb	../pred_pdb/protenix_v1/pmhc_tcr/classI/classI_protenix_v1_with_template/ranked_2/7q9b_pmhc_tcr.pdb	after	ranked_2
143	7qpj	0.882	0.754	0.475	1.139	98.19545454545455	98.4011111111111	98.1369230769231	97.833	96.94500000000001	97.4090909090909	97.80333333333333	98.06166253101739	98.23233333333333	98.31111111111112	98.23608465608467	97.90761682242992	0.1442493	0.3263452	0.1050639	0.12993728	0.12845619	0.4548861	0.565277	0.5376719	0.349889	0.38607073	0.3606572	0.44490162	../../benchmark_data/class-i/pdb/7qpj_pmhc_tcr.pdb	../pred_pdb/protenix_v1/pmhc_tcr/classI/classI_protenix_v1_with_template/ranked_2/7qpj_pmhc_tcr.pdb	after	ranked_2
144	7r80	0.223	0.145	4.596	9.816	85.77363636363636	87.548	88.20923076923076	90.38399999999999	87.148	84.934	86.45464285714287	93.12867970660146	93.22839779005527	86.74111111111111	92.92110526315791	93.30876712328768	1.9327497	0.36122525	0.3467734	0.28812623	0.21698667	0.47055477	0.56105715	4.6309166	0.48644522	0.4575163	0.49578354	0.9721269	../../benchmark_data/class-i/pdb/7r80_pmhc_tcr.pdb	../pred_pdb/protenix_v1/pmhc_tcr/classI/classI_protenix_v1_with_template/ranked_2/7r80_pmhc_tcr.pdb	after	ranked_2
145	7rk7	0.046	0.0	16.769	21.938	85.67750000000001	86.71625	75.6625	89.81700000000002	86.747	76.3905	76.06694444444446	91.64689156626505	92.84569060773481	91.38777777777777	92.77663157894737	90.6928888888889	0.287086	0.47716534	1.7201608	0.46372077	0.2171859	4.3844247	4.2756944	17.334692	0.568824	0.78097725	0.588486	1.9612948	../../benchmark_data/class-i/pdb/7rk7_pmhc_tcr.pdb	../pred_pdb/protenix_v1/pmhc_tcr/classI/classI_protenix_v1_with_template/ranked_2/7rk7_pmhc_tcr.pdb	after	ranked_2
146	7rm4	0.229	0.146	4.452	9.614	86.32909090909092	89.08	83.85666666666667	90.85900000000001	85.47727272727273	82.692	83.20962962962962	92.80026894865524	93.45381215469612	89.97666666666667	93.2891052631579	92.37616438356164	0.36251	0.47859192	0.79681444	0.14878225	0.18514548	2.14591	2.3002446	4.076347	0.34151086	0.32791254	0.3457207	1.3273581	../../benchmark_data/class-i/pdb/7rm4_pmhc_tcr.pdb	../pred_pdb/protenix_v1/pmhc_tcr/classI/classI_protenix_v1_with_template/ranked_2/7rm4_pmhc_tcr.pdb	after	ranked_2
147	7rrg	0.262	0.19	3.773	9.246	86.43583333333333	88.6225	76.86133333333333	88.75	84.41818181818181	85.37214285714286	80.97000000000001	92.63144254278727	93.30696132596685	85.53888888888889	92.93899999999998	92.36461187214611	0.25284815	0.28540477	2.0205724	0.15043962	0.41109928	0.42295003	1.7456009	3.5977619	0.5636822	0.7548403	0.5911346	0.96951663	../../benchmark_data/class-i/pdb/7rrg_pmhc_tcr.pdb	../pred_pdb/protenix_v1/pmhc_tcr/classI/classI_protenix_v1_with_template/ranked_2/7rrg_pmhc_tcr.pdb	after	ranked_2
148	7rtr	0.635	0.778	1.845	5.172	89.57545454545455	91.02555555555556	91.01545454545453	91.59700000000001	89.72818181818182	91.99454545454545	91.50499999999998	94.65729729729729	95.07618784530388	91.28888888888889	94.89678947368421	94.44760368663593	0.37812775	0.27888176	0.50343406	0.2999482	0.18511784	0.4821373	0.6045334	2.360595	0.36614564	0.22526082	0.36383855	0.8477644	../../benchmark_data/class-i/pdb/7rtr_pmhc_tcr.pdb	../pred_pdb/protenix_v1/pmhc_tcr/classI/classI_protenix_v1_with_template/ranked_2/7rtr_pmhc_tcr.pdb	after	ranked_2
149	7su9	0.587	0.621	1.975	4.594	92.50416666666666	93.82375	88.81066666666668	93.518	92.34299999999999	89.84866666666666	89.32966666666667	95.58343137254901	95.9453888888889	92.30000000000001	95.77179894179893	95.42086757990867	0.27616537	0.16433965	0.9857647	0.3134812	0.20059694	2.0309277	1.8386856	2.314576	0.58022976	0.32637396	0.5738828	0.9841007	../../benchmark_data/class-i/pdb/7su9_pmhc_tcr.pdb	../pred_pdb/protenix_v1/pmhc_tcr/classI/classI_protenix_v1_with_template/ranked_2/7su9_pmhc_tcr.pdb	after	ranked_2
150	8cx4	0.131	0.017	6.26	12.323	88.35636363636364	87.30199999999999	82.27529411764706	90.466	89.04299999999999	85.61799999999998	83.8421875	92.86382566585957	93.62883977900552	87.78777777777776	93.35215789473682	92.44775784753362	0.5085832	0.3447023	0.84396666	0.13294904	0.13238639	0.8896048	0.97435534	20.830572	0.45580563	1.4284805	0.5614004	0.8736872	../../benchmark_data/class-i/pdb/8cx4_pmhc_tcr.pdb	../pred_pdb/protenix_v1/pmhc_tcr/classI/classI_protenix_v1_with_template/ranked_2/8cx4_pmhc_tcr.pdb	after	ranked_2
151	8d5q	0.706	0.755	1.546	3.156	92.95363636363638	94.736	89.64125	94.59181818181818	94.68454545454546	93.77733333333332	91.64258064516127	95.64620098039214	95.58693181818184	92.074	95.39806451612904	95.8540990990991	0.42892575	0.2111258	1.6074865	0.19688858	0.21034078	0.5393728	1.3163997	1.7168891	0.71923316	0.7811303	0.7320847	0.7446989	../../benchmark_data/class-i/pdb/8d5q_pmhc_tcr.pdb	../pred_pdb/protenix_v1/pmhc_tcr/classI/classI_protenix_v1_with_template/ranked_2/8d5q_pmhc_tcr.pdb	after	ranked_2
152	8dnt	0.755	0.753	1.198	2.833	97.53181818181817	96.70222222222222	94.58916666666669	96.838	93.25090909090909	96.2942857142857	95.50730769230768	97.20609336609336	97.96049723756906	97.58	97.94247368421053	96.56133640552994	0.53399575	1.5037417	0.8917438	0.48893222	0.5260746	0.70228475	1.1144342	1.6669474	0.71193427	0.8579897	0.7461301	1.4618025	../../benchmark_data/class-i/pdb/8dnt_pmhc_tcr.pdb	../pred_pdb/protenix_v1/pmhc_tcr/classI/classI_protenix_v1_with_template/ranked_2/8dnt_pmhc_tcr.pdb	after	ranked_2
153	8en8	0.511	0.507	2.447	4.849	92.22000000000001	93.941	87.91357142857143	90.1990909090909	90.94416666666667	85.92333333333335	86.88413793103447	94.91281553398059	95.8208888888889	92.54555555555557	95.66492063492062	94.27538116591928	0.4029698	0.20830248	1.8806169	0.3112949	0.46526295	3.6935637	3.4509957	2.1258547	0.37526467	0.28311244	0.37689152	1.838243	../../benchmark_data/class-i/pdb/8en8_pmhc_tcr.pdb	../pred_pdb/protenix_v1/pmhc_tcr/classI/classI_protenix_v1_with_template/ranked_2/8en8_pmhc_tcr.pdb	after	ranked_2
154	8enh	0.327	0.296	3.386	8.175	88.8509090909091	89.852	83.785	88.39272727272726	87.10583333333334	83.01533333333333	83.38689655172415	93.22832116788322	93.99569832402234	90.79777777777777	93.8426063829787	92.71044843049327	0.49575427	0.21578744	1.9677258	0.27994025	0.43262956	3.5725014	3.6052687	4.106397	0.54908156	0.21123488	0.53865856	2.1014235	../../benchmark_data/class-i/pdb/8enh_pmhc_tcr.pdb	../pred_pdb/protenix_v1/pmhc_tcr/classI/classI_protenix_v1_with_template/ranked_2/8enh_pmhc_tcr.pdb	after	ranked_2
155	8eo8	0.567	0.541	2.187	3.692	90.99	92.712	86.00428571428571	88.39545454545456	89.79333333333334	83.53866666666666	84.72896551724139	94.29304136253042	95.28307262569831	90.5988888888889	95.05882978723405	93.64744394618835	0.43117288	0.10572751	2.080822	0.3542897	0.27744678	3.0399191	2.9617412	2.1435127	0.45981935	0.5015189	0.46559897	1.7733052	../../benchmark_data/class-i/pdb/8eo8_pmhc_tcr.pdb	../pred_pdb/protenix_v1/pmhc_tcr/classI/classI_protenix_v1_with_template/ranked_2/8eo8_pmhc_tcr.pdb	after	ranked_2
156	8f5a	0.338	0.4	3.202	9.694	91.80818181818181	92.36699999999999	89.33999999999997	93.66900000000001	92.64500000000001	93.07	90.99777777777778	95.9041564792176	96.44513812154696	93.46900000000001	96.28931937172771	95.56669724770643	0.23300186	2.1288404	1.5389777	0.25654674	0.34607372	1.191458	2.1294305	3.3540072	0.37062266	2.888259	0.85958433	1.2231445	../../benchmark_data/class-i/pdb/8f5a_pmhc_tcr.pdb	../pred_pdb/protenix_v1/pmhc_tcr/classI/classI_protenix_v1_with_template/ranked_2/8f5a_pmhc_tcr.pdb	after	ranked_2
157	8gom	0.539	0.6	2.345	5.212	83.33250000000001	84.57777777777777	83.64090909090909	88.586	84.9590909090909	80.08200000000002	81.5876923076923	91.38387804878049	93.25436464088398	86.87555555555555	92.95221052631582	90.0294090909091	0.28823182	0.29471067	0.88902885	0.12072827	0.32101014	1.4617739	1.5996768	2.3944423	0.32214466	0.2505319	0.32623634	0.92531705	../../benchmark_data/class-i/pdb/8gom_pmhc_tcr.pdb	../pred_pdb/protenix_v1/pmhc_tcr/classI/classI_protenix_v1_with_template/ranked_2/8gom_pmhc_tcr.pdb	after	ranked_2
158	8gon	0.552	0.629	2.365	5.015	90.13916666666665	90.69333333333333	90.35000000000001	94.63	92.40363636363635	87.91133333333333	88.94307692307692	95.1500731707317	96.13591160220993	93.57555555555555	96.01463157894739	94.4034090909091	0.47532374	0.30984306	0.44611079	0.18853228	0.33155286	0.9890809	1.0546694	2.4802256	0.30438396	0.36840776	0.31829768	0.79117215	../../benchmark_data/class-i/pdb/8gon_pmhc_tcr.pdb	../pred_pdb/protenix_v1/pmhc_tcr/classI/classI_protenix_v1_with_template/ranked_2/8gon_pmhc_tcr.pdb	after	ranked_2
159	8gvb	0.79	0.758	1.148	1.197	93.56181818181818	97.10818181818182	93.89	98.212	97.9409090909091	97.88533333333334	95.95655172413791	97.52514634146341	97.92272222222222	97.91499999999999	97.92239361702127	97.18873873873873	1.9763793	0.8437624	1.2520669	0.47738546	0.6042617	0.43163922	1.12141	0.93381685	0.48343444	0.3767023	0.48659235	0.93620414	../../benchmark_data/class-i/pdb/8gvb_pmhc_tcr.pdb	../pred_pdb/protenix_v1/pmhc_tcr/classI/classI_protenix_v1_with_template/ranked_2/8gvb_pmhc_tcr.pdb	after	ranked_2
160	8gvg	0.812	0.791	1.08	1.014	91.37636363636364	96.22363636363637	91.11285714285714	98.042	97.24000000000001	97.32066666666668	94.32379310344825	97.15024330900243	97.65779005524861	97.28875	97.64216931216929	96.73144144144143	1.247293	0.941744	1.2686701	0.53075075	0.65314126	0.45284587	1.172822	0.8777596	0.6340966	0.37834004	0.63359624	0.964505	../../benchmark_data/class-i/pdb/8gvg_pmhc_tcr.pdb	../pred_pdb/protenix_v1/pmhc_tcr/classI/classI_protenix_v1_with_template/ranked_2/8gvg_pmhc_tcr.pdb	after	ranked_2
161	8gvi	0.869	0.882	0.888	1.12	95.82545454545453	97.22818181818182	97.55071428571429	98.39099999999999	98.40636363636362	97.94399999999997	97.75413793103448	97.93099756690998	98.13491712707182	98.36000000000001	98.14444444444446	97.74927927927929	1.4989772	0.90532154	0.5265466	0.39402017	0.36286098	0.49631625	0.65894914	0.8124848	0.48594955	0.3464302	0.48403987	0.91230536	../../benchmark_data/class-i/pdb/8gvi_pmhc_tcr.pdb	../pred_pdb/protenix_v1/pmhc_tcr/classI/classI_protenix_v1_with_template/ranked_2/8gvi_pmhc_tcr.pdb	after	ranked_2
162	8i5c	0.702	0.683	1.444	2.772	89.68545454545455	90.8	89.58749999999998	90.234	88.221	88.60923076923078	89.07880000000002	94.37108641975308	94.69618784530388	87.22333333333333	94.3422105263158	94.39660465116278	0.26163748	0.3493744	0.2451779	0.22471651	0.33324626	1.3726941	1.3401787	1.3587626	0.35886616	1.5255905	0.4963434	0.6223399	../../benchmark_data/class-i/pdb/8i5c_pmhc_tcr.pdb	../pred_pdb/protenix_v1/pmhc_tcr/classI/classI_protenix_v1_with_template/ranked_2/8i5c_pmhc_tcr.pdb	after	ranked_2
163	8i5d	0.682	0.763	1.592	4.062	96.04100000000001	97.57000000000001	95.08833333333335	97.581	96.97909090909091	96.02866666666667	95.61074074074074	97.56918316831683	97.92370165745858	94.45777777777778	97.75952631578946	97.40018691588784	0.31826392	0.27507943	1.3027512	0.25810328	0.18964615	0.48476163	1.1115791	1.7720468	0.42125463	1.2321931	0.51113135	1.2417903	../../benchmark_data/class-i/pdb/8i5d_pmhc_tcr.pdb	../pred_pdb/protenix_v1/pmhc_tcr/classI/classI_protenix_v1_with_template/ranked_2/8i5d_pmhc_tcr.pdb	after	ranked_2
164	8qfy	0.708	0.607	1.297	2.064	93.94363636363637	94.26333333333335	92.02416666666666	96.996	93.95090909090908	96.28333333333332	94.15375	96.44523456790125	96.90712707182321	95.90666666666667	96.85973684210525	96.07893023255815	0.47275108	0.29212838	0.4010153	0.3529166	0.21142316	0.40417945	0.95024127	1.2209703	0.8630472	0.40426037	0.8537413	0.76993865	../../benchmark_data/class-i/pdb/8qfy_pmhc_tcr.pdb	../pred_pdb/protenix_v1/pmhc_tcr/classI/classI_protenix_v1_with_template/ranked_2/8qfy_pmhc_tcr.pdb	after	ranked_2
165	8shi	0.33	0.396	3.33	9.906	89.25500000000001	93.292	80.96529411764706	93.782	90.10700000000001	92.23428571428572	86.05451612903225	94.73316831683168	95.37738888888887	90.28	95.16047872340424	94.36125	0.3841068	0.39130262	2.5252702	0.20495184	0.21083584	0.35587502	1.9840333	3.4523346	0.67436236	1.4582024	0.7578668	1.1554239	../../benchmark_data/class-i/pdb/8shi_pmhc_tcr.pdb	../pred_pdb/protenix_v1/pmhc_tcr/classI/classI_protenix_v1_with_template/ranked_2/8shi_pmhc_tcr.pdb	after	ranked_2
166	8wte	0.292	0.308	3.58	10.003	91.59636363636363	91.99666666666667	91.63692307692307	92.875	91.545	89.449375	90.42999999999999	94.99200488997556	95.28657458563538	88.58333333333333	94.96905263157895	95.01191780821918	0.27392504	0.3211168	0.39631245	0.27858907	0.18071495	1.3568221	1.2069657	4.4017925	0.38774577	1.6815717	0.5615091	0.97858423	../../benchmark_data/class-i/pdb/8wte_pmhc_tcr.pdb	../pred_pdb/protenix_v1/pmhc_tcr/classI/classI_protenix_v1_with_template/ranked_2/8wte_pmhc_tcr.pdb	after	ranked_2
167	8wul	0.6	0.583	1.858	3.938	92.20454545454545	93.57666666666665	91.56230769230773	93.87300000000002	91.214	89.90875	90.65	95.33963325183373	95.6832596685083	89.38333333333333	95.38484210526317	95.30041095890411	0.40968814	0.2079756	0.43546885	0.21596986	0.2249657	1.2065977	1.1409445	1.8900144	0.43578517	1.4942306	0.5592292	0.8999272	../../benchmark_data/class-i/pdb/8wul_pmhc_tcr.pdb	../pred_pdb/protenix_v1/pmhc_tcr/classI/classI_protenix_v1_with_template/ranked_2/8wul_pmhc_tcr.pdb	after	ranked_2
168	6zkw	0.715	0.707	1.133	4.233	94.15272727272728	95.906	94.51615384615386	96.39599999999999	92.35300000000001	94.6875	94.6106896551724	96.47704156479217	96.5296111111111	94.02444444444444	96.41031746031746	96.53436363636364	0.45183036	0.25263923	0.63148344	0.20400132	0.16606428	0.6505552	0.95733374	1.48846	0.731353	0.4921526	0.73102736	0.73973745	../../benchmark_data/class-i/pdb/6zkw_pmhc_tcr.pdb	../pred_pdb/protenix_v1/pmhc_tcr/classI/classI_protenix_v1_with_template/ranked_3/6zkw_pmhc_tcr.pdb	after	ranked_3
169	6zkx	0.544	0.609	2.015	5.997	92.02909090909091	94.55699999999999	92.93692307692308	95.567	90.906	92.90187499999999	92.91758620689656	95.21854014598541	94.78994413407823	89.39249999999998	94.45083769633509	95.88504545454545	0.28137004	0.24056555	0.31242368	0.23862661	0.122298054	0.7350944	0.7398474	2.0287313	1.5242991	0.9947495	1.564448	0.89137715	../../benchmark_data/class-i/pdb/6zkx_pmhc_tcr.pdb	../pred_pdb/protenix_v1/pmhc_tcr/classI/classI_protenix_v1_with_template/ranked_3/6zkx_pmhc_tcr.pdb	after	ranked_3
170	6zky	0.728	0.736	1.269	3.357	90.00272727272727	92.842	90.72384615384615	94.33700000000002	89.11699999999999	90.96125	90.85482758620691	94.8378431372549	94.91966666666667	88.57249999999999	94.64957446808512	94.99872727272728	0.31110042	0.29563808	0.5229186	0.22480734	0.17384383	0.6258309	0.91930795	1.2980917	0.7322383	1.8122057	0.904532	0.87110627	../../benchmark_data/class-i/pdb/6zky_pmhc_tcr.pdb	../pred_pdb/protenix_v1/pmhc_tcr/classI/classI_protenix_v1_with_template/ranked_3/6zky_pmhc_tcr.pdb	after	ranked_3
171	6zkz	0.679	0.644	1.409	3.396	89.9009090909091	92.92099999999999	90.87692307692308	94.469	89.583	91.17249999999999	91.03999999999999	94.99404411764704	95.14750000000002	92.38	95.02973404255317	94.96354545454545	0.25166056	0.18817821	0.5872307	0.20719397	0.14074107	0.63032025	0.9554943	1.3598403	0.73260486	2.2343676	0.95247245	0.9539099	../../benchmark_data/class-i/pdb/6zkz_pmhc_tcr.pdb	../pred_pdb/protenix_v1/pmhc_tcr/classI/classI_protenix_v1_with_template/ranked_3/6zkz_pmhc_tcr.pdb	after	ranked_3
172	7dzm	0.214	0.116	5.838	9.134	88.02166666666666	90.0875	80.97600000000001	90.31700000000001	85.31636363636363	89.64333333333333	84.82814814814816	93.42017241379311	93.93605555555557	89.37777777777777	93.7189947089947	93.15990783410139	0.18443261	0.13953374	1.4670166	0.23648967	0.16573338	0.1989082	1.2335731	20.547049	0.7708374	0.66600615	0.7837183	0.64459074	../../benchmark_data/class-i/pdb/7dzm_pmhc_tcr.pdb	../pred_pdb/protenix_v1/pmhc_tcr/classI/classI_protenix_v1_with_template/ranked_3/7dzm_pmhc_tcr.pdb	after	ranked_3
173	7dzn	0.2	0.095	5.57	9.654	86.52499999999999	88.00125	78.92466666666668	89.554	83.99818181818183	89.43333333333332	83.59518518518519	92.53323456790123	93.39826815642459	87.16	93.09962765957447	92.04253456221198	0.14392702	0.22652896	2.2396123	0.16888621	0.28734654	0.27027404	1.8314838	20.90096	0.4569295	1.1456519	0.53285384	1.0515791	../../benchmark_data/class-i/pdb/7dzn_pmhc_tcr.pdb	../pred_pdb/protenix_v1/pmhc_tcr/classI/classI_protenix_v1_with_template/ranked_3/7dzn_pmhc_tcr.pdb	after	ranked_3
174	7l1d	0.42	0.365	3.696	4.863	90.30272727272727	92.61666666666666	88.70615384615385	91.917	92.453	81.51894736842105	84.43875	94.65244498777507	96.14657458563535	91.49444444444444	95.92621052631578	93.54735159817353	0.63632184	0.30035183	2.2382193	0.2509177	0.20569313	5.43445	5.8915677	2.4909644	0.5411427	0.647775	0.5562821	2.8970919	../../benchmark_data/class-i/pdb/7l1d_pmhc_tcr.pdb	../pred_pdb/protenix_v1/pmhc_tcr/classI/classI_protenix_v1_with_template/ranked_3/7l1d_pmhc_tcr.pdb	after	ranked_3
175	7n2n	0.124	0.0	6.674	12.294	94.1718181818182	93.51100000000001	90.82117647058824	97.316	96.28299999999999	93.98733333333332	92.30531250000001	96.60416464891043	97.51071823204421	95.40222222222222	97.41084210526314	95.91686098654708	0.54495746	0.31806463	1.3191302	0.17093125	0.15307593	0.88444173	2.1133242	20.406433	0.44954008	0.3376311	0.46229127	1.462061	../../benchmark_data/class-i/pdb/7n2n_pmhc_tcr.pdb	../pred_pdb/protenix_v1/pmhc_tcr/classI/classI_protenix_v1_with_template/ranked_3/7n2n_pmhc_tcr.pdb	after	ranked_3
176	7n2o	0.037	0.0	16.65	25.123	87.56818181818181	89.06300000000002	84.67411764705882	90.91199999999999	88.584	84.77533333333335	84.72156249999999	93.08278450363197	93.49480662983429	90.56888888888889	93.35621052631579	92.8498206278027	0.30649862	0.3482509	1.4829426	0.18964526	0.12856081	1.4771558	2.1354003	18.733042	0.34302258	1.250981	0.4365727	1.5260093	../../benchmark_data/class-i/pdb/7n2o_pmhc_tcr.pdb	../pred_pdb/protenix_v1/pmhc_tcr/classI/classI_protenix_v1_with_template/ranked_3/7n2o_pmhc_tcr.pdb	after	ranked_3
177	7n2p	0.209	0.127	6.629	9.353	88.44090909090909	88.53599999999999	88.2790909090909	91.696	90.46000000000001	84.95266666666667	86.35999999999999	93.71515970515972	94.3667403314917	89.25666666666666	94.12468421052633	93.35658986175115	0.28729013	0.35638046	0.879174	0.23917843	0.19918272	1.3465549	1.5102943	20.825819	0.37816298	0.3489479	0.38611504	0.84219736	../../benchmark_data/class-i/pdb/7n2p_pmhc_tcr.pdb	../pred_pdb/protenix_v1/pmhc_tcr/classI/classI_protenix_v1_with_template/ranked_3/7n2p_pmhc_tcr.pdb	after	ranked_3
178	7n2q	0.579	0.492	1.549	4.741	87.01727272727273	87.02499999999999	88.13181818181819	89.643	88.071	83.8766666666667	85.67692307692307	93.16422604422604	93.83441988950275	87.28888888888889	93.52436842105261	92.84889400921658	0.49724603	0.35288468	1.2205235	0.25391662	0.21962045	1.1920636	1.6091778	1.7022536	0.3891854	1.315137	0.4895487	0.98971003	../../benchmark_data/class-i/pdb/7n2q_pmhc_tcr.pdb	../pred_pdb/protenix_v1/pmhc_tcr/classI/classI_protenix_v1_with_template/ranked_3/7n2q_pmhc_tcr.pdb	after	ranked_3
179	7n2r	0.181	0.086	6.595	10.259	89.37363636363635	88.89699999999999	89.22818181818182	91.73899999999999	90.875	86.47333333333334	87.63884615384615	94.13791154791156	94.74370165745857	90.23333333333333	94.53005263157894	93.79456221198156	0.29075736	0.35248393	1.0190259	0.22487408	0.16447386	1.1686977	1.4634557	21.202785	0.40116477	0.43851063	0.4073649	0.9010256	../../benchmark_data/class-i/pdb/7n2r_pmhc_tcr.pdb	../pred_pdb/protenix_v1/pmhc_tcr/classI/classI_protenix_v1_with_template/ranked_3/7n2r_pmhc_tcr.pdb	after	ranked_3
180	7n2s	0.155	0.045	5.846	11.375	88.30909090909091	89.398	81.421875	92.758	91.843	88.17466666666668	84.68935483870968	93.90973300970873	95.04845303867404	91.05444444444444	94.85926315789473	93.09707207207208	1.3046492	0.3997246	2.7624195	0.46576968	0.19437198	1.302573	2.622564	20.651955	0.44518882	0.56873554	0.46318436	1.3699069	../../benchmark_data/class-i/pdb/7n2s_pmhc_tcr.pdb	../pred_pdb/protenix_v1/pmhc_tcr/classI/classI_protenix_v1_with_template/ranked_3/7n2s_pmhc_tcr.pdb	after	ranked_3
181	7n4k	0.85	0.964	1.035	2.691	92.46	94.63125	88.27999999999999	94.932	92.652	94.00727272727272	90.90500000000002	95.822275	96.0810734463277	95.22	96.03502673796791	95.63549295774648	0.1329614	0.7476378	0.64482856	0.3750714	0.11211274	0.22414732	0.6370425	1.3706828	1.1727431	0.2215392	1.145558	0.71639174	../../benchmark_data/class-i/pdb/7n4k_pmhc_tcr.pdb	../pred_pdb/protenix_v1/pmhc_tcr/classI/classI_protenix_v1_with_template/ranked_3/7n4k_pmhc_tcr.pdb	after	ranked_3
182	7n5c	0.89	0.86	0.679	1.179	95.01583333333333	96.39625	93.10153846153845	96.53399999999999	94.929	96.09818181818181	94.47500000000001	96.73094059405939	96.66292817679559	96.944	96.67764397905759	96.77873239436622	0.21243037	0.2129245	0.80266887	0.36828235	0.10042155	0.20625016	0.69856083	0.7442259	0.649821	0.26547697	0.6367373	0.5290178	../../benchmark_data/class-i/pdb/7n5c_pmhc_tcr.pdb	../pred_pdb/protenix_v1/pmhc_tcr/classI/classI_protenix_v1_with_template/ranked_3/7n5c_pmhc_tcr.pdb	after	ranked_3
183	7n5p	0.858	0.847	0.82	1.838	91.01416666666667	93.48750000000001	85.92	93.25699999999999	90.85499999999999	92.28363636363636	88.83666666666666	95.14308270676693	95.46369318181819	93.922	95.38080645161291	94.93549295774649	0.1858412	0.236407	1.008295	0.37598872	0.11092387	0.24084257	0.8785214	0.96585244	1.0724268	0.21708149	1.0472172	0.6006688	../../benchmark_data/class-i/pdb/7n5p_pmhc_tcr.pdb	../pred_pdb/protenix_v1/pmhc_tcr/classI/classI_protenix_v1_with_template/ranked_3/7n5p_pmhc_tcr.pdb	after	ranked_3
184	7na5	0.329	0.388	3.414	9.643	92.78363636363638	92.9688888888889	93.02545454545454	94.26599999999999	90.16900000000001	93.12866666666666	93.08500000000002	94.5675061728395	93.90755555555556	92.84	93.85671957671957	95.18944444444445	0.5482344	0.32057244	0.53028935	0.23707323	0.3489578	0.54655534	0.72061867	3.7592607	1.070688	0.31934315	1.0489099	1.0229493	../../benchmark_data/class-i/pdb/7na5_pmhc_tcr.pdb	../pred_pdb/protenix_v1/pmhc_tcr/classI/classI_protenix_v1_with_template/ranked_3/7na5_pmhc_tcr.pdb	after	ranked_3
185	7ndq	0.464	0.467	2.644	5.813	90.67333333333333	89.6	84.49866666666665	93.22099999999999	92.05454545454546	88.68846153846154	86.44392857142859	94.9806862745098	95.61088397790056	93.18	95.49573684210527	94.53178899082569	0.40657997	0.28078	1.4525348	0.2746832	0.4010884	0.6528976	1.3020555	2.796372	0.88510376	2.1889813	1.031341	1.1926183	../../benchmark_data/class-i/pdb/7ndq_pmhc_tcr.pdb	../pred_pdb/protenix_v1/pmhc_tcr/classI/classI_protenix_v1_with_template/ranked_3/7ndq_pmhc_tcr.pdb	after	ranked_3
186	7ndt	0.254	0.131	5.149	7.63	87.0725	86.995	82.59785714285715	90.90599999999999	89.0009090909091	86.67166666666667	84.47807692307694	91.76193069306929	91.90966666666665	81.575	91.46989361702127	92.01611111111112	0.28158745	0.21377788	1.010178	0.25923115	0.23771195	0.67148054	1.0518343	20.118698	0.55831784	1.5288252	0.7102973	0.7774053	../../benchmark_data/class-i/pdb/7ndt_pmhc_tcr.pdb	../pred_pdb/protenix_v1/pmhc_tcr/classI/classI_protenix_v1_with_template/ranked_3/7ndt_pmhc_tcr.pdb	after	ranked_3
187	7ndu	0.636	0.631	1.685	3.766	93.79916666666666	93.38499999999999	88.31066666666666	96.46000000000001	95.53272727272726	93.35307692307691	90.6517857142857	96.38108108108108	96.82685082872926	95.15125	96.75592592592592	96.0561009174312	0.5061239	0.3413892	0.78142166	0.2517947	0.30593377	0.99877393	1.1853392	1.644672	1.2615595	1.5896956	1.373463	0.8865598	../../benchmark_data/class-i/pdb/7ndu_pmhc_tcr.pdb	../pred_pdb/protenix_v1/pmhc_tcr/classI/classI_protenix_v1_with_template/ranked_3/7ndu_pmhc_tcr.pdb	after	ranked_3
188	7nme	0.642	0.707	1.698	4.485	93.99545454545455	95.93300000000002	95.68153846153845	96.641	95.77999999999999	97.23	96.39125000000001	97.14861728395063	97.48773480662983	96.5788888888889	97.4446842105263	96.88697674418603	0.5004689	0.2680236	0.28861523	0.29396147	0.17588568	0.50525624	0.4732541	2.1273007	0.4952429	0.21773888	0.4889968	0.7592604	../../benchmark_data/class-i/pdb/7nme_pmhc_tcr.pdb	../pred_pdb/protenix_v1/pmhc_tcr/classI/classI_protenix_v1_with_template/ranked_3/7nme_pmhc_tcr.pdb	after	ranked_3
189	7nmf	0.652	0.746	1.742	4.48	91.77636363636363	93.39399999999999	94.00461538461539	94.842	94.07181818181817	95.42727272727271	94.65666666666668	96.17014814814816	96.55983425414365	94.45666666666668	96.4602105263158	95.91381395348837	0.49924716	0.16199523	0.3675933	0.45785478	0.17798087	0.4275627	0.48837587	2.0732033	0.48062506	0.39500883	0.4792983	0.7924397	../../benchmark_data/class-i/pdb/7nmf_pmhc_tcr.pdb	../pred_pdb/protenix_v1/pmhc_tcr/classI/classI_protenix_v1_with_template/ranked_3/7nmf_pmhc_tcr.pdb	after	ranked_3
190	7nmg	0.632	0.736	1.864	4.683	90.43636363636364	92.56099999999999	93.07000000000001	94.077	92.99090909090908	94.78454545454544	93.85583333333334	95.78172839506175	96.26165745856353	94.07555555555555	96.15810526315789	95.44911627906976	0.45953947	0.268681	0.4386606	0.50214016	0.2047094	0.47202176	0.5628153	2.1960948	0.46104333	0.49130315	0.46890035	0.67305136	../../benchmark_data/class-i/pdb/7nmg_pmhc_tcr.pdb	../pred_pdb/protenix_v1/pmhc_tcr/classI/classI_protenix_v1_with_template/ranked_3/7nmg_pmhc_tcr.pdb	after	ranked_3
191	7ow5	0.746	0.672	0.994	3.281	94.55916666666667	89.17727272727274	93.82124999999999	96.80999999999999	95.98499999999999	92.69437500000001	93.2578125	96.19166265060241	96.69966666666666	91.919	96.44805263157893	95.97515555555555	0.39981958	1.5496671	0.46638793	0.21808775	0.17867245	0.76425177	0.7587639	1.1285996	0.39090326	1.8766506	0.59490585	0.8173762	../../benchmark_data/class-i/pdb/7ow5_pmhc_tcr.pdb	../pred_pdb/protenix_v1/pmhc_tcr/classI/classI_protenix_v1_with_template/ranked_3/7ow5_pmhc_tcr.pdb	after	ranked_3
192	7ow6	0.866	0.831	0.639	2.502	97.995	94.21	98.134375	98.31500000000001	98.043	97.2675	97.7009375	97.97713942307693	98.29430939226522	98.102	98.28424083769634	97.71644444444445	0.3089781	1.3440263	0.26319975	0.19438528	0.34201	0.6007231	0.5019734	0.86255246	0.34764	0.338724	0.3547348	0.684848	../../benchmark_data/class-i/pdb/7ow6_pmhc_tcr.pdb	../pred_pdb/protenix_v1/pmhc_tcr/classI/classI_protenix_v1_with_template/ranked_3/7ow6_pmhc_tcr.pdb	after	ranked_3
193	7pb2	0.307	0.164	4.502	6.127	84.56416666666668	81.37818181818183	76.34875	88.41999999999999	84.681	78.375	77.361875	90.99166265060241	92.001	81.47100000000002	91.4467894736842	90.60733333333334	0.32148138	1.2768364	2.1454406	0.19738714	0.22150163	2.0742626	2.2201726	21.260132	0.45658547	0.8929968	0.50314206	1.2103754	../../benchmark_data/class-i/pdb/7pb2_pmhc_tcr.pdb	../pred_pdb/protenix_v1/pmhc_tcr/classI/classI_protenix_v1_with_template/ranked_3/7pb2_pmhc_tcr.pdb	after	ranked_3
194	7pbe	0.788	0.792	1.202	1.667	92.32	91.58874999999999	92.65333333333335	96.272	94.35727272727276	95.16999999999999	93.962	96.27817283950614	96.95292817679558	95.61	96.88931578947367	95.73809302325581	0.4363002	1.5001322	0.8456177	0.66133296	0.26568052	0.6683827	1.0486753	1.0786068	0.6531887	0.19761094	0.6400271	0.89788705	../../benchmark_data/class-i/pdb/7pbe_pmhc_tcr.pdb	../pred_pdb/protenix_v1/pmhc_tcr/classI/classI_protenix_v1_with_template/ranked_3/7pbe_pmhc_tcr.pdb	after	ranked_3
195	7phr	0.929	0.854	0.378	0.713	98.14399999999999	98.604	98.10909090909091	98.72	98.75	98.75384615384615	98.45833333333333	98.220625	98.51375690607733	98.74222222222221	98.52457894736841	97.94561904761906	0.2530817	0.27290106	0.50595754	0.13486648	0.25206992	0.16803204	0.3819993	0.5327214	0.3568252	0.2014605	0.35232672	0.4934752	../../benchmark_data/class-i/pdb/7phr_pmhc_tcr.pdb	../pred_pdb/protenix_v1/pmhc_tcr/classI/classI_protenix_v1_with_template/ranked_3/7phr_pmhc_tcr.pdb	after	ranked_3
196	7q99	0.85	0.849	0.799	2.482	96.3990909090909	97.1511111111111	96.13363636363637	94.92636363636362	93.9022222222222	95.05466666666665	95.51115384615385	96.94717444717445	97.71209944751381	97.267	97.68879581151833	96.2913888888889	0.27711985	0.25858793	0.25942424	0.391521	0.260741	0.3172173	0.46023196	1.0890701	0.32274964	0.19564097	0.32183442	0.8471897	../../benchmark_data/class-i/pdb/7q99_pmhc_tcr.pdb	../pred_pdb/protenix_v1/pmhc_tcr/classI/classI_protenix_v1_with_template/ranked_3/7q99_pmhc_tcr.pdb	after	ranked_3
197	7q9a	0.788	0.747	1.005	2.401	97.57090909090908	97.89222222222223	97.02999999999999	95.5009090909091	94.35	96.33600000000001	96.62961538461538	97.2281081081081	97.85900552486187	97.46799999999999	97.83853403141362	96.68833333333333	0.29247198	0.30207312	0.93885475	0.25001255	0.23048429	0.4083228	0.82180756	1.1012065	0.31024164	0.25454825	0.31203282	1.01022	../../benchmark_data/class-i/pdb/7q9a_pmhc_tcr.pdb	../pred_pdb/protenix_v1/pmhc_tcr/classI/classI_protenix_v1_with_template/ranked_3/7q9a_pmhc_tcr.pdb	after	ranked_3
198	7q9b	0.41	0.425	3.112	6.724	96.88454545454546	97.73	96.66000000000001	96.15599999999999	94.91499999999999	93.635625	94.64375000000001	97.38474074074072	97.76403314917127	97.163	97.73256544502617	97.07429906542055	0.49216104	0.28352994	0.6186169	0.34345117	0.27702424	1.4984069	2.3936114	3.3748295	0.6335854	0.40460935	0.632813	1.5623412	../../benchmark_data/class-i/pdb/7q9b_pmhc_tcr.pdb	../pred_pdb/protenix_v1/pmhc_tcr/classI/classI_protenix_v1_with_template/ranked_3/7q9b_pmhc_tcr.pdb	after	ranked_3
199	7qpj	0.909	0.841	0.474	1.305	98.19454545454546	98.40555555555554	98.12769230769231	97.838	96.95700000000002	97.41636363636363	97.80166666666666	98.06049627791565	98.2345	98.31111111111112	98.23814814814816	97.90359813084113	0.16146562	0.3456712	0.11232151	0.13361834	0.13415211	0.47817114	0.5939174	0.55081517	0.39340755	0.30376697	0.39572647	0.4135259	../../benchmark_data/class-i/pdb/7qpj_pmhc_tcr.pdb	../pred_pdb/protenix_v1/pmhc_tcr/classI/classI_protenix_v1_with_template/ranked_3/7qpj_pmhc_tcr.pdb	after	ranked_3
200	7r80	0.235	0.161	4.539	9.509	85.65272727272728	87.615	88.12692307692306	90.546	87.273	84.98066666666666	86.44142857142857	93.1420293398533	93.24497237569061	86.77666666666667	92.93857894736843	93.31853881278539	2.034307	0.37488958	0.34978592	0.29384357	0.22317456	0.3981163	0.48660073	4.391205	0.5080704	0.5428119	0.5197105	0.9176886	../../benchmark_data/class-i/pdb/7r80_pmhc_tcr.pdb	../pred_pdb/protenix_v1/pmhc_tcr/classI/classI_protenix_v1_with_template/ranked_3/7r80_pmhc_tcr.pdb	after	ranked_3
201	7rk7	0.046	0.0	16.821	21.933	85.6925	86.9525	75.198125	89.63900000000001	86.646	76.143	75.72305555555558	91.61768674698794	92.84635359116024	91.41777777777777	92.77868421052632	90.63728888888889	0.261385	0.75362045	2.4933753	0.43833828	0.22602832	4.0874624	4.1482897	17.24487	0.57130694	0.7788033	0.5894067	1.9687558	../../benchmark_data/class-i/pdb/7rk7_pmhc_tcr.pdb	../pred_pdb/protenix_v1/pmhc_tcr/classI/classI_protenix_v1_with_template/ranked_3/7rk7_pmhc_tcr.pdb	after	ranked_3
202	7rm4	0.254	0.167	4.003	8.997	85.93272727272728	88.275	83.795	90.73100000000001	85.45545454545453	82.34533333333334	82.98962962962962	92.70420537897311	93.35707182320442	89.83555555555556	93.19026315789475	92.28251141552512	0.4737959	0.3758201	0.7471751	0.18155062	0.20465982	1.4524795	1.495331	3.857288	0.39145076	0.3528447	0.3966074	1.040823	../../benchmark_data/class-i/pdb/7rm4_pmhc_tcr.pdb	../pred_pdb/protenix_v1/pmhc_tcr/classI/classI_protenix_v1_with_template/ranked_3/7rm4_pmhc_tcr.pdb	after	ranked_3
203	7rrg	0.281	0.19	3.644	8.39	86.34750000000001	88.34124999999999	76.78800000000001	88.785	84.43727272727273	85.26571428571431	80.8806896551724	92.61171149144255	93.2839779005525	85.6288888888889	92.92136842105266	92.34305936073059	0.2803345	0.23021975	2.0617838	0.1415844	0.3938029	0.4796162	1.8100368	3.4479074	0.5499095	0.6790193	0.57880974	0.98526424	../../benchmark_data/class-i/pdb/7rrg_pmhc_tcr.pdb	../pred_pdb/protenix_v1/pmhc_tcr/classI/classI_protenix_v1_with_template/ranked_3/7rrg_pmhc_tcr.pdb	after	ranked_3
204	7rtr	0.588	0.698	1.953	5.616	89.88090909090909	91.24777777777778	91.0190909090909	91.525	89.78181818181817	92.0890909090909	91.5540909090909	94.70724815724813	95.12298342541436	91.35111111111112	94.94431578947368	94.49967741935484	0.3964018	0.2799442	0.4816227	0.3435079	0.19079919	0.39800367	0.5677701	2.339769	0.37650523	0.23425183	0.37488142	0.9685305	../../benchmark_data/class-i/pdb/7rtr_pmhc_tcr.pdb	../pred_pdb/protenix_v1/pmhc_tcr/classI/classI_protenix_v1_with_template/ranked_3/7rtr_pmhc_tcr.pdb	after	ranked_3
205	7su9	0.622	0.69	1.911	4.317	92.5425	93.92	88.78933333333335	93.43099999999998	92.355	90.09133333333332	89.44033333333333	95.59693627450982	95.95477777777776	92.32	95.78169312169311	95.43748858447488	0.29158947	0.24640647	1.3563025	0.31477243	0.18789488	1.9922732	1.9843878	2.1463459	0.45942128	0.35033286	0.45690957	0.918787	../../benchmark_data/class-i/pdb/7su9_pmhc_tcr.pdb	../pred_pdb/protenix_v1/pmhc_tcr/classI/classI_protenix_v1_with_template/ranked_3/7su9_pmhc_tcr.pdb	after	ranked_3
206	8cx4	0.168	0.051	5.847	10.585	87.86090909090909	87.451	82.19	90.47099999999998	88.89999999999999	85.562	83.770625	92.83135593220337	93.58585635359117	87.80666666666667	93.3121052631579	92.42174887892376	0.46194986	0.3273466	0.8384242	0.19095108	0.15543331	0.9491836	1.0162312	21.431072	0.40981424	0.8312811	0.44728237	0.74035186	../../benchmark_data/class-i/pdb/8cx4_pmhc_tcr.pdb	../pred_pdb/protenix_v1/pmhc_tcr/classI/classI_protenix_v1_with_template/ranked_3/8cx4_pmhc_tcr.pdb	after	ranked_3
207	8d5q	0.715	0.717	1.409	2.871	92.96272727272729	94.78399999999999	89.60375	94.59454545454545	94.7009090909091	93.79733333333333	91.63290322580644	95.64585784313724	95.58596590909089	92.02900000000001	95.39473118279571	95.85626126126127	0.41073945	0.24058436	1.4279925	0.21729258	0.21261962	0.5558644	1.2108952	1.5481279	0.75127107	0.8419494	0.7664116	0.69110185	../../benchmark_data/class-i/pdb/8d5q_pmhc_tcr.pdb	../pred_pdb/protenix_v1/pmhc_tcr/classI/classI_protenix_v1_with_template/ranked_3/8d5q_pmhc_tcr.pdb	after	ranked_3
208	8dnt	0.719	0.712	1.255	3.492	97.53818181818183	96.68888888888888	94.56916666666667	96.809	93.02454545454545	96.24	95.46884615384616	97.19705159705161	97.95618784530386	97.58111111111111	97.9384210526316	96.54792626728111	0.50825375	1.5212975	1.0472345	0.50854695	0.54472643	0.687145	1.3275728	1.768828	0.7216252	0.8099023	0.7488435	1.465169	../../benchmark_data/class-i/pdb/8dnt_pmhc_tcr.pdb	../pred_pdb/protenix_v1/pmhc_tcr/classI/classI_protenix_v1_with_template/ranked_3/8dnt_pmhc_tcr.pdb	after	ranked_3
209	8en8	0.512	0.411	2.265	3.992	92.16	93.922	87.77142857142859	90.21727272727273	91.16416666666667	86.13000000000001	86.92241379310342	94.92643203883496	95.83555555555556	92.57777777777778	95.68042328042327	94.28739910313901	0.39112723	0.16393426	2.052215	0.29108092	0.43996352	3.398399	3.190127	2.0221262	0.35653728	0.2565783	0.35686615	1.771819	../../benchmark_data/class-i/pdb/8en8_pmhc_tcr.pdb	../pred_pdb/protenix_v1/pmhc_tcr/classI/classI_protenix_v1_with_template/ranked_3/8en8_pmhc_tcr.pdb	after	ranked_3
210	8enh	0.378	0.346	3.304	6.699	89.35818181818182	89.845	83.8457142857143	88.40272727272728	88.22666666666667	83.20866666666666	83.51620689655174	93.34671532846716	94.11363128491618	90.88888888888889	93.95925531914892	92.83031390134528	0.46946976	0.20113803	2.2665477	0.30172634	0.43406257	3.438972	3.4469926	3.8395853	0.5039394	0.29041484	0.4969475	2.0628054	../../benchmark_data/class-i/pdb/8enh_pmhc_tcr.pdb	../pred_pdb/protenix_v1/pmhc_tcr/classI/classI_protenix_v1_with_template/ranked_3/8enh_pmhc_tcr.pdb	after	ranked_3
211	8eo8	0.617	0.622	1.84	3.859	91.07363636363635	92.841	86.01214285714286	88.2009090909091	89.80916666666667	83.66799999999999	84.7996551724138	94.31474452554745	95.31424581005587	90.66777777777777	95.09180851063829	93.6596412556054	0.44711828	0.13883041	1.9386004	0.35046333	0.3229176	2.2049305	2.5869784	1.6930071	0.43926162	0.31449315	0.44148153	1.5618446	../../benchmark_data/class-i/pdb/8eo8_pmhc_tcr.pdb	../pred_pdb/protenix_v1/pmhc_tcr/classI/classI_protenix_v1_with_template/ranked_3/8eo8_pmhc_tcr.pdb	after	ranked_3
212	8f5a	0.363	0.357	2.888	8.186	91.66636363636366	92.33699999999999	89.16133333333332	93.691	92.54100000000001	93.04083333333334	90.88555555555557	95.87437652811735	96.4203867403315	93.437	96.26418848167539	95.53284403669723	0.39951345	2.1162486	1.75305	0.2810055	0.35134274	1.1869909	2.2893083	2.792621	0.34732464	2.8843002	0.85441095	1.3409474	../../benchmark_data/class-i/pdb/8f5a_pmhc_tcr.pdb	../pred_pdb/protenix_v1/pmhc_tcr/classI/classI_protenix_v1_with_template/ranked_3/8f5a_pmhc_tcr.pdb	after	ranked_3
213	8gom	0.566	0.637	2.137	5.151	83.29	84.54666666666667	83.53727272727272	88.559	84.95272727272727	80.02199999999999	81.50923076923075	91.37263414634145	93.25662983425413	86.92333333333333	92.95663157894737	90.00463636363637	0.35798228	0.27719998	0.94051737	0.121549845	0.33209774	1.5058057	1.610093	2.2047873	0.38962516	0.22288471	0.38739163	0.7906238	../../benchmark_data/class-i/pdb/8gom_pmhc_tcr.pdb	../pred_pdb/protenix_v1/pmhc_tcr/classI/classI_protenix_v1_with_template/ranked_3/8gom_pmhc_tcr.pdb	after	ranked_3
214	8gon	0.556	0.6	2.285	4.674	90.10166666666667	90.68777777777778	90.47454545454546	94.688	92.41000000000001	88.19333333333334	89.15846153846154	95.17307317073171	96.15292817679558	93.7011111111111	96.03678947368422	94.42713636363636	0.46657744	0.3114715	0.64647233	0.21029793	0.32797575	1.3699551	1.3698	2.3104327	0.32562983	0.34674463	0.3352516	0.84638876	../../benchmark_data/class-i/pdb/8gon_pmhc_tcr.pdb	../pred_pdb/protenix_v1/pmhc_tcr/classI/classI_protenix_v1_with_template/ranked_3/8gon_pmhc_tcr.pdb	after	ranked_3
215	8gvb	0.832	0.848	1.061	1.149	93.55818181818182	97.12272727272725	93.86	98.218	97.93909090909091	97.92	95.96000000000001	97.52753658536588	97.92255555555556	97.91125	97.9220744680851	97.19342342342344	1.9634331	0.8387163	0.70795876	0.48332873	0.6103362	0.43169752	0.66371465	0.88359356	0.476122	0.36369613	0.4776159	0.9240929	../../benchmark_data/class-i/pdb/8gvb_pmhc_tcr.pdb	../pred_pdb/protenix_v1/pmhc_tcr/classI/classI_protenix_v1_with_template/ranked_3/8gvb_pmhc_tcr.pdb	after	ranked_3
216	8gvg	0.817	0.806	1.076	1.061	91.38090909090909	96.24363636363636	91.17	98.042	97.24363636363637	97.33133333333333	94.35689655172413	97.15294403892945	97.65640883977899	97.285	97.64068783068781	96.73770270270269	1.2462542	0.9239476	1.2620637	0.50952566	0.6520473	0.4629734	1.1840564	0.93487835	0.64176327	0.3628629	0.64157975	1.0196619	../../benchmark_data/class-i/pdb/8gvg_pmhc_tcr.pdb	../pred_pdb/protenix_v1/pmhc_tcr/classI/classI_protenix_v1_with_template/ranked_3/8gvg_pmhc_tcr.pdb	after	ranked_3
217	8gvi	0.873	0.882	0.88	0.689	95.8509090909091	97.23272727272727	97.56500000000001	98.387	98.40545454545453	97.93999999999998	97.75896551724136	97.93450121654502	98.13701657458563	98.36375000000001	98.14661375661377	97.75391891891891	1.5251086	0.89291656	0.5020029	0.44479987	0.3765628	0.53885376	0.66868085	0.81476814	0.5188687	0.37374672	0.51645833	0.9367561	../../benchmark_data/class-i/pdb/8gvi_pmhc_tcr.pdb	../pred_pdb/protenix_v1/pmhc_tcr/classI/classI_protenix_v1_with_template/ranked_3/8gvi_pmhc_tcr.pdb	after	ranked_3
218	8i5c	0.624	0.73	1.965	4.6	89.60000000000001	90.64444444444445	89.59249999999999	90.51100000000001	88.16000000000001	88.5823076923077	89.06720000000001	94.35298765432098	94.67187845303867	87.20666666666666	94.31826315789475	94.38367441860464	0.33676684	0.3629106	0.24519911	0.25630242	0.29054424	1.2794074	1.2265433	2.0858226	0.36414567	1.0410154	0.44423997	0.5793909	../../benchmark_data/class-i/pdb/8i5c_pmhc_tcr.pdb	../pred_pdb/protenix_v1/pmhc_tcr/classI/classI_protenix_v1_with_template/ranked_3/8i5c_pmhc_tcr.pdb	after	ranked_3
219	8i5d	0.684	0.763	1.587	4.011	96.008	97.562	95.05916666666667	97.571	96.98454545454545	96.01133333333333	95.58814814814816	97.56408415841584	97.92364640883979	94.43555555555555	97.75842105263158	97.39154205607477	0.34286767	0.2794285	1.3057336	0.25837564	0.17364873	0.4473238	1.1038226	1.8425138	0.38905054	1.1264133	0.48427552	1.2175275	../../benchmark_data/class-i/pdb/8i5d_pmhc_tcr.pdb	../pred_pdb/protenix_v1/pmhc_tcr/classI/classI_protenix_v1_with_template/ranked_3/8i5d_pmhc_tcr.pdb	after	ranked_3
220	8qfy	0.635	0.607	1.641	3.669	93.89636363636365	94.2088888888889	91.83333333333333	97.00500000000001	93.89727272727272	96.28916666666667	94.06125000000002	96.43725925925926	96.90806629834255	95.90333333333334	96.86047368421052	96.0632558139535	0.4368822	0.28142768	0.3823181	0.18974873	0.20771512	0.3785232	0.8705071	1.8172367	0.7662999	0.51212454	0.76367474	0.6857333	../../benchmark_data/class-i/pdb/8qfy_pmhc_tcr.pdb	../pred_pdb/protenix_v1/pmhc_tcr/classI/classI_protenix_v1_with_template/ranked_3/8qfy_pmhc_tcr.pdb	after	ranked_3
221	8shi	0.274	0.333	3.737	11.582	89.31199999999998	93.375	80.79882352941178	93.85999999999999	90.09	92.225	85.9590322580645	94.7260396039604	95.38016666666667	90.2975	95.16388297872341	94.3449537037037	0.33822003	0.41319525	2.8585165	0.22167215	0.21540491	0.384862	2.2984097	3.994039	0.6444548	1.4148461	0.729467	1.3414731	../../benchmark_data/class-i/pdb/8shi_pmhc_tcr.pdb	../pred_pdb/protenix_v1/pmhc_tcr/classI/classI_protenix_v1_with_template/ranked_3/8shi_pmhc_tcr.pdb	after	ranked_3
222	8wte	0.32	0.338	3.443	9.158	91.54454545454547	92.16888888888889	91.57769230769233	92.94000000000001	91.25999999999999	89.45562500000001	90.40689655172415	94.97753056234718	95.26596685082873	88.48777777777777	94.9448947368421	95.00584474885846	0.24602285	0.2494226	0.5375713	0.2747383	0.17752686	1.3338133	1.2141752	4.2290483	0.39300123	1.7318695	0.56112003	0.97287726	../../benchmark_data/class-i/pdb/8wte_pmhc_tcr.pdb	../pred_pdb/protenix_v1/pmhc_tcr/classI/classI_protenix_v1_with_template/ranked_3/8wte_pmhc_tcr.pdb	after	ranked_3
223	8wul	0.664	0.617	1.588	2.775	92.10000000000001	93.60555555555555	91.57846153846155	94.066	91.141	89.869375	90.6355172413793	95.32704156479217	95.6643093922652	89.35777777777778	95.36557894736842	95.29360730593605	0.42893282	0.20566809	0.5389705	0.1896304	0.22866024	1.1907368	1.1863531	1.5972761	0.41802603	1.3904682	0.531932	0.9444053	../../benchmark_data/class-i/pdb/8wul_pmhc_tcr.pdb	../pred_pdb/protenix_v1/pmhc_tcr/classI/classI_protenix_v1_with_template/ranked_3/8wul_pmhc_tcr.pdb	after	ranked_3
224	6zkw	0.595	0.586	1.431	5.885	94.14363636363636	95.897	94.44999999999999	96.342	92.4	94.645625	94.55793103448275	96.46907090464548	96.52922222222223	93.9688888888889	96.4073015873016	96.52213636363638	0.38532817	0.25330138	0.6244827	0.1986274	0.14478274	0.5884577	0.93576914	2.0995612	0.6453998	0.4489773	0.64826125	0.737262	../../benchmark_data/class-i/pdb/6zkw_pmhc_tcr.pdb	../pred_pdb/protenix_v1/pmhc_tcr/classI/classI_protenix_v1_with_template/ranked_4/6zkw_pmhc_tcr.pdb	after	ranked_4
225	6zkx	0.521	0.493	2.005	5.424	92.05636363636364	94.527	93.03769230769231	95.7	91.008	92.894375	92.95862068965516	95.23508515815084	94.80312849162013	89.42166666666667	94.46502617801048	95.90363636363637	0.23734382	0.20217007	0.46120337	0.24704604	0.11314262	0.5861541	0.8385172	1.9595027	1.5875294	0.87825626	1.6034156	0.8123117	../../benchmark_data/class-i/pdb/6zkx_pmhc_tcr.pdb	../pred_pdb/protenix_v1/pmhc_tcr/classI/classI_protenix_v1_with_template/ranked_4/6zkx_pmhc_tcr.pdb	after	ranked_4
226	6zky	0.662	0.679	1.351	4.849	90.1	92.97300000000001	90.80461538461539	94.39000000000001	89.381	91.203125	91.02448275862068	94.9172549019608	95.00983333333333	88.68375	94.74063829787235	95.06818181818181	0.33147243	0.3256029	0.5258102	0.19150011	0.1699379	0.78333604	0.89153737	1.4846475	0.78032875	1.8504627	0.9371891	0.7526496	../../benchmark_data/class-i/pdb/6zky_pmhc_tcr.pdb	../pred_pdb/protenix_v1/pmhc_tcr/classI/classI_protenix_v1_with_template/ranked_4/6zky_pmhc_tcr.pdb	after	ranked_4
227	6zkz	0.643	0.627	1.699	3.354	89.65272727272728	92.893	90.83692307692309	94.485	89.41799999999999	91.1175	90.99172413793106	94.96139705882354	95.12333333333332	92.31	95.0036170212766	94.92531818181818	2.1205368	0.13997905	0.5027849	0.21641596	0.14802302	0.46962002	0.8196119	1.5425017	0.78766185	2.219614	0.9884437	0.94823617	../../benchmark_data/class-i/pdb/6zkz_pmhc_tcr.pdb	../pred_pdb/protenix_v1/pmhc_tcr/classI/classI_protenix_v1_with_template/ranked_4/6zkz_pmhc_tcr.pdb	after	ranked_4
228	7dzm	0.228	0.116	5.779	8.443	87.95416666666667	89.97375	80.80533333333332	90.434	85.43363636363637	89.57916666666667	84.70481481481482	93.44162561576356	93.98566666666666	89.4388888888889	93.76915343915343	93.1563594470046	0.19743097	0.1553471	2.2143273	0.23170117	0.2600573	0.21650039	1.7153089	20.52022	0.7488411	0.73283225	0.7729973	0.7928741	../../benchmark_data/class-i/pdb/7dzm_pmhc_tcr.pdb	../pred_pdb/protenix_v1/pmhc_tcr/classI/classI_protenix_v1_with_template/ranked_4/7dzm_pmhc_tcr.pdb	after	ranked_4
229	7dzn	0.197	0.119	5.906	10.186	86.67666666666668	87.95249999999999	79.12533333333334	89.50199999999998	84.07	89.48833333333334	83.73111111111112	92.55333333333333	93.39379888268155	87.22555555555556	93.0985106382979	92.0810138248848	0.1415226	0.20430765	1.932791	0.15642063	0.28326467	0.2915734	1.6042527	20.46828	0.50580853	1.1914538	0.579016	1.0324334	../../benchmark_data/class-i/pdb/7dzn_pmhc_tcr.pdb	../pred_pdb/protenix_v1/pmhc_tcr/classI/classI_protenix_v1_with_template/ranked_4/7dzn_pmhc_tcr.pdb	after	ranked_4
230	7l1d	0.354	0.311	3.884	6.63	90.31636363636363	92.6711111111111	88.58461538461539	91.87	92.43299999999999	81.71684210526318	84.50687500000001	94.65709046454768	96.15121546961325	91.50666666666666	95.9312105263158	93.5516894977169	0.65347344	0.31910154	2.2271042	0.25573954	0.19566293	5.397853	5.9086676	2.7393637	0.5012716	0.3477678	0.50711703	2.907098	../../benchmark_data/class-i/pdb/7l1d_pmhc_tcr.pdb	../pred_pdb/protenix_v1/pmhc_tcr/classI/classI_protenix_v1_with_template/ranked_4/7l1d_pmhc_tcr.pdb	after	ranked_4
231	7n2n	0.144	0.0	6.647	10.76	94.10181818181817	93.57699999999998	91.07235294117649	97.299	96.353	93.98399999999998	92.43718750000001	96.61915254237287	97.50977900552485	95.4011111111111	97.4098947368421	95.94542600896862	0.5888862	0.32901478	1.3430276	0.17023794	0.14329705	0.97988194	2.3388515	20.41212	0.4372198	0.33442408	0.44762513	1.7830963	../../benchmark_data/class-i/pdb/7n2n_pmhc_tcr.pdb	../pred_pdb/protenix_v1/pmhc_tcr/classI/classI_protenix_v1_with_template/ranked_4/7n2n_pmhc_tcr.pdb	after	ranked_4
232	7n2o	0.301	0.356	3.844	10.119	86.15545454545453	88.016	82.07411764705884	88.856	86.071	82.89133333333332	82.4571875	92.08915254237289	92.58314917127072	86.00666666666666	92.27163157894738	91.93367713004484	0.45296875	0.35237926	1.467819	0.20109282	0.13077854	1.4199288	1.8793552	4.606708	0.3120672	0.66607636	0.3441834	1.4148307	../../benchmark_data/class-i/pdb/7n2o_pmhc_tcr.pdb	../pred_pdb/protenix_v1/pmhc_tcr/classI/classI_protenix_v1_with_template/ranked_4/7n2o_pmhc_tcr.pdb	after	ranked_4
233	7n2p	0.199	0.063	6.742	8.72	88.33636363636364	88.501	88.25090909090909	91.678	90.38	84.89133333333332	86.31269230769232	93.70044226044226	94.35309392265191	89.21777777777778	94.10984210526317	93.34198156682027	0.39592376	0.3684544	1.0620059	0.26312184	0.17895369	1.4264662	1.5805877	20.728199	0.3547528	0.5856582	0.38597965	0.9559782	../../benchmark_data/class-i/pdb/7n2p_pmhc_tcr.pdb	../pred_pdb/protenix_v1/pmhc_tcr/classI/classI_protenix_v1_with_template/ranked_4/7n2p_pmhc_tcr.pdb	after	ranked_4
234	7n2q	0.622	0.593	1.432	4.917	87.71727272727274	87.23	87.88363636363637	89.389	88.02200000000002	84.07933333333334	85.68884615384614	93.23346437346439	93.9399447513812	87.41444444444443	93.63084210526316	92.88552995391707	0.21225789	0.3915634	1.0888114	0.2769613	0.17444125	1.5508418	1.5772405	1.8801452	0.37110898	0.6364545	0.39524418	1.0123069	../../benchmark_data/class-i/pdb/7n2q_pmhc_tcr.pdb	../pred_pdb/protenix_v1/pmhc_tcr/classI/classI_protenix_v1_with_template/ranked_4/7n2q_pmhc_tcr.pdb	after	ranked_4
235	7n2r	0.15	0.069	6.633	12.046	89.22727272727273	88.726	89.28363636363638	91.75899999999999	90.99199999999999	86.44466666666668	87.64576923076925	94.12282555282556	94.7428729281768	90.31777777777778	94.53326315789474	93.76345622119815	0.38888705	0.37413868	0.837876	0.25193927	0.19599308	1.0476918	1.2570674	21.420118	0.3679394	0.66593146	0.39438888	0.81691736	../../benchmark_data/class-i/pdb/7n2r_pmhc_tcr.pdb	../pred_pdb/protenix_v1/pmhc_tcr/classI/classI_protenix_v1_with_template/ranked_4/7n2r_pmhc_tcr.pdb	after	ranked_4
236	7n2s	0.157	0.03	5.874	10.872	88.35000000000001	89.423	81.33937499999999	92.761	91.774	88.252	84.6841935483871	93.91172330097086	95.04475138121546	90.99888888888889	94.85310526315787	93.10603603603603	1.3209187	0.37161097	2.520602	0.43399176	0.20638037	1.43844	2.454866	20.495556	0.4185706	0.4653933	0.43119726	1.3044075	../../benchmark_data/class-i/pdb/7n2s_pmhc_tcr.pdb	../pred_pdb/protenix_v1/pmhc_tcr/classI/classI_protenix_v1_with_template/ranked_4/7n2s_pmhc_tcr.pdb	after	ranked_4
237	7n4k	0.836	0.909	1.058	2.311	92.4575	94.76375	88.25307692307693	94.93900000000001	92.675	94.00818181818181	90.89083333333333	95.8202	96.07627118644068	95.21700000000001	96.03032085561496	95.63572769953053	0.14002636	0.7262459	0.5950355	0.3560769	0.10967771	0.22487432	0.57783735	1.1503457	1.2812482	0.22818126	1.2507762	0.55875325	../../benchmark_data/class-i/pdb/7n4k_pmhc_tcr.pdb	../pred_pdb/protenix_v1/pmhc_tcr/classI/classI_protenix_v1_with_template/ranked_4/7n4k_pmhc_tcr.pdb	after	ranked_4
238	7n5c	0.803	0.754	0.955	2.097	95.05	96.40625	92.93307692307691	96.53800000000001	94.926	96.07090909090908	94.37124999999999	96.73240099009902	96.670773480663	96.94300000000001	96.68502617801045	96.77488262910799	0.24341384	0.17144804	1.2059906	0.34135026	0.14458339	0.2534434	1.221309	1.0294282	0.8085496	0.2822647	0.7910198	0.6584173	../../benchmark_data/class-i/pdb/7n5c_pmhc_tcr.pdb	../pred_pdb/protenix_v1/pmhc_tcr/classI/classI_protenix_v1_with_template/ranked_4/7n5c_pmhc_tcr.pdb	after	ranked_4
239	7n5p	0.797	0.814	1.092	2.417	91.04333333333334	93.46625	85.84769230769231	93.298	90.887	92.26545454545455	88.78916666666667	95.14766917293232	95.480625	93.97	95.39940860215054	94.92784037558685	0.18881772	0.24400848	1.0115213	0.33660176	0.12082692	0.17633067	0.8604111	1.228147	1.1749926	0.22643295	1.1474441	0.6100438	../../benchmark_data/class-i/pdb/7n5p_pmhc_tcr.pdb	../pred_pdb/protenix_v1/pmhc_tcr/classI/classI_protenix_v1_with_template/ranked_4/7n5p_pmhc_tcr.pdb	after	ranked_4
240	7na5	0.28	0.306	3.475	10.929	92.96727272727271	92.88000000000001	93.06181818181818	94.22699999999999	90.395	93.10266666666666	93.08538461538461	94.58427160493828	93.94016666666664	92.8211111111111	93.88687830687829	95.19449074074075	0.61972016	0.29227927	0.5080281	0.1992818	0.36114886	0.4439962	0.60647374	3.9524755	1.148265	0.34899125	1.1253142	0.8795199	../../benchmark_data/class-i/pdb/7na5_pmhc_tcr.pdb	../pred_pdb/protenix_v1/pmhc_tcr/classI/classI_protenix_v1_with_template/ranked_4/7na5_pmhc_tcr.pdb	after	ranked_4
241	7ndq	0.487	0.517	2.615	5.626	90.62666666666667	89.74	84.50466666666667	93.223	92.03636363636365	88.67384615384616	86.44035714285715	94.9704411764706	95.58099447513813	93.12555555555555	95.46468421052631	94.53967889908255	0.45228386	0.34116524	1.4902039	0.3277227	0.3940124	0.99585974	1.4698218	2.7931244	0.9478842	2.1565113	1.0765148	1.0186342	../../benchmark_data/class-i/pdb/7ndq_pmhc_tcr.pdb	../pred_pdb/protenix_v1/pmhc_tcr/classI/classI_protenix_v1_with_template/ranked_4/7ndq_pmhc_tcr.pdb	after	ranked_4
242	7ndt	0.663	0.59	1.461	3.053	86.51583333333333	88.94125	82.04571428571428	91.079	87.69818181818184	86.705	84.19615384615386	91.76096534653466	91.90127777777778	80.8325	91.4302659574468	92.0487962962963	0.31767023	0.2503164	0.61467206	0.21520448	0.2311107	0.941462	0.92770994	1.2803164	0.5085848	2.3229272	0.8106031	1.0808117	../../benchmark_data/class-i/pdb/7ndt_pmhc_tcr.pdb	../pred_pdb/protenix_v1/pmhc_tcr/classI/classI_protenix_v1_with_template/ranked_4/7ndt_pmhc_tcr.pdb	after	ranked_4
243	7ndu	0.652	0.585	1.564	2.961	93.79666666666667	93.3575	88.31666666666666	96.473	95.58818181818182	93.16692307692308	90.56857142857142	96.36803439803438	96.80883977900554	95.0975	96.73640211640213	96.04866972477065	0.49848473	0.30790585	1.1944274	0.28990686	0.2934879	0.46368298	1.0184741	1.4368073	1.2581546	1.6163934	1.3665153	0.868484	../../benchmark_data/class-i/pdb/7ndu_pmhc_tcr.pdb	../pred_pdb/protenix_v1/pmhc_tcr/classI/classI_protenix_v1_with_template/ranked_4/7ndu_pmhc_tcr.pdb	after	ranked_4
244	7nme	0.643	0.653	1.624	4.032	93.98545454545454	95.905	95.68615384615383	96.63699999999999	95.8	97.22818181818182	96.39291666666668	97.15133333333334	97.48508287292815	96.57222222222222	97.44184210526315	96.8946046511628	0.51598626	0.29291794	0.30599272	0.27769762	0.1596669	0.44756284	0.4285116	1.9029758	0.5120273	0.23724405	0.5055766	0.66936433	../../benchmark_data/class-i/pdb/7nme_pmhc_tcr.pdb	../pred_pdb/protenix_v1/pmhc_tcr/classI/classI_protenix_v1_with_template/ranked_4/7nme_pmhc_tcr.pdb	after	ranked_4
245	7nmf	0.659	0.69	1.613	3.936	91.77545454545454	93.37899999999999	93.99000000000001	94.849	94.05818181818181	95.39454545454545	94.63375	96.15792592592594	96.55370165745857	94.41666666666666	96.45247368421053	95.89762790697674	0.50315076	0.16658601	0.37666485	0.38453573	0.18441597	0.39580417	0.46251583	1.8760811	0.435777	0.37872446	0.43557572	0.72597724	../../benchmark_data/class-i/pdb/7nmf_pmhc_tcr.pdb	../pred_pdb/protenix_v1/pmhc_tcr/classI/classI_protenix_v1_with_template/ranked_4/7nmf_pmhc_tcr.pdb	after	ranked_4
246	7nmg	0.623	0.625	1.757	3.957	90.41636363636363	92.573	93.07692307692308	94.032	92.98818181818181	94.74545454545455	93.84166666666665	95.77972839506172	96.26055248618785	94.06111111111109	96.15636842105263	95.44688372093024	0.4795354	0.26108354	0.39214486	0.28538018	0.19874963	0.47972286	0.5328567	1.8424234	0.42207468	0.4795842	0.42847538	0.65395856	../../benchmark_data/class-i/pdb/7nmg_pmhc_tcr.pdb	../pred_pdb/protenix_v1/pmhc_tcr/classI/classI_protenix_v1_with_template/ranked_4/7nmg_pmhc_tcr.pdb	after	ranked_4
247	7ow5	0.788	0.734	0.989	2.302	94.54750000000001	89.16909090909093	93.80125	96.75399999999999	95.926	92.716875	93.2590625	96.18262650602409	96.6928888888889	91.939	96.44268421052632	95.96302222222222	0.38840437	1.3309884	0.51686966	0.24560352	0.20637873	0.7267227	0.8310819	0.9373044	0.39740652	1.8760217	0.60028917	0.7350536	../../benchmark_data/class-i/pdb/7ow5_pmhc_tcr.pdb	../pred_pdb/protenix_v1/pmhc_tcr/classI/classI_protenix_v1_with_template/ranked_4/7ow5_pmhc_tcr.pdb	after	ranked_4
248	7ow6	0.85	0.831	0.672	3.046	97.98750000000001	94.28363636363635	98.12875	98.31700000000001	98.049	97.25	97.689375	97.97649038461539	98.29193370165744	98.096	98.28167539267017	97.71742222222221	0.28970367	1.3275666	0.23451898	0.17365102	0.33554247	0.5123233	0.4416468	0.9501697	0.33324608	0.34360835	0.34281817	0.66726774	../../benchmark_data/class-i/pdb/7ow6_pmhc_tcr.pdb	../pred_pdb/protenix_v1/pmhc_tcr/classI/classI_protenix_v1_with_template/ranked_4/7ow6_pmhc_tcr.pdb	after	ranked_4
249	7pb2	0.247	0.115	5.006	7.781	83.70416666666667	80.8209090909091	76.41062500000001	88.513	84.981	79.2825	77.8465625	91.01115662650604	92.07538888888888	81.869	91.5382105263158	90.5660888888889	0.3512046	1.2654155	3.1156998	0.21698661	0.22909975	3.001506	3.504148	21.426132	0.48018828	0.9943779	0.52791023	1.8476055	../../benchmark_data/class-i/pdb/7pb2_pmhc_tcr.pdb	../pred_pdb/protenix_v1/pmhc_tcr/classI/classI_protenix_v1_with_template/ranked_4/7pb2_pmhc_tcr.pdb	after	ranked_4
250	7pbe	0.795	0.805	1.202	1.487	92.29636363636364	91.58	92.66416666666669	96.27	94.36636363636363	95.16	93.962	96.26735802469136	96.9542541436464	95.61111111111111	96.89063157894738	95.71655813953487	0.46254817	1.4622506	0.86280364	0.4967231	0.24758987	0.74057734	1.1227583	1.0235083	0.6658131	0.14956117	0.65143114	0.88527286	../../benchmark_data/class-i/pdb/7pbe_pmhc_tcr.pdb	../pred_pdb/protenix_v1/pmhc_tcr/classI/classI_protenix_v1_with_template/ranked_4/7pbe_pmhc_tcr.pdb	after	ranked_4
251	7phr	0.922	0.841	0.397	0.822	98.15	98.606	98.11545454545454	98.72	98.749	98.75384615384615	98.46124999999999	98.22067500000001	98.51419889502762	98.74333333333333	98.52505263157892	97.94528571428572	0.26534572	0.26834318	0.47887298	0.14736424	0.2643685	0.17277612	0.36903667	0.5914427	0.39850566	0.21803404	0.394127	0.53920794	../../benchmark_data/class-i/pdb/7phr_pmhc_tcr.pdb	../pred_pdb/protenix_v1/pmhc_tcr/classI/classI_protenix_v1_with_template/ranked_4/7phr_pmhc_tcr.pdb	after	ranked_4
252	7q99	0.861	0.863	0.794	2.154	96.39272727272727	97.13777777777779	96.14272727272729	94.96636363636362	93.94666666666666	95.05866666666665	95.5173076923077	96.95550368550369	97.71303867403316	97.268	97.68973821989529	96.30625	0.25390682	0.25530797	0.25027344	0.37803578	0.24122444	0.27433047	0.43388912	1.0301617	0.3516269	0.18183109	0.3481331	0.9364131	../../benchmark_data/class-i/pdb/7q99_pmhc_tcr.pdb	../pred_pdb/protenix_v1/pmhc_tcr/classI/classI_protenix_v1_with_template/ranked_4/7q99_pmhc_tcr.pdb	after	ranked_4
253	7q9a	0.78	0.773	1.016	3.101	97.56272727272726	97.89333333333335	97.01545454545455	95.46090909090911	94.36333333333334	96.33400000000002	96.62230769230769	97.2200737100737	97.86127071823203	97.47200000000001	97.84089005235603	96.6711111111111	0.25133958	0.3081988	0.8979609	0.30663493	0.2462032	0.42994943	0.8173876	1.3171829	0.27628875	0.2267812	0.27799293	0.90807843	../../benchmark_data/class-i/pdb/7q9a_pmhc_tcr.pdb	../pred_pdb/protenix_v1/pmhc_tcr/classI/classI_protenix_v1_with_template/ranked_4/7q9a_pmhc_tcr.pdb	after	ranked_4
254	7q9b	0.384	0.4	3.228	7.318	96.86636363636363	97.7188888888889	96.6575	96.14199999999998	94.91600000000001	93.638125	94.64458333333333	97.38222222222221	97.76348066298341	97.161	97.73193717277485	97.07009345794393	0.4995677	0.26044932	0.52068627	0.32049307	0.27961332	1.4532611	2.3437784	3.6443753	0.64789504	0.39470884	0.6460466	1.6175328	../../benchmark_data/class-i/pdb/7q9b_pmhc_tcr.pdb	../pred_pdb/protenix_v1/pmhc_tcr/classI/classI_protenix_v1_with_template/ranked_4/7q9b_pmhc_tcr.pdb	after	ranked_4
255	7qpj	0.89	0.783	0.492	1.054	98.18636363636364	98.39888888888888	98.13076923076923	97.82900000000001	96.90899999999999	97.39272727272727	97.79250000000002	98.05868486352355	98.23094444444445	98.31333333333333	98.23486772486773	97.90308411214954	0.16439117	0.32359776	0.12397365	0.13666517	0.13335462	0.43327773	0.41764516	0.62748075	0.3958571	0.2859498	0.39469588	0.41930324	../../benchmark_data/class-i/pdb/7qpj_pmhc_tcr.pdb	../pred_pdb/protenix_v1/pmhc_tcr/classI/classI_protenix_v1_with_template/ranked_4/7qpj_pmhc_tcr.pdb	after	ranked_4
256	7r80	0.172	0.113	6.854	11.408	84.74181818181818	87.75899999999999	87.33538461538461	89.836	86.018	84.82266666666668	85.98928571428573	92.78696821515891	92.88453038674032	86.5611111111111	92.585	92.96219178082191	1.8908602	0.34792435	0.28083262	0.25565594	0.22550675	0.78881055	0.8949418	19.95815	0.58450997	0.40079266	0.58710295	0.9624778	../../benchmark_data/class-i/pdb/7r80_pmhc_tcr.pdb	../pred_pdb/protenix_v1/pmhc_tcr/classI/classI_protenix_v1_with_template/ranked_4/7r80_pmhc_tcr.pdb	after	ranked_4
257	7rk7	0.046	0.0	16.823	21.995	85.47333333333334	86.58375	74.709375	89.80199999999999	86.75300000000001	76.404	75.65083333333332	91.59896385542167	92.84707182320442	91.41444444444443	92.77921052631581	90.6023111111111	0.30427748	0.5143573	2.5540302	0.4470701	0.2212412	4.429766	4.636687	17.479788	0.60136926	0.79379	0.61787933	2.0739841	../../benchmark_data/class-i/pdb/7rk7_pmhc_tcr.pdb	../pred_pdb/protenix_v1/pmhc_tcr/classI/classI_protenix_v1_with_template/ranked_4/7rk7_pmhc_tcr.pdb	after	ranked_4
258	7rm4	0.238	0.125	4.421	8.737	86.14636363636365	89.22200000000001	83.80666666666666	90.87	85.46454545454546	82.64866666666666	83.16333333333334	92.79855745721271	93.44756906077347	89.99666666666666	93.2841052631579	92.37730593607304	0.5328167	0.41399097	1.12095	0.13992645	0.18353832	1.7936178	2.4185202	4.0057354	0.33856863	0.3302466	0.34286365	1.2945684	../../benchmark_data/class-i/pdb/7rm4_pmhc_tcr.pdb	../pred_pdb/protenix_v1/pmhc_tcr/classI/classI_protenix_v1_with_template/ranked_4/7rm4_pmhc_tcr.pdb	after	ranked_4
259	7rrg	0.291	0.206	3.518	8.306	85.72500000000001	86.835	76.56533333333331	89.86	84.76272727272728	84.96071428571429	80.61827586206896	92.63066014669927	93.39447513812155	85.68444444444444	93.02926315789472	92.2848401826484	0.1842422	0.15237042	2.9070477	0.17975067	0.41679972	0.3039982	2.2214088	3.0288477	0.58595926	0.85498327	0.6083555	1.1893209	../../benchmark_data/class-i/pdb/7rrg_pmhc_tcr.pdb	../pred_pdb/protenix_v1/pmhc_tcr/classI/classI_protenix_v1_with_template/ranked_4/7rrg_pmhc_tcr.pdb	after	ranked_4
260	7rtr	0.198	0.032	6.568	8.307	87.5690909090909	87.77333333333334	88.83636363636366	89.47800000000001	86.24363636363636	90.96363636363635	89.89999999999999	93.49977886977886	93.82392265193369	89.27333333333333	93.60836842105263	93.40470046082949	0.45850882	0.27633744	0.6689181	0.34012198	0.16149066	0.36331496	0.70325875	21.074865	0.41721895	0.26449966	0.41283357	1.0216846	../../benchmark_data/class-i/pdb/7rtr_pmhc_tcr.pdb	../pred_pdb/protenix_v1/pmhc_tcr/classI/classI_protenix_v1_with_template/ranked_4/7rtr_pmhc_tcr.pdb	after	ranked_4
261	7su9	0.492	0.586	2.36	6.902	92.54333333333335	93.64125000000001	88.41733333333335	93.91199999999999	92.50500000000001	89.80600000000001	89.11166666666665	95.60644607843139	95.98672222222223	92.50333333333334	95.82084656084656	95.42141552511416	0.25386557	0.21081495	1.1114286	0.27102175	0.19849558	2.106404	1.8811077	2.9001403	0.4568017	0.33516827	0.45439014	1.0173626	../../benchmark_data/class-i/pdb/7su9_pmhc_tcr.pdb	../pred_pdb/protenix_v1/pmhc_tcr/classI/classI_protenix_v1_with_template/ranked_4/7su9_pmhc_tcr.pdb	after	ranked_4
262	8cx4	0.174	0.034	5.919	9.814	87.64818181818183	87.74300000000001	82.0529411764706	90.53999999999999	88.79499999999999	85.41333333333334	83.62812500000001	92.80832929782083	93.57828729281766	87.75666666666667	93.30252631578949	92.38726457399105	0.5185183	0.34661007	0.9546364	0.16866569	0.15284036	0.92247725	1.0552282	21.631563	0.45700946	1.4572937	0.56677663	0.7287406	../../benchmark_data/class-i/pdb/8cx4_pmhc_tcr.pdb	../pred_pdb/protenix_v1/pmhc_tcr/classI/classI_protenix_v1_with_template/ranked_4/8cx4_pmhc_tcr.pdb	after	ranked_4
263	8d5q	0.71	0.736	1.5	2.906	93.01727272727273	94.741	89.7375	94.65	94.73272727272727	93.7393333333333	91.67387096774193	95.65696078431371	95.58982954545453	92.1	95.40220430107526	95.87040540540542	0.54488117	0.22414272	1.5877349	0.22647214	0.21534151	0.9095001	1.447676	1.6057134	0.7770399	0.63439524	0.7772868	0.8323203	../../benchmark_data/class-i/pdb/8d5q_pmhc_tcr.pdb	../pred_pdb/protenix_v1/pmhc_tcr/classI/classI_protenix_v1_with_template/ranked_4/8d5q_pmhc_tcr.pdb	after	ranked_4
264	8dnt	0.723	0.712	1.237	3.391	97.53545454545456	96.68777777777778	94.6375	96.838	93.24181818181819	96.25928571428572	95.51076923076923	97.21643734643736	97.95928176795579	97.57	97.94084210526317	96.58216589861749	0.49879664	1.5419385	0.7989798	0.5044118	0.5424187	0.71789706	1.1531136	1.6748053	0.72152185	0.8867163	0.75416476	1.4128463	../../benchmark_data/class-i/pdb/8dnt_pmhc_tcr.pdb	../pred_pdb/protenix_v1/pmhc_tcr/classI/classI_protenix_v1_with_template/ranked_4/8dnt_pmhc_tcr.pdb	after	ranked_4
265	8en8	0.402	0.425	2.955	7.277	92.07454545454544	93.828	87.38499999999999	90.15181818181819	89.555	85.67933333333333	86.50275862068969	94.74992718446602	95.65633333333334	92.19	95.49126984126984	94.1216143497758	0.41019368	0.23791894	1.9452567	0.31668118	0.43484482	3.5364797	3.4319353	3.4075367	0.3910289	0.32264388	0.39540166	2.0276084	../../benchmark_data/class-i/pdb/8en8_pmhc_tcr.pdb	../pred_pdb/protenix_v1/pmhc_tcr/classI/classI_protenix_v1_with_template/ranked_4/8en8_pmhc_tcr.pdb	after	ranked_4
266	8enh	0.059	0.0	10.414	19.646	86.74909090909091	87.69399999999999	80.73928571428571	87.56454545454545	86.95166666666665	81.96200000000002	81.37172413793105	92.57423357664234	93.39435754189942	90.94	93.27686170212766	91.98188340807178	0.44883814	0.20442075	2.063658	0.34518072	0.42461714	3.4234693	3.3307428	19.045506	0.5359491	0.34094417	0.5319363	1.9196888	../../benchmark_data/class-i/pdb/8enh_pmhc_tcr.pdb	../pred_pdb/protenix_v1/pmhc_tcr/classI/classI_protenix_v1_with_template/ranked_4/8enh_pmhc_tcr.pdb	after	ranked_4
267	8eo8	0.056	0.068	16.157	26.801	87.25363636363636	88.811	81.53357142857143	88.12181818181817	89.455	81.24333333333334	81.38344827586207	93.32250608272507	94.38698324022344	90.48777777777778	94.20031914893619	92.582466367713	0.45274273	0.1829252	2.0018106	0.34129614	0.26092762	3.3846092	3.245766	19.069878	0.5243932	0.31150255	0.52115786	1.8257495	../../benchmark_data/class-i/pdb/8eo8_pmhc_tcr.pdb	../pred_pdb/protenix_v1/pmhc_tcr/classI/classI_protenix_v1_with_template/ranked_4/8eo8_pmhc_tcr.pdb	after	ranked_4
268	8f5a	0.363	0.4	2.992	8.696	91.56545454545454	92.294	88.68866666666666	93.646	92.41900000000001	92.93916666666667	90.57777777777777	95.82955990220047	96.39441988950276	93.374	96.23628272251311	95.4732110091743	0.32424176	2.1495295	2.1489112	0.26522022	0.3674922	1.2697362	2.5465043	2.8255274	0.36672395	2.8679116	0.85248506	1.3136337	../../benchmark_data/class-i/pdb/8f5a_pmhc_tcr.pdb	../pred_pdb/protenix_v1/pmhc_tcr/classI/classI_protenix_v1_with_template/ranked_4/8f5a_pmhc_tcr.pdb	after	ranked_4
269	8gom	0.551	0.6	2.237	5.002	83.29	84.56555555555555	83.49909090909092	88.59799999999998	84.97454545454546	80.108	81.54269230769229	91.39126829268292	93.27745856353592	86.94777777777777	92.97763157894737	90.02122727272726	0.29180625	0.24309692	1.0993632	0.12806351	0.36069694	1.4535859	1.688393	2.256175	0.3365416	0.3692684	0.34588724	0.87479585	../../benchmark_data/class-i/pdb/8gom_pmhc_tcr.pdb	../pred_pdb/protenix_v1/pmhc_tcr/classI/classI_protenix_v1_with_template/ranked_4/8gom_pmhc_tcr.pdb	after	ranked_4
270	8gon	0.559	0.6	2.367	4.367	90.16250000000001	90.65444444444444	90.71727272727274	94.69500000000001	92.52454545454545	88.11200000000001	89.21423076923078	95.1849268292683	96.14723756906078	93.64333333333333	96.02863157894738	94.45627272727272	0.46083644	0.6541479	1.2604413	0.17871185	0.34265423	0.84540546	1.3129925	2.1977592	0.34656405	0.35823104	0.3571313	0.8373896	../../benchmark_data/class-i/pdb/8gon_pmhc_tcr.pdb	../pred_pdb/protenix_v1/pmhc_tcr/classI/classI_protenix_v1_with_template/ranked_4/8gon_pmhc_tcr.pdb	after	ranked_4
271	8gvb	0.817	0.864	1.147	1.792	93.65363636363637	97.11636363636363	93.94285714285715	98.21700000000001	97.93181818181819	97.91800000000002	95.99896551724137	97.52819512195123	97.92266666666667	97.90875	97.9220744680851	97.19463963963963	1.5196153	0.848259	0.68282425	0.52300024	0.61176354	0.43784016	0.6809045	1.0677837	0.47620416	0.3648507	0.47923335	0.8993942	../../benchmark_data/class-i/pdb/8gvb_pmhc_tcr.pdb	../pred_pdb/protenix_v1/pmhc_tcr/classI/classI_protenix_v1_with_template/ranked_4/8gvb_pmhc_tcr.pdb	after	ranked_4
272	8gvg	0.779	0.776	1.182	2.095	91.41636363636363	96.24454545454546	91.13428571428572	98.049	97.24000000000001	97.36933333333333	94.35931034482759	97.15165450121653	97.6540331491713	97.295	97.63883597883598	96.73689189189187	1.1829065	0.93884736	0.84382206	0.5166428	0.64907056	0.47858855	0.88258374	1.1977799	0.5887168	0.35722545	0.58868825	0.94076085	../../benchmark_data/class-i/pdb/8gvg_pmhc_tcr.pdb	../pred_pdb/protenix_v1/pmhc_tcr/classI/classI_protenix_v1_with_template/ranked_4/8gvg_pmhc_tcr.pdb	after	ranked_4
273	8gvi	0.868	0.868	0.882	0.703	95.83454545454546	97.22363636363637	97.55499999999999	98.384	98.39272727272727	97.93066666666665	97.74931034482758	97.92768856447688	98.13320441988951	98.35624999999999	98.14264550264552	97.74468468468469	1.5102272	0.89274156	0.59360605	0.5239709	0.3667415	0.5191665	0.67591995	0.79744	0.4848857	0.38843027	0.48373437	0.9051994	../../benchmark_data/class-i/pdb/8gvi_pmhc_tcr.pdb	../pred_pdb/protenix_v1/pmhc_tcr/classI/classI_protenix_v1_with_template/ranked_4/8gvi_pmhc_tcr.pdb	after	ranked_4
274	8i5c	0.576	0.571	1.67	5.432	89.59272727272727	91.01	89.55083333333333	90.625	88.16	88.47999999999999	88.994	94.38644444444444	94.73033149171272	86.96111111111111	94.3623157894737	94.40776744186046	0.38211554	0.33852574	0.31854734	0.23916034	0.30981526	1.3181996	1.2512003	1.6213813	0.3679359	1.7286223	0.55747545	0.6051059	../../benchmark_data/class-i/pdb/8i5c_pmhc_tcr.pdb	../pred_pdb/protenix_v1/pmhc_tcr/classI/classI_protenix_v1_with_template/ranked_4/8i5c_pmhc_tcr.pdb	after	ranked_4
275	8i5d	0.694	0.746	1.514	3.692	96.001	97.55499999999999	94.9875	97.566	96.96181818181817	95.97866666666667	95.53814814814814	97.55470297029703	97.91723756906076	94.36333333333333	97.7488947368421	97.38228971962617	0.33412018	0.23360473	1.0078623	0.2178266	0.18504706	0.46039107	0.98455447	1.7003503	0.39022142	1.0533553	0.48480383	1.274584	../../benchmark_data/class-i/pdb/8i5d_pmhc_tcr.pdb	../pred_pdb/protenix_v1/pmhc_tcr/classI/classI_protenix_v1_with_template/ranked_4/8i5d_pmhc_tcr.pdb	after	ranked_4
276	8qfy	0.692	0.689	1.464	3.2	93.96727272727271	94.16888888888889	91.815	96.988	93.88363636363637	96.27416666666666	94.04458333333334	96.43511111111111	96.9135359116022	95.88888888888889	96.865	96.05520930232558	0.47247812	0.27069592	0.40769365	0.38297695	0.24528657	0.38588446	0.76497793	1.5769826	0.90562546	0.4573786	0.9006193	0.625901	../../benchmark_data/class-i/pdb/8qfy_pmhc_tcr.pdb	../pred_pdb/protenix_v1/pmhc_tcr/classI/classI_protenix_v1_with_template/ranked_4/8qfy_pmhc_tcr.pdb	after	ranked_4
277	8shi	0.296	0.375	3.554	11.301	89.364	93.351	80.97411764705883	93.85499999999999	90.08599999999998	92.17214285714284	86.03129032258065	94.73804455445544	95.39216666666667	90.26249999999999	95.1738829787234	94.3587037037037	0.33589858	0.40121594	2.4467876	0.24656926	0.20829357	0.39426583	1.9581116	3.7981684	0.6568016	1.4320171	0.739797	1.1901917	../../benchmark_data/class-i/pdb/8shi_pmhc_tcr.pdb	../pred_pdb/protenix_v1/pmhc_tcr/classI/classI_protenix_v1_with_template/ranked_4/8shi_pmhc_tcr.pdb	after	ranked_4
278	8wte	0.313	0.308	3.425	8.998	91.5409090909091	92.12333333333333	91.63384615384618	93.018	91.31899999999999	89.44874999999999	90.42827586206896	94.9880684596577	95.27966850828729	88.58444444444444	94.96252631578946	95.01022831050227	0.25739023	0.32980844	0.38997838	0.2660973	0.17320739	1.3557158	1.2046809	4.093711	0.33785874	1.7004135	0.52933526	0.9405707	../../benchmark_data/class-i/pdb/8wte_pmhc_tcr.pdb	../pred_pdb/protenix_v1/pmhc_tcr/classI/classI_protenix_v1_with_template/ranked_4/8wte_pmhc_tcr.pdb	after	ranked_4
279	8wul	0.56	0.517	2.04	4.075	92.09545454545454	93.74333333333334	91.5723076923077	94.054	91.185	89.85374999999999	90.62413793103448	95.34466992665037	95.69060773480663	89.29444444444444	95.38763157894738	95.30739726027397	0.43411082	0.20508978	0.45344228	0.18353203	0.20973465	1.2073872	1.1599134	2.1682537	0.35235357	1.4195014	0.49215198	0.8796707	../../benchmark_data/class-i/pdb/8wul_pmhc_tcr.pdb	../pred_pdb/protenix_v1/pmhc_tcr/classI/classI_protenix_v1_with_template/ranked_4/8wul_pmhc_tcr.pdb	after	ranked_4
